scenario,scenario_label,step,population_share,od_share,joint_share
ponderacion_rmc,RMC,1,0.07407648077150573,0.06681728629931234,0.06681728629931234
ponderacion_rmc,RMC,2,0.1291652295906041,0.09460236302238297,0.09460236302238297
ponderacion_rmc,RMC,3,0.17600307909166796,0.15570543573173487,0.15570543573173487
ponderacion_rmc,RMC,4,0.2228392624175868,0.19755344453483661,0.19755344453483661
ponderacion_rmc,RMC,5,0.3058347787402716,0.2319110143188095,0.2319110143188095
ponderacion_rmc,RMC,6,0.31300099803891185,0.3296699640050441,0.31300099803891185
ponderacion_rmc,RMC,7,0.3881554941292319,0.3608755368549565,0.3608755368549565
ponderacion_rmc,RMC,8,0.44742800873742244,0.44598289637193334,0.44598289637193334
ponderacion_rmc,RMC,9,0.5042245870801447,0.4669694358418884,0.4669694358418884
ponderacion_rmc,RMC,10,0.5316265035147965,0.5585838847702439,0.5316265035147965
ponderacion_rmc,RMC,11,0.5377380339466524,0.6053888017477691,0.5377380339466524
ponderacion_rmc,RMC,12,0.5615993281981816,0.6825054416983836,0.5615993281981816
ponderacion_rmc,RMC,13,0.5857605339758105,0.7116364566827039,0.5857605339758105
ponderacion_rmc,RMC,14,0.5857605339758105,0.7501649434143688,0.5857605339758105
ponderacion_rmc,RMC,15,0.6502331812115426,0.7734589695368159,0.6502331812115426
ponderacion_rmc,RMC,16,0.6772568758882797,0.7837973358913427,0.6772568758882797
ponderacion_rmc,RMC,17,0.7182847726587324,0.8001941455701649,0.7182847726587324
ponderacion_rmc,RMC,18,0.7182847726587324,0.8001941455701649,0.7182847726587324
ponderacion_rmc,RMC,19,0.726222431049507,0.80686876011892,0.726222431049507
ponderacion_rmc,RMC,20,0.7754862315616893,0.8241743362963864,0.7754862315616893
ponderacion_rmc,RMC,21,0.7767108702932635,0.8302534334047419,0.7767108702932635
ponderacion_rmc,RMC,22,0.7840070512532137,0.8359917430761058,0.7840070512532137
ponderacion_rmc,RMC,23,0.7933776202686874,0.8663080557789862,0.7933776202686874
ponderacion_rmc,RMC,24,0.8013819256652621,0.8696287252828708,0.8013819256652621
ponderacion_rmc,RMC,25,0.8013819256652621,0.8760233663143666,0.8013819256652621
ponderacion_rmc,RMC,26,0.801408584467582,0.8808563517844296,0.801408584467582
ponderacion_rmc,RMC,27,0.8221874547008633,0.8892027754096047,0.8221874547008633
ponderacion_rmc,RMC,28,0.8221874547008633,0.8976180449816468,0.8221874547008633
ponderacion_rmc,RMC,29,0.8444292267114535,0.9144898916938513,0.8444292267114535
ponderacion_rmc,RMC,30,0.8444292267114535,0.9187755518863215,0.8444292267114535
ponderacion_rmc,RMC,31,0.8444292267114535,0.9297553329791591,0.8444292267114535
ponderacion_rmc,RMC,32,0.8444292267114535,0.9297553329791591,0.8444292267114535
ponderacion_rmc,RMC,33,0.8530966698157377,0.9329991245090423,0.8530966698157377
ponderacion_rmc,RMC,34,0.863115380962616,0.9369153114533265,0.863115380962616
ponderacion_rmc,RMC,35,0.8804019480919796,0.9434660032977209,0.8804019480919796
ponderacion_rmc,RMC,36,0.8874348733790198,0.9463529433363435,0.8874348733790198
ponderacion_rmc,RMC,37,0.8958074034826393,0.949679350002467,0.8958074034826393
ponderacion_rmc,RMC,38,0.9039683293428439,0.9587647201240145,0.9039683293428439
ponderacion_rmc,RMC,39,0.9091034811397305,0.9608874701524135,0.9091034811397305
ponderacion_rmc,RMC,40,0.9091034811397305,0.9638455510027986,0.9091034811397305
ponderacion_rmc,RMC,41,0.9225028616558115,0.9693842074282482,0.9225028616558115
ponderacion_rmc,RMC,42,0.9225028616558115,0.9693842074282482,0.9225028616558115
ponderacion_rmc,RMC,43,0.9349558546895332,0.9742596478988791,0.9349558546895332
ponderacion_rmc,RMC,44,0.9444630500668969,0.9780748607877583,0.9444630500668969
ponderacion_rmc,RMC,45,0.9444630500668969,0.9780748607877583,0.9444630500668969
ponderacion_rmc,RMC,46,0.9444630500668969,0.9780748607877583,0.9444630500668969
ponderacion_rmc,RMC,47,0.9444630500668969,0.9780748607877583,0.9444630500668969
ponderacion_rmc,RMC,48,0.9444630500668969,0.9780748607877583,0.9444630500668969
ponderacion_rmc,RMC,49,0.9484885292172143,0.9796743816199681,0.9484885292172143
ponderacion_rmc,RMC,50,0.9484885292172143,0.9796743816199681,0.9484885292172143
ponderacion_rmc,RMC,51,0.9484885292172143,0.9796743816199681,0.9484885292172143
ponderacion_rmc,RMC,52,0.9484885292172143,0.9796743816199681,0.9484885292172143
ponderacion_rmc,RMC,53,0.9484885292172143,0.9796743816199681,0.9484885292172143
ponderacion_rmc,RMC,54,0.9484885292172143,0.9796743816199681,0.9484885292172143
ponderacion_rmc,RMC,55,0.9484885292172143,0.9796743816199681,0.9484885292172143
ponderacion_rmc,RMC,56,0.9484885292172143,0.9796743816199681,0.9484885292172143
ponderacion_rmc,RMC,57,0.9484885292172143,0.9796743816199681,0.9484885292172143
ponderacion_rmc,RMC,58,0.9484885292172143,0.9796743816199681,0.9484885292172143
ponderacion_rmc,RMC,59,0.9530188594364662,0.9815263375906902,0.9530188594364662
ponderacion_rmc,RMC,60,0.9530188594364662,0.9815263375906902,0.9530188594364662
ponderacion_rmc,RMC,61,0.9530188594364662,0.9856421777808886,0.9530188594364662
ponderacion_rmc,RMC,62,0.9555631088828795,0.9883168428166713,0.9555631088828795
ponderacion_rmc,RMC,63,0.9555631088828795,0.9883168428166713,0.9555631088828795
ponderacion_rmc,RMC,64,0.9555631088828795,0.9883168428166713,0.9555631088828795
ponderacion_rmc,RMC,65,0.9555631088828795,0.9883168428166713,0.9555631088828795
ponderacion_rmc,RMC,66,0.9555631088828795,0.9883168428166713,0.9555631088828795
ponderacion_rmc,RMC,67,0.9555631088828795,0.9883168428166713,0.9555631088828795
ponderacion_rmc,RMC,68,0.9555631088828795,0.9883168428166713,0.9555631088828795
ponderacion_rmc,RMC,69,0.9555631088828795,0.9883168428166713,0.9555631088828795
ponderacion_rmc,RMC,70,0.9555631088828795,0.9883168428166713,0.9555631088828795
ponderacion_rmc,RMC,71,0.9555631088828795,0.9883168428166713,0.9555631088828795
ponderacion_rmc,RMC,72,0.9555631088828795,0.9883168428166713,0.9555631088828795
ponderacion_rmc,RMC,73,0.9555631088828795,0.9883168428166713,0.9555631088828795
ponderacion_rmc,RMC,74,0.9555631088828795,0.9883168428166713,0.9555631088828795
ponderacion_rmc,RMC,75,0.9555631088828795,0.9883168428166713,0.9555631088828795
ponderacion_rmc,RMC,76,0.9555631088828795,0.9883168428166713,0.9555631088828795
ponderacion_rmc,RMC,77,0.9555631088828795,0.9883168428166713,0.9555631088828795
ponderacion_rmc,RMC,78,0.9555631088828795,0.9883168428166713,0.9555631088828795
ponderacion_rmc,RMC,79,0.9555631088828795,0.9883168428166713,0.9555631088828795
ponderacion_rmc,RMC,80,0.9555631088828795,0.9883168428166713,0.9555631088828795
ponderacion_rmc,RMC,81,0.9555631088828795,0.9883168428166713,0.9555631088828795
ponderacion_rmc,RMC,82,0.9555631088828795,0.9895204994543959,0.9555631088828795
ponderacion_rmc,RMC,83,0.9555631088828795,0.9895204994543959,0.9555631088828795
ponderacion_rmc,RMC,84,0.9555631088828795,0.9895204994543959,0.9555631088828795
ponderacion_rmc,RMC,85,0.9555631088828795,0.9895204994543959,0.9555631088828795
ponderacion_rmc,RMC,86,0.9555631088828795,0.9895204994543959,0.9555631088828795
ponderacion_rmc,RMC,87,0.9555631088828795,0.9895204994543959,0.9555631088828795
ponderacion_rmc,RMC,88,0.9555631088828795,0.9895204994543959,0.9555631088828795
ponderacion_rmc,RMC,89,0.9555631088828795,0.9895204994543959,0.9555631088828795
ponderacion_rmc,RMC,90,0.9555631088828795,0.9895204994543959,0.9555631088828795
ponderacion_rmc,RMC,91,0.9555631088828795,0.9895204994543959,0.9555631088828795
ponderacion_rmc,RMC,92,0.9555631088828795,0.9895204994543959,0.9555631088828795
ponderacion_rmc,RMC,93,0.9555631088828795,0.9895204994543959,0.9555631088828795
ponderacion_rmc,RMC,94,0.9555631088828795,0.9895204994543959,0.9555631088828795
ponderacion_rmc,RMC,95,0.9555631088828795,0.9895204994543959,0.9555631088828795
ponderacion_rmc,RMC,96,0.9555631088828795,0.9895204994543959,0.9555631088828795
ponderacion_rmc,RMC,97,0.9555631088828795,0.9895204994543959,0.9555631088828795
ponderacion_rmc,RMC,98,0.9555631088828795,0.9895204994543959,0.9555631088828795
ponderacion_rmc,RMC,99,0.9555631088828795,0.9895204994543959,0.9555631088828795
ponderacion_rmc,RMC,100,0.9555631088828795,0.9895204994543959,0.9555631088828795
ponderacion_rmc,RMC,101,0.9555631088828795,0.9895204994543959,0.9555631088828795
ponderacion_rmc,RMC,102,0.9555631088828795,0.9895204994543959,0.9555631088828795
ponderacion_rmc,RMC,103,0.9555631088828795,0.9895204994543959,0.9555631088828795
ponderacion_rmc,RMC,104,0.9555631088828795,0.9895204994543959,0.9555631088828795
ponderacion_rmc,RMC,105,0.9555631088828795,0.9895204994543959,0.9555631088828795
ponderacion_rmc,RMC,106,0.9555631088828795,0.9895204994543959,0.9555631088828795
ponderacion_rmc,RMC,107,0.9555631088828795,0.9895204994543959,0.9555631088828795
ponderacion_rmc,RMC,108,0.9555631088828795,0.9895204994543959,0.9555631088828795
ponderacion_rmc,RMC,109,0.9555631088828795,0.9936076538333997,0.9555631088828795
ponderacion_rmc,RMC,110,0.963922309585339,0.9970407717171671,0.963922309585339
ponderacion_rmc,RMC,111,0.963922309585339,0.9994733285064675,0.963922309585339
ponderacion_rmc,RMC,112,0.9871987763609735,0.9994733285064675,0.9871987763609735
ponderacion_rmc,RMC,113,0.9871987763609735,0.9994733285064675,0.9871987763609735
ponderacion_rmc,RMC,114,0.9871987763609735,0.9994733285064675,0.9871987763609735
ponderacion_rmc,RMC,115,0.9871987763609735,0.9994733285064675,0.9871987763609735
ponderacion_rmc,RMC,116,0.9882951196063828,0.9998508337817882,0.9882951196063828
ponderacion_rmc,RMC,117,0.9882951196063828,0.9998508337817882,0.9882951196063828
ponderacion_rmc,RMC,118,0.9882951196063828,0.9998508337817882,0.9882951196063828
ponderacion_rmc,RMC,119,0.9882951196063828,0.9998508337817882,0.9882951196063828
ponderacion_rmc,RMC,120,0.9917874227103005,0.9998508337817882,0.9917874227103005
ponderacion_rmc,RMC,121,0.9918224123883455,0.9998634555387138,0.9918224123883455
ponderacion_rmc,RMC,122,0.9918224123883455,0.9998634555387138,0.9918224123883455
ponderacion_rmc,RMC,123,0.9922189620728552,1.0,0.9922189620728552
ponderacion_rmc,RMC,124,1.0,1.0,1.0
balanceado,Balanceado,1,0.07407648077150573,0.06681728629931234,0.06681728629931234
balanceado,Balanceado,2,0.15707199709419054,0.10117485608328523,0.10117485608328523
balanceado,Balanceado,3,0.2121607459132889,0.12895993280635587,0.12895993280635587
balanceado,Balanceado,4,0.2589985954143528,0.1900630055157078,0.1900630055157078
balanceado,Balanceado,5,0.315795173757075,0.21104954498566283,0.21104954498566283
balanceado,Balanceado,6,0.3431970901917268,0.30266399391401827,0.30266399391401827
balanceado,Balanceado,7,0.3900332735176456,0.34451200271712,0.34451200271712
balanceado,Balanceado,8,0.39719949281628586,0.4422709524033546,0.39719949281628586
balanceado,Balanceado,9,0.45647200742447647,0.5273783119203315,0.45647200742447647
balanceado,Balanceado,10,0.4731021015467104,0.5776427377279231,0.4731021015467104
balanceado,Balanceado,11,0.5495695436512895,0.6110720346616394,0.5495695436512895
balanceado,Balanceado,12,0.560821224405467,0.6839064567171269,0.560821224405467
balanceado,Balanceado,13,0.560821224405467,0.7224349434487918,0.560821224405467
balanceado,Balanceado,14,0.584982430183096,0.7515659584331121,0.584982430183096
balanceado,Balanceado,15,0.6119528072551931,0.7650046872615492,0.6119528072551931
balanceado,Balanceado,16,0.6529807040256458,0.7814014969403714,0.6529807040256458
balanceado,Balanceado,17,0.6972593085039913,0.7969767449865808,0.6972593085039913
balanceado,Balanceado,18,0.7242830031807284,0.8073151113411076,0.7242830031807284
balanceado,Balanceado,19,0.7615520088240636,0.8208008848999038,0.7615520088240636
balanceado,Balanceado,20,0.7615520088240636,0.8208008848999038,0.7615520088240636
balanceado,Balanceado,21,0.7688481897840137,0.8265391945712676,0.7688481897840137
balanceado,Balanceado,22,0.7782187587994874,0.856855507274148,0.7782187587994874
balanceado,Balanceado,23,0.7782187587994874,0.8632501483056438,0.7782187587994874
balanceado,Balanceado,24,0.7782454176018074,0.8680831337757068,0.7782454176018074
balanceado,Balanceado,25,0.7990242878350886,0.8764295574008819,0.7990242878350886
balanceado,Balanceado,26,0.7990242878350886,0.884844826972924,0.7990242878350886
balanceado,Balanceado,27,0.8212660598456789,0.9017166736851284,0.8212660598456789
balanceado,Balanceado,28,0.8292703652422535,0.9050373431890131,0.8292703652422535
balanceado,Balanceado,29,0.8432045879798793,0.9100011359581233,0.8432045879798793
balanceado,Balanceado,30,0.8532232991267577,0.9139173229024075,0.8532232991267577
balanceado,Balanceado,31,0.8705098662561211,0.9204680147468018,0.8705098662561211
balanceado,Balanceado,32,0.8791773093604054,0.9237118062766849,0.8791773093604054
balanceado,Balanceado,33,0.8862102346474456,0.9265987463153076,0.8862102346474456
balanceado,Balanceado,34,0.8986632276811674,0.9314741867859384,0.8986632276811674
balanceado,Balanceado,35,0.9068241535413719,0.9405595569074859,0.9068241535413719
balanceado,Balanceado,36,0.9068241535413719,0.9435176377578711,0.9068241535413719
balanceado,Balanceado,37,0.9068241535413719,0.9478032979503415,0.9068241535413719
balanceado,Balanceado,38,0.9068241535413719,0.958783079043179,0.9068241535413719
balanceado,Balanceado,39,0.9080487922729461,0.963271834778907,0.9080487922729461
balanceado,Balanceado,40,0.9175559876503099,0.9670870476677862,0.9175559876503099
balanceado,Balanceado,41,0.9175559876503099,0.9670870476677862,0.9175559876503099
balanceado,Balanceado,42,0.9309553681663909,0.9726257040932358,0.9309553681663909
balanceado,Balanceado,43,0.9393278982700104,0.9759521107593593,0.9393278982700104
balanceado,Balanceado,44,0.9393278982700104,0.9771557673970839,0.9393278982700104
balanceado,Balanceado,45,0.9444630500668969,0.9792785174254829,0.9444630500668969
balanceado,Balanceado,46,0.9444630500668969,0.9792785174254829,0.9444630500668969
balanceado,Balanceado,47,0.9528222507693563,0.9827116353092502,0.9528222507693563
balanceado,Balanceado,48,0.9528222507693563,0.9867987896882541,0.9528222507693563
balanceado,Balanceado,49,0.9528222507693563,0.9867987896882541,0.9528222507693563
balanceado,Balanceado,50,0.9528222507693563,0.9867987896882541,0.9528222507693563
balanceado,Balanceado,51,0.9528222507693563,0.9867987896882541,0.9528222507693563
balanceado,Balanceado,52,0.9528222507693563,0.9867987896882541,0.9528222507693563
balanceado,Balanceado,53,0.9528222507693563,0.9867987896882541,0.9528222507693563
balanceado,Balanceado,54,0.9528222507693563,0.9867987896882541,0.9528222507693563
balanceado,Balanceado,55,0.9528222507693563,0.9867987896882541,0.9528222507693563
balanceado,Balanceado,56,0.9528222507693563,0.9867987896882541,0.9528222507693563
balanceado,Balanceado,57,0.9528222507693563,0.9867987896882541,0.9528222507693563
balanceado,Balanceado,58,0.9528222507693563,0.9867987896882541,0.9528222507693563
balanceado,Balanceado,59,0.9528222507693563,0.9909146298784525,0.9528222507693563
balanceado,Balanceado,60,0.9528222507693563,0.9909146298784525,0.9528222507693563
balanceado,Balanceado,61,0.9528222507693563,0.9909146298784525,0.9528222507693563
balanceado,Balanceado,62,0.9568477299196737,0.9925141507106623,0.9568477299196737
balanceado,Balanceado,63,0.9568477299196737,0.9925141507106623,0.9568477299196737
balanceado,Balanceado,64,0.9568477299196737,0.9925141507106623,0.9568477299196737
balanceado,Balanceado,65,0.9568477299196737,0.9925141507106623,0.9568477299196737
balanceado,Balanceado,66,0.9568477299196737,0.9925141507106623,0.9568477299196737
balanceado,Balanceado,67,0.9613780601389257,0.9943661066813844,0.9613780601389257
balanceado,Balanceado,68,0.9613780601389257,0.9943661066813844,0.9613780601389257
balanceado,Balanceado,69,0.9613780601389257,0.9943661066813844,0.9613780601389257
balanceado,Balanceado,70,0.9613780601389257,0.9943661066813844,0.9613780601389257
balanceado,Balanceado,71,0.9613780601389257,0.9943661066813844,0.9613780601389257
balanceado,Balanceado,72,0.9613780601389257,0.9943661066813844,0.9613780601389257
balanceado,Balanceado,73,0.9613780601389257,0.9943661066813844,0.9613780601389257
balanceado,Balanceado,74,0.9613780601389257,0.9974687640201902,0.9613780601389257
balanceado,Balanceado,75,0.9613780601389257,0.9974687640201902,0.9613780601389257
balanceado,Balanceado,76,0.9613780601389257,0.9974687640201902,0.9613780601389257
balanceado,Balanceado,77,0.9613780601389257,0.9974687640201902,0.9613780601389257
balanceado,Balanceado,78,0.9613780601389257,0.9974687640201902,0.9613780601389257
balanceado,Balanceado,79,0.9613780601389257,0.9974687640201902,0.9613780601389257
balanceado,Balanceado,80,0.9613780601389257,0.9974687640201902,0.9613780601389257
balanceado,Balanceado,81,0.9613780601389257,0.9974687640201902,0.9613780601389257
balanceado,Balanceado,82,0.9613780601389257,0.9974687640201902,0.9613780601389257
balanceado,Balanceado,83,0.9613780601389257,0.9974687640201902,0.9613780601389257
balanceado,Balanceado,84,0.9613780601389257,0.9974687640201902,0.9613780601389257
balanceado,Balanceado,85,0.9613780601389257,0.9974687640201902,0.9613780601389257
balanceado,Balanceado,86,0.9613780601389257,0.9974687640201902,0.9613780601389257
balanceado,Balanceado,87,0.9613780601389257,0.9974687640201902,0.9613780601389257
balanceado,Balanceado,88,0.9613780601389257,0.9974687640201902,0.9613780601389257
balanceado,Balanceado,89,0.9613780601389257,0.9974687640201902,0.9613780601389257
balanceado,Balanceado,90,0.9613780601389257,0.9974687640201902,0.9613780601389257
balanceado,Balanceado,91,0.9613780601389257,0.9974687640201902,0.9613780601389257
balanceado,Balanceado,92,0.9613780601389257,0.9974687640201902,0.9613780601389257
balanceado,Balanceado,93,0.9613780601389257,0.9974687640201902,0.9613780601389257
balanceado,Balanceado,94,0.9613780601389257,0.9974687640201902,0.9613780601389257
balanceado,Balanceado,95,0.9613780601389257,0.9974687640201902,0.9613780601389257
balanceado,Balanceado,96,0.9613780601389257,0.9974687640201902,0.9613780601389257
balanceado,Balanceado,97,0.9613780601389257,0.9974687640201902,0.9613780601389257
balanceado,Balanceado,98,0.9613780601389257,0.9974687640201902,0.9613780601389257
balanceado,Balanceado,99,0.9613780601389257,0.9974687640201902,0.9613780601389257
balanceado,Balanceado,100,0.9613780601389257,0.9974687640201902,0.9613780601389257
balanceado,Balanceado,101,0.963922309585339,0.9994733285064675,0.963922309585339
balanceado,Balanceado,102,0.963922309585339,0.9994733285064675,0.963922309585339
balanceado,Balanceado,103,0.963922309585339,0.9994733285064675,0.963922309585339
balanceado,Balanceado,104,0.963922309585339,0.9994733285064675,0.963922309585339
balanceado,Balanceado,105,0.963922309585339,0.9994733285064675,0.963922309585339
balanceado,Balanceado,106,0.963922309585339,0.9994733285064675,0.963922309585339
balanceado,Balanceado,107,0.963922309585339,0.9994733285064675,0.963922309585339
balanceado,Balanceado,108,0.963922309585339,0.9994733285064675,0.963922309585339
balanceado,Balanceado,109,0.963922309585339,0.9994733285064675,0.963922309585339
balanceado,Balanceado,110,0.963922309585339,0.9994733285064675,0.963922309585339
balanceado,Balanceado,111,0.963922309585339,0.9994733285064675,0.963922309585339
balanceado,Balanceado,112,0.9871987763609735,0.9994733285064675,0.9871987763609735
balanceado,Balanceado,113,0.9871987763609735,0.9994733285064675,0.9871987763609735
balanceado,Balanceado,114,0.9871987763609735,0.9994733285064675,0.9871987763609735
balanceado,Balanceado,115,0.9871987763609735,0.9994733285064675,0.9871987763609735
balanceado,Balanceado,116,0.9871987763609735,0.9994733285064675,0.9871987763609735
balanceado,Balanceado,117,0.9871987763609735,0.9994733285064675,0.9871987763609735
balanceado,Balanceado,118,0.9906910794648912,0.9994733285064675,0.9906910794648912
balanceado,Balanceado,119,0.9913575495228908,0.9997028149960241,0.9913575495228908
balanceado,Balanceado,120,0.9991385874500356,0.9997028149960241,0.9991385874500356
balanceado,Balanceado,121,0.9995684606374453,0.9998508337817882,0.9995684606374453
balanceado,Balanceado,122,0.9996034503154902,0.9998634555387138,0.9996034503154902
balanceado,Balanceado,123,0.9996034503154902,0.9998634555387138,0.9996034503154902
balanceado,Balanceado,124,1.0,1.0,1.0
equidad,Equidad,1,0.08299551632268481,0.03435756978397289,0.03435756978397289
equidad,Equidad,2,0.14656176427953754,0.06122011081902581,0.06122011081902581
equidad,Equidad,3,0.20335834262225977,0.08220665028898086,0.08220665028898086
equidad,Equidad,4,0.23785483282431683,0.08744238454821568,0.08744238454821568
equidad,Equidad,5,0.314322274928896,0.16841095522603847,0.16841095522603847
equidad,Equidad,6,0.341292652000993,0.33339911946033957,0.33339911946033957
equidad,Equidad,7,0.4005651666091836,0.41830453086650654,0.4005651666091836
equidad,Equidad,8,0.4474013499351025,0.44342641687827233,0.44342641687827233
equidad,Equidad,9,0.47901202478602145,0.46207678388454076,0.46207678388454076
equidad,Equidad,10,0.5267446103399497,0.4786124328895447,0.4786124328895447
equidad,Equidad,11,0.5677725071104024,0.4944412635067142,0.4944412635067142
equidad,Equidad,12,0.6146103566114662,0.5605586160128788,0.5605586160128788
equidad,Equidad,13,0.628544579349092,0.565522408781989,0.565522408781989
equidad,Equidad,14,0.6372120224533763,0.5687662003118722,0.5687662003118722
equidad,Equidad,15,0.6484637032075538,0.6386023813813021,0.6386023813813021
equidad,Equidad,16,0.6572894329506129,0.7196099647623495,0.6572894329506129
equidad,Equidad,17,0.6814506387282419,0.7492160167800521,0.6814506387282419
equidad,Equidad,18,0.7257292432065874,0.7647912648262615,0.7257292432065874
equidad,Equidad,19,0.7257292432065874,0.7711859058577574,0.7257292432065874
equidad,Equidad,20,0.7257559020089074,0.7760188913278203,0.7257559020089074
equidad,Equidad,21,0.7465347722421886,0.7843653149529954,0.7465347722421886
equidad,Equidad,22,0.7465347722421886,0.7884524693319993,0.7465347722421886
equidad,Equidad,23,0.7465347722421886,0.8269809560636642,0.7465347722421886
equidad,Equidad,24,0.7465347722421886,0.8353962256357063,0.7465347722421886
equidad,Equidad,25,0.7565534833890669,0.8393124125799903,0.7565534833890669
equidad,Equidad,26,0.7810062698170707,0.8483587699983133,0.7810062698170707
equidad,Equidad,27,0.7905134651944343,0.8521739828871925,0.7905134651944343
equidad,Equidad,28,0.8277824708377696,0.8656597564459886,0.8277824708377696
equidad,Equidad,29,0.8350786517977197,0.8713980661173525,0.8350786517977197
equidad,Equidad,30,0.839104130948037,0.8723653516708337,0.839104130948037
equidad,Equidad,31,0.839104130948037,0.8753234325212189,0.839104130948037
equidad,Equidad,32,0.8515571239817588,0.8801988729918497,0.8515571239817588
equidad,Equidad,33,0.8515571239817588,0.8801988729918497,0.8515571239817588
equidad,Equidad,34,0.873798895992349,0.8968641818634533,0.873798895992349
equidad,Equidad,35,0.8819598218525535,0.9056913796842495,0.8819598218525535
equidad,Equidad,36,0.8819598218525535,0.9068950363219741,0.8819598218525535
equidad,Equidad,37,0.8903190225550129,0.9103281542057415,0.8903190225550129
equidad,Equidad,38,0.911341154359464,0.932116748956697,0.911341154359464
equidad,Equidad,39,0.911341154359464,0.932116748956697,0.911341154359464
equidad,Equidad,40,0.9207117233749377,0.9496426321641379,0.9207117233749377
equidad,Equidad,41,0.9207117233749377,0.9496426321641379,0.9207117233749377
equidad,Equidad,42,0.9207117233749377,0.9496426321641379,0.9207117233749377
equidad,Equidad,43,0.9207117233749377,0.9496426321641379,0.9207117233749377
equidad,Equidad,44,0.9207117233749377,0.9496426321641379,0.9207117233749377
equidad,Equidad,45,0.9207117233749377,0.9539282923566083,0.9207117233749377
equidad,Equidad,46,0.9207117233749377,0.9649080734494458,0.9207117233749377
equidad,Equidad,47,0.9207117233749377,0.9649080734494458,0.9207117233749377
equidad,Equidad,48,0.9207117233749377,0.9649080734494458,0.9207117233749377
equidad,Equidad,49,0.9207117233749377,0.9649080734494458,0.9207117233749377
equidad,Equidad,50,0.9207117233749377,0.9649080734494458,0.9207117233749377
equidad,Equidad,51,0.9207117233749377,0.9649080734494458,0.9207117233749377
equidad,Equidad,52,0.9207117233749377,0.9649080734494458,0.9207117233749377
equidad,Equidad,53,0.9207117233749377,0.9649080734494458,0.9207117233749377
equidad,Equidad,54,0.9287160287715124,0.9682287429533305,0.9287160287715124
equidad,Equidad,55,0.9287160287715124,0.9682287429533305,0.9287160287715124
equidad,Equidad,56,0.9299406675030866,0.9727174986890584,0.9299406675030866
equidad,Equidad,57,0.9299406675030866,0.9727174986890584,0.9299406675030866
equidad,Equidad,58,0.9299406675030866,0.9727174986890584,0.9299406675030866
equidad,Equidad,59,0.9299406675030866,0.9727174986890584,0.9299406675030866
equidad,Equidad,60,0.9299406675030866,0.9727174986890584,0.9299406675030866
equidad,Equidad,61,0.9299406675030866,0.9727174986890584,0.9299406675030866
equidad,Equidad,62,0.9299406675030866,0.9727174986890584,0.9299406675030866
equidad,Equidad,63,0.9299406675030866,0.9727174986890584,0.9299406675030866
equidad,Equidad,64,0.9299406675030866,0.9727174986890584,0.9299406675030866
equidad,Equidad,65,0.9299406675030866,0.9727174986890584,0.9299406675030866
equidad,Equidad,66,0.9299406675030866,0.9727174986890584,0.9299406675030866
equidad,Equidad,67,0.9299406675030866,0.9727174986890584,0.9299406675030866
equidad,Equidad,68,0.9299406675030866,0.9727174986890584,0.9299406675030866
equidad,Equidad,69,0.9299406675030866,0.9727174986890584,0.9299406675030866
equidad,Equidad,70,0.9299406675030866,0.9727174986890584,0.9299406675030866
equidad,Equidad,71,0.9299406675030866,0.9727174986890584,0.9299406675030866
equidad,Equidad,72,0.9299406675030866,0.9727174986890584,0.9299406675030866
equidad,Equidad,73,0.9299406675030866,0.9727174986890584,0.9299406675030866
equidad,Equidad,74,0.9299406675030866,0.9727174986890584,0.9299406675030866
equidad,Equidad,75,0.9299406675030866,0.9727174986890584,0.9299406675030866
equidad,Equidad,76,0.9299406675030866,0.9727174986890584,0.9299406675030866
equidad,Equidad,77,0.9299406675030866,0.9727174986890584,0.9299406675030866
equidad,Equidad,78,0.9299406675030866,0.9727174986890584,0.9299406675030866
equidad,Equidad,79,0.9299406675030866,0.9727174986890584,0.9299406675030866
equidad,Equidad,80,0.9299406675030866,0.9727174986890584,0.9299406675030866
equidad,Equidad,81,0.9299406675030866,0.9727174986890584,0.9299406675030866
equidad,Equidad,82,0.9299406675030866,0.9727174986890584,0.9299406675030866
equidad,Equidad,83,0.9299406675030866,0.9727174986890584,0.9299406675030866
equidad,Equidad,84,0.9299406675030866,0.9727174986890584,0.9299406675030866
equidad,Equidad,85,0.9299406675030866,0.9727174986890584,0.9299406675030866
equidad,Equidad,86,0.9299406675030866,0.9727174986890584,0.9299406675030866
equidad,Equidad,87,0.9299406675030866,0.9727174986890584,0.9299406675030866
equidad,Equidad,88,0.9299406675030866,0.9727174986890584,0.9299406675030866
equidad,Equidad,89,0.9299406675030866,0.9727174986890584,0.9299406675030866
equidad,Equidad,90,0.9383131976067061,0.9760439053551819,0.9383131976067061
equidad,Equidad,91,0.9383131976067061,0.9760439053551819,0.9383131976067061
equidad,Equidad,92,0.9383131976067061,0.9760439053551819,0.9383131976067061
equidad,Equidad,93,0.9383131976067061,0.9760439053551819,0.9383131976067061
equidad,Equidad,94,0.9615896643823405,0.9760439053551819,0.9615896643823405
equidad,Equidad,95,0.9615896643823405,0.9760439053551819,0.9615896643823405
equidad,Equidad,96,0.9615896643823405,0.9760439053551819,0.9615896643823405
equidad,Equidad,97,0.9615896643823405,0.9760439053551819,0.9615896643823405
equidad,Equidad,98,0.9615896643823405,0.9760439053551819,0.9615896643823405
equidad,Equidad,99,0.9615896643823405,0.9760439053551819,0.9615896643823405
equidad,Equidad,100,0.9615896643823405,0.9807369040666153,0.9615896643823405
equidad,Equidad,101,0.9615896643823405,0.9807369040666153,0.9615896643823405
equidad,Equidad,102,0.9615896643823405,0.9807369040666153,0.9615896643823405
equidad,Equidad,103,0.9615896643823405,0.9807369040666153,0.9615896643823405
equidad,Equidad,104,0.9615896643823405,0.9807369040666153,0.9615896643823405
equidad,Equidad,105,0.9615896643823405,0.9807369040666153,0.9615896643823405
equidad,Equidad,106,0.9650819674862582,0.9807369040666153,0.9650819674862582
equidad,Equidad,107,0.9681060753744312,0.9807369040666153,0.9681060753744312
equidad,Equidad,108,0.9681060753744312,0.9807369040666153,0.9681060753744312
equidad,Equidad,109,0.9815054558905123,0.9862755604920649,0.9815054558905123
equidad,Equidad,110,0.9815054558905123,0.9862755604920649,0.9815054558905123
equidad,Equidad,111,0.9866406076873989,0.9883983105204639,0.9866406076873989
equidad,Equidad,112,0.9866406076873989,0.9883983105204639,0.9866406076873989
equidad,Equidad,113,0.9866406076873989,0.9883983105204639,0.9866406076873989
equidad,Equidad,114,0.9866406076873989,0.9883983105204639,0.9866406076873989
equidad,Equidad,115,0.9944216456145437,0.9883983105204639,0.9883983105204639
equidad,Equidad,116,0.9944216456145437,0.9925141507106623,0.9925141507106623
equidad,Equidad,117,0.9959278679456227,0.9943661066813844,0.9943661066813844
equidad,Equidad,118,0.9959278679456227,0.9974687640201902,0.9959278679456227
equidad,Equidad,119,0.998472117392036,0.9994733285064675,0.998472117392036
equidad,Equidad,120,0.9991385874500356,0.9997028149960241,0.9991385874500356
equidad,Equidad,121,0.9995684606374453,0.9998508337817882,0.9995684606374453
equidad,Equidad,122,0.9996034503154902,0.9998634555387138,0.9996034503154902
equidad,Equidad,123,0.9996034503154902,0.9998634555387138,0.9996034503154902
equidad,Equidad,124,1.0,1.0,1.0
demanda,Demanda potencial,1,0.07407648077150573,0.06681743963630897,0.06681743963630897
demanda,Demanda potencial,2,0.15707199709419054,0.1011750882664436,0.1011750882664436
demanda,Demanda potencial,3,0.20390818042010941,0.14302319310529207,0.14302319310529207
demanda,Demanda potencial,4,0.21107439971874964,0.23909678500164658,0.21107439971874964
demanda,Demanda potencial,5,0.27034691432694025,0.32420433982896335,0.27034691432694025
demanda,Demanda potencial,6,0.2869770084491742,0.37386991987460827,0.2869770084491742
demanda,Demanda potencial,7,0.3108383027007033,0.43586354243042813,0.3108383027007033
demanda,Demanda potencial,8,0.3676348810434255,0.45685013006176645,0.3676348810434255
demanda,Demanda potencial,9,0.3950367974780773,0.5448388943774534,0.3950367974780773
demanda,Demanda potencial,10,0.45012554629717566,0.5769992048274889,0.45012554629717566
demanda,Demanda potencial,11,0.4969633957982395,0.6545027073730736,0.4969633957982395
demanda,Demanda potencial,12,0.560821224405467,0.683906878758567,0.560821224405467
demanda,Demanda potencial,13,0.584982430183096,0.7130379605947844,0.584982430183096
demanda,Demanda potencial,14,0.584982430183096,0.751566535744324,0.584982430183096
demanda,Demanda potencial,15,0.6292610346614416,0.7671418195337053,0.6292610346614416
demanda,Demanda potencial,16,0.6702889314318943,0.7835386668410768,0.6702889314318943
demanda,Demanda potencial,17,0.6972593085039913,0.7969774265096516,0.6972593085039913
demanda,Demanda potencial,18,0.7345283141473266,0.8104632310165472,0.7345283141473266
demanda,Demanda potencial,19,0.7615520088240636,0.8208016210962824,0.7615520088240636
demanda,Demanda potencial,20,0.7837937808346538,0.8374669682126059,0.7837937808346538
demanda,Demanda potencial,21,0.7931643498501275,0.8516527081189064,0.7931643498501275
demanda,Demanda potencial,22,0.8004605308100777,0.8737282116421058,0.8004605308100777
demanda,Demanda potencial,23,0.8168840192143317,0.8803202261824031,0.8168840192143317
demanda,Demanda potencial,24,0.8168840192143317,0.8867148818887699,0.8168840192143317
demanda,Demanda potencial,25,0.8250449450745363,0.8958002728600623,0.8250449450745363
demanda,Demanda potencial,26,0.8250716038768563,0.9006332694211994,0.8250716038768563
demanda,Demanda potencial,27,0.8389341810832471,0.9062017718692521,0.8389341810832471
demanda,Demanda potencial,28,0.8476016241875314,0.9094455708432156,0.8476016241875314
demanda,Demanda potencial,29,0.8476016241875314,0.9178608597272088,0.8476016241875314
demanda,Demanda potencial,30,0.8561341071050707,0.9231034906122599,0.8561341071050707
demanda,Demanda potencial,31,0.8641384125016454,0.9264241677366499,0.8641384125016454
demanda,Demanda potencial,32,0.869273564298532,0.9328325926639885,0.869273564298532
demanda,Demanda potencial,33,0.869273564298532,0.9438123989539982,0.869273564298532
demanda,Demanda potencial,34,0.8817265573322537,0.948687850613132,0.8817265573322537
demanda,Demanda potencial,35,0.8917452684791319,0.9526040465445567,0.8917452684791319
demanda,Demanda potencial,36,0.9090318356084955,0.9591547534219382,0.9090318356084955
demanda,Demanda potencial,37,0.9090318356084955,0.9591547534219382,0.9090318356084955
demanda,Demanda potencial,38,0.9224312161245766,0.9646934225578853,0.9224312161245766
demanda,Demanda potencial,39,0.9294641414116169,0.9675803692216604,0.9294641414116169
demanda,Demanda potencial,40,0.9294641414116169,0.970538456860457,0.9294641414116169
demanda,Demanda potencial,41,0.9378366715152363,0.9738648711602519,0.9378366715152363
demanda,Demanda potencial,42,0.9378366715152363,0.9769675356192535,0.9378366715152363
demanda,Demanda potencial,43,0.9461958722176957,0.9804006613815807,0.9461958722176957
demanda,Demanda potencial,44,0.9461958722176957,0.9804006613815807,0.9461958722176957
demanda,Demanda potencial,45,0.9474205109492699,0.9827138905048599,0.9474205109492699
demanda,Demanda potencial,46,0.9474205109492699,0.9868010542633524,0.9474205109492699
demanda,Demanda potencial,47,0.9474205109492699,0.9909169038988697,0.9474205109492699
demanda,Demanda potencial,48,0.9528222507693563,0.9928136140877489,0.9528222507693563
demanda,Demanda potencial,49,0.9528222507693563,0.9940172734877093,0.9528222507693563
demanda,Demanda potencial,50,0.9528222507693563,0.9940172734877093,0.9528222507693563
demanda,Demanda potencial,51,0.9528222507693563,0.9940172734877093,0.9528222507693563
demanda,Demanda potencial,52,0.9573525809886083,0.9958692337084298,0.9573525809886083
demanda,Demanda potencial,53,0.9613780601389257,0.9974687582113323,0.9613780601389257
demanda,Demanda potencial,54,0.963922309585339,0.9994733272978248,0.963922309585339
demanda,Demanda potencial,55,0.963922309585339,0.9994733272978248,0.963922309585339
demanda,Demanda potencial,56,0.963922309585339,0.9994733272978248,0.963922309585339
demanda,Demanda potencial,57,0.963922309585339,0.9994733272978248,0.963922309585339
demanda,Demanda potencial,58,0.963922309585339,0.9994733272978248,0.963922309585339
demanda,Demanda potencial,59,0.963922309585339,0.9994733272978248,0.963922309585339
demanda,Demanda potencial,60,0.963922309585339,0.9994733272978248,0.963922309585339
demanda,Demanda potencial,61,0.963922309585339,0.9994733272978248,0.963922309585339
demanda,Demanda potencial,62,0.963922309585339,0.9994733272978248,0.963922309585339
demanda,Demanda potencial,63,0.963922309585339,0.9994733272978248,0.963922309585339
demanda,Demanda potencial,64,0.963922309585339,0.9994733272978248,0.963922309585339
demanda,Demanda potencial,65,0.963922309585339,0.9994733272978248,0.963922309585339
demanda,Demanda potencial,66,0.963922309585339,0.9994733272978248,0.963922309585339
demanda,Demanda potencial,67,0.963922309585339,0.9994733272978248,0.963922309585339
demanda,Demanda potencial,68,0.963922309585339,0.9994733272978248,0.963922309585339
demanda,Demanda potencial,69,0.963922309585339,0.9994733272978248,0.963922309585339
demanda,Demanda potencial,70,0.963922309585339,0.9994733272978248,0.963922309585339
demanda,Demanda potencial,71,0.963922309585339,0.9994733272978248,0.963922309585339
demanda,Demanda potencial,72,0.963922309585339,0.9994733272978248,0.963922309585339
demanda,Demanda potencial,73,0.963922309585339,0.9994733272978248,0.963922309585339
demanda,Demanda potencial,74,0.963922309585339,0.9994733272978248,0.963922309585339
demanda,Demanda potencial,75,0.963922309585339,0.9994733272978248,0.963922309585339
demanda,Demanda potencial,76,0.963922309585339,0.9994733272978248,0.963922309585339
demanda,Demanda potencial,77,0.963922309585339,0.9994733272978248,0.963922309585339
demanda,Demanda potencial,78,0.963922309585339,0.9994733272978248,0.963922309585339
demanda,Demanda potencial,79,0.963922309585339,0.9994733272978248,0.963922309585339
demanda,Demanda potencial,80,0.963922309585339,0.9994733272978248,0.963922309585339
demanda,Demanda potencial,81,0.963922309585339,0.9994733272978248,0.963922309585339
demanda,Demanda potencial,82,0.963922309585339,0.9994733272978248,0.963922309585339
demanda,Demanda potencial,83,0.963922309585339,0.9994733272978248,0.963922309585339
demanda,Demanda potencial,84,0.963922309585339,0.9994733272978248,0.963922309585339
demanda,Demanda potencial,85,0.963922309585339,0.9994733272978248,0.963922309585339
demanda,Demanda potencial,86,0.963922309585339,0.9994733272978248,0.963922309585339
demanda,Demanda potencial,87,0.963922309585339,0.9994733272978248,0.963922309585339
demanda,Demanda potencial,88,0.963922309585339,0.9994733272978248,0.963922309585339
demanda,Demanda potencial,89,0.963922309585339,0.9994733272978248,0.963922309585339
demanda,Demanda potencial,90,0.963922309585339,0.9994733272978248,0.963922309585339
demanda,Demanda potencial,91,0.963922309585339,0.9994733272978248,0.963922309585339
demanda,Demanda potencial,92,0.963922309585339,0.9994733272978248,0.963922309585339
demanda,Demanda potencial,93,0.963922309585339,0.9994733272978248,0.963922309585339
demanda,Demanda potencial,94,0.963922309585339,0.9994733272978248,0.963922309585339
demanda,Demanda potencial,95,0.963922309585339,0.9994733272978248,0.963922309585339
demanda,Demanda potencial,96,0.963922309585339,0.9994733272978248,0.963922309585339
demanda,Demanda potencial,97,0.963922309585339,0.9994733272978248,0.963922309585339
demanda,Demanda potencial,98,0.963922309585339,0.9994733272978248,0.963922309585339
demanda,Demanda potencial,99,0.963922309585339,0.9994733272978248,0.963922309585339
demanda,Demanda potencial,100,0.963922309585339,0.9994733272978248,0.963922309585339
demanda,Demanda potencial,101,0.963922309585339,0.9994733272978248,0.963922309585339
demanda,Demanda potencial,102,0.963922309585339,0.9994733272978248,0.963922309585339
demanda,Demanda potencial,103,0.963922309585339,0.9994733272978248,0.963922309585339
demanda,Demanda potencial,104,0.963922309585339,0.9994733272978248,0.963922309585339
demanda,Demanda potencial,105,0.963922309585339,0.9994733272978248,0.963922309585339
demanda,Demanda potencial,106,0.963922309585339,0.9994733272978248,0.963922309585339
demanda,Demanda potencial,107,0.963922309585339,0.9994733272978248,0.963922309585339
demanda,Demanda potencial,108,0.963922309585339,0.9994733272978248,0.963922309585339
demanda,Demanda potencial,109,0.9871987763609735,0.9994733272978248,0.9871987763609735
demanda,Demanda potencial,110,0.9871987763609735,0.9994733272978248,0.9871987763609735
demanda,Demanda potencial,111,0.9871987763609735,0.9994733272978248,0.9871987763609735
demanda,Demanda potencial,112,0.9871987763609735,0.9994733272978248,0.9871987763609735
demanda,Demanda potencial,113,0.9871987763609735,0.9994733272978248,0.9871987763609735
demanda,Demanda potencial,114,0.9871987763609735,0.9994733272978248,0.9871987763609735
demanda,Demanda potencial,115,0.9871987763609735,0.9994733272978248,0.9871987763609735
demanda,Demanda potencial,116,0.9871987763609735,0.9994733272978248,0.9871987763609735
demanda,Demanda potencial,117,0.9871987763609735,0.9994733272978248,0.9871987763609735
demanda,Demanda potencial,118,0.9906910794648912,0.9994733272978248,0.9906910794648912
demanda,Demanda potencial,119,0.9913575495228908,0.9997028143140232,0.9913575495228908
demanda,Demanda potencial,120,0.9917874227103005,0.9998508334394711,0.9917874227103005
demanda,Demanda potencial,121,0.9995684606374453,0.9998508334394711,0.9995684606374453
demanda,Demanda potencial,122,0.9996034503154902,0.999863455225362,0.9996034503154902
demanda,Demanda potencial,123,0.9996034503154902,0.999863455225362,0.9996034503154902
demanda,Demanda potencial,124,1.0,1.0,1.0
ciclistas_biogeme,Logit / Biogeme,1,0.07407648077150573,0.06681736296772268,0.06681736296772268
ciclistas_biogeme,Logit / Biogeme,2,0.07407648077150573,0.06681736296772268,0.06681736296772268
ciclistas_biogeme,Logit / Biogeme,3,0.1291652295906041,0.09460247157232848,0.09460247157232848
ciclistas_biogeme,Logit / Biogeme,4,0.20563267169518326,0.11803765877614715,0.11803765877614715
ciclistas_biogeme,Logit / Biogeme,5,0.24991127617352882,0.2439249119344586,0.2439249119344586
ciclistas_biogeme,Logit / Biogeme,6,0.29674912567459266,0.3083636447086092,0.29674912567459266
ciclistas_biogeme,Logit / Biogeme,7,0.3133792197968266,0.3616883340409175,0.3133792197968266
ciclistas_biogeme,Logit / Biogeme,8,0.3726517344050172,0.4468543103349359,0.3726517344050172
ciclistas_biogeme,Logit / Biogeme,9,0.4294483127477394,0.46784087388555495,0.4294483127477394
ciclistas_biogeme,Logit / Biogeme,10,0.4568502291823912,0.5600738947344265,0.4568502291823912
ciclistas_biogeme,Logit / Biogeme,11,0.4568502291823912,0.5928354235751742,0.4568502291823912
ciclistas_biogeme,Logit / Biogeme,12,0.539845745505076,0.6271930327821826,0.539845745505076
ciclistas_biogeme,Logit / Biogeme,13,0.5510974262592535,0.7057933930763847,0.5510974262592535
ciclistas_biogeme,Logit / Biogeme,14,0.5979336095851724,0.7309153079138506,0.5979336095851724
ciclistas_biogeme,Logit / Biogeme,15,0.5979336095851724,0.7309153079138506,0.5979336095851724
ciclistas_biogeme,Logit / Biogeme,16,0.6059379149817471,0.734121237851545,0.6059379149817471
ciclistas_biogeme,Logit / Biogeme,17,0.630099120759376,0.7632740875032988,0.630099120759376
ciclistas_biogeme,Logit / Biogeme,18,0.6570694978314731,0.7767128317517872,0.6570694978314731
ciclistas_biogeme,Logit / Biogeme,19,0.6980973946019258,0.7931096602448624,0.6980973946019258
ciclistas_biogeme,Logit / Biogeme,20,0.7251210892786628,0.8034480384619798,0.7251210892786628
ciclistas_biogeme,Logit / Biogeme,21,0.7324172702386129,0.809186354717674,0.7324172702386129
ciclistas_biogeme,Logit / Biogeme,22,0.7696862758819482,0.822672143750502,0.7696862758819482
ciclistas_biogeme,Logit / Biogeme,23,0.7790568448974219,0.8529884912393432,0.7790568448974219
ciclistas_biogeme,Logit / Biogeme,24,0.7877242880017061,0.8562322864912623,0.7877242880017061
ciclistas_biogeme,Logit / Biogeme,25,0.7962567709192455,0.8614749113607417,0.7962567709192455
ciclistas_biogeme,Logit / Biogeme,26,0.8032896962062858,0.8643618547119367,0.8032896962062858
ciclistas_biogeme,Logit / Biogeme,27,0.8032896962062858,0.8686475198219182,0.8032896962062858
ciclistas_biogeme,Logit / Biogeme,28,0.8197131846105399,0.8752395267983155,0.8197131846105399
ciclistas_biogeme,Logit / Biogeme,29,0.8419549566211301,0.8921113928698466,0.8419549566211301
ciclistas_biogeme,Logit / Biogeme,30,0.8419549566211301,0.9030911865612558,0.8419549566211301
ciclistas_biogeme,Logit / Biogeme,31,0.8491211759197703,0.9102798590951338,0.8491211759197703
ciclistas_biogeme,Logit / Biogeme,32,0.8572821017799749,0.9193652396415417,0.8572821017799749
ciclistas_biogeme,Logit / Biogeme,33,0.8572821017799749,0.9223233238861287,0.8572821017799749
ciclistas_biogeme,Logit / Biogeme,34,0.8673008129268532,0.926239515323978,0.8673008129268532
ciclistas_biogeme,Logit / Biogeme,35,0.8845873800562167,0.9327902146848573,0.8845873800562167
ciclistas_biogeme,Logit / Biogeme,36,0.8845873800562167,0.9327902146848573,0.8845873800562167
ciclistas_biogeme,Logit / Biogeme,37,0.8979867605722979,0.9383288774655483,0.8979867605722979
ciclistas_biogeme,Logit / Biogeme,38,0.8979867605722979,0.9383288774655483,0.8979867605722979
ciclistas_biogeme,Logit / Biogeme,39,0.9104397536060196,0.9432043235304242,0.9104397536060196
ciclistas_biogeme,Logit / Biogeme,40,0.9104397536060196,0.949598971899347,0.9104397536060196
ciclistas_biogeme,Logit / Biogeme,41,0.9104664124083396,0.9544319629149407,0.9104664124083396
ciclistas_biogeme,Logit / Biogeme,42,0.9243289896147303,0.9600004589735057,0.9243289896147303
ciclistas_biogeme,Logit / Biogeme,43,0.9294641414116169,0.9621232114376198,0.9294641414116169
ciclistas_biogeme,Logit / Biogeme,44,0.9348658812317033,0.9640199194501498,0.9348658812317033
ciclistas_biogeme,Logit / Biogeme,45,0.9348658812317033,0.9640199194501498,0.9348658812317033
ciclistas_biogeme,Logit / Biogeme,46,0.9360905199632775,0.9663331459191519,0.9360905199632775
ciclistas_biogeme,Logit / Biogeme,47,0.9444630500668969,0.9696595564021067,0.9444630500668969
ciclistas_biogeme,Logit / Biogeme,48,0.9444630500668969,0.9696595564021067,0.9444630500668969
ciclistas_biogeme,Logit / Biogeme,49,0.9444630500668969,0.9696595564021067,0.9444630500668969
ciclistas_biogeme,Logit / Biogeme,50,0.9444630500668969,0.9696595564021067,0.9444630500668969
ciclistas_biogeme,Logit / Biogeme,51,0.9444630500668969,0.9696595564021067,0.9444630500668969
ciclistas_biogeme,Logit / Biogeme,52,0.9444630500668969,0.9696595564021067,0.9444630500668969
ciclistas_biogeme,Logit / Biogeme,53,0.9444630500668969,0.9696595564021067,0.9444630500668969
ciclistas_biogeme,Logit / Biogeme,54,0.9444630500668969,0.9780748356301132,0.9444630500668969
ciclistas_biogeme,Logit / Biogeme,55,0.9444630500668969,0.9780748356301132,0.9444630500668969
ciclistas_biogeme,Logit / Biogeme,56,0.9444630500668969,0.9780748356301132,0.9444630500668969
ciclistas_biogeme,Logit / Biogeme,57,0.9444630500668969,0.9780748356301132,0.9444630500668969
ciclistas_biogeme,Logit / Biogeme,58,0.9444630500668969,0.9780748356301132,0.9444630500668969
ciclistas_biogeme,Logit / Biogeme,59,0.9444630500668969,0.9780748356301132,0.9444630500668969
ciclistas_biogeme,Logit / Biogeme,60,0.9444630500668969,0.9792784936489541,0.9444630500668969
ciclistas_biogeme,Logit / Biogeme,61,0.9444630500668969,0.9792784936489541,0.9444630500668969
ciclistas_biogeme,Logit / Biogeme,62,0.9444630500668969,0.9792784936489541,0.9444630500668969
ciclistas_biogeme,Logit / Biogeme,63,0.9444630500668969,0.9792784936489541,0.9444630500668969
ciclistas_biogeme,Logit / Biogeme,64,0.9470072995133102,0.9819531617537378,0.9470072995133102
ciclistas_biogeme,Logit / Biogeme,65,0.9470072995133102,0.9819531617537378,0.9470072995133102
ciclistas_biogeme,Logit / Biogeme,66,0.9470072995133102,0.9860690066665901,0.9470072995133102
ciclistas_biogeme,Logit / Biogeme,67,0.9470072995133102,0.9860690066665901,0.9470072995133102
ciclistas_biogeme,Logit / Biogeme,68,0.9470072995133102,0.9860690066665901,0.9470072995133102
ciclistas_biogeme,Logit / Biogeme,69,0.9470072995133102,0.9860690066665901,0.9470072995133102
ciclistas_biogeme,Logit / Biogeme,70,0.9553665002157696,0.9895021284896329,0.9553665002157696
ciclistas_biogeme,Logit / Biogeme,71,0.9553665002157696,0.9895021284896329,0.9553665002157696
ciclistas_biogeme,Logit / Biogeme,72,0.9553665002157696,0.9895021284896329,0.9553665002157696
ciclistas_biogeme,Logit / Biogeme,73,0.9553665002157696,0.9895021284896329,0.9553665002157696
ciclistas_biogeme,Logit / Biogeme,74,0.9553665002157696,0.9895021284896329,0.9553665002157696
ciclistas_biogeme,Logit / Biogeme,75,0.9553665002157696,0.9895021284896329,0.9553665002157696
ciclistas_biogeme,Logit / Biogeme,76,0.9553665002157696,0.9895021284896329,0.9553665002157696
ciclistas_biogeme,Logit / Biogeme,77,0.9553665002157696,0.9895021284896329,0.9553665002157696
ciclistas_biogeme,Logit / Biogeme,78,0.9553665002157696,0.9895021284896329,0.9553665002157696
ciclistas_biogeme,Logit / Biogeme,79,0.9553665002157696,0.9935892875583757,0.9553665002157696
ciclistas_biogeme,Logit / Biogeme,80,0.9553665002157696,0.9935892875583757,0.9553665002157696
ciclistas_biogeme,Logit / Biogeme,81,0.9553665002157696,0.9960218471388739,0.9553665002157696
ciclistas_biogeme,Logit / Biogeme,82,0.9553665002157696,0.9960218471388739,0.9553665002157696
ciclistas_biogeme,Logit / Biogeme,83,0.9553665002157696,0.9960218471388739,0.9553665002157696
ciclistas_biogeme,Logit / Biogeme,84,0.9553665002157696,0.9960218471388739,0.9553665002157696
ciclistas_biogeme,Logit / Biogeme,85,0.9553665002157696,0.9960218471388739,0.9553665002157696
ciclistas_biogeme,Logit / Biogeme,86,0.9553665002157696,0.9960218471388739,0.9553665002157696
ciclistas_biogeme,Logit / Biogeme,87,0.9553665002157696,0.9960218471388739,0.9553665002157696
ciclistas_biogeme,Logit / Biogeme,88,0.9553665002157696,0.9960218471388739,0.9553665002157696
ciclistas_biogeme,Logit / Biogeme,89,0.9553665002157696,0.9960218471388739,0.9553665002157696
ciclistas_biogeme,Logit / Biogeme,90,0.959391979366087,0.9976213698064279,0.959391979366087
ciclistas_biogeme,Logit / Biogeme,91,0.959391979366087,0.9976213698064279,0.959391979366087
ciclistas_biogeme,Logit / Biogeme,92,0.959391979366087,0.9976213698064279,0.959391979366087
ciclistas_biogeme,Logit / Biogeme,93,0.963922309585339,0.9994733279021468,0.963922309585339
ciclistas_biogeme,Logit / Biogeme,94,0.963922309585339,0.9994733279021468,0.963922309585339
ciclistas_biogeme,Logit / Biogeme,95,0.963922309585339,0.9994733279021468,0.963922309585339
ciclistas_biogeme,Logit / Biogeme,96,0.9871987763609735,0.9994733279021468,0.9871987763609735
ciclistas_biogeme,Logit / Biogeme,97,0.9871987763609735,0.9994733279021468,0.9871987763609735
ciclistas_biogeme,Logit / Biogeme,98,0.9871987763609735,0.9994733279021468,0.9871987763609735
ciclistas_biogeme,Logit / Biogeme,99,0.9871987763609735,0.9994733279021468,0.9871987763609735
ciclistas_biogeme,Logit / Biogeme,100,0.9871987763609735,0.9994733279021468,0.9871987763609735
ciclistas_biogeme,Logit / Biogeme,101,0.9871987763609735,0.9994733279021468,0.9871987763609735
ciclistas_biogeme,Logit / Biogeme,102,0.9871987763609735,0.9994733279021468,0.9871987763609735
ciclistas_biogeme,Logit / Biogeme,103,0.9871987763609735,0.9994733279021468,0.9871987763609735
ciclistas_biogeme,Logit / Biogeme,104,0.9871987763609735,0.9994733279021468,0.9871987763609735
ciclistas_biogeme,Logit / Biogeme,105,0.9871987763609735,0.9994733279021468,0.9871987763609735
ciclistas_biogeme,Logit / Biogeme,106,0.9871987763609735,0.9994733279021468,0.9871987763609735
ciclistas_biogeme,Logit / Biogeme,107,0.9871987763609735,0.9994733279021468,0.9871987763609735
ciclistas_biogeme,Logit / Biogeme,108,0.9871987763609735,0.9994733279021468,0.9871987763609735
ciclistas_biogeme,Logit / Biogeme,109,0.9871987763609735,0.9994733279021468,0.9871987763609735
ciclistas_biogeme,Logit / Biogeme,110,0.9871987763609735,0.9994733279021468,0.9871987763609735
ciclistas_biogeme,Logit / Biogeme,111,0.9871987763609735,0.9994733279021468,0.9871987763609735
ciclistas_biogeme,Logit / Biogeme,112,0.9871987763609735,0.9994733279021468,0.9871987763609735
ciclistas_biogeme,Logit / Biogeme,113,0.9871987763609735,0.9994733279021468,0.9871987763609735
ciclistas_biogeme,Logit / Biogeme,114,0.9871987763609735,0.9994733279021468,0.9871987763609735
ciclistas_biogeme,Logit / Biogeme,115,0.9871987763609735,0.9994733279021468,0.9871987763609735
ciclistas_biogeme,Logit / Biogeme,116,0.9871987763609735,0.9994733279021468,0.9871987763609735
ciclistas_biogeme,Logit / Biogeme,117,0.9871987763609735,0.9994733279021468,0.9871987763609735
ciclistas_biogeme,Logit / Biogeme,118,0.9878652464189731,0.9997028146550241,0.9878652464189731
ciclistas_biogeme,Logit / Biogeme,119,0.9913575495228908,0.9997028146550241,0.9913575495228908
ciclistas_biogeme,Logit / Biogeme,120,0.9913925392009357,0.9997154364264322,0.9913925392009357
ciclistas_biogeme,Logit / Biogeme,121,0.9913925392009357,0.9997154364264322,0.9913925392009357
ciclistas_biogeme,Logit / Biogeme,122,0.9918224123883455,0.999863455382038,0.9918224123883455
ciclistas_biogeme,Logit / Biogeme,123,0.9996034503154902,0.999863455382038,0.9996034503154902
ciclistas_biogeme,Logit / Biogeme,124,1.0,1.0,1.0
fractal_alameda,Dendrítica Alameda,1,0.07407648077150573,0.06681713296301948,0.06681713296301948
fractal_alameda,Dendrítica Alameda,2,0.1291652295906041,0.09460214592323923,0.09460214592323923
fractal_alameda,Dendrítica Alameda,3,0.17600307909166796,0.1557050784096164,0.1557050784096164
fractal_alameda,Dendrítica Alameda,4,0.2228392624175868,0.19755299117741215,0.19755299117741215
fractal_alameda,Dendrítica Alameda,5,0.23000548171622703,0.29531171652057975,0.23000548171622703
fractal_alameda,Dendrítica Alameda,6,0.246635575838461,0.3438514399670458,0.246635575838461
fractal_alameda,Dendrítica Alameda,7,0.32310301794304014,0.37666219551515584,0.32310301794304014
fractal_alameda,Dendrítica Alameda,8,0.3343546986972177,0.4148945569371885,0.3343546986972177
fractal_alameda,Dendrítica Alameda,9,0.3343546986972177,0.48370936520740365,0.3343546986972177
fractal_alameda,Dendrítica Alameda,10,0.39362721330540823,0.570541116426261,0.39362721330540823
fractal_alameda,Dendrítica Alameda,11,0.4206509079821453,0.5817847811793972,0.4206509079821453
fractal_alameda,Dendrítica Alameda,12,0.4774474863248675,0.6565547501873179,0.4774474863248675
fractal_alameda,Dendrítica Alameda,13,0.5048494027595193,0.6976866667508115,0.5048494027595193
fractal_alameda,Dendrítica Alameda,14,0.5290106085371482,0.7268176148835416,0.5290106085371482
fractal_alameda,Dendrítica Alameda,15,0.5559809856092452,0.7402563128719825,0.5559809856092452
fractal_alameda,Dendrítica Alameda,16,0.597008882379698,0.756653084922428,0.597008882379698
fractal_alameda,Dendrítica Alameda,17,0.6412874868580436,0.7722282972256295,0.6412874868580436
fractal_alameda,Dendrítica Alameda,18,0.7242830031807284,0.8073155535258797,0.7242830031807284
fractal_alameda,Dendrítica Alameda,19,0.7242830031807284,0.8073155535258797,0.7242830031807284
fractal_alameda,Dendrítica Alameda,20,0.7615520088240636,0.8208012961367186,0.7615520088240636
fractal_alameda,Dendrítica Alameda,21,0.7688481897840137,0.8265395926394672,0.7688481897840137
fractal_alameda,Dendrítica Alameda,22,0.7782187587994874,0.8568558357706655,0.7782187587994874
fractal_alameda,Dendrítica Alameda,23,0.7782187587994874,0.8632504621273578,0.7782187587994874
fractal_alameda,Dendrítica Alameda,24,0.7782454176018074,0.8680834365063975,0.7782454176018074
fractal_alameda,Dendrítica Alameda,25,0.7990242878350886,0.876429840977702,0.7990242878350886
fractal_alameda,Dendrítica Alameda,26,0.8070285932316633,0.8797505028611162,0.8070285932316633
fractal_alameda,Dendrítica Alameda,27,0.8155610761492027,0.8849931096839634,0.8155610761492027
fractal_alameda,Dendrítica Alameda,28,0.8155610761492027,0.8879511837459683,0.8155610761492027
fractal_alameda,Dendrítica Alameda,29,0.8242285192534868,0.8911949678318052,0.8242285192534868
fractal_alameda,Dendrítica Alameda,30,0.8242285192534868,0.8954806181892869,0.8242285192534868
fractal_alameda,Dendrítica Alameda,31,0.8242285192534868,0.9064603740850682,0.8242285192534868
fractal_alameda,Dendrítica Alameda,32,0.8342472304003652,0.910376552042253,0.8342472304003652
fractal_alameda,Dendrítica Alameda,33,0.8515337975297287,0.9169272288537291,0.8515337975297287
fractal_alameda,Dendrítica Alameda,34,0.8585317331387241,0.9197992456796399,0.8585317331387241
fractal_alameda,Dendrítica Alameda,35,0.8585317331387241,0.9197992456796399,0.8585317331387241
fractal_alameda,Dendrítica Alameda,36,0.8666926589989287,0.9288845949515383,0.8666926589989287
fractal_alameda,Dendrítica Alameda,37,0.8800920395150097,0.9344232386665489,0.8800920395150097
fractal_alameda,Dendrítica Alameda,38,0.8884645696186292,0.9377496376990361,0.8884645696186292
fractal_alameda,Dendrítica Alameda,39,0.8896892083502034,0.9400628562052431,0.8896892083502034
fractal_alameda,Dendrítica Alameda,40,0.89482436014709,0.9421856013622287,0.89482436014709
fractal_alameda,Dendrítica Alameda,41,0.89482436014709,0.9421856013622287,0.89482436014709
fractal_alameda,Dendrítica Alameda,42,0.9002260999671764,0.9440823028457407,0.9002260999671764
fractal_alameda,Dendrítica Alameda,43,0.9002260999671764,0.9481981335906636,0.9002260999671764
fractal_alameda,Dendrítica Alameda,44,0.9002260999671764,0.9481981335906636,0.9002260999671764
fractal_alameda,Dendrítica Alameda,45,0.9002610896452213,0.9482130501782532,0.9002610896452213
fractal_alameda,Dendrítica Alameda,46,0.9002610896452213,0.9482130501782532,0.9002610896452213
fractal_alameda,Dendrítica Alameda,47,0.9002610896452213,0.9482130501782532,0.9002610896452213
fractal_alameda,Dendrítica Alameda,48,0.9002610896452213,0.9482130501782532,0.9002610896452213
fractal_alameda,Dendrítica Alameda,49,0.9002610896452213,0.9566283004384329,0.9002610896452213
fractal_alameda,Dendrítica Alameda,50,0.9002610896452213,0.9566283004384329,0.9002610896452213
fractal_alameda,Dendrítica Alameda,51,0.9002610896452213,0.9566283004384329,0.9002610896452213
fractal_alameda,Dendrítica Alameda,52,0.9002610896452213,0.9566283004384329,0.9002610896452213
fractal_alameda,Dendrítica Alameda,53,0.9002610896452213,0.9566283004384329,0.9002610896452213
fractal_alameda,Dendrítica Alameda,54,0.9002610896452213,0.9566283004384329,0.9002610896452213
fractal_alameda,Dendrítica Alameda,55,0.9002610896452213,0.9566283004384329,0.9002610896452213
fractal_alameda,Dendrítica Alameda,56,0.9042865687955387,0.958227817599967,0.9042865687955387
fractal_alameda,Dendrítica Alameda,57,0.9042865687955387,0.958227817599967,0.9042865687955387
fractal_alameda,Dendrítica Alameda,58,0.9042865687955387,0.958227817599967,0.9042865687955387
fractal_alameda,Dendrítica Alameda,59,0.9042865687955387,0.958227817599967,0.9042865687955387
fractal_alameda,Dendrítica Alameda,60,0.9042865687955387,0.958227817599967,0.9042865687955387
fractal_alameda,Dendrítica Alameda,61,0.9042865687955387,0.958227817599967,0.9042865687955387
fractal_alameda,Dendrítica Alameda,62,0.9042865687955387,0.958227817599967,0.9042865687955387
fractal_alameda,Dendrítica Alameda,63,0.9042865687955387,0.958227817599967,0.9042865687955387
fractal_alameda,Dendrítica Alameda,64,0.9042865687955387,0.958227817599967,0.9042865687955387
fractal_alameda,Dendrítica Alameda,65,0.9042865687955387,0.958227817599967,0.9042865687955387
fractal_alameda,Dendrítica Alameda,66,0.9042865687955387,0.958227817599967,0.9042865687955387
fractal_alameda,Dendrítica Alameda,67,0.9042865687955387,0.958227817599967,0.9042865687955387
fractal_alameda,Dendrítica Alameda,68,0.9042865687955387,0.958227817599967,0.9042865687955387
fractal_alameda,Dendrítica Alameda,69,0.9042865687955387,0.958227817599967,0.9042865687955387
fractal_alameda,Dendrítica Alameda,70,0.9088168990147907,0.96007976932071,0.9088168990147907
fractal_alameda,Dendrítica Alameda,71,0.9088168990147907,0.96007976932071,0.9088168990147907
fractal_alameda,Dendrítica Alameda,72,0.9088168990147907,0.96007976932071,0.9088168990147907
fractal_alameda,Dendrítica Alameda,73,0.9088168990147907,0.96007976932071,0.9088168990147907
fractal_alameda,Dendrítica Alameda,74,0.9088168990147907,0.96007976932071,0.9088168990147907
fractal_alameda,Dendrítica Alameda,75,0.9088168990147907,0.96007976932071,0.9088168990147907
fractal_alameda,Dendrítica Alameda,76,0.911361148461204,0.962754428218512,0.911361148461204
fractal_alameda,Dendrítica Alameda,77,0.911361148461204,0.962754428218512,0.911361148461204
fractal_alameda,Dendrítica Alameda,78,0.911361148461204,0.962754428218512,0.911361148461204
fractal_alameda,Dendrítica Alameda,79,0.911361148461204,0.962754428218512,0.911361148461204
fractal_alameda,Dendrítica Alameda,80,0.911361148461204,0.962754428218512,0.911361148461204
fractal_alameda,Dendrítica Alameda,81,0.911361148461204,0.962754428218512,0.911361148461204
fractal_alameda,Dendrítica Alameda,82,0.911361148461204,0.962754428218512,0.911361148461204
fractal_alameda,Dendrítica Alameda,83,0.911361148461204,0.962754428218512,0.911361148461204
fractal_alameda,Dendrítica Alameda,84,0.9336029204717942,0.9796262362121965,0.9336029204717942
fractal_alameda,Dendrítica Alameda,85,0.9336029204717942,0.9796262362121965,0.9336029204717942
fractal_alameda,Dendrítica Alameda,86,0.9336029204717942,0.9796262362121965,0.9336029204717942
fractal_alameda,Dendrítica Alameda,87,0.9336029204717942,0.9796262362121965,0.9336029204717942
fractal_alameda,Dendrítica Alameda,88,0.9336029204717942,0.9796262362121965,0.9336029204717942
fractal_alameda,Dendrítica Alameda,89,0.9336029204717942,0.9796262362121965,0.9336029204717942
fractal_alameda,Dendrítica Alameda,90,0.9336029204717942,0.9796262362121965,0.9336029204717942
fractal_alameda,Dendrítica Alameda,91,0.9336029204717942,0.9796262362121965,0.9336029204717942
fractal_alameda,Dendrítica Alameda,92,0.9336029204717942,0.9796262362121965,0.9336029204717942
fractal_alameda,Dendrítica Alameda,93,0.9336029204717942,0.9796262362121965,0.9336029204717942
fractal_alameda,Dendrítica Alameda,94,0.9336029204717942,0.9796262362121965,0.9336029204717942
fractal_alameda,Dendrítica Alameda,95,0.9336029204717942,0.9796262362121965,0.9336029204717942
fractal_alameda,Dendrítica Alameda,96,0.9336029204717942,0.9796262362121965,0.9336029204717942
fractal_alameda,Dendrítica Alameda,97,0.9336029204717942,0.9796262362121965,0.9336029204717942
fractal_alameda,Dendrítica Alameda,98,0.9336029204717942,0.9796262362121965,0.9336029204717942
fractal_alameda,Dendrítica Alameda,99,0.9336029204717942,0.9796262362121965,0.9336029204717942
fractal_alameda,Dendrítica Alameda,100,0.9336029204717942,0.9796262362121965,0.9336029204717942
fractal_alameda,Dendrítica Alameda,101,0.9336029204717942,0.9796262362121965,0.9336029204717942
fractal_alameda,Dendrítica Alameda,102,0.9336029204717942,0.9796262362121965,0.9336029204717942
fractal_alameda,Dendrítica Alameda,103,0.9336029204717942,0.9796262362121965,0.9336029204717942
fractal_alameda,Dendrítica Alameda,104,0.9336029204717942,0.9796262362121965,0.9336029204717942
fractal_alameda,Dendrítica Alameda,105,0.9336029204717942,0.9796262362121965,0.9336029204717942
fractal_alameda,Dendrítica Alameda,106,0.9460559135055159,0.9845016654943759,0.9460559135055159
fractal_alameda,Dendrítica Alameda,107,0.9471522567509252,0.984879169903375,0.9471522567509252
fractal_alameda,Dendrítica Alameda,108,0.9566594521282888,0.9886943740368761,0.9566594521282888
fractal_alameda,Dendrítica Alameda,109,0.9566594521282888,0.9898980279123777,0.9566594521282888
fractal_alameda,Dendrítica Alameda,110,0.9566594521282888,0.9898980279123777,0.9566594521282888
fractal_alameda,Dendrítica Alameda,111,0.9566594521282888,0.9923305791193017,0.9566594521282888
fractal_alameda,Dendrítica Alameda,112,0.9566594521282888,0.9923305791193017,0.9566594521282888
fractal_alameda,Dendrítica Alameda,113,0.9566594521282888,0.9923305791193017,0.9566594521282888
fractal_alameda,Dendrítica Alameda,114,0.9566594521282888,0.9923305791193017,0.9566594521282888
fractal_alameda,Dendrítica Alameda,115,0.9799359189039234,0.9923305791193017,0.9799359189039234
fractal_alameda,Dendrítica Alameda,116,0.9799359189039234,0.9923305791193017,0.9799359189039234
fractal_alameda,Dendrítica Alameda,117,0.9799359189039234,0.9923305791193017,0.9799359189039234
fractal_alameda,Dendrítica Alameda,118,0.983428222007841,0.9923305791193017,0.983428222007841
fractal_alameda,Dendrítica Alameda,119,0.983463211685886,0.9923432008472621,0.983463211685886
fractal_alameda,Dendrítica Alameda,120,0.983463211685886,0.9923432008472621,0.983463211685886
fractal_alameda,Dendrítica Alameda,121,0.9838597613703958,0.992479744995198,0.9838597613703958
fractal_alameda,Dendrítica Alameda,122,0.9838597613703958,0.9965668899947563,0.9838597613703958
fractal_alameda,Dendrítica Alameda,123,0.9922189620728552,1.0,0.9922189620728552
fractal_alameda,Dendrítica Alameda,124,1.0,1.0,1.0
continuidad,Continuidad,1,0.07407648077150573,0.06681720963107794,0.06681720963107794
continuidad,Continuidad,2,0.09644488209311586,0.10995373557679068,0.09644488209311586
continuidad,Continuidad,3,0.15324146043583808,0.130940250966137,0.130940250966137
continuidad,Continuidad,4,0.18064337687048987,0.2157927831171573,0.18064337687048987
continuidad,Continuidad,5,0.2055576938136583,0.253507696968028,0.2055576938136583
continuidad,Continuidad,6,0.22941898806518743,0.3255514554016468,0.22941898806518743
continuidad,Continuidad,7,0.2855890845533901,0.40434669861114936,0.2855890845533901
continuidad,Continuidad,8,0.3324252678793089,0.446194659396543,0.3324252678793089
continuidad,Continuidad,9,0.3395914871779492,0.5748343109446571,0.3395914871779492
continuidad,Continuidad,10,0.3562215813001831,0.6269907930126034,0.3562215813001831
continuidad,Continuidad,11,0.42085751370012514,0.6549938497691369,0.42085751370012514
continuidad,Continuidad,12,0.5038530300228099,0.6900811463295973,0.5038530300228099
continuidad,Continuidad,13,0.5280142358004388,0.7188242961657442,0.5280142358004388
continuidad,Continuidad,14,0.5545847308377362,0.7321161383893738,0.5545847308377362
continuidad,Continuidad,15,0.6098650897985094,0.754245495185379,0.6098650897985094
continuidad,Continuidad,16,0.655704900387719,0.7709222592460001,0.655704900387719
continuidad,Continuidad,17,0.655704900387719,0.7875806644085221,0.655704900387719
continuidad,Continuidad,18,0.6827285950644559,0.7979190189004856,0.6827285950644559
continuidad,Continuidad,19,0.7117317058134517,0.8095424962593745,0.7117317058134517
continuidad,Continuidad,20,0.7117317058134517,0.8095424962593745,0.7117317058134517
continuidad,Continuidad,21,0.7211022748289254,0.8237281873341962,0.7211022748289254
continuidad,Continuidad,22,0.7283984557888756,0.8458563966990701,0.7283984557888756
continuidad,Continuidad,23,0.7283984557888756,0.8522510303931558,0.7283984557888756
continuidad,Continuidad,24,0.7284251145911956,0.8570840103177008,0.7284251145911956
continuidad,Continuidad,25,0.7776889151033778,0.8743895666382103,0.7776889151033778
continuidad,Continuidad,26,0.798467785336659,0.8827359806864392,0.798467785336659
continuidad,Continuidad,27,0.798467785336659,0.891151240602539,0.798467785336659
continuidad,Continuidad,28,0.821119436432919,0.9002618437841361,0.821119436432919
continuidad,Continuidad,29,0.8262545882298056,0.906670246651796,0.8262545882298056
continuidad,Continuidad,30,0.8262545882298056,0.9176500151460909,0.8262545882298056
continuidad,Continuidad,31,0.8484963602403958,0.9345218424990132,0.8484963602403958
continuidad,Continuidad,32,0.85716380334468,0.937765630306869,0.85716380334468
continuidad,Continuidad,33,0.85716380334468,0.9399411597315929,0.85716380334468
continuidad,Continuidad,34,0.8651681087412547,0.943261825425238,0.8651681087412547
continuidad,Continuidad,35,0.875186819888133,0.9471780078759673,0.875186819888133
continuidad,Continuidad,36,0.8924733870174965,0.9537286922038939,0.8924733870174965
continuidad,Continuidad,37,0.8994713226264919,0.9566007123252462,0.8994713226264919
continuidad,Continuidad,38,0.8994713226264919,0.9566007123252462,0.8994713226264919
continuidad,Continuidad,39,0.8994713226264919,0.9607165477928015,0.8994713226264919
continuidad,Continuidad,40,0.9006959613580661,0.9646201085010878,0.9006959613580661
continuidad,Continuidad,41,0.9140953418741471,0.9701587585713105,0.9140953418741471
continuidad,Continuidad,42,0.9265483349078688,0.9750341934477093,0.9265483349078688
continuidad,Continuidad,43,0.9265483349078688,0.9762378487043207,0.9265483349078688
continuidad,Continuidad,44,0.9265483349078688,0.9762378487043207,0.9265483349078688
continuidad,Continuidad,45,0.9349208650114883,0.9795642515536217,0.9349208650114883
continuidad,Continuidad,46,0.944428060388852,0.9833794600648069,0.944428060388852
continuidad,Continuidad,47,0.944428060388852,0.9833794600648069,0.944428060388852
continuidad,Continuidad,48,0.944428060388852,0.9874666097540825,0.944428060388852
continuidad,Continuidad,49,0.944428060388852,0.9874666097540825,0.944428060388852
continuidad,Continuidad,50,0.944428060388852,0.9874666097540825,0.944428060388852
continuidad,Continuidad,51,0.944428060388852,0.9874666097540825,0.944428060388852
continuidad,Continuidad,52,0.9444630500668969,0.9874815263587879,0.9444630500668969
continuidad,Continuidad,53,0.9444630500668969,0.9874815263587879,0.9444630500668969
continuidad,Continuidad,54,0.9484885292172143,0.9890810453556578,0.9484885292172143
continuidad,Continuidad,55,0.9484885292172143,0.9890810453556578,0.9484885292172143
continuidad,Continuidad,56,0.9484885292172143,0.9890810453556578,0.9484885292172143
continuidad,Continuidad,57,0.9530188594364662,0.9909329992013879,0.9530188594364662
continuidad,Continuidad,58,0.9530188594364662,0.9909329992013879,0.9530188594364662
continuidad,Continuidad,59,0.9530188594364662,0.9909329992013879,0.9530188594364662
continuidad,Continuidad,60,0.9530188594364662,0.9909329992013879,0.9530188594364662
continuidad,Continuidad,61,0.9530188594364662,0.9909329992013879,0.9530188594364662
continuidad,Continuidad,62,0.9555631088828795,0.9936076611681767,0.9555631088828795
continuidad,Continuidad,63,0.9555631088828795,0.9936076611681767,0.9555631088828795
continuidad,Continuidad,64,0.9555631088828795,0.9936076611681767,0.9555631088828795
continuidad,Continuidad,65,0.9555631088828795,0.9936076611681767,0.9555631088828795
continuidad,Continuidad,66,0.9555631088828795,0.9936076611681767,0.9555631088828795
continuidad,Continuidad,67,0.9555631088828795,0.9936076611681767,0.9555631088828795
continuidad,Continuidad,68,0.9555631088828795,0.9936076611681767,0.9555631088828795
continuidad,Continuidad,69,0.9555631088828795,0.9936076611681767,0.9555631088828795
continuidad,Continuidad,70,0.9555631088828795,0.9936076611681767,0.9555631088828795
continuidad,Continuidad,71,0.9555631088828795,0.9936076611681767,0.9555631088828795
continuidad,Continuidad,72,0.9555631088828795,0.9936076611681767,0.9555631088828795
continuidad,Continuidad,73,0.9555631088828795,0.9936076611681767,0.9555631088828795
continuidad,Continuidad,74,0.9555631088828795,0.9936076611681767,0.9555631088828795
continuidad,Continuidad,75,0.9555631088828795,0.9936076611681767,0.9555631088828795
continuidad,Continuidad,76,0.9555631088828795,0.9936076611681767,0.9555631088828795
continuidad,Continuidad,77,0.9555631088828795,0.9936076611681767,0.9555631088828795
continuidad,Continuidad,78,0.963922309585339,0.9970407751126777,0.963922309585339
continuidad,Continuidad,79,0.963922309585339,0.9994733291107868,0.963922309585339
continuidad,Continuidad,80,0.963922309585339,0.9994733291107868,0.963922309585339
continuidad,Continuidad,81,0.963922309585339,0.9994733291107868,0.963922309585339
continuidad,Continuidad,82,0.963922309585339,0.9994733291107868,0.963922309585339
continuidad,Continuidad,83,0.963922309585339,0.9994733291107868,0.963922309585339
continuidad,Continuidad,84,0.963922309585339,0.9994733291107868,0.963922309585339
continuidad,Continuidad,85,0.963922309585339,0.9994733291107868,0.963922309585339
continuidad,Continuidad,86,0.963922309585339,0.9994733291107868,0.963922309585339
continuidad,Continuidad,87,0.963922309585339,0.9994733291107868,0.963922309585339
continuidad,Continuidad,88,0.963922309585339,0.9994733291107868,0.963922309585339
continuidad,Continuidad,89,0.963922309585339,0.9994733291107868,0.963922309585339
continuidad,Continuidad,90,0.963922309585339,0.9994733291107868,0.963922309585339
continuidad,Continuidad,91,0.963922309585339,0.9994733291107868,0.963922309585339
continuidad,Continuidad,92,0.963922309585339,0.9994733291107868,0.963922309585339
continuidad,Continuidad,93,0.963922309585339,0.9994733291107868,0.963922309585339
continuidad,Continuidad,94,0.963922309585339,0.9994733291107868,0.963922309585339
continuidad,Continuidad,95,0.963922309585339,0.9994733291107868,0.963922309585339
continuidad,Continuidad,96,0.963922309585339,0.9994733291107868,0.963922309585339
continuidad,Continuidad,97,0.963922309585339,0.9994733291107868,0.963922309585339
continuidad,Continuidad,98,0.963922309585339,0.9994733291107868,0.963922309585339
continuidad,Continuidad,99,0.963922309585339,0.9994733291107868,0.963922309585339
continuidad,Continuidad,100,0.963922309585339,0.9994733291107868,0.963922309585339
continuidad,Continuidad,101,0.963922309585339,0.9994733291107868,0.963922309585339
continuidad,Continuidad,102,0.963922309585339,0.9994733291107868,0.963922309585339
continuidad,Continuidad,103,0.963922309585339,0.9994733291107868,0.963922309585339
continuidad,Continuidad,104,0.963922309585339,0.9994733291107868,0.963922309585339
continuidad,Continuidad,105,0.963922309585339,0.9994733291107868,0.963922309585339
continuidad,Continuidad,106,0.963922309585339,0.9994733291107868,0.963922309585339
continuidad,Continuidad,107,0.963922309585339,0.9994733291107868,0.963922309585339
continuidad,Continuidad,108,0.963922309585339,0.9994733291107868,0.963922309585339
continuidad,Continuidad,109,0.963922309585339,0.9994733291107868,0.963922309585339
continuidad,Continuidad,110,0.963922309585339,0.9994733291107868,0.963922309585339
continuidad,Continuidad,111,0.963922309585339,0.9994733291107868,0.963922309585339
continuidad,Continuidad,112,0.9645887796433386,0.9997028153370234,0.9645887796433386
continuidad,Continuidad,113,0.9645887796433386,0.9997028153370234,0.9645887796433386
continuidad,Continuidad,114,0.9645887796433386,0.9997028153370234,0.9645887796433386
continuidad,Continuidad,115,0.9645887796433386,0.9997028153370234,0.9645887796433386
continuidad,Continuidad,116,0.9645887796433386,0.9997028153370234,0.9645887796433386
continuidad,Continuidad,117,0.9650186528307483,0.9998508339529462,0.9650186528307483
continuidad,Continuidad,118,0.968510955934666,0.9998508339529462,0.968510955934666
continuidad,Continuidad,119,0.9917874227103005,0.9998508339529462,0.9917874227103005
continuidad,Continuidad,120,0.9917874227103005,0.9998508339529462,0.9917874227103005
continuidad,Continuidad,121,0.9918224123883455,0.9998634556953891,0.9918224123883455
continuidad,Continuidad,122,0.9918224123883455,0.9998634556953891,0.9918224123883455
continuidad,Continuidad,123,0.9922189620728552,1.0,0.9922189620728552
continuidad,Continuidad,124,1.0,1.0,1.0
eficiencia,Eficiencia,1,0.06356624795685273,0.026862541035052912,0.026862541035052912
eficiencia,Eficiencia,2,0.06356624795685273,0.08523816681602413,0.06356624795685273
eficiencia,Eficiencia,3,0.11040409745791659,0.15073705323283354,0.11040409745791659
eficiencia,Eficiencia,4,0.1933996137806014,0.18509462301680643,0.18509462301680643
eficiencia,Eficiencia,5,0.24023579710652024,0.22664200451858899,0.22664200451858899
eficiencia,Eficiencia,6,0.2474020164051605,0.3197022183311513,0.2474020164051605
eficiencia,Eficiencia,7,0.30667453101335107,0.4047556485230823,0.30667453101335107
eficiencia,Eficiencia,8,0.37114717824908317,0.44054177170454534,0.37114717824908317
eficiencia,Eficiencia,9,0.43674615988283455,0.470920045759606,0.43674615988283455
eficiencia,Eficiencia,10,0.4606074541343637,0.5474824758379412,0.4606074541343637
eficiencia,Eficiencia,11,0.4715258998595414,0.5924859238724468,0.4715258998595414
eficiencia,Eficiencia,12,0.5283224782022636,0.6134724633424019,0.5283224782022636
eficiencia,Eficiencia,13,0.5557243946369155,0.710376575855038,0.5557243946369155
eficiencia,Eficiencia,14,0.5798856004145444,0.7395075908393584,0.5798856004145444
eficiencia,Eficiencia,15,0.6546402144700647,0.7696540835399668,0.6546402144700647
eficiencia,Eficiencia,16,0.6956681112405174,0.786050893218789,0.6956681112405174
eficiencia,Eficiencia,17,0.7226918059172545,0.7963892595733157,0.7226918059172545
eficiencia,Eficiencia,18,0.7226918059172545,0.7963892595733157,0.7226918059172545
eficiencia,Eficiencia,19,0.7226918059172545,0.8027839006048116,0.7226918059172545
eficiencia,Eficiencia,20,0.7227184647195743,0.8076168860748746,0.7227184647195743
eficiencia,Eficiencia,21,0.7434973349528555,0.8159633097000497,0.7434973349528555
eficiencia,Eficiencia,22,0.7528679039683294,0.8301490170519936,0.7528679039683294
eficiencia,Eficiencia,23,0.7612404340719487,0.8475383557981483,0.7612404340719487
eficiencia,Eficiencia,24,0.7834822060825389,0.8644102025103527,0.7834822060825389
eficiencia,Eficiencia,25,0.7834822060825389,0.8728254720823948,0.7834822060825389
eficiencia,Eficiencia,26,0.7904801416915344,0.8756974954991962,0.7904801416915344
eficiencia,Eficiencia,27,0.8004988528384127,0.8796136824434804,0.8004988528384127
eficiencia,Eficiencia,28,0.8177854199677762,0.8861643742878748,0.8177854199677762
eficiencia,Eficiencia,29,0.8264528630720605,0.889408165817758,0.8264528630720605
eficiencia,Eficiencia,30,0.8440493387783937,0.8954711988718445,0.8440493387783937
eficiencia,Eficiencia,31,0.8565023318121154,0.9003466393424753,0.8565023318121154
eficiencia,Eficiencia,32,0.8590465812585287,0.9087561717522785,0.8590465812585287
eficiencia,Eficiencia,33,0.8685537766358924,0.9125713846411577,0.8685537766358924
eficiencia,Eficiencia,34,0.8685537766358924,0.9125713846411577,0.8685537766358924
eficiencia,Eficiencia,35,0.8819531571519735,0.9181100410666073,0.8819531571519735
eficiencia,Eficiencia,36,0.88708830894886,0.9245184512874766,0.88708830894886
eficiencia,Eficiencia,37,0.88708830894886,0.9354982323803142,0.88708830894886
eficiencia,Eficiencia,38,0.88708830894886,0.939585386759318,0.88708830894886
eficiencia,Eficiencia,39,0.88708830894886,0.9407890433970426,0.88708830894886
eficiencia,Eficiencia,40,0.88708830894886,0.9437471242474278,0.88708830894886
eficiencia,Eficiencia,41,0.88708830894886,0.9437471242474278,0.88708830894886
eficiencia,Eficiencia,42,0.8916186391681121,0.9455990802181499,0.8916186391681121
eficiencia,Eficiencia,43,0.8916186391681121,0.9455990802181499,0.8916186391681121
eficiencia,Eficiencia,44,0.8999778398705716,0.9490321981019172,0.8999778398705716
eficiencia,Eficiencia,45,0.8999778398705716,0.9490321981019172,0.8999778398705716
eficiencia,Eficiencia,46,0.8999778398705716,0.9490321981019172,0.8999778398705716
eficiencia,Eficiencia,47,0.9079821452671462,0.9523528676058018,0.9079821452671462
eficiencia,Eficiencia,48,0.9079821452671462,0.9523528676058018,0.9079821452671462
eficiencia,Eficiencia,49,0.9079821452671462,0.9523528676058018,0.9079821452671462
eficiencia,Eficiencia,50,0.9079821452671462,0.9523528676058018,0.9079821452671462
eficiencia,Eficiencia,51,0.9151683586675264,0.9549104945319107,0.9151683586675264
eficiencia,Eficiencia,52,0.9224645396274765,0.9627176249066277,0.9224645396274765
eficiencia,Eficiencia,53,0.9264900187777939,0.9643171457388375,0.9264900187777939
eficiencia,Eficiencia,54,0.9264900187777939,0.9684329859290359,0.9264900187777939
eficiencia,Eficiencia,55,0.9264900187777939,0.9684329859290359,0.9264900187777939
eficiencia,Eficiencia,56,0.9264900187777939,0.9684329859290359,0.9264900187777939
eficiencia,Eficiencia,57,0.9264900187777939,0.9684329859290359,0.9264900187777939
eficiencia,Eficiencia,58,0.9264900187777939,0.9684329859290359,0.9264900187777939
eficiencia,Eficiencia,59,0.9277146575093681,0.9745120830373913,0.9277146575093681
eficiencia,Eficiencia,60,0.9277146575093681,0.9745120830373913,0.9277146575093681
eficiencia,Eficiencia,61,0.9277146575093681,0.9745120830373913,0.9277146575093681
eficiencia,Eficiencia,62,0.9358755833695727,0.9783663086294953,0.9358755833695727
eficiencia,Eficiencia,63,0.9358755833695727,0.9783663086294953,0.9358755833695727
eficiencia,Eficiencia,64,0.9358755833695727,0.9783663086294953,0.9358755833695727
eficiencia,Eficiencia,65,0.9420837519598385,0.9807678847427055,0.9420837519598385
eficiencia,Eficiencia,66,0.9420837519598385,0.9807678847427055,0.9420837519598385
eficiencia,Eficiencia,67,0.9420837519598385,0.9807678847427055,0.9420837519598385
eficiencia,Eficiencia,68,0.9420837519598385,0.9807678847427055,0.9420837519598385
eficiencia,Eficiencia,69,0.9420837519598385,0.9807678847427055,0.9420837519598385
eficiencia,Eficiencia,70,0.9420837519598385,0.9807678847427055,0.9420837519598385
eficiencia,Eficiencia,71,0.9420837519598385,0.9807678847427055,0.9420837519598385
eficiencia,Eficiencia,72,0.9420837519598385,0.9807678847427055,0.9420837519598385
eficiencia,Eficiencia,73,0.9420837519598385,0.9807678847427055,0.9420837519598385
eficiencia,Eficiencia,74,0.9420837519598385,0.9807678847427055,0.9420837519598385
eficiencia,Eficiencia,75,0.9420837519598385,0.9807678847427055,0.9420837519598385
eficiencia,Eficiencia,76,0.9420837519598385,0.9807678847427055,0.9420837519598385
eficiencia,Eficiencia,77,0.9420837519598385,0.9807678847427055,0.9420837519598385
eficiencia,Eficiencia,78,0.9420837519598385,0.9807678847427055,0.9420837519598385
eficiencia,Eficiencia,79,0.9499381015933633,0.9807678847427055,0.9499381015933633
eficiencia,Eficiencia,80,0.9653602187354731,0.9807678847427055,0.9653602187354731
eficiencia,Eficiencia,81,0.9653602187354731,0.9807678847427055,0.9653602187354731
eficiencia,Eficiencia,82,0.9653602187354731,0.9807678847427055,0.9653602187354731
eficiencia,Eficiencia,83,0.9653602187354731,0.9807678847427055,0.9653602187354731
eficiencia,Eficiencia,84,0.9653602187354731,0.9807678847427055,0.9653602187354731
eficiencia,Eficiencia,85,0.9653602187354731,0.9807678847427055,0.9653602187354731
eficiencia,Eficiencia,86,0.9653602187354731,0.9807678847427055,0.9653602187354731
eficiencia,Eficiencia,87,0.9653602187354731,0.9807678847427055,0.9653602187354731
eficiencia,Eficiencia,88,0.9653602187354731,0.9807678847427055,0.9653602187354731
eficiencia,Eficiencia,89,0.9653602187354731,0.9807678847427055,0.9653602187354731
eficiencia,Eficiencia,90,0.9653602187354731,0.9807678847427055,0.9653602187354731
eficiencia,Eficiencia,91,0.9653602187354731,0.9807678847427055,0.9653602187354731
eficiencia,Eficiencia,92,0.9653602187354731,0.9807678847427055,0.9653602187354731
eficiencia,Eficiencia,93,0.9653602187354731,0.9807678847427055,0.9653602187354731
eficiencia,Eficiencia,94,0.9653602187354731,0.9807678847427055,0.9653602187354731
eficiencia,Eficiencia,95,0.9653602187354731,0.9807678847427055,0.9653602187354731
eficiencia,Eficiencia,96,0.9653602187354731,0.9807678847427055,0.9653602187354731
eficiencia,Eficiencia,97,0.9653602187354731,0.9807678847427055,0.9653602187354731
eficiencia,Eficiencia,98,0.9688908438677257,0.9912473852883096,0.9688908438677257
eficiencia,Eficiencia,99,0.9688908438677257,0.9912473852883096,0.9688908438677257
eficiencia,Eficiencia,100,0.9688908438677257,0.9912473852883096,0.9688908438677257
eficiencia,Eficiencia,101,0.9688908438677257,0.9912473852883096,0.9688908438677257
eficiencia,Eficiencia,102,0.9688908438677257,0.9912473852883096,0.9688908438677257
eficiencia,Eficiencia,103,0.9688908438677257,0.9912473852883096,0.9688908438677257
eficiencia,Eficiencia,104,0.9688908438677257,0.9912473852883096,0.9688908438677257
eficiencia,Eficiencia,105,0.9688908438677257,0.9912473852883096,0.9688908438677257
eficiencia,Eficiencia,106,0.9688908438677257,0.9912473852883096,0.9688908438677257
eficiencia,Eficiencia,107,0.9688908438677257,0.9912473852883096,0.9688908438677257
eficiencia,Eficiencia,108,0.9688908438677257,0.9912473852883096,0.9688908438677257
eficiencia,Eficiencia,109,0.9688908438677257,0.9912473852883096,0.9688908438677257
eficiencia,Eficiencia,110,0.9689258335457707,0.9912623019101308,0.9689258335457707
eficiencia,Eficiencia,111,0.9689258335457707,0.9912623019101308,0.9689258335457707
eficiencia,Eficiencia,112,0.9756488502558412,0.9912623019101308,0.9756488502558412
eficiencia,Eficiencia,113,0.9882951196063828,0.9979219998370646,0.9882951196063828
eficiencia,Eficiencia,114,0.9882951196063828,0.9979219998370646,0.9882951196063828
eficiencia,Eficiencia,115,0.9882951196063828,0.9979219998370646,0.9882951196063828
eficiencia,Eficiencia,116,0.9882951196063828,0.9998508337817882,0.9882951196063828
eficiencia,Eficiencia,117,0.9882951196063828,0.9998508337817882,0.9882951196063828
eficiencia,Eficiencia,118,0.9882951196063828,0.9998508337817882,0.9882951196063828
eficiencia,Eficiencia,119,0.9883301092844278,0.9998634555387138,0.9883301092844278
eficiencia,Eficiencia,120,0.9883301092844278,0.9998634555387138,0.9883301092844278
eficiencia,Eficiencia,121,0.9887266589689375,1.0,0.9887266589689375
eficiencia,Eficiencia,122,0.9922189620728552,1.0,0.9922189620728552
eficiencia,Eficiencia,123,1.0,1.0,1.0
eficiencia,Eficiencia,124,1.0,1.0,1.0
educacion,Educación superior,1,0.07407648077150573,0.06681720963107794,0.06681720963107794
educacion,Educación superior,2,0.15707199709419054,0.10117473999210568,0.10117473999210568
educacion,Educación superior,3,0.2138685754369128,0.122161255381452,0.122161255381452
educacion,Educación superior,4,0.26895732425601115,0.1499463002230606,0.1499463002230606
educacion,Educación superior,5,0.29635924069066294,0.23705238711572532,0.23705238711572532
educacion,Educación superior,6,0.3431970901917268,0.30266479405906055,0.30266479405906055
educacion,Educación superior,7,0.3900332735176456,0.34451275484445426,0.34451275484445426
educacion,Educación superior,8,0.4665007156222248,0.3706546783062081,0.3706546783062081
educacion,Educación superior,9,0.5107793201005704,0.47940475862638726,0.47940475862638726
educacion,Educación superior,10,0.5700518347087609,0.564503988470612,0.564503988470612
educacion,Educación superior,11,0.5996031170804612,0.6155153342696371,0.5996031170804612
educacion,Educación superior,12,0.6473906864141745,0.6361472934394478,0.6361472934394478
educacion,Educación superior,13,0.658642367168352,0.7088324658753982,0.658642367168352
educacion,Educación superior,14,0.6828035729459809,0.7378705055122592,0.6828035729459809
educacion,Educación superior,15,0.7238314697164336,0.7542672963768715,0.7238314697164336
educacion,Educación superior,16,0.7238314697164336,0.7927957388997512,0.7238314697164336
educacion,Educación superior,17,0.7508551643931707,0.8031340933917146,0.7508551643931707
educacion,Educación superior,18,0.7543857895254233,0.8136135819128136,0.7543857895254233
educacion,Educación superior,19,0.7543857895254233,0.8136135819128136,0.7543857895254233
educacion,Educación superior,20,0.7766275615360135,0.8302788716621229,0.7766275615360135
educacion,Educación superior,21,0.7859981305514873,0.8444645627369445,0.7859981305514873
educacion,Educación superior,22,0.7932943115114375,0.866539990269784,0.7932943115114375
educacion,Educación superior,23,0.8097177999156915,0.8731319821184332,0.8097177999156915
educacion,Educación superior,24,0.8236520226533173,0.8780957691919331,0.8236520226533173
educacion,Educación superior,25,0.8308182419519575,0.8852844252287978,0.8308182419519575
educacion,Educación superior,26,0.8432712349856792,0.8901598601051964,0.8432712349856792
educacion,Educación superior,27,0.8514321608458838,0.8992452198019075,0.8514321608458838
educacion,Educación superior,28,0.8614508719927622,0.9031614022526367,0.8614508719927622
educacion,Educación superior,29,0.8787374391221257,0.9097120865805635,0.8787374391221257
educacion,Educación superior,30,0.8874048822264099,0.9129558743884192,0.8874048822264099
educacion,Educación superior,31,0.8954091876229846,0.9162765400820643,0.8954091876229846
educacion,Educación superior,32,0.8954091876229846,0.9226711737761499,0.8954091876229846
educacion,Educación superior,33,0.8954358464253045,0.9275041537006948,0.8954358464253045
educacion,Educación superior,34,0.9092984236316953,0.9330726369803285,0.9092984236316953
educacion,Educación superior,35,0.9163313489187357,0.9359595737063862,0.9163313489187357
educacion,Educación superior,36,0.9214665007156222,0.942367976574046,0.9214665007156222
educacion,Educación superior,37,0.9214665007156222,0.953347745068341,0.9214665007156222
educacion,Educación superior,38,0.9214665007156222,0.9617630049844408,0.9214665007156222
educacion,Educación superior,39,0.9226911394471964,0.9662517555696307,0.9226911394471964
educacion,Educación superior,40,0.9226911394471964,0.9692098330258218,0.9226911394471964
educacion,Educación superior,41,0.9360905199632775,0.9747484830960446,0.9360905199632775
educacion,Educación superior,42,0.9444630500668969,0.9780748859453455,0.9444630500668969
educacion,Educación superior,43,0.9444630500668969,0.9780748859453455,0.9444630500668969
educacion,Educación superior,44,0.9528222507693563,0.9815079998898466,0.9528222507693563
educacion,Educación superior,45,0.9528222507693563,0.9827116551464581,0.9528222507693563
educacion,Educación superior,46,0.9528222507693563,0.9827116551464581,0.9528222507693563
educacion,Educación superior,47,0.9528222507693563,0.9827116551464581,0.9528222507693563
educacion,Educación superior,48,0.9528222507693563,0.9827116551464581,0.9528222507693563
educacion,Educación superior,49,0.9528222507693563,0.9827116551464581,0.9528222507693563
educacion,Educación superior,50,0.9528222507693563,0.9827116551464581,0.9528222507693563
educacion,Educación superior,51,0.9528222507693563,0.9827116551464581,0.9528222507693563
educacion,Educación superior,52,0.9528222507693563,0.9867988048357338,0.9528222507693563
educacion,Educación superior,53,0.9528222507693563,0.990914640303289,0.9528222507693563
educacion,Educación superior,54,0.9528222507693563,0.990914640303289,0.9528222507693563
educacion,Educación superior,55,0.9528222507693563,0.990914640303289,0.9528222507693563
educacion,Educación superior,56,0.9568477299196737,0.9925141593001588,0.9568477299196737
educacion,Educación superior,57,0.9613780601389257,0.994366113145889,0.9613780601389257
educacion,Educación superior,58,0.9613780601389257,0.994366113145889,0.9613780601389257
educacion,Educación superior,59,0.9613780601389257,0.994366113145889,0.9613780601389257
educacion,Educación superior,60,0.9613780601389257,0.994366113145889,0.9613780601389257
educacion,Educación superior,61,0.9613780601389257,0.994366113145889,0.9613780601389257
educacion,Educación superior,62,0.9613780601389257,0.994366113145889,0.9613780601389257
educacion,Educación superior,63,0.9613780601389257,0.994366113145889,0.9613780601389257
educacion,Educación superior,64,0.963922309585339,0.9970407751126777,0.963922309585339
educacion,Educación superior,65,0.963922309585339,0.9970407751126777,0.963922309585339
educacion,Educación superior,66,0.963922309585339,0.9970407751126777,0.963922309585339
educacion,Educación superior,67,0.963922309585339,0.9970407751126777,0.963922309585339
educacion,Educación superior,68,0.963922309585339,0.9970407751126777,0.963922309585339
educacion,Educación superior,69,0.9871987763609735,0.9970407751126777,0.9871987763609735
educacion,Educación superior,70,0.9871987763609735,0.9970407751126777,0.9871987763609735
educacion,Educación superior,71,0.9871987763609735,0.9970407751126777,0.9871987763609735
educacion,Educación superior,72,0.9871987763609735,0.9970407751126777,0.9871987763609735
educacion,Educación superior,73,0.9871987763609735,0.9970407751126777,0.9871987763609735
educacion,Educación superior,74,0.9871987763609735,0.9970407751126777,0.9871987763609735
educacion,Educación superior,75,0.9871987763609735,0.9970407751126777,0.9871987763609735
educacion,Educación superior,76,0.9871987763609735,0.9970407751126777,0.9871987763609735
educacion,Educación superior,77,0.9871987763609735,0.9970407751126777,0.9871987763609735
educacion,Educación superior,78,0.9871987763609735,0.9970407751126777,0.9871987763609735
educacion,Educación superior,79,0.9871987763609735,0.9970407751126777,0.9871987763609735
educacion,Educación superior,80,0.9871987763609735,0.9970407751126777,0.9871987763609735
educacion,Educación superior,81,0.9871987763609735,0.9994733291107868,0.9871987763609735
educacion,Educación superior,82,0.9871987763609735,0.9994733291107868,0.9871987763609735
educacion,Educación superior,83,0.9871987763609735,0.9994733291107868,0.9871987763609735
educacion,Educación superior,84,0.9871987763609735,0.9994733291107868,0.9871987763609735
educacion,Educación superior,85,0.9871987763609735,0.9994733291107868,0.9871987763609735
educacion,Educación superior,86,0.9871987763609735,0.9994733291107868,0.9871987763609735
educacion,Educación superior,87,0.9871987763609735,0.9994733291107868,0.9871987763609735
educacion,Educación superior,88,0.9871987763609735,0.9994733291107868,0.9871987763609735
educacion,Educación superior,89,0.9871987763609735,0.9994733291107868,0.9871987763609735
educacion,Educación superior,90,0.9871987763609735,0.9994733291107868,0.9871987763609735
educacion,Educación superior,91,0.9871987763609735,0.9994733291107868,0.9871987763609735
educacion,Educación superior,92,0.9871987763609735,0.9994733291107868,0.9871987763609735
educacion,Educación superior,93,0.9871987763609735,0.9994733291107868,0.9871987763609735
educacion,Educación superior,94,0.9871987763609735,0.9994733291107868,0.9871987763609735
educacion,Educación superior,95,0.9871987763609735,0.9994733291107868,0.9871987763609735
educacion,Educación superior,96,0.9871987763609735,0.9994733291107868,0.9871987763609735
educacion,Educación superior,97,0.9871987763609735,0.9994733291107868,0.9871987763609735
educacion,Educación superior,98,0.9871987763609735,0.9994733291107868,0.9871987763609735
educacion,Educación superior,99,0.9871987763609735,0.9994733291107868,0.9871987763609735
educacion,Educación superior,100,0.9871987763609735,0.9994733291107868,0.9871987763609735
educacion,Educación superior,101,0.9871987763609735,0.9994733291107868,0.9871987763609735
educacion,Educación superior,102,0.9871987763609735,0.9994733291107868,0.9871987763609735
educacion,Educación superior,103,0.9871987763609735,0.9994733291107868,0.9871987763609735
educacion,Educación superior,104,0.9871987763609735,0.9994733291107868,0.9871987763609735
educacion,Educación superior,105,0.9871987763609735,0.9994733291107868,0.9871987763609735
educacion,Educación superior,106,0.9871987763609735,0.9994733291107868,0.9871987763609735
educacion,Educación superior,107,0.9871987763609735,0.9994733291107868,0.9871987763609735
educacion,Educación superior,108,0.9871987763609735,0.9994733291107868,0.9871987763609735
educacion,Educación superior,109,0.9871987763609735,0.9994733291107868,0.9871987763609735
educacion,Educación superior,110,0.9871987763609735,0.9994733291107868,0.9871987763609735
educacion,Educación superior,111,0.9871987763609735,0.9994733291107868,0.9871987763609735
educacion,Educación superior,112,0.9871987763609735,0.9994733291107868,0.9871987763609735
educacion,Educación superior,113,0.9871987763609735,0.9994733291107868,0.9871987763609735
educacion,Educación superior,114,0.9871987763609735,0.9994733291107868,0.9871987763609735
educacion,Educación superior,115,0.9871987763609735,0.9994733291107868,0.9871987763609735
educacion,Educación superior,116,0.9871987763609735,0.9994733291107868,0.9871987763609735
educacion,Educación superior,117,0.9906910794648912,0.9994733291107868,0.9906910794648912
educacion,Educación superior,118,0.9906910794648912,0.9994733291107868,0.9906910794648912
educacion,Educación superior,119,0.9913575495228908,0.9997028153370234,0.9913575495228908
educacion,Educación superior,120,0.9991385874500356,0.9997028153370234,0.9991385874500356
educacion,Educación superior,121,0.9995684606374453,0.9998508339529462,0.9995684606374453
educacion,Educación superior,122,0.9996034503154902,0.9998634556953891,0.9996034503154902
educacion,Educación superior,123,0.9996034503154902,0.9998634556953891,0.9996034503154902
educacion,Educación superior,124,1.0,1.0,1.0
integracion,Integración,1,0.07407648077150573,0.06681720963107794,0.06681720963107794
integracion,Integración,2,0.13087305911422797,0.08780372502042427,0.08780372502042427
integracion,Integración,3,0.15827497554887976,0.17265625717144456,0.15827497554887976
integracion,Integración,4,0.24127049187156455,0.2070137875324723,0.2070137875324723
integracion,Integración,5,0.29635924069066294,0.23705238711572532,0.23705238711572532
integracion,Integración,6,0.3045201665508675,0.30500670099780613,0.3045201665508675
integracion,Integración,7,0.3283814608023966,0.383334939736917,0.3283814608023966
integracion,Integración,8,0.3752176441283155,0.42518290052231067,0.3752176441283155
integracion,Integración,9,0.38238386342695574,0.522941738036883,0.38238386342695574
integracion,Integración,10,0.4416563780351463,0.608048999899026,0.4416563780351463
integracion,Integración,11,0.4582864721573802,0.6614102846547151,0.4582864721573802
integracion,Integración,12,0.5227591193931124,0.6891758231670935,0.5227591193931124
integracion,Integración,13,0.5469203251707413,0.7183068047255804,0.5469203251707413
integracion,Integración,14,0.6115562575706833,0.7418383223638917,0.6115562575706833
integracion,Integración,15,0.6583941070717472,0.7656268645755882,0.6583941070717472
integracion,Integración,16,0.6583941070717472,0.7822852697381103,0.6583941070717472
integracion,Integración,17,0.6854178017484842,0.7926236242300737,0.6854178017484842
integracion,Integración,18,0.7264456985189369,0.809020415094686,0.7264456985189369
integracion,Integración,19,0.7343833569097117,0.8156950219847805,0.7343833569097117
integracion,Integración,20,0.7343833569097117,0.8156950219847805,0.7343833569097117
integracion,Integración,21,0.7836471574218938,0.8330005783052901,0.7836471574218938
integracion,Integración,22,0.7930177264373677,0.8471862693801118,0.7930177264373677
integracion,Integración,23,0.8003139073973178,0.8693144787449857,0.8003139073973178
integracion,Integración,24,0.8003139073973178,0.8757091124390715,0.8003139073973178
integracion,Integración,25,0.8003405661996378,0.8805420923636164,0.8003405661996378
integracion,Integración,26,0.821119436432919,0.8888885064118451,0.821119436432919
integracion,Integración,27,0.821119436432919,0.897303766327945,0.821119436432919
integracion,Integración,28,0.8433612084435091,0.9141755936808673,0.8433612084435091
integracion,Integración,29,0.8484963602403958,0.9205839965485272,0.8484963602403958
integracion,Integración,30,0.8484963602403958,0.9315637650428221,0.8484963602403958
integracion,Integración,31,0.84972099897197,0.9376428551758323,0.84972099897197
integracion,Integración,32,0.8583884420762542,0.9408866429836881,0.8583884420762542
integracion,Integración,33,0.8583884420762542,0.9438447204398792,0.8583884420762542
integracion,Integración,34,0.8663927474728288,0.9471653861335243,0.8663927474728288
integracion,Integración,35,0.8764114586197072,0.9510815685842535,0.8764114586197072
integracion,Integración,36,0.8936980257490706,0.9576322529121802,0.8936980257490706
integracion,Integración,37,0.900730951036111,0.9605191896382379,0.900730951036111
integracion,Integración,38,0.9131839440698327,0.9653946245146366,0.9131839440698327
integracion,Integración,39,0.9226911394471964,0.9692098330258218,0.9226911394471964
integracion,Integración,40,0.9360905199632775,0.9747484830960446,0.9360905199632775
integracion,Integración,41,0.9444630500668969,0.9780748859453455,0.9444630500668969
integracion,Integración,42,0.9444630500668969,0.9821620356346212,0.9444630500668969
integracion,Integración,43,0.9444630500668969,0.9833656908912327,0.9444630500668969
integracion,Integración,44,0.9528222507693563,0.9867988048357338,0.9528222507693563
integracion,Integración,45,0.9528222507693563,0.990914640303289,0.9528222507693563
integracion,Integración,46,0.9528222507693563,0.990914640303289,0.9528222507693563
integracion,Integración,47,0.9528222507693563,0.990914640303289,0.9528222507693563
integracion,Integración,48,0.9528222507693563,0.990914640303289,0.9528222507693563
integracion,Integración,49,0.9528222507693563,0.990914640303289,0.9528222507693563
integracion,Integración,50,0.9568477299196737,0.9925141593001588,0.9568477299196737
integracion,Integración,51,0.9568477299196737,0.9956168130788791,0.9568477299196737
integracion,Integración,52,0.9568477299196737,0.9956168130788791,0.9568477299196737
integracion,Integración,53,0.9568477299196737,0.9956168130788791,0.9568477299196737
integracion,Integración,54,0.9568477299196737,0.9956168130788791,0.9568477299196737
integracion,Integración,55,0.9568477299196737,0.9956168130788791,0.9568477299196737
integracion,Integración,56,0.9568477299196737,0.9956168130788791,0.9568477299196737
integracion,Integración,57,0.9568477299196737,0.9956168130788791,0.9568477299196737
integracion,Integración,58,0.9568477299196737,0.9956168130788791,0.9568477299196737
integracion,Integración,59,0.9568477299196737,0.9956168130788791,0.9568477299196737
integracion,Integración,60,0.9568477299196737,0.9956168130788791,0.9568477299196737
integracion,Integración,61,0.9568477299196737,0.9956168130788791,0.9568477299196737
integracion,Integración,62,0.9568477299196737,0.9956168130788791,0.9568477299196737
integracion,Integración,63,0.9568477299196737,0.9956168130788791,0.9568477299196737
integracion,Integración,64,0.9613780601389257,0.9974687669246092,0.9613780601389257
integracion,Integración,65,0.9613780601389257,0.9974687669246092,0.9613780601389257
integracion,Integración,66,0.9613780601389257,0.9974687669246092,0.9613780601389257
integracion,Integración,67,0.9613780601389257,0.9974687669246092,0.9613780601389257
integracion,Integración,68,0.9613780601389257,0.9974687669246092,0.9613780601389257
integracion,Integración,69,0.9613780601389257,0.9974687669246092,0.9613780601389257
integracion,Integración,70,0.9613780601389257,0.9974687669246092,0.9613780601389257
integracion,Integración,71,0.9613780601389257,0.9974687669246092,0.9613780601389257
integracion,Integración,72,0.9613780601389257,0.9974687669246092,0.9613780601389257
integracion,Integración,73,0.9613780601389257,0.9974687669246092,0.9613780601389257
integracion,Integración,74,0.9613780601389257,0.9974687669246092,0.9613780601389257
integracion,Integración,75,0.9613780601389257,0.9974687669246092,0.9613780601389257
integracion,Integración,76,0.9613780601389257,0.9974687669246092,0.9613780601389257
integracion,Integración,77,0.9613780601389257,0.9974687669246092,0.9613780601389257
integracion,Integración,78,0.9613780601389257,0.9974687669246092,0.9613780601389257
integracion,Integración,79,0.9613780601389257,0.9974687669246092,0.9613780601389257
integracion,Integración,80,0.9613780601389257,0.9974687669246092,0.9613780601389257
integracion,Integración,81,0.9613780601389257,0.9974687669246092,0.9613780601389257
integracion,Integración,82,0.9613780601389257,0.9974687669246092,0.9613780601389257
integracion,Integración,83,0.9613780601389257,0.9974687669246092,0.9613780601389257
integracion,Integración,84,0.9613780601389257,0.9974687669246092,0.9613780601389257
integracion,Integración,85,0.9613780601389257,0.9974687669246092,0.9613780601389257
integracion,Integración,86,0.9613780601389257,0.9974687669246092,0.9613780601389257
integracion,Integración,87,0.9613780601389257,0.9974687669246092,0.9613780601389257
integracion,Integración,88,0.9613780601389257,0.9974687669246092,0.9613780601389257
integracion,Integración,89,0.9613780601389257,0.9974687669246092,0.9613780601389257
integracion,Integración,90,0.963922309585339,0.9994733291107868,0.963922309585339
integracion,Integración,91,0.963922309585339,0.9994733291107868,0.963922309585339
integracion,Integración,92,0.963922309585339,0.9994733291107868,0.963922309585339
integracion,Integración,93,0.963922309585339,0.9994733291107868,0.963922309585339
integracion,Integración,94,0.963922309585339,0.9994733291107868,0.963922309585339
integracion,Integración,95,0.963922309585339,0.9994733291107868,0.963922309585339
integracion,Integración,96,0.963922309585339,0.9994733291107868,0.963922309585339
integracion,Integración,97,0.963922309585339,0.9994733291107868,0.963922309585339
integracion,Integración,98,0.963922309585339,0.9994733291107868,0.963922309585339
integracion,Integración,99,0.963922309585339,0.9994733291107868,0.963922309585339
integracion,Integración,100,0.963922309585339,0.9994733291107868,0.963922309585339
integracion,Integración,101,0.963922309585339,0.9994733291107868,0.963922309585339
integracion,Integración,102,0.963922309585339,0.9994733291107868,0.963922309585339
integracion,Integración,103,0.963922309585339,0.9994733291107868,0.963922309585339
integracion,Integración,104,0.963922309585339,0.9994733291107868,0.963922309585339
integracion,Integración,105,0.963922309585339,0.9994733291107868,0.963922309585339
integracion,Integración,106,0.963922309585339,0.9994733291107868,0.963922309585339
integracion,Integración,107,0.963922309585339,0.9994733291107868,0.963922309585339
integracion,Integración,108,0.963922309585339,0.9994733291107868,0.963922309585339
integracion,Integración,109,0.963922309585339,0.9994733291107868,0.963922309585339
integracion,Integración,110,0.963922309585339,0.9994733291107868,0.963922309585339
integracion,Integración,111,0.963922309585339,0.9994733291107868,0.963922309585339
integracion,Integración,112,0.963922309585339,0.9994733291107868,0.963922309585339
integracion,Integración,113,0.963922309585339,0.9994733291107868,0.963922309585339
integracion,Integración,114,0.963922309585339,0.9994733291107868,0.963922309585339
integracion,Integración,115,0.963922309585339,0.9994733291107868,0.963922309585339
integracion,Integración,116,0.9674146126892567,0.9994733291107868,0.9674146126892567
integracion,Integración,117,0.9752689623227815,0.9994733291107868,0.9752689623227815
integracion,Integración,118,0.9906910794648912,0.9994733291107868,0.9906910794648912
integracion,Integración,119,0.9913575495228908,0.9997028153370234,0.9913575495228908
integracion,Integración,120,0.9917874227103005,0.9998508339529462,0.9917874227103005
integracion,Integración,121,0.9995684606374453,0.9998508339529462,0.9995684606374453
integracion,Integración,122,0.9996034503154902,0.9998634556953891,0.9996034503154902
integracion,Integración,123,0.9996034503154902,0.9998634556953891,0.9996034503154902
integracion,Integración,124,1.0,1.0,1.0
seguridad,Seguridad,1,0.07407648077150573,0.06681720963107794,0.06681720963107794
seguridad,Seguridad,2,0.15707199709419054,0.10117473999210568,0.10117473999210568
seguridad,Seguridad,3,0.15707199709419054,0.10117473999210568,0.10117473999210568
seguridad,Seguridad,4,0.2121607459132889,0.12895978483371429,0.12895978483371429
seguridad,Seguridad,5,0.2589985954143528,0.19006278743149835,0.19006278743149835
seguridad,Seguridad,6,0.2885498777860531,0.22527400655412663,0.22527400655412663
seguridad,Seguridad,7,0.3025990666086838,0.35770018083514626,0.3025990666086838
seguridad,Seguridad,8,0.36187158121687435,0.44265942408136666,0.36187158121687435
seguridad,Seguridad,9,0.4383390233214535,0.4790742984606064,0.4383390233214535
seguridad,Seguridad,10,0.49513560166417575,0.5000608138499527,0.49513560166417575
seguridad,Seguridad,11,0.5225375180988275,0.5922936230367454,0.5225375180988275
seguridad,Seguridad,12,0.5693737014247464,0.6174154802228771,0.5693737014247464
seguridad,Seguridad,13,0.5693737014247464,0.6174154802228771,0.5693737014247464
seguridad,Seguridad,14,0.5806253821789239,0.6902498187058813,0.5806253821789239
seguridad,Seguridad,15,0.5806253821789239,0.7287782612287611,0.5806253821789239
seguridad,Seguridad,16,0.6047865879565528,0.757816300865622,0.6047865879565528
seguridad,Seguridad,17,0.6127908933531275,0.7611369665592671,0.6127908933531275
seguridad,Seguridad,18,0.6538187901235802,0.7775337574238794,0.6538187901235802
seguridad,Seguridad,19,0.6677530128612059,0.7824975444973793,0.6677530128612059
seguridad,Seguridad,20,0.6764204559654902,0.785741332305235,0.6764204559654902
seguridad,Seguridad,21,0.6837166369254404,0.7914796353922837,0.6837166369254404
seguridad,Seguridad,22,0.7107403316021773,0.8018179898842471,0.7107403316021773
seguridad,Seguridad,23,0.7480093372455126,0.8153037479690469,0.7480093372455126
seguridad,Seguridad,24,0.7573799062609864,0.8456200258860463,0.7573799062609864
seguridad,Seguridad,25,0.8016585107393319,0.8611952560607312,0.8016585107393319
seguridad,Seguridad,26,0.8086564463483272,0.8640672761820836,0.8086564463483272
seguridad,Seguridad,27,0.8086564463483272,0.8724825360981834,0.8086564463483272
seguridad,Seguridad,28,0.8308982183589174,0.8893543634511056,0.8308982183589174
seguridad,Seguridad,29,0.8308982183589174,0.8923124409072968,0.8308982183589174
seguridad,Seguridad,30,0.8308982183589174,0.8987070746013824,0.8308982183589174
seguridad,Seguridad,31,0.8309248771612374,0.9035400545259273,0.8309248771612374
seguridad,Seguridad,32,0.8517037473945186,0.9118864685741562,0.8517037473945186
seguridad,Seguridad,33,0.8588699666931588,0.9190751246110208,0.8588699666931588
seguridad,Seguridad,34,0.8713229597268806,0.9239505594874196,0.8713229597268806
seguridad,Seguridad,35,0.8813416708737589,0.9278667419381489,0.8813416708737589
seguridad,Seguridad,36,0.8986282380031224,0.9344174262660755,0.8986282380031224
seguridad,Seguridad,37,0.906789163863327,0.9435027859627865,0.906789163863327
seguridad,Seguridad,38,0.9119243156602136,0.945625533555476,0.9119243156602136
seguridad,Seguridad,39,0.9119243156602136,0.9499111888304465,0.9119243156602136
seguridad,Seguridad,40,0.9119243156602136,0.9608909573247414,0.9119243156602136
seguridad,Seguridad,41,0.9214315110375773,0.9647061658359265,0.9214315110375773
seguridad,Seguridad,42,0.9214315110375773,0.965909821092538,0.9214315110375773
seguridad,Seguridad,43,0.9214315110375773,0.965909821092538,0.9214315110375773
seguridad,Seguridad,44,0.9214315110375773,0.968085350517262,0.9214315110375773
seguridad,Seguridad,45,0.9298040411411966,0.9714117533665629,0.9298040411411966
seguridad,Seguridad,46,0.9432034216572778,0.9769504034367857,0.9432034216572778
seguridad,Seguridad,47,0.9432034216572778,0.9769504034367857,0.9432034216572778
seguridad,Seguridad,48,0.9432034216572778,0.9769504034367857,0.9432034216572778
seguridad,Seguridad,49,0.9432384113353227,0.9769653200414911,0.9432384113353227
seguridad,Seguridad,50,0.9432384113353227,0.9769653200414911,0.9432384113353227
seguridad,Seguridad,51,0.9515976120377821,0.9803984339859921,0.9515976120377821
seguridad,Seguridad,52,0.9515976120377821,0.9803984339859921,0.9515976120377821
seguridad,Seguridad,53,0.9528222507693563,0.9827116551464581,0.9528222507693563
seguridad,Seguridad,54,0.9528222507693563,0.9827116551464581,0.9528222507693563
seguridad,Seguridad,55,0.9528222507693563,0.9827116551464581,0.9528222507693563
seguridad,Seguridad,56,0.9528222507693563,0.9827116551464581,0.9528222507693563
seguridad,Seguridad,57,0.9528222507693563,0.9827116551464581,0.9528222507693563
seguridad,Seguridad,58,0.9528222507693563,0.9827116551464581,0.9528222507693563
seguridad,Seguridad,59,0.9528222507693563,0.9827116551464581,0.9528222507693563
seguridad,Seguridad,60,0.9528222507693563,0.9827116551464581,0.9528222507693563
seguridad,Seguridad,61,0.9528222507693563,0.9827116551464581,0.9528222507693563
seguridad,Seguridad,62,0.9528222507693563,0.9867988048357338,0.9528222507693563
seguridad,Seguridad,63,0.9528222507693563,0.9867988048357338,0.9528222507693563
seguridad,Seguridad,64,0.9528222507693563,0.9867988048357338,0.9528222507693563
seguridad,Seguridad,65,0.9528222507693563,0.9867988048357338,0.9528222507693563
seguridad,Seguridad,66,0.9528222507693563,0.9867988048357338,0.9528222507693563
seguridad,Seguridad,67,0.9528222507693563,0.990914640303289,0.9528222507693563
seguridad,Seguridad,68,0.9528222507693563,0.990914640303289,0.9528222507693563
seguridad,Seguridad,69,0.9528222507693563,0.990914640303289,0.9528222507693563
seguridad,Seguridad,70,0.9528222507693563,0.990914640303289,0.9528222507693563
seguridad,Seguridad,71,0.9528222507693563,0.990914640303289,0.9528222507693563
seguridad,Seguridad,72,0.9528222507693563,0.990914640303289,0.9528222507693563
seguridad,Seguridad,73,0.9528222507693563,0.990914640303289,0.9528222507693563
seguridad,Seguridad,74,0.9528222507693563,0.990914640303289,0.9528222507693563
seguridad,Seguridad,75,0.9528222507693563,0.990914640303289,0.9528222507693563
seguridad,Seguridad,76,0.9528222507693563,0.990914640303289,0.9528222507693563
seguridad,Seguridad,77,0.9528222507693563,0.990914640303289,0.9528222507693563
seguridad,Seguridad,78,0.9528222507693563,0.990914640303289,0.9528222507693563
seguridad,Seguridad,79,0.9528222507693563,0.990914640303289,0.9528222507693563
seguridad,Seguridad,80,0.9528222507693563,0.9940172940820092,0.9528222507693563
seguridad,Seguridad,81,0.9528222507693563,0.9940172940820092,0.9528222507693563
seguridad,Seguridad,82,0.9528222507693563,0.9940172940820092,0.9528222507693563
seguridad,Seguridad,83,0.9528222507693563,0.9940172940820092,0.9528222507693563
seguridad,Seguridad,84,0.9528222507693563,0.9940172940820092,0.9528222507693563
seguridad,Seguridad,85,0.9528222507693563,0.9940172940820092,0.9528222507693563
seguridad,Seguridad,86,0.9528222507693563,0.9940172940820092,0.9528222507693563
seguridad,Seguridad,87,0.9528222507693563,0.9940172940820092,0.9528222507693563
seguridad,Seguridad,88,0.9568477299196737,0.9956168130788791,0.9568477299196737
seguridad,Seguridad,89,0.959391979366087,0.9976213752650566,0.959391979366087
seguridad,Seguridad,90,0.959391979366087,0.9976213752650566,0.959391979366087
seguridad,Seguridad,91,0.959391979366087,0.9976213752650566,0.959391979366087
seguridad,Seguridad,92,0.959391979366087,0.9976213752650566,0.959391979366087
seguridad,Seguridad,93,0.959391979366087,0.9976213752650566,0.959391979366087
seguridad,Seguridad,94,0.959391979366087,0.9976213752650566,0.959391979366087
seguridad,Seguridad,95,0.959391979366087,0.9976213752650566,0.959391979366087
seguridad,Seguridad,96,0.959391979366087,0.9976213752650566,0.959391979366087
seguridad,Seguridad,97,0.959391979366087,0.9976213752650566,0.959391979366087
seguridad,Seguridad,98,0.963922309585339,0.9994733291107868,0.963922309585339
seguridad,Seguridad,99,0.963922309585339,0.9994733291107868,0.963922309585339
seguridad,Seguridad,100,0.963922309585339,0.9994733291107868,0.963922309585339
seguridad,Seguridad,101,0.963922309585339,0.9994733291107868,0.963922309585339
seguridad,Seguridad,102,0.963922309585339,0.9994733291107868,0.963922309585339
seguridad,Seguridad,103,0.963922309585339,0.9994733291107868,0.963922309585339
seguridad,Seguridad,104,0.963922309585339,0.9994733291107868,0.963922309585339
seguridad,Seguridad,105,0.963922309585339,0.9994733291107868,0.963922309585339
seguridad,Seguridad,106,0.963922309585339,0.9994733291107868,0.963922309585339
seguridad,Seguridad,107,0.963922309585339,0.9994733291107868,0.963922309585339
seguridad,Seguridad,108,0.963922309585339,0.9994733291107868,0.963922309585339
seguridad,Seguridad,109,0.963922309585339,0.9994733291107868,0.963922309585339
seguridad,Seguridad,110,0.963922309585339,0.9994733291107868,0.963922309585339
seguridad,Seguridad,111,0.963922309585339,0.9994733291107868,0.963922309585339
seguridad,Seguridad,112,0.963922309585339,0.9994733291107868,0.963922309585339
seguridad,Seguridad,113,0.963922309585339,0.9994733291107868,0.963922309585339
seguridad,Seguridad,114,0.9871987763609735,0.9994733291107868,0.9871987763609735
seguridad,Seguridad,115,0.9871987763609735,0.9994733291107868,0.9871987763609735
seguridad,Seguridad,116,0.9906910794648912,0.9994733291107868,0.9906910794648912
seguridad,Seguridad,117,0.9906910794648912,0.9994733291107868,0.9906910794648912
seguridad,Seguridad,118,0.9906910794648912,0.9994733291107868,0.9906910794648912
seguridad,Seguridad,119,0.9913575495228908,0.9997028153370234,0.9913575495228908
seguridad,Seguridad,120,0.9991385874500356,0.9997028153370234,0.9991385874500356
seguridad,Seguridad,121,0.9995684606374453,0.9998508339529462,0.9995684606374453
seguridad,Seguridad,122,0.9996034503154902,0.9998634556953891,0.9996034503154902
seguridad,Seguridad,123,0.9996034503154902,0.9998634556953891,0.9996034503154902
seguridad,Seguridad,124,1.0,1.0,1.0
intermodal,Intermodalidad,1,0.07407648077150573,0.06681720963107794,0.06681720963107794
intermodal,Intermodalidad,2,0.1291652295906041,0.09460225447268655,0.09460225447268655
intermodal,Intermodalidad,3,0.18596180793332634,0.11558876986203288,0.11558876986203288
intermodal,Intermodalidad,4,0.21336372436797812,0.2026948567546976,0.2026948567546976
intermodal,Intermodalidad,5,0.22152465022818268,0.2706491706367784,0.22152465022818268
intermodal,Intermodalidad,6,0.22152465022818268,0.2706491706367784,0.22152465022818268
intermodal,Intermodalidad,7,0.24538594447971182,0.34904625524376026,0.24538594447971182
intermodal,Intermodalidad,8,0.24538594447971182,0.3657046604062824,0.24538594447971182
intermodal,Intermodalidad,9,0.29222212780563067,0.40755262119167607,0.29222212780563067
intermodal,Intermodalidad,10,0.2993883471042709,0.5053114587062485,0.2993883471042709
intermodal,Intermodalidad,11,0.363860994340003,0.5310150634758902,0.363860994340003
intermodal,Intermodalidad,12,0.4231335089481936,0.6161223253380332,0.4231335089481936
intermodal,Intermodalidad,13,0.43976360307042756,0.6707469317691552,0.43976360307042756
intermodal,Intermodalidad,14,0.4639248088480565,0.699877913327642,0.4639248088480565
intermodal,Intermodalidad,15,0.5469203251707413,0.7349652098881025,0.5469203251707413
intermodal,Intermodalidad,16,0.6115562575706833,0.7584967275264138,0.6115562575706833
intermodal,Intermodalidad,17,0.6583941070717472,0.7822852697381103,0.6583941070717472
intermodal,Intermodalidad,18,0.6854178017484842,0.7926236242300737,0.6854178017484842
intermodal,Intermodalidad,19,0.7264456985189369,0.809020415094686,0.7264456985189369
intermodal,Intermodalidad,20,0.7343833569097117,0.8156950219847805,0.7343833569097117
intermodal,Intermodalidad,21,0.7416795378696618,0.8214333250718292,0.7416795378696618
intermodal,Intermodalidad,22,0.7510501068851355,0.8520089224244761,0.7510501068851355
intermodal,Intermodalidad,23,0.8003139073973178,0.8693144787449857,0.8003139073973178
intermodal,Intermodalidad,24,0.8073468326843581,0.8722014154710435,0.8073468326843581
intermodal,Intermodalidad,25,0.8073468326843581,0.8806166753871433,0.8073468326843581
intermodal,Intermodalidad,26,0.8295886046949483,0.8974885027400655,0.8295886046949483
intermodal,Intermodalidad,27,0.8382560477992326,0.9007322905479214,0.8382560477992326
intermodal,Intermodalidad,28,0.8382560477992326,0.907126924242007,0.8382560477992326
intermodal,Intermodalidad,29,0.8382827066015526,0.9119599041665519,0.8382827066015526
intermodal,Intermodalidad,30,0.8590615768348338,0.9203063182147807,0.8590615768348338
intermodal,Intermodalidad,31,0.8641967286317203,0.9267147210824407,0.8641967286317203
intermodal,Intermodalidad,32,0.8641967286317203,0.9376944895767356,0.8641967286317203
intermodal,Intermodalidad,33,0.872201034028295,0.9410151552703807,0.872201034028295
intermodal,Intermodalidad,34,0.8822197451751733,0.9449313377211099,0.8822197451751733
intermodal,Intermodalidad,35,0.8995063123045368,0.9514820220490366,0.8995063123045368
intermodal,Intermodalidad,36,0.8995063123045368,0.9544400995052277,0.8995063123045368
intermodal,Intermodalidad,37,0.9119593053382585,0.9593155343816264,0.9119593053382585
intermodal,Intermodalidad,38,0.9119593053382585,0.9593155343816264,0.9119593053382585
intermodal,Intermodalidad,39,0.9253586858543397,0.9648541844518492,0.9253586858543397
intermodal,Intermodalidad,40,0.9253586858543397,0.9648541844518492,0.9253586858543397
intermodal,Intermodalidad,41,0.9265833245859139,0.9709332745848595,0.9265833245859139
intermodal,Intermodalidad,42,0.9360905199632775,0.9747484830960446,0.9360905199632775
intermodal,Intermodalidad,43,0.9360905199632775,0.975952138352656,0.9360905199632775
intermodal,Intermodalidad,44,0.9360905199632775,0.975952138352656,0.9360905199632775
intermodal,Intermodalidad,45,0.9360905199632775,0.975952138352656,0.9360905199632775
intermodal,Intermodalidad,46,0.9360905199632775,0.975952138352656,0.9360905199632775
intermodal,Intermodalidad,47,0.9360905199632775,0.9800392880419317,0.9360905199632775
intermodal,Intermodalidad,48,0.9360905199632775,0.9800392880419317,0.9360905199632775
intermodal,Intermodalidad,49,0.9444630500668969,0.9833656908912327,0.9444630500668969
intermodal,Intermodalidad,50,0.9444630500668969,0.9833656908912327,0.9444630500668969
intermodal,Intermodalidad,51,0.9444630500668969,0.9864683446699529,0.9444630500668969
intermodal,Intermodalidad,52,0.9444630500668969,0.9864683446699529,0.9444630500668969
intermodal,Intermodalidad,53,0.9528222507693563,0.989901458614454,0.9528222507693563
intermodal,Intermodalidad,54,0.9528222507693563,0.989901458614454,0.9528222507693563
intermodal,Intermodalidad,55,0.9528222507693563,0.989901458614454,0.9528222507693563
intermodal,Intermodalidad,56,0.9528222507693563,0.989901458614454,0.9528222507693563
intermodal,Intermodalidad,57,0.9528222507693563,0.989901458614454,0.9528222507693563
intermodal,Intermodalidad,58,0.9528222507693563,0.989901458614454,0.9528222507693563
intermodal,Intermodalidad,59,0.9528222507693563,0.9940172940820092,0.9528222507693563
intermodal,Intermodalidad,60,0.9528222507693563,0.9940172940820092,0.9528222507693563
intermodal,Intermodalidad,61,0.9528222507693563,0.9940172940820092,0.9528222507693563
intermodal,Intermodalidad,62,0.9528222507693563,0.9940172940820092,0.9528222507693563
intermodal,Intermodalidad,63,0.9528222507693563,0.9940172940820092,0.9528222507693563
intermodal,Intermodalidad,64,0.9528222507693563,0.9940172940820092,0.9528222507693563
intermodal,Intermodalidad,65,0.9528222507693563,0.9940172940820092,0.9528222507693563
intermodal,Intermodalidad,66,0.9528222507693563,0.9940172940820092,0.9528222507693563
intermodal,Intermodalidad,67,0.9528222507693563,0.9940172940820092,0.9528222507693563
intermodal,Intermodalidad,68,0.9568477299196737,0.9956168130788791,0.9568477299196737
intermodal,Intermodalidad,69,0.9568477299196737,0.9956168130788791,0.9568477299196737
intermodal,Intermodalidad,70,0.9568477299196737,0.9956168130788791,0.9568477299196737
intermodal,Intermodalidad,71,0.9613780601389257,0.9974687669246092,0.9613780601389257
intermodal,Intermodalidad,72,0.9613780601389257,0.9974687669246092,0.9613780601389257
intermodal,Intermodalidad,73,0.9613780601389257,0.9974687669246092,0.9613780601389257
intermodal,Intermodalidad,74,0.9613780601389257,0.9974687669246092,0.9613780601389257
intermodal,Intermodalidad,75,0.9613780601389257,0.9974687669246092,0.9613780601389257
intermodal,Intermodalidad,76,0.9692324097724505,0.9974687669246092,0.9692324097724505
intermodal,Intermodalidad,77,0.9692324097724505,0.9974687669246092,0.9692324097724505
intermodal,Intermodalidad,78,0.9717766592188638,0.9994733291107868,0.9717766592188638
intermodal,Intermodalidad,79,0.9717766592188638,0.9994733291107868,0.9717766592188638
intermodal,Intermodalidad,80,0.9717766592188638,0.9994733291107868,0.9717766592188638
intermodal,Intermodalidad,81,0.9717766592188638,0.9994733291107868,0.9717766592188638
intermodal,Intermodalidad,82,0.9717766592188638,0.9994733291107868,0.9717766592188638
intermodal,Intermodalidad,83,0.9717766592188638,0.9994733291107868,0.9717766592188638
intermodal,Intermodalidad,84,0.9717766592188638,0.9994733291107868,0.9717766592188638
intermodal,Intermodalidad,85,0.9717766592188638,0.9994733291107868,0.9717766592188638
intermodal,Intermodalidad,86,0.9717766592188638,0.9994733291107868,0.9717766592188638
intermodal,Intermodalidad,87,0.9717766592188638,0.9994733291107868,0.9717766592188638
intermodal,Intermodalidad,88,0.9717766592188638,0.9994733291107868,0.9717766592188638
intermodal,Intermodalidad,89,0.9717766592188638,0.9994733291107868,0.9717766592188638
intermodal,Intermodalidad,90,0.9717766592188638,0.9994733291107868,0.9717766592188638
intermodal,Intermodalidad,91,0.9717766592188638,0.9994733291107868,0.9717766592188638
intermodal,Intermodalidad,92,0.9717766592188638,0.9994733291107868,0.9717766592188638
intermodal,Intermodalidad,93,0.9717766592188638,0.9994733291107868,0.9717766592188638
intermodal,Intermodalidad,94,0.9717766592188638,0.9994733291107868,0.9717766592188638
intermodal,Intermodalidad,95,0.9717766592188638,0.9994733291107868,0.9717766592188638
intermodal,Intermodalidad,96,0.9717766592188638,0.9994733291107868,0.9717766592188638
intermodal,Intermodalidad,97,0.9717766592188638,0.9994733291107868,0.9717766592188638
intermodal,Intermodalidad,98,0.9717766592188638,0.9994733291107868,0.9717766592188638
intermodal,Intermodalidad,99,0.9717766592188638,0.9994733291107868,0.9717766592188638
intermodal,Intermodalidad,100,0.9717766592188638,0.9994733291107868,0.9717766592188638
intermodal,Intermodalidad,101,0.9717766592188638,0.9994733291107868,0.9717766592188638
intermodal,Intermodalidad,102,0.9717766592188638,0.9994733291107868,0.9717766592188638
intermodal,Intermodalidad,103,0.9717766592188638,0.9994733291107868,0.9717766592188638
intermodal,Intermodalidad,104,0.9717766592188638,0.9994733291107868,0.9717766592188638
intermodal,Intermodalidad,105,0.9717766592188638,0.9994733291107868,0.9717766592188638
intermodal,Intermodalidad,106,0.9717766592188638,0.9994733291107868,0.9717766592188638
intermodal,Intermodalidad,107,0.9871987763609735,0.9994733291107868,0.9871987763609735
intermodal,Intermodalidad,108,0.9871987763609735,0.9994733291107868,0.9871987763609735
intermodal,Intermodalidad,109,0.9871987763609735,0.9994733291107868,0.9871987763609735
intermodal,Intermodalidad,110,0.9871987763609735,0.9994733291107868,0.9871987763609735
intermodal,Intermodalidad,111,0.9871987763609735,0.9994733291107868,0.9871987763609735
intermodal,Intermodalidad,112,0.9871987763609735,0.9994733291107868,0.9871987763609735
intermodal,Intermodalidad,113,0.9871987763609735,0.9994733291107868,0.9871987763609735
intermodal,Intermodalidad,114,0.9871987763609735,0.9994733291107868,0.9871987763609735
intermodal,Intermodalidad,115,0.9871987763609735,0.9994733291107868,0.9871987763609735
intermodal,Intermodalidad,116,0.9871987763609735,0.9994733291107868,0.9871987763609735
intermodal,Intermodalidad,117,0.9871987763609735,0.9994733291107868,0.9871987763609735
intermodal,Intermodalidad,118,0.9906910794648912,0.9994733291107868,0.9906910794648912
intermodal,Intermodalidad,119,0.9913575495228908,0.9997028153370234,0.9913575495228908
intermodal,Intermodalidad,120,0.9917874227103005,0.9998508339529462,0.9917874227103005
intermodal,Intermodalidad,121,0.9995684606374453,0.9998508339529462,0.9995684606374453
intermodal,Intermodalidad,122,0.9996034503154902,0.9998634556953891,0.9996034503154902
intermodal,Intermodalidad,123,0.9996034503154902,0.9998634556953891,0.9996034503154902
intermodal,Intermodalidad,124,1.0,1.0,1.0
