strategy,transition_step,source_id,source_nombre,target_id,target_nombre,score_before,score_after,delta_score,rank_before,rank_after,delta_rank_improvement,relation
eva_adaptive_open,1,I12,LAS REJAS - SUIZA - DEPARTAMENTAL,I14,LO OVALLE,0.6371787956227899,0.5302680841538587,-0.10691071146893116,2,5,-3,substitution_signal
eva_adaptive_open,1,I12,LAS REJAS - SUIZA - DEPARTAMENTAL,I26,SAN PABLO,0.6268373699221884,0.5863061971581027,-0.04053117276408569,3,1,2,substitution_signal
eva_adaptive_open,1,I12,LAS REJAS - SUIZA - DEPARTAMENTAL,I30,WALKER - HUALLE - AGUIRRE,0.5815413361963746,0.582167543325313,0.0006262071289383497,4,2,2,complementarity_signal
eva_adaptive_open,1,I12,LAS REJAS - SUIZA - DEPARTAMENTAL,C066,CUATRO PONIENTE,0.572487990377622,0.572487990377622,0,5,3,2,neutral
eva_adaptive_open,1,I12,LAS REJAS - SUIZA - DEPARTAMENTAL,I11,JOSE JOAQUIN PEREZ,0.5721603338810728,0.5587180957996021,-0.013442238081470714,6,4,2,substitution_signal
eva_adaptive_open,1,I12,LAS REJAS - SUIZA - DEPARTAMENTAL,EP-ALAMEDA-T3,ALAMEDA TRAMO 3,0.558260973877864,0.4902395477729498,-0.06802142610491418,7,10,-3,substitution_signal
eva_adaptive_open,1,I12,LAS REJAS - SUIZA - DEPARTAMENTAL,I16,MATTA-VESPUCIO NORTE,0.5227107068074346,0.5227107068074346,0,8,6,2,neutral
eva_adaptive_open,1,I12,LAS REJAS - SUIZA - DEPARTAMENTAL,I20,PAC - LO ESPEJO - EL BOSQUE,0.49632538126901565,0.503748125196464,0.007422743927448294,9,8,1,complementarity_signal
eva_adaptive_open,1,I12,LAS REJAS - SUIZA - DEPARTAMENTAL,I15,MARTINEZ DE ROZAS,0.49042582216035796,0.42342407874800625,-0.06700174341235171,10,22,-12,substitution_signal
eva_adaptive_open,1,I12,LAS REJAS - SUIZA - DEPARTAMENTAL,I01,BARÓN DE JURAS REALES,0.48687720322810635,0.48687720322810635,0,11,11,0,neutral
eva_adaptive_open,1,I12,LAS REJAS - SUIZA - DEPARTAMENTAL,C068,SAN CARLOS,0.48156244324655567,0.48156244324655567,0,12,12,0,neutral
eva_adaptive_open,1,I12,LAS REJAS - SUIZA - DEPARTAMENTAL,EP-I34,VICUÑA MACKENNA,0.4789418889773093,0.4789418889773093,0,13,13,0,neutral
eva_adaptive_open,1,I12,LAS REJAS - SUIZA - DEPARTAMENTAL,I22,PEDRO FONTOVA,0.4728109936708254,0.4728109936708254,0,14,14,0,neutral
eva_adaptive_open,1,I12,LAS REJAS - SUIZA - DEPARTAMENTAL,I09,GENERAL VELASQUEZ,0.45347011016300426,0.37190485218797154,-0.08156525797503272,15,34,-19,substitution_signal
eva_adaptive_open,1,I12,LAS REJAS - SUIZA - DEPARTAMENTAL,I08,GENERAL OSCAR BONILLA,0.44379823929485906,0.5152019385572235,0.07140369926236445,16,7,9,complementarity_signal
eva_adaptive_open,1,I12,LAS REJAS - SUIZA - DEPARTAMENTAL,C006,DOMINGO TOCORNAL,0.44257795158972896,0.44257795158972896,0,17,16,1,neutral
eva_adaptive_open,1,I12,LAS REJAS - SUIZA - DEPARTAMENTAL,I05,DIAGONAL JOSE MARIA CARO,0.43893681633352033,0.43893681633352033,0,18,17,1,neutral
eva_adaptive_open,1,I12,LAS REJAS - SUIZA - DEPARTAMENTAL,EP-I10,GRAN AVENIDA,0.435180901694348,0.45002418527643756,0.014843283582089584,19,15,4,complementarity_signal
eva_adaptive_open,1,I12,LAS REJAS - SUIZA - DEPARTAMENTAL,I21,PEDRO DE VALDIVIA,0.43141163724900483,0.43198235096302845,0.0005707137140236185,20,18,2,complementarity_signal
eva_adaptive_open,1,I12,LAS REJAS - SUIZA - DEPARTAMENTAL,I07,EL GUANACO,0.42548756362861406,0.42548756362861406,0,21,20,1,neutral
eva_adaptive_open,1,I12,LAS REJAS - SUIZA - DEPARTAMENTAL,I02,CARLOS VALDOVINOS,0.4243998641097862,0.35451515707262266,-0.06988470703716354,22,41,-19,substitution_signal
eva_adaptive_open,1,I12,LAS REJAS - SUIZA - DEPARTAMENTAL,I29,SANTA ROSA,0.42297111297710543,0.4235325573693767,0.0005614443922712931,23,21,2,complementarity_signal
eva_adaptive_open,1,I12,LAS REJAS - SUIZA - DEPARTAMENTAL,C060,ROJAS MAGALLANES,0.4219139986989199,0.42247939656875466,0.0005653978698347828,24,23,1,complementarity_signal
eva_adaptive_open,1,I12,LAS REJAS - SUIZA - DEPARTAMENTAL,C057,PADRE VICENTE IRARRAZABAL - MANUEL CHACON,0.41723732777812184,0.35926879818012003,-0.057968529598001806,25,40,-15,substitution_signal
eva_adaptive_open,1,I12,LAS REJAS - SUIZA - DEPARTAMENTAL,I24,RADAL,0.41533970570255174,0.4019586400827961,-0.013381065619755661,26,28,-2,substitution_signal
eva_adaptive_open,1,I12,LAS REJAS - SUIZA - DEPARTAMENTAL,I19,PAC-LO ESPEJO-SN BDO,0.41460848628355157,0.41843348297957955,0.0038249966960279824,27,25,2,complementarity_signal
eva_adaptive_open,1,I12,LAS REJAS - SUIZA - DEPARTAMENTAL,I10,GRAN AVENIDA,0.40682183317748805,0.42885168392375667,0.02202985074626862,28,19,9,complementarity_signal
eva_adaptive_open,1,I12,LAS REJAS - SUIZA - DEPARTAMENTAL,C058,ANTONIO EBNER-BARROS ARANA,0.40679457494201116,0.350997687135054,-0.05579688780695713,29,43,-14,substitution_signal
eva_adaptive_open,1,I12,LAS REJAS - SUIZA - DEPARTAMENTAL,EP-I33,LA CHIMBA,0.4043195865206677,0.4043195865206677,0,30,26,4,neutral
eva_adaptive_open,1,I12,LAS REJAS - SUIZA - DEPARTAMENTAL,I06,DIAGONAL ORIENTE,0.40267663972498335,0.40267663972498335,0,31,27,4,neutral
eva_adaptive_open,1,I12,LAS REJAS - SUIZA - DEPARTAMENTAL,I04,DEL FERROCARRIL,0.3940478916997146,0.5026073146224199,0.10855942292270532,32,9,23,complementarity_signal
eva_adaptive_open,1,I12,LAS REJAS - SUIZA - DEPARTAMENTAL,C081,SAN GREGORIO - DIEGO MEZA,0.38932341506856066,0.3897582429213287,0.00043482785276804936,33,30,3,complementarity_signal
eva_adaptive_open,1,I12,LAS REJAS - SUIZA - DEPARTAMENTAL,C070,MENDOZA (EX-CORONEL ROBLES),0.387202115587132,0.3937720786581624,0.00656996307103036,34,29,5,complementarity_signal
eva_adaptive_open,1,I12,LAS REJAS - SUIZA - DEPARTAMENTAL,C029,MARIA ELENA,0.3866330072050211,0.3866330072050211,0,35,31,4,neutral
eva_adaptive_open,1,I12,LAS REJAS - SUIZA - DEPARTAMENTAL,C061,EL PINAR,0.38117344530336017,0.38160827315612816,0.00043482785276799385,36,32,4,complementarity_signal
eva_adaptive_open,1,I12,LAS REJAS - SUIZA - DEPARTAMENTAL,C050,MAR DE DRAKE,0.3754671127887729,0.3754671127887729,0,37,33,4,neutral
eva_adaptive_open,1,I12,LAS REJAS - SUIZA - DEPARTAMENTAL,C003,CONCHA Y TORO,0.3709576416282776,0.3709576416282776,0,38,35,3,neutral
eva_adaptive_open,1,I12,LAS REJAS - SUIZA - DEPARTAMENTAL,C024,LOS ARRAYANES - LOS COPIHUES,0.369297779392275,0.2909815151341239,-0.07831626425815108,39,68,-29,substitution_signal
eva_adaptive_open,1,I12,LAS REJAS - SUIZA - DEPARTAMENTAL,C086,LA ESTRELLA,0.36814789692769634,0.36814789692769634,0,40,36,4,neutral
eva_adaptive_open,1,I12,LAS REJAS - SUIZA - DEPARTAMENTAL,C032,OBISPO MANUEL UMAÑA,0.36167847000046166,0.31389417400550856,-0.0477842959949531,41,54,-13,substitution_signal
eva_adaptive_open,1,I12,LAS REJAS - SUIZA - DEPARTAMENTAL,I27,SANTA CECILIA - NONATO COO,0.36006768212709356,0.36006768212709356,0,42,39,3,neutral
eva_adaptive_open,1,I12,LAS REJAS - SUIZA - DEPARTAMENTAL,I25,SAN FRANCISCO,0.3566735624368237,0.36278550273533117,0.006111940298507479,43,38,5,complementarity_signal
eva_adaptive_open,1,I12,LAS REJAS - SUIZA - DEPARTAMENTAL,C044,LOS CERRILLOS,0.355273233150638,0.34964631946381725,-0.005626913686820778,44,44,0,substitution_signal
eva_adaptive_open,1,I12,LAS REJAS - SUIZA - DEPARTAMENTAL,C043,NEPTUNO,0.35474887854437137,0.2875846994398938,-0.06716417910447758,45,72,-27,substitution_signal
eva_adaptive_open,1,I12,LAS REJAS - SUIZA - DEPARTAMENTAL,I17,MATUCANA,0.3532790270795219,0.3536472146483408,0.0003681875688189007,46,42,4,complementarity_signal
eva_adaptive_open,1,I12,LAS REJAS - SUIZA - DEPARTAMENTAL,C053,CONDELL,0.3532028448920026,0.3681132926531967,0.014910447761194101,47,37,10,complementarity_signal
eva_adaptive_open,1,I12,LAS REJAS - SUIZA - DEPARTAMENTAL,C023,AVENIDA DORSAL,0.34913804016037303,0.4198963414700359,0.07075830130966287,48,24,24,complementarity_signal
eva_adaptive_open,1,I12,LAS REJAS - SUIZA - DEPARTAMENTAL,C014,JOSE DOMINGO CAÑAS,0.3434151720257287,0.3434151720257287,0,49,45,4,neutral
eva_adaptive_open,1,I12,LAS REJAS - SUIZA - DEPARTAMENTAL,C083,ORIENTAL-LAS PARCELAS,0.33400841178333013,0.33400841178333013,0,50,46,4,neutral
eva_adaptive_open,1,I12,LAS REJAS - SUIZA - DEPARTAMENTAL,C078,WALDO TAFF,0.33255806783730496,0.29534911261342445,-0.03720895522388051,51,66,-15,substitution_signal
eva_adaptive_open,1,I12,LAS REJAS - SUIZA - DEPARTAMENTAL,C001,SAN EUGENIO,0.3301050844306759,0.3301050844306759,0,52,47,5,neutral
eva_adaptive_open,1,I12,LAS REJAS - SUIZA - DEPARTAMENTAL,C049,FEDERICO ERRÁZURIZ (EX SERRANO),0.32905890532348764,0.32905890532348764,0,53,48,5,neutral
eva_adaptive_open,1,I12,LAS REJAS - SUIZA - DEPARTAMENTAL,I13,LO ESPEJO-RIQUELME,0.32833080195639963,0.32833080195639963,0,54,49,5,neutral
eva_adaptive_open,1,I12,LAS REJAS - SUIZA - DEPARTAMENTAL,C041,VISTA HERMOSA,0.32433865422117386,0.31412803040111625,-0.010210623820057607,55,53,2,substitution_signal
eva_adaptive_open,1,I12,LAS REJAS - SUIZA - DEPARTAMENTAL,C007,EDUARDO CASTILLO VELASCO,0.3209682481807713,0.3209682481807713,0,56,50,6,neutral
eva_adaptive_open,1,I12,LAS REJAS - SUIZA - DEPARTAMENTAL,C067,CARDENAL RAUL SILVA HENRIQUEZ,0.31744308727562154,0.31744308727562154,0,57,51,6,neutral
eva_adaptive_open,1,I12,LAS REJAS - SUIZA - DEPARTAMENTAL,C074,URETA COX,0.31449957814869145,0.31449957814869145,0,58,52,6,neutral
eva_adaptive_open,1,I12,LAS REJAS - SUIZA - DEPARTAMENTAL,C090,SANTO DOMINGO,0.3106717940498921,0.3106717940498921,0,59,55,4,neutral
eva_adaptive_open,1,I12,LAS REJAS - SUIZA - DEPARTAMENTAL,C005,CORONEL ALEJANDRO SEPULVEDA,0.3106497256836105,0.3106497256836105,0,60,56,4,neutral
eva_adaptive_open,1,I12,LAS REJAS - SUIZA - DEPARTAMENTAL,C088,ÑUBLE,0.30596663776619404,0.30596663776619404,0,61,57,4,neutral
eva_adaptive_open,1,I12,LAS REJAS - SUIZA - DEPARTAMENTAL,C020,LATINOAMERICA - PINTOR MURILLO - FRANCISCO TOLEDO,0.3053874986899725,0.3053874986899725,0,62,58,4,neutral
eva_adaptive_open,1,I12,LAS REJAS - SUIZA - DEPARTAMENTAL,C028,MADRID,0.3053850663175511,0.3053850663175511,0,63,59,4,neutral
eva_adaptive_open,1,I12,LAS REJAS - SUIZA - DEPARTAMENTAL,C034,PEDRO LEON UGALDE,0.30513444215224494,0.30513444215224494,0,64,60,4,neutral
eva_adaptive_open,1,I12,LAS REJAS - SUIZA - DEPARTAMENTAL,C037,SAN ALFONSO,0.3032697592490899,0.3032697592490899,0,65,61,4,neutral
eva_adaptive_open,1,I12,LAS REJAS - SUIZA - DEPARTAMENTAL,C030,MAULE,0.30294715823212187,0.30294715823212187,0,66,62,4,neutral
eva_adaptive_open,1,I12,LAS REJAS - SUIZA - DEPARTAMENTAL,C042,PRINCIPE DE GALES,0.3015275299366899,0.3015275299366899,0,67,63,4,neutral
eva_adaptive_open,1,I12,LAS REJAS - SUIZA - DEPARTAMENTAL,C087,SALVADOR GUTIERREZ,0.2988400180747415,0.2988400180747415,0,68,64,4,neutral
eva_adaptive_open,1,I12,LAS REJAS - SUIZA - DEPARTAMENTAL,I28,SANTA RAQUEL,0.2960140924026152,0.2960140924026152,0,69,65,4,neutral
eva_adaptive_open,1,I12,LAS REJAS - SUIZA - DEPARTAMENTAL,C013,HEROES DE LA CONCEPCION,0.29161502323158384,0.29161502323158384,0,70,67,3,neutral
eva_adaptive_open,1,I12,LAS REJAS - SUIZA - DEPARTAMENTAL,C027,LOS PRESIDENTES,0.2903073892430075,0.2903073892430075,0,71,70,1,neutral
eva_adaptive_open,1,I12,LAS REJAS - SUIZA - DEPARTAMENTAL,I32,EINSTEIN,0.2891830343121434,0.2891830343121434,0,72,71,1,neutral
eva_adaptive_open,1,I12,LAS REJAS - SUIZA - DEPARTAMENTAL,C004,CONSISTORIAL,0.28796525159755554,0.29093172378697835,0.0029664721894228085,73,69,4,complementarity_signal
eva_adaptive_open,1,I12,LAS REJAS - SUIZA - DEPARTAMENTAL,I23,PETERSEN - VICUÑA MACKENNA,0.28720997267232284,0.28720997267232284,0,74,73,1,neutral
eva_adaptive_open,1,I12,LAS REJAS - SUIZA - DEPARTAMENTAL,C063,LONGITUDINAL,0.28538182252354,0.28538182252354,0,75,74,1,neutral
eva_adaptive_open,1,I12,LAS REJAS - SUIZA - DEPARTAMENTAL,C015,JOSE MANUEL GUZMAN,0.2845092001303485,0.2845092001303485,0,76,75,1,neutral
eva_adaptive_open,1,I12,LAS REJAS - SUIZA - DEPARTAMENTAL,C046,EUCALIPTOS,0.2836213631052964,0.2836213631052964,0,77,76,1,neutral
eva_adaptive_open,1,I12,LAS REJAS - SUIZA - DEPARTAMENTAL,C022,LLANURA  - EL DESIERTO,0.2832694397879176,0.2832694397879176,0,78,77,1,neutral
eva_adaptive_open,1,I12,LAS REJAS - SUIZA - DEPARTAMENTAL,I18,NUEVA IMPERIAL,0.28249960315815087,0.2713475180044774,-0.011152085153673497,79,82,-3,substitution_signal
eva_adaptive_open,1,I12,LAS REJAS - SUIZA - DEPARTAMENTAL,I31,FERNANDEZ ALBANO,0.27793271006427517,0.27793271006427517,0,80,78,2,neutral
eva_adaptive_open,1,I12,LAS REJAS - SUIZA - DEPARTAMENTAL,C035,PRODIVENCIA,0.27556952254522565,0.27556952254522565,0,81,79,2,neutral
eva_adaptive_open,1,I12,LAS REJAS - SUIZA - DEPARTAMENTAL,C052,BAQUEDANO - POSTALES ORIENTE,0.2725119994529144,0.2725119994529144,0,82,80,2,neutral
eva_adaptive_open,1,I12,LAS REJAS - SUIZA - DEPARTAMENTAL,C062,CORONA SUECA,0.27233361403980005,0.27233361403980005,0,83,81,2,neutral
eva_adaptive_open,1,I12,LAS REJAS - SUIZA - DEPARTAMENTAL,C089,J J PEREZ,0.26495488367176884,0.26495488367176884,0,84,83,1,neutral
eva_adaptive_open,1,I12,LAS REJAS - SUIZA - DEPARTAMENTAL,C064,SILVA CARVALLO - SANTA ELENA,0.264928178794096,0.264928178794096,0,85,84,1,neutral
eva_adaptive_open,1,I12,LAS REJAS - SUIZA - DEPARTAMENTAL,C047,VIOLETA PARRA,0.2648001936107111,0.2648001936107111,0,86,85,1,neutral
eva_adaptive_open,1,I12,LAS REJAS - SUIZA - DEPARTAMENTAL,C079,LAS AMERICAS,0.26410913255677176,0.264377359699667,0.00026822714289526095,87,86,1,complementarity_signal
eva_adaptive_open,1,I12,LAS REJAS - SUIZA - DEPARTAMENTAL,C40,VICUÑA MACKENNA - SAN MARTIN,0.2599804114545511,0.2599804114545511,0,88,88,0,neutral
eva_adaptive_open,1,I12,LAS REJAS - SUIZA - DEPARTAMENTAL,C011,EYZAGUIRRE,0.2597262361382782,0.2597262361382782,0,89,89,0,neutral
eva_adaptive_open,1,I12,LAS REJAS - SUIZA - DEPARTAMENTAL,C069,LOS OLMOS,0.2594151168255869,0.2594151168255869,0,90,90,0,neutral
eva_adaptive_open,1,I12,LAS REJAS - SUIZA - DEPARTAMENTAL,C065,NUEVA SAN MARTIN,0.2588125082913236,0.2588125082913236,0,91,91,0,neutral
eva_adaptive_open,1,I12,LAS REJAS - SUIZA - DEPARTAMENTAL,C009,EL ROSAL - SANTA ELENA,0.258292338870139,0.258292338870139,0,92,92,0,neutral
eva_adaptive_open,1,I12,LAS REJAS - SUIZA - DEPARTAMENTAL,C076,ISLA DECEPCION,0.25765035826791644,0.24485989841133612,-0.01279045985658031,93,100,-7,substitution_signal
eva_adaptive_open,1,I12,LAS REJAS - SUIZA - DEPARTAMENTAL,C002,CAPITAN IGNACIO CARRERA PINTO,0.2546555618818747,0.2546555618818747,0,94,93,1,neutral
eva_adaptive_open,1,I12,LAS REJAS - SUIZA - DEPARTAMENTAL,C048,GENERAL ARRIAGADA,0.2517348978903142,0.2517348978903142,0,95,94,1,neutral
eva_adaptive_open,1,I12,LAS REJAS - SUIZA - DEPARTAMENTAL,C033,OBSERVATORIO,0.25172362934577086,0.25172362934577086,0,96,95,1,neutral
eva_adaptive_open,1,I12,LAS REJAS - SUIZA - DEPARTAMENTAL,I03,CARRASCAL,0.24854515940907576,0.24854515940907576,0,97,96,1,neutral
eva_adaptive_open,1,I12,LAS REJAS - SUIZA - DEPARTAMENTAL,C054,VICTORIA,0.24818166256108362,0.24818166256108362,0,98,97,1,neutral
eva_adaptive_open,1,I12,LAS REJAS - SUIZA - DEPARTAMENTAL,C017,LA PARINACOTA,0.24787162646529243,0.24787162646529243,0,99,98,1,neutral
eva_adaptive_open,1,I12,LAS REJAS - SUIZA - DEPARTAMENTAL,C056,TEMUCO - TORO MAZOTTE,0.2468166288620158,0.2468166288620158,0,100,99,1,neutral
eva_adaptive_open,1,I12,LAS REJAS - SUIZA - DEPARTAMENTAL,C038,TALCAHUANO - SANTA INES - LOS EDILES,0.24550764665869662,0.23435556150502312,-0.011152085153673497,101,108,-7,substitution_signal
eva_adaptive_open,1,I12,LAS REJAS - SUIZA - DEPARTAMENTAL,C026,LOS MAITENES,0.24476449972018605,0.24476449972018605,0,102,101,1,neutral
eva_adaptive_open,1,I12,LAS REJAS - SUIZA - DEPARTAMENTAL,C031,NECOCHEA,0.24437487011116932,0.23322278495749582,-0.011152085153673497,103,109,-6,substitution_signal
eva_adaptive_open,1,I12,LAS REJAS - SUIZA - DEPARTAMENTAL,C071,BARROS ARANA,0.2432718387690382,0.2432718387690382,0,104,102,2,neutral
eva_adaptive_open,1,I12,LAS REJAS - SUIZA - DEPARTAMENTAL,C082,CAUPOLICAN,0.24201028797730914,0.24201028797730914,0,105,103,2,neutral
eva_adaptive_open,1,I12,LAS REJAS - SUIZA - DEPARTAMENTAL,C080,PARAGUAY,0.2404621201898296,0.2404621201898296,0,106,104,2,neutral
eva_adaptive_open,1,I12,LAS REJAS - SUIZA - DEPARTAMENTAL,C036,RIO REFUGIO - SALAR SURIRE,0.23882288406802515,0.23882288406802515,0,107,105,2,neutral
eva_adaptive_open,1,I12,LAS REJAS - SUIZA - DEPARTAMENTAL,C077,RICARDO VIAL,0.23530100578344948,0.23530100578344948,0,108,106,2,neutral
eva_adaptive_open,1,I12,LAS REJAS - SUIZA - DEPARTAMENTAL,C012,GABRIELA ORIENTE,0.23493763531224565,0.23493763531224565,0,109,107,2,neutral
eva_adaptive_open,1,I12,LAS REJAS - SUIZA - DEPARTAMENTAL,C019,LAS HIJUELAS SUR - LIBERTADOR BERNARDO OHIGGINS,0.23151138733257812,0.23151138733257812,0,110,110,0,neutral
eva_adaptive_open,1,I12,LAS REJAS - SUIZA - DEPARTAMENTAL,C051,JOSE MIGUEL INFANTE - DOMINGO STA MARIA,0.22770327755636682,0.22770327755636682,0,111,111,0,neutral
eva_adaptive_open,1,I12,LAS REJAS - SUIZA - DEPARTAMENTAL,C008,EL CERRO,0.22664145134727998,0.22664145134727998,0,112,112,0,neutral
eva_adaptive_open,1,I12,LAS REJAS - SUIZA - DEPARTAMENTAL,C039,TUPUNGATO,0.22275270275256875,0.22275270275256875,0,113,113,0,neutral
eva_adaptive_open,1,I12,LAS REJAS - SUIZA - DEPARTAMENTAL,C072,COVADONGA,0.2222660174854263,0.2222660174854263,0,114,114,0,neutral
eva_adaptive_open,1,I12,LAS REJAS - SUIZA - DEPARTAMENTAL,C010,ESQ BLANCA - ALBERTO LLONA,0.219488334536514,0.219488334536514,0,115,115,0,neutral
eva_adaptive_open,1,I12,LAS REJAS - SUIZA - DEPARTAMENTAL,C084,EL PINO - UNO SUR,0.21625589427110412,0.21625589427110412,0,116,116,0,neutral
eva_adaptive_open,1,I12,LAS REJAS - SUIZA - DEPARTAMENTAL,C021,LAUTARO,0.20904169103894277,0.26431781044192787,0.0552761194029851,117,87,30,complementarity_signal
eva_adaptive_open,1,I12,LAS REJAS - SUIZA - DEPARTAMENTAL,C055,ARTURO PRAT,0.1970214926913857,0.1970214926913857,0,118,117,1,neutral
eva_adaptive_open,1,I12,LAS REJAS - SUIZA - DEPARTAMENTAL,C085,LOS LIBERTADORES,0.19011991189992178,0.19011991189992178,0,119,118,1,neutral
eva_adaptive_open,1,I12,LAS REJAS - SUIZA - DEPARTAMENTAL,C018,LA PRIMAVERA,0.18728903995307272,0.18728903995307272,0,120,119,1,neutral
eva_adaptive_open,1,I12,LAS REJAS - SUIZA - DEPARTAMENTAL,C045,PORTO ALEGRE,0.1789631843926075,0.1789631843926075,0,121,120,1,neutral
eva_adaptive_open,1,I12,LAS REJAS - SUIZA - DEPARTAMENTAL,C025,LOS DURAZNOS,0.17773769788730326,0.17773769788730326,0,122,121,1,neutral
eva_adaptive_open,1,I12,LAS REJAS - SUIZA - DEPARTAMENTAL,C073,LOS MORROS,0.16537203853610075,0.16537203853610075,0,123,122,1,neutral
eva_adaptive_open,1,I12,LAS REJAS - SUIZA - DEPARTAMENTAL,C016,JUANITA,0.15869954711149178,0.15869954711149178,0,124,123,1,neutral
eva_adaptive_open,2,I26,SAN PABLO,I30,WALKER - HUALLE - AGUIRRE,0.582167543325313,0.5765705283999397,-0.005597014925373234,2,2,0,substitution_signal
eva_adaptive_open,2,I26,SAN PABLO,C066,CUATRO PONIENTE,0.572487990377622,0.572487990377622,0,3,3,0,neutral
eva_adaptive_open,2,I26,SAN PABLO,I11,JOSE JOAQUIN PEREZ,0.5587180957996021,0.6007075437890453,0.04198944798944326,4,1,3,complementarity_signal
eva_adaptive_open,2,I26,SAN PABLO,I14,LO OVALLE,0.5302680841538587,0.535283009526993,0.005014925373134305,5,6,-1,complementarity_signal
eva_adaptive_open,2,I26,SAN PABLO,I16,MATTA-VESPUCIO NORTE,0.5227107068074346,0.5227107068074346,0,6,7,-1,neutral
eva_adaptive_open,2,I26,SAN PABLO,I08,GENERAL OSCAR BONILLA,0.5152019385572235,0.5437077648793681,0.0285058263221446,7,5,2,complementarity_signal
eva_adaptive_open,2,I26,SAN PABLO,I20,PAC - LO ESPEJO - EL BOSQUE,0.503748125196464,0.5080242445994491,0.004276119402985112,8,8,0,complementarity_signal
eva_adaptive_open,2,I26,SAN PABLO,I04,DEL FERROCARRIL,0.5026073146224199,0.49701029969704674,-0.005597014925373178,9,9,0,substitution_signal
eva_adaptive_open,2,I26,SAN PABLO,EP-ALAMEDA-T3,ALAMEDA TRAMO 3,0.4902395477729498,0.47967183355519394,-0.010567714217755875,10,12,-2,substitution_signal
eva_adaptive_open,2,I26,SAN PABLO,I01,BARÓN DE JURAS REALES,0.48687720322810635,0.48687720322810635,0,11,10,1,neutral
eva_adaptive_open,2,I26,SAN PABLO,C068,SAN CARLOS,0.48156244324655567,0.48156244324655567,0,12,11,1,neutral
eva_adaptive_open,2,I26,SAN PABLO,EP-I34,VICUÑA MACKENNA,0.4789418889773093,0.4789418889773093,0,13,13,0,neutral
eva_adaptive_open,2,I26,SAN PABLO,I22,PEDRO FONTOVA,0.4728109936708254,0.4728109936708254,0,14,14,0,neutral
eva_adaptive_open,2,I26,SAN PABLO,EP-I10,GRAN AVENIDA,0.45002418527643756,0.45002418527643756,0,15,15,0,neutral
eva_adaptive_open,2,I26,SAN PABLO,C006,DOMINGO TOCORNAL,0.44257795158972896,0.44257795158972896,0,16,16,0,neutral
eva_adaptive_open,2,I26,SAN PABLO,I05,DIAGONAL JOSE MARIA CARO,0.43893681633352033,0.43333980140814715,-0.005597014925373178,17,17,0,substitution_signal
eva_adaptive_open,2,I26,SAN PABLO,I21,PEDRO DE VALDIVIA,0.43198235096302845,0.4263853360376553,-0.005597014925373123,18,20,-2,substitution_signal
eva_adaptive_open,2,I26,SAN PABLO,I10,GRAN AVENIDA,0.42885168392375667,0.42885168392375667,0,19,19,0,neutral
eva_adaptive_open,2,I26,SAN PABLO,I07,EL GUANACO,0.42548756362861406,0.41989054870324094,-0.005597014925373123,20,22,-2,substitution_signal
eva_adaptive_open,2,I26,SAN PABLO,I29,SANTA ROSA,0.4235325573693767,0.4235325573693767,0,21,21,0,neutral
eva_adaptive_open,2,I26,SAN PABLO,I15,MARTINEZ DE ROZAS,0.42342407874800625,0.4148837713854609,-0.008540307362545352,22,24,-2,substitution_signal
eva_adaptive_open,2,I26,SAN PABLO,C060,ROJAS MAGALLANES,0.42247939656875466,0.41688238164338154,-0.005597014925373123,23,23,0,substitution_signal
eva_adaptive_open,2,I26,SAN PABLO,C023,AVENIDA DORSAL,0.4198963414700359,0.3037663294389082,-0.11613001203112772,24,62,-38,substitution_signal
eva_adaptive_open,2,I26,SAN PABLO,I19,PAC-LO ESPEJO-SN BDO,0.41843348297957955,0.43253796059151983,0.01410447761194028,25,18,7,complementarity_signal
eva_adaptive_open,2,I26,SAN PABLO,EP-I33,LA CHIMBA,0.4043195865206677,0.4043195865206677,0,26,25,1,neutral
eva_adaptive_open,2,I26,SAN PABLO,I06,DIAGONAL ORIENTE,0.40267663972498335,0.40267663972498335,0,27,26,1,neutral
eva_adaptive_open,2,I26,SAN PABLO,I24,RADAL,0.4019586400827961,0.38761087886284273,-0.014347761219953348,28,29,-1,substitution_signal
eva_adaptive_open,2,I26,SAN PABLO,C070,MENDOZA (EX-CORONEL ROBLES),0.3937720786581624,0.37358596308451614,-0.020186115573646246,29,32,-3,substitution_signal
eva_adaptive_open,2,I26,SAN PABLO,C081,SAN GREGORIO - DIEGO MEZA,0.3897582429213287,0.3897582429213287,0,30,28,2,neutral
eva_adaptive_open,2,I26,SAN PABLO,C029,MARIA ELENA,0.3866330072050211,0.3866330072050211,0,31,30,1,neutral
eva_adaptive_open,2,I26,SAN PABLO,C061,EL PINAR,0.38160827315612816,0.38160827315612816,0,32,31,1,neutral
eva_adaptive_open,2,I26,SAN PABLO,C050,MAR DE DRAKE,0.3754671127887729,0.31891487398280277,-0.056552238805970156,33,50,-17,substitution_signal
eva_adaptive_open,2,I26,SAN PABLO,I09,GENERAL VELASQUEZ,0.37190485218797154,0.39232276263573274,0.0204179104477612,34,27,7,complementarity_signal
eva_adaptive_open,2,I26,SAN PABLO,C003,CONCHA Y TORO,0.3709576416282776,0.3709576416282776,0,35,33,2,neutral
eva_adaptive_open,2,I26,SAN PABLO,C086,LA ESTRELLA,0.36814789692769634,0.3579389417038158,-0.010208955223880545,36,37,-1,substitution_signal
eva_adaptive_open,2,I26,SAN PABLO,C053,CONDELL,0.3681132926531967,0.3681132926531967,0,37,34,3,neutral
eva_adaptive_open,2,I26,SAN PABLO,I25,SAN FRANCISCO,0.36278550273533117,0.36278550273533117,0,38,35,3,neutral
eva_adaptive_open,2,I26,SAN PABLO,I27,SANTA CECILIA - NONATO COO,0.36006768212709356,0.36006768212709356,0,39,36,3,neutral
eva_adaptive_open,2,I26,SAN PABLO,C057,PADRE VICENTE IRARRAZABAL - MANUEL CHACON,0.35926879818012003,0.3536717832547469,-0.005597014925373123,40,40,0,substitution_signal
eva_adaptive_open,2,I26,SAN PABLO,I02,CARLOS VALDOVINOS,0.35451515707262266,0.35451515707262266,0,41,38,3,neutral
eva_adaptive_open,2,I26,SAN PABLO,I17,MATUCANA,0.3536472146483408,0.3544182671349851,0.0007710524866442747,42,39,3,complementarity_signal
eva_adaptive_open,2,I26,SAN PABLO,C058,ANTONIO EBNER-BARROS ARANA,0.350997687135054,0.3461717246963252,-0.004825962438728848,43,42,1,substitution_signal
eva_adaptive_open,2,I26,SAN PABLO,C044,LOS CERRILLOS,0.34964631946381725,0.34964631946381725,0,44,41,3,neutral
eva_adaptive_open,2,I26,SAN PABLO,C014,JOSE DOMINGO CAÑAS,0.3434151720257287,0.3434151720257287,0,45,44,1,neutral
eva_adaptive_open,2,I26,SAN PABLO,C083,ORIENTAL-LAS PARCELAS,0.33400841178333013,0.33400841178333013,0,46,45,1,neutral
eva_adaptive_open,2,I26,SAN PABLO,C001,SAN EUGENIO,0.3301050844306759,0.3301050844306759,0,47,47,0,neutral
eva_adaptive_open,2,I26,SAN PABLO,C049,FEDERICO ERRÁZURIZ (EX SERRANO),0.32905890532348764,0.5607503270744679,0.2316914217509803,48,4,44,complementarity_signal
eva_adaptive_open,2,I26,SAN PABLO,I13,LO ESPEJO-RIQUELME,0.32833080195639963,0.32833080195639963,0,49,48,1,neutral
eva_adaptive_open,2,I26,SAN PABLO,C007,EDUARDO CASTILLO VELASCO,0.3209682481807713,0.3209682481807713,0,50,49,1,neutral
eva_adaptive_open,2,I26,SAN PABLO,C067,CARDENAL RAUL SILVA HENRIQUEZ,0.31744308727562154,0.31744308727562154,0,51,51,0,neutral
eva_adaptive_open,2,I26,SAN PABLO,C074,URETA COX,0.31449957814869145,0.31449957814869145,0,52,53,-1,neutral
eva_adaptive_open,2,I26,SAN PABLO,C041,VISTA HERMOSA,0.31412803040111625,0.30344837588485296,-0.010679654516263293,53,63,-10,substitution_signal
eva_adaptive_open,2,I26,SAN PABLO,C032,OBISPO MANUEL UMAÑA,0.31389417400550856,0.3082971590801354,-0.005597014925373178,54,57,-3,substitution_signal
eva_adaptive_open,2,I26,SAN PABLO,C090,SANTO DOMINGO,0.3106717940498921,0.3118283727798585,0.0011565787299663843,55,55,0,complementarity_signal
eva_adaptive_open,2,I26,SAN PABLO,C005,CORONEL ALEJANDRO SEPULVEDA,0.3106497256836105,0.3106497256836105,0,56,56,0,neutral
eva_adaptive_open,2,I26,SAN PABLO,C088,ÑUBLE,0.30596663776619404,0.30596663776619404,0,57,58,-1,neutral
eva_adaptive_open,2,I26,SAN PABLO,C020,LATINOAMERICA - PINTOR MURILLO - FRANCISCO TOLEDO,0.3053874986899725,0.3053874986899725,0,58,59,-1,neutral
eva_adaptive_open,2,I26,SAN PABLO,C028,MADRID,0.3053850663175511,0.3053850663175511,0,59,60,-1,neutral
eva_adaptive_open,2,I26,SAN PABLO,C034,PEDRO LEON UGALDE,0.30513444215224494,0.30513444215224494,0,60,61,-1,neutral
eva_adaptive_open,2,I26,SAN PABLO,C037,SAN ALFONSO,0.3032697592490899,0.3032697592490899,0,61,64,-3,neutral
eva_adaptive_open,2,I26,SAN PABLO,C030,MAULE,0.30294715823212187,0.30294715823212187,0,62,65,-3,neutral
eva_adaptive_open,2,I26,SAN PABLO,C042,PRINCIPE DE GALES,0.3015275299366899,0.3015275299366899,0,63,66,-3,neutral
eva_adaptive_open,2,I26,SAN PABLO,C087,SALVADOR GUTIERREZ,0.2988400180747415,0.2988400180747415,0,64,67,-3,neutral
eva_adaptive_open,2,I26,SAN PABLO,I28,SANTA RAQUEL,0.2960140924026152,0.2960140924026152,0,65,69,-4,neutral
eva_adaptive_open,2,I26,SAN PABLO,C078,WALDO TAFF,0.29534911261342445,0.2640982140605202,-0.03125089855290425,66,89,-23,substitution_signal
eva_adaptive_open,2,I26,SAN PABLO,C013,HEROES DE LA CONCEPCION,0.29161502323158384,0.29161502323158384,0,67,72,-5,neutral
eva_adaptive_open,2,I26,SAN PABLO,C024,LOS ARRAYANES - LOS COPIHUES,0.2909815151341239,0.3164169532190636,0.0254354380849397,68,52,16,complementarity_signal
eva_adaptive_open,2,I26,SAN PABLO,C004,CONSISTORIAL,0.29093172378697835,0.29093172378697835,0,69,73,-4,neutral
eva_adaptive_open,2,I26,SAN PABLO,C027,LOS PRESIDENTES,0.2903073892430075,0.2903073892430075,0,70,74,-4,neutral
eva_adaptive_open,2,I26,SAN PABLO,I32,EINSTEIN,0.2891830343121434,0.2835860193867703,-0.005597014925373123,71,78,-7,substitution_signal
eva_adaptive_open,2,I26,SAN PABLO,C043,NEPTUNO,0.2875846994398938,0.3307602721554096,0.04317557271551581,72,46,26,complementarity_signal
eva_adaptive_open,2,I26,SAN PABLO,I23,PETERSEN - VICUÑA MACKENNA,0.28720997267232284,0.28720997267232284,0,73,75,-2,neutral
eva_adaptive_open,2,I26,SAN PABLO,C063,LONGITUDINAL,0.28538182252354,0.28538182252354,0,74,76,-2,neutral
eva_adaptive_open,2,I26,SAN PABLO,C015,JOSE MANUEL GUZMAN,0.2845092001303485,0.3126826686368105,0.028173468506461963,75,54,21,complementarity_signal
eva_adaptive_open,2,I26,SAN PABLO,C046,EUCALIPTOS,0.2836213631052964,0.2836213631052964,0,76,77,-1,neutral
eva_adaptive_open,2,I26,SAN PABLO,C022,LLANURA  - EL DESIERTO,0.2832694397879176,0.2832694397879176,0,77,79,-2,neutral
eva_adaptive_open,2,I26,SAN PABLO,I31,FERNANDEZ ALBANO,0.27793271006427517,0.27793271006427517,0,78,80,-2,neutral
eva_adaptive_open,2,I26,SAN PABLO,C035,PRODIVENCIA,0.27556952254522565,0.27556952254522565,0,79,81,-2,neutral
eva_adaptive_open,2,I26,SAN PABLO,C052,BAQUEDANO - POSTALES ORIENTE,0.2725119994529144,0.2725119994529144,0,80,82,-2,neutral
eva_adaptive_open,2,I26,SAN PABLO,C062,CORONA SUECA,0.27233361403980005,0.2513511863347979,-0.020982427705002138,81,98,-17,substitution_signal
eva_adaptive_open,2,I26,SAN PABLO,I18,NUEVA IMPERIAL,0.2713475180044774,0.34394633098034916,0.07259881297587178,82,43,39,complementarity_signal
eva_adaptive_open,2,I26,SAN PABLO,C089,J J PEREZ,0.26495488367176884,0.26495488367176884,0,83,84,-1,neutral
eva_adaptive_open,2,I26,SAN PABLO,C064,SILVA CARVALLO - SANTA ELENA,0.264928178794096,0.264928178794096,0,84,85,-1,neutral
eva_adaptive_open,2,I26,SAN PABLO,C047,VIOLETA PARRA,0.2648001936107111,0.2648001936107111,0,85,86,-1,neutral
eva_adaptive_open,2,I26,SAN PABLO,C079,LAS AMERICAS,0.264377359699667,0.264377359699667,0,86,87,-1,neutral
eva_adaptive_open,2,I26,SAN PABLO,C021,LAUTARO,0.26431781044192787,0.26431781044192787,0,87,88,-1,neutral
eva_adaptive_open,2,I26,SAN PABLO,C40,VICUÑA MACKENNA - SAN MARTIN,0.2599804114545511,0.2599804114545511,0,88,90,-2,neutral
eva_adaptive_open,2,I26,SAN PABLO,C011,EYZAGUIRRE,0.2597262361382782,0.2597262361382782,0,89,91,-2,neutral
eva_adaptive_open,2,I26,SAN PABLO,C069,LOS OLMOS,0.2594151168255869,0.2594151168255869,0,90,92,-2,neutral
eva_adaptive_open,2,I26,SAN PABLO,C065,NUEVA SAN MARTIN,0.2588125082913236,0.2588125082913236,0,91,93,-2,neutral
eva_adaptive_open,2,I26,SAN PABLO,C009,EL ROSAL - SANTA ELENA,0.258292338870139,0.258292338870139,0,92,94,-2,neutral
eva_adaptive_open,2,I26,SAN PABLO,C002,CAPITAN IGNACIO CARRERA PINTO,0.2546555618818747,0.2546555618818747,0,93,95,-2,neutral
eva_adaptive_open,2,I26,SAN PABLO,C048,GENERAL ARRIAGADA,0.2517348978903142,0.2517348978903142,0,94,96,-2,neutral
eva_adaptive_open,2,I26,SAN PABLO,C033,OBSERVATORIO,0.25172362934577086,0.25172362934577086,0,95,97,-2,neutral
eva_adaptive_open,2,I26,SAN PABLO,I03,CARRASCAL,0.24854515940907576,0.24854515940907576,0,96,99,-3,neutral
eva_adaptive_open,2,I26,SAN PABLO,C054,VICTORIA,0.24818166256108362,0.24818166256108362,0,97,100,-3,neutral
eva_adaptive_open,2,I26,SAN PABLO,C017,LA PARINACOTA,0.24787162646529243,0.24787162646529243,0,98,101,-3,neutral
eva_adaptive_open,2,I26,SAN PABLO,C056,TEMUCO - TORO MAZOTTE,0.2468166288620158,0.2468166288620158,0,99,102,-3,neutral
eva_adaptive_open,2,I26,SAN PABLO,C076,ISLA DECEPCION,0.24485989841133612,0.24485989841133612,0,100,103,-3,neutral
eva_adaptive_open,2,I26,SAN PABLO,C026,LOS MAITENES,0.24476449972018605,0.26662966416212264,0.02186516444193659,101,83,18,complementarity_signal
eva_adaptive_open,2,I26,SAN PABLO,C071,BARROS ARANA,0.2432718387690382,0.2432718387690382,0,102,104,-2,neutral
eva_adaptive_open,2,I26,SAN PABLO,C082,CAUPOLICAN,0.24201028797730914,0.24201028797730914,0,103,105,-2,neutral
eva_adaptive_open,2,I26,SAN PABLO,C080,PARAGUAY,0.2404621201898296,0.2404621201898296,0,104,106,-2,neutral
eva_adaptive_open,2,I26,SAN PABLO,C036,RIO REFUGIO - SALAR SURIRE,0.23882288406802515,0.23882288406802515,0,105,107,-2,neutral
eva_adaptive_open,2,I26,SAN PABLO,C077,RICARDO VIAL,0.23530100578344948,0.22334495183243977,-0.01195605395100971,106,112,-6,substitution_signal
eva_adaptive_open,2,I26,SAN PABLO,C012,GABRIELA ORIENTE,0.23493763531224565,0.23493763531224565,0,107,108,-1,neutral
eva_adaptive_open,2,I26,SAN PABLO,C038,TALCAHUANO - SANTA INES - LOS EDILES,0.23435556150502312,0.29282509996910594,0.058469538464082815,108,71,37,complementarity_signal
eva_adaptive_open,2,I26,SAN PABLO,C031,NECOCHEA,0.23322278495749582,0.2942204983522875,0.06099771339479165,109,70,39,complementarity_signal
eva_adaptive_open,2,I26,SAN PABLO,C019,LAS HIJUELAS SUR - LIBERTADOR BERNARDO OHIGGINS,0.23151138733257812,0.23151138733257812,0,110,109,1,neutral
eva_adaptive_open,2,I26,SAN PABLO,C051,JOSE MIGUEL INFANTE - DOMINGO STA MARIA,0.22770327755636682,0.22770327755636682,0,111,110,1,neutral
eva_adaptive_open,2,I26,SAN PABLO,C008,EL CERRO,0.22664145134727998,0.22664145134727998,0,112,111,1,neutral
eva_adaptive_open,2,I26,SAN PABLO,C039,TUPUNGATO,0.22275270275256875,0.2972177850899593,0.07446508233739052,113,68,45,complementarity_signal
eva_adaptive_open,2,I26,SAN PABLO,C072,COVADONGA,0.2222660174854263,0.2222660174854263,0,114,113,1,neutral
eva_adaptive_open,2,I26,SAN PABLO,C010,ESQ BLANCA - ALBERTO LLONA,0.219488334536514,0.219488334536514,0,115,114,1,neutral
eva_adaptive_open,2,I26,SAN PABLO,C084,EL PINO - UNO SUR,0.21625589427110412,0.21625589427110412,0,116,115,1,neutral
eva_adaptive_open,2,I26,SAN PABLO,C055,ARTURO PRAT,0.1970214926913857,0.1970214926913857,0,117,116,1,neutral
eva_adaptive_open,2,I26,SAN PABLO,C085,LOS LIBERTADORES,0.19011991189992178,0.19011991189992178,0,118,117,1,neutral
eva_adaptive_open,2,I26,SAN PABLO,C018,LA PRIMAVERA,0.18728903995307272,0.18728903995307272,0,119,118,1,neutral
eva_adaptive_open,2,I26,SAN PABLO,C045,PORTO ALEGRE,0.1789631843926075,0.1789631843926075,0,120,119,1,neutral
eva_adaptive_open,2,I26,SAN PABLO,C025,LOS DURAZNOS,0.17773769788730326,0.17773769788730326,0,121,120,1,neutral
eva_adaptive_open,2,I26,SAN PABLO,C073,LOS MORROS,0.16537203853610075,0.16537203853610075,0,122,121,1,neutral
eva_adaptive_open,2,I26,SAN PABLO,C016,JUANITA,0.15869954711149178,0.15869954711149178,0,123,122,1,neutral
eva_adaptive_open,3,I11,JOSE JOAQUIN PEREZ,I30,WALKER - HUALLE - AGUIRRE,0.5765705283999397,0.5933615731760592,0.01679104477611948,2,1,1,complementarity_signal
eva_adaptive_open,3,I11,JOSE JOAQUIN PEREZ,C066,CUATRO PONIENTE,0.572487990377622,0.572487990377622,0,3,2,1,neutral
eva_adaptive_open,3,I11,JOSE JOAQUIN PEREZ,C049,FEDERICO ERRÁZURIZ (EX SERRANO),0.5607503270744679,0.3020754541725971,-0.2586748729018708,4,63,-59,substitution_signal
eva_adaptive_open,3,I11,JOSE JOAQUIN PEREZ,I08,GENERAL OSCAR BONILLA,0.5437077648793681,0.4199035352376331,-0.12380422964173504,5,21,-16,substitution_signal
eva_adaptive_open,3,I11,JOSE JOAQUIN PEREZ,I14,LO OVALLE,0.535283009526993,0.5419104498429295,0.006627440315936428,6,3,3,complementarity_signal
eva_adaptive_open,3,I11,JOSE JOAQUIN PEREZ,I16,MATTA-VESPUCIO NORTE,0.5227107068074346,0.5227107068074346,0,7,4,3,neutral
eva_adaptive_open,3,I11,JOSE JOAQUIN PEREZ,I20,PAC - LO ESPEJO - EL BOSQUE,0.5080242445994491,0.5200154588469367,0.011991214247487614,8,5,3,complementarity_signal
eva_adaptive_open,3,I11,JOSE JOAQUIN PEREZ,I04,DEL FERROCARRIL,0.49701029969704674,0.5123560192378234,0.015345719540776626,9,6,3,complementarity_signal
eva_adaptive_open,3,I11,JOSE JOAQUIN PEREZ,I01,BARÓN DE JURAS REALES,0.48687720322810635,0.4929090460062476,0.006031842778141228,10,8,2,complementarity_signal
eva_adaptive_open,3,I11,JOSE JOAQUIN PEREZ,C068,SAN CARLOS,0.48156244324655567,0.48156244324655567,0,11,9,2,neutral
eva_adaptive_open,3,I11,JOSE JOAQUIN PEREZ,EP-ALAMEDA-T3,ALAMEDA TRAMO 3,0.47967183355519394,0.4949992270178846,0.015327393462690686,12,7,5,complementarity_signal
eva_adaptive_open,3,I11,JOSE JOAQUIN PEREZ,EP-I34,VICUÑA MACKENNA,0.4789418889773093,0.4789418889773093,0,13,11,2,neutral
eva_adaptive_open,3,I11,JOSE JOAQUIN PEREZ,I22,PEDRO FONTOVA,0.4728109936708254,0.47895195991393325,0.006140966243107837,14,10,4,complementarity_signal
eva_adaptive_open,3,I11,JOSE JOAQUIN PEREZ,EP-I10,GRAN AVENIDA,0.45002418527643756,0.45002418527643756,0,15,12,3,neutral
eva_adaptive_open,3,I11,JOSE JOAQUIN PEREZ,C006,DOMINGO TOCORNAL,0.44257795158972896,0.44257795158972896,0,16,14,2,neutral
eva_adaptive_open,3,I11,JOSE JOAQUIN PEREZ,I05,DIAGONAL JOSE MARIA CARO,0.43333980140814715,0.4451852400344961,0.011845438626348959,17,13,4,complementarity_signal
eva_adaptive_open,3,I11,JOSE JOAQUIN PEREZ,I19,PAC-LO ESPEJO-SN BDO,0.43253796059151983,0.4386106205435798,0.006072659952059967,18,15,3,complementarity_signal
eva_adaptive_open,3,I11,JOSE JOAQUIN PEREZ,I10,GRAN AVENIDA,0.42885168392375667,0.42885168392375667,0,19,17,2,neutral
eva_adaptive_open,3,I11,JOSE JOAQUIN PEREZ,I21,PEDRO DE VALDIVIA,0.4263853360376553,0.4377484656089225,0.011363129571267172,20,16,4,complementarity_signal
eva_adaptive_open,3,I11,JOSE JOAQUIN PEREZ,I29,SANTA ROSA,0.4235325573693767,0.4236225217527081,0.00008996438333136458,21,20,1,complementarity_signal
eva_adaptive_open,3,I11,JOSE JOAQUIN PEREZ,I07,EL GUANACO,0.41989054870324094,0.42580826999511917,0.005917721291878231,22,19,3,complementarity_signal
eva_adaptive_open,3,I11,JOSE JOAQUIN PEREZ,C060,ROJAS MAGALLANES,0.41688238164338154,0.42807641149412784,0.011194029850746301,23,18,5,complementarity_signal
eva_adaptive_open,3,I11,JOSE JOAQUIN PEREZ,I15,MARTINEZ DE ROZAS,0.4148837713854609,0.4148837713854609,0,24,22,2,neutral
eva_adaptive_open,3,I11,JOSE JOAQUIN PEREZ,EP-I33,LA CHIMBA,0.4043195865206677,0.40472276023855985,0.00040317371789216905,25,23,2,complementarity_signal
eva_adaptive_open,3,I11,JOSE JOAQUIN PEREZ,I06,DIAGONAL ORIENTE,0.40267663972498335,0.40267663972498335,0,26,24,2,neutral
eva_adaptive_open,3,I11,JOSE JOAQUIN PEREZ,I09,GENERAL VELASQUEZ,0.39232276263573274,0.39820549777853775,0.005882735142805018,27,25,2,complementarity_signal
eva_adaptive_open,3,I11,JOSE JOAQUIN PEREZ,C081,SAN GREGORIO - DIEGO MEZA,0.3897582429213287,0.38984820730466,0.00008996438333130907,28,26,2,complementarity_signal
eva_adaptive_open,3,I11,JOSE JOAQUIN PEREZ,I24,RADAL,0.38761087886284273,0.37833718310344283,-0.009273695759399903,29,29,0,substitution_signal
eva_adaptive_open,3,I11,JOSE JOAQUIN PEREZ,C029,MARIA ELENA,0.3866330072050211,0.3866330072050211,0,30,27,3,neutral
eva_adaptive_open,3,I11,JOSE JOAQUIN PEREZ,C061,EL PINAR,0.38160827315612816,0.38169823753945953,0.00008996438333136458,31,28,3,complementarity_signal
eva_adaptive_open,3,I11,JOSE JOAQUIN PEREZ,C070,MENDOZA (EX-CORONEL ROBLES),0.37358596308451614,0.3651544687715181,-0.008431494312998056,32,33,-1,substitution_signal
eva_adaptive_open,3,I11,JOSE JOAQUIN PEREZ,C003,CONCHA Y TORO,0.3709576416282776,0.3709576416282776,0,33,30,3,neutral
eva_adaptive_open,3,I11,JOSE JOAQUIN PEREZ,C053,CONDELL,0.3681132926531967,0.3681132926531967,0,34,31,3,neutral
eva_adaptive_open,3,I11,JOSE JOAQUIN PEREZ,I25,SAN FRANCISCO,0.36278550273533117,0.36278550273533117,0,35,34,1,neutral
eva_adaptive_open,3,I11,JOSE JOAQUIN PEREZ,I27,SANTA CECILIA - NONATO COO,0.36006768212709356,0.36006768212709356,0,36,36,0,neutral
eva_adaptive_open,3,I11,JOSE JOAQUIN PEREZ,C086,LA ESTRELLA,0.3579389417038158,0.35999187568236085,0.0020529339785450573,37,37,0,complementarity_signal
eva_adaptive_open,3,I11,JOSE JOAQUIN PEREZ,I02,CARLOS VALDOVINOS,0.35451515707262266,0.35451515707262266,0,38,40,-2,neutral
eva_adaptive_open,3,I11,JOSE JOAQUIN PEREZ,I17,MATUCANA,0.3544182671349851,0.3601410655963122,0.0057227984613271166,39,35,4,complementarity_signal
eva_adaptive_open,3,I11,JOSE JOAQUIN PEREZ,C057,PADRE VICENTE IRARRAZABAL - MANUEL CHACON,0.3536717832547469,0.3666742638111625,0.013002480556415619,40,32,8,complementarity_signal
eva_adaptive_open,3,I11,JOSE JOAQUIN PEREZ,C044,LOS CERRILLOS,0.34964631946381725,0.3557672936217404,0.006120974157923176,41,39,2,complementarity_signal
eva_adaptive_open,3,I11,JOSE JOAQUIN PEREZ,C058,ANTONIO EBNER-BARROS ARANA,0.3461717246963252,0.3591982079556389,0.013026483259313715,42,38,4,complementarity_signal
eva_adaptive_open,3,I11,JOSE JOAQUIN PEREZ,I18,NUEVA IMPERIAL,0.34394633098034916,0.35003815001404454,0.006091819033695378,43,41,2,complementarity_signal
eva_adaptive_open,3,I11,JOSE JOAQUIN PEREZ,C014,JOSE DOMINGO CAÑAS,0.3434151720257287,0.3434151720257287,0,44,42,2,neutral
eva_adaptive_open,3,I11,JOSE JOAQUIN PEREZ,C083,ORIENTAL-LAS PARCELAS,0.33400841178333013,0.33400841178333013,0,45,43,2,neutral
eva_adaptive_open,3,I11,JOSE JOAQUIN PEREZ,C043,NEPTUNO,0.3307602721554096,0.331278400363114,0.0005181282077044158,46,44,2,complementarity_signal
eva_adaptive_open,3,I11,JOSE JOAQUIN PEREZ,C001,SAN EUGENIO,0.3301050844306759,0.3301050844306759,0,47,45,2,neutral
eva_adaptive_open,3,I11,JOSE JOAQUIN PEREZ,I13,LO ESPEJO-RIQUELME,0.32833080195639963,0.32833080195639963,0,48,46,2,neutral
eva_adaptive_open,3,I11,JOSE JOAQUIN PEREZ,C007,EDUARDO CASTILLO VELASCO,0.3209682481807713,0.3209682481807713,0,49,47,2,neutral
eva_adaptive_open,3,I11,JOSE JOAQUIN PEREZ,C050,MAR DE DRAKE,0.31891487398280277,0.31960219452393557,0.0006873205411327965,50,49,1,complementarity_signal
eva_adaptive_open,3,I11,JOSE JOAQUIN PEREZ,C067,CARDENAL RAUL SILVA HENRIQUEZ,0.31744308727562154,0.31744308727562154,0,51,50,1,neutral
eva_adaptive_open,3,I11,JOSE JOAQUIN PEREZ,C024,LOS ARRAYANES - LOS COPIHUES,0.3164169532190636,0.3164169532190636,0,52,52,0,neutral
eva_adaptive_open,3,I11,JOSE JOAQUIN PEREZ,C074,URETA COX,0.31449957814869145,0.31449957814869145,0,53,53,0,neutral
eva_adaptive_open,3,I11,JOSE JOAQUIN PEREZ,C015,JOSE MANUEL GUZMAN,0.3126826686368105,0.2925490854889885,-0.020133583147821987,54,69,-15,substitution_signal
eva_adaptive_open,3,I11,JOSE JOAQUIN PEREZ,C090,SANTO DOMINGO,0.3118283727798585,0.31219739335222674,0.0003690205723682616,55,54,1,complementarity_signal
eva_adaptive_open,3,I11,JOSE JOAQUIN PEREZ,C005,CORONEL ALEJANDRO SEPULVEDA,0.3106497256836105,0.3106497256836105,0,56,55,1,neutral
eva_adaptive_open,3,I11,JOSE JOAQUIN PEREZ,C032,OBISPO MANUEL UMAÑA,0.3082971590801354,0.3208506507234438,0.012553491643308434,57,48,9,complementarity_signal
eva_adaptive_open,3,I11,JOSE JOAQUIN PEREZ,C088,ÑUBLE,0.30596663776619404,0.30596663776619404,0,58,56,2,neutral
eva_adaptive_open,3,I11,JOSE JOAQUIN PEREZ,C020,LATINOAMERICA - PINTOR MURILLO - FRANCISCO TOLEDO,0.3053874986899725,0.3053874986899725,0,59,57,2,neutral
eva_adaptive_open,3,I11,JOSE JOAQUIN PEREZ,C028,MADRID,0.3053850663175511,0.3053850663175511,0,60,58,2,neutral
eva_adaptive_open,3,I11,JOSE JOAQUIN PEREZ,C034,PEDRO LEON UGALDE,0.30513444215224494,0.30513444215224494,0,61,59,2,neutral
eva_adaptive_open,3,I11,JOSE JOAQUIN PEREZ,C023,AVENIDA DORSAL,0.3037663294389082,0.3042844576466126,0.0005181282077044158,62,60,2,complementarity_signal
eva_adaptive_open,3,I11,JOSE JOAQUIN PEREZ,C041,VISTA HERMOSA,0.30344837588485296,0.31732884218229823,0.01388046629744527,63,51,12,complementarity_signal
eva_adaptive_open,3,I11,JOSE JOAQUIN PEREZ,C037,SAN ALFONSO,0.3032697592490899,0.3032697592490899,0,64,61,3,neutral
eva_adaptive_open,3,I11,JOSE JOAQUIN PEREZ,C030,MAULE,0.30294715823212187,0.30294715823212187,0,65,62,3,neutral
eva_adaptive_open,3,I11,JOSE JOAQUIN PEREZ,C042,PRINCIPE DE GALES,0.3015275299366899,0.3015275299366899,0,66,64,2,neutral
eva_adaptive_open,3,I11,JOSE JOAQUIN PEREZ,C087,SALVADOR GUTIERREZ,0.2988400180747415,0.23167583897026392,-0.06716417910447756,67,106,-39,substitution_signal
eva_adaptive_open,3,I11,JOSE JOAQUIN PEREZ,C039,TUPUNGATO,0.2972177850899593,0.2972177850899593,0,68,65,3,neutral
eva_adaptive_open,3,I11,JOSE JOAQUIN PEREZ,I28,SANTA RAQUEL,0.2960140924026152,0.2960140924026152,0,69,66,3,neutral
eva_adaptive_open,3,I11,JOSE JOAQUIN PEREZ,C031,NECOCHEA,0.2942204983522875,0.2942204983522875,0,70,67,3,neutral
eva_adaptive_open,3,I11,JOSE JOAQUIN PEREZ,C038,TALCAHUANO - SANTA INES - LOS EDILES,0.29282509996910594,0.2933432281768104,0.0005181282077044713,71,68,3,complementarity_signal
eva_adaptive_open,3,I11,JOSE JOAQUIN PEREZ,C013,HEROES DE LA CONCEPCION,0.29161502323158384,0.29161502323158384,0,72,70,2,neutral
eva_adaptive_open,3,I11,JOSE JOAQUIN PEREZ,C004,CONSISTORIAL,0.29093172378697835,0.29093172378697835,0,73,71,2,neutral
eva_adaptive_open,3,I11,JOSE JOAQUIN PEREZ,C027,LOS PRESIDENTES,0.2903073892430075,0.2903073892430075,0,74,72,2,neutral
eva_adaptive_open,3,I11,JOSE JOAQUIN PEREZ,I23,PETERSEN - VICUÑA MACKENNA,0.28720997267232284,0.28720997267232284,0,75,74,1,neutral
eva_adaptive_open,3,I11,JOSE JOAQUIN PEREZ,C063,LONGITUDINAL,0.28538182252354,0.28538182252354,0,76,75,1,neutral
eva_adaptive_open,3,I11,JOSE JOAQUIN PEREZ,C046,EUCALIPTOS,0.2836213631052964,0.2836213631052964,0,77,76,1,neutral
eva_adaptive_open,3,I11,JOSE JOAQUIN PEREZ,I32,EINSTEIN,0.2835860193867703,0.2892355135357534,0.005649494148983081,78,73,5,complementarity_signal
eva_adaptive_open,3,I11,JOSE JOAQUIN PEREZ,C022,LLANURA  - EL DESIERTO,0.2832694397879176,0.2832694397879176,0,79,77,2,neutral
eva_adaptive_open,3,I11,JOSE JOAQUIN PEREZ,I31,FERNANDEZ ALBANO,0.27793271006427517,0.27793271006427517,0,80,78,2,neutral
eva_adaptive_open,3,I11,JOSE JOAQUIN PEREZ,C035,PRODIVENCIA,0.27556952254522565,0.27556952254522565,0,81,79,2,neutral
eva_adaptive_open,3,I11,JOSE JOAQUIN PEREZ,C052,BAQUEDANO - POSTALES ORIENTE,0.2725119994529144,0.2725119994529144,0,82,81,1,neutral
eva_adaptive_open,3,I11,JOSE JOAQUIN PEREZ,C026,LOS MAITENES,0.26662966416212264,0.2734936774860785,0.006864013323955864,83,80,3,complementarity_signal
eva_adaptive_open,3,I11,JOSE JOAQUIN PEREZ,C089,J J PEREZ,0.26495488367176884,0.26495488367176884,0,84,82,2,neutral
eva_adaptive_open,3,I11,JOSE JOAQUIN PEREZ,C064,SILVA CARVALLO - SANTA ELENA,0.264928178794096,0.264928178794096,0,85,83,2,neutral
eva_adaptive_open,3,I11,JOSE JOAQUIN PEREZ,C047,VIOLETA PARRA,0.2648001936107111,0.2648001936107111,0,86,84,2,neutral
eva_adaptive_open,3,I11,JOSE JOAQUIN PEREZ,C079,LAS AMERICAS,0.264377359699667,0.2644298389232769,0.00005247922360990254,87,85,2,complementarity_signal
eva_adaptive_open,3,I11,JOSE JOAQUIN PEREZ,C021,LAUTARO,0.26431781044192787,0.26431781044192787,0,88,86,2,neutral
eva_adaptive_open,3,I11,JOSE JOAQUIN PEREZ,C078,WALDO TAFF,0.2640982140605202,0.2640982140605202,0,89,87,2,neutral
eva_adaptive_open,3,I11,JOSE JOAQUIN PEREZ,C40,VICUÑA MACKENNA - SAN MARTIN,0.2599804114545511,0.2599804114545511,0,90,88,2,neutral
eva_adaptive_open,3,I11,JOSE JOAQUIN PEREZ,C011,EYZAGUIRRE,0.2597262361382782,0.2597262361382782,0,91,89,2,neutral
eva_adaptive_open,3,I11,JOSE JOAQUIN PEREZ,C069,LOS OLMOS,0.2594151168255869,0.2594151168255869,0,92,90,2,neutral
eva_adaptive_open,3,I11,JOSE JOAQUIN PEREZ,C065,NUEVA SAN MARTIN,0.2588125082913236,0.2588125082913236,0,93,91,2,neutral
eva_adaptive_open,3,I11,JOSE JOAQUIN PEREZ,C009,EL ROSAL - SANTA ELENA,0.258292338870139,0.258292338870139,0,94,92,2,neutral
eva_adaptive_open,3,I11,JOSE JOAQUIN PEREZ,C002,CAPITAN IGNACIO CARRERA PINTO,0.2546555618818747,0.2546555618818747,0,95,93,2,neutral
eva_adaptive_open,3,I11,JOSE JOAQUIN PEREZ,C048,GENERAL ARRIAGADA,0.2517348978903142,0.2517348978903142,0,96,95,1,neutral
eva_adaptive_open,3,I11,JOSE JOAQUIN PEREZ,C033,OBSERVATORIO,0.25172362934577086,0.25172362934577086,0,97,96,1,neutral
eva_adaptive_open,3,I11,JOSE JOAQUIN PEREZ,C062,CORONA SUECA,0.2513511863347979,0.2513511863347979,0,98,97,1,neutral
eva_adaptive_open,3,I11,JOSE JOAQUIN PEREZ,I03,CARRASCAL,0.24854515940907576,0.24854515940907576,0,99,98,1,neutral
eva_adaptive_open,3,I11,JOSE JOAQUIN PEREZ,C054,VICTORIA,0.24818166256108362,0.24818166256108362,0,100,99,1,neutral
eva_adaptive_open,3,I11,JOSE JOAQUIN PEREZ,C017,LA PARINACOTA,0.24787162646529243,0.24787162646529243,0,101,100,1,neutral
eva_adaptive_open,3,I11,JOSE JOAQUIN PEREZ,C056,TEMUCO - TORO MAZOTTE,0.2468166288620158,0.25241364378738895,0.0055970149253731505,102,94,8,complementarity_signal
eva_adaptive_open,3,I11,JOSE JOAQUIN PEREZ,C076,ISLA DECEPCION,0.24485989841133612,0.24485989841133612,0,103,101,2,neutral
eva_adaptive_open,3,I11,JOSE JOAQUIN PEREZ,C071,BARROS ARANA,0.2432718387690382,0.2432718387690382,0,104,102,2,neutral
eva_adaptive_open,3,I11,JOSE JOAQUIN PEREZ,C082,CAUPOLICAN,0.24201028797730914,0.24201028797730914,0,105,103,2,neutral
eva_adaptive_open,3,I11,JOSE JOAQUIN PEREZ,C080,PARAGUAY,0.2404621201898296,0.2404621201898296,0,106,104,2,neutral
eva_adaptive_open,3,I11,JOSE JOAQUIN PEREZ,C036,RIO REFUGIO - SALAR SURIRE,0.23882288406802515,0.22368469062682966,-0.015138193441195491,107,110,-3,substitution_signal
eva_adaptive_open,3,I11,JOSE JOAQUIN PEREZ,C012,GABRIELA ORIENTE,0.23493763531224565,0.23493763531224565,0,108,105,3,neutral
eva_adaptive_open,3,I11,JOSE JOAQUIN PEREZ,C019,LAS HIJUELAS SUR - LIBERTADOR BERNARDO OHIGGINS,0.23151138733257812,0.23151138733257812,0,109,107,2,neutral
eva_adaptive_open,3,I11,JOSE JOAQUIN PEREZ,C051,JOSE MIGUEL INFANTE - DOMINGO STA MARIA,0.22770327755636682,0.22770327755636682,0,110,108,2,neutral
eva_adaptive_open,3,I11,JOSE JOAQUIN PEREZ,C008,EL CERRO,0.22664145134727998,0.22664145134727998,0,111,109,2,neutral
eva_adaptive_open,3,I11,JOSE JOAQUIN PEREZ,C077,RICARDO VIAL,0.22334495183243977,0.22334495183243977,0,112,111,1,neutral
eva_adaptive_open,3,I11,JOSE JOAQUIN PEREZ,C072,COVADONGA,0.2222660174854263,0.2222660174854263,0,113,112,1,neutral
eva_adaptive_open,3,I11,JOSE JOAQUIN PEREZ,C010,ESQ BLANCA - ALBERTO LLONA,0.219488334536514,0.219488334536514,0,114,113,1,neutral
eva_adaptive_open,3,I11,JOSE JOAQUIN PEREZ,C084,EL PINO - UNO SUR,0.21625589427110412,0.21625589427110412,0,115,114,1,neutral
eva_adaptive_open,3,I11,JOSE JOAQUIN PEREZ,C055,ARTURO PRAT,0.1970214926913857,0.1970214926913857,0,116,115,1,neutral
eva_adaptive_open,3,I11,JOSE JOAQUIN PEREZ,C085,LOS LIBERTADORES,0.19011991189992178,0.19011991189992178,0,117,116,1,neutral
eva_adaptive_open,3,I11,JOSE JOAQUIN PEREZ,C018,LA PRIMAVERA,0.18728903995307272,0.18728903995307272,0,118,117,1,neutral
eva_adaptive_open,3,I11,JOSE JOAQUIN PEREZ,C045,PORTO ALEGRE,0.1789631843926075,0.1789631843926075,0,119,118,1,neutral
eva_adaptive_open,3,I11,JOSE JOAQUIN PEREZ,C025,LOS DURAZNOS,0.17773769788730326,0.17773769788730326,0,120,119,1,neutral
eva_adaptive_open,3,I11,JOSE JOAQUIN PEREZ,C073,LOS MORROS,0.16537203853610075,0.16537203853610075,0,121,120,1,neutral
eva_adaptive_open,3,I11,JOSE JOAQUIN PEREZ,C016,JUANITA,0.15869954711149178,0.15869954711149178,0,122,121,1,neutral
eva_adaptive_open,4,I30,WALKER - HUALLE - AGUIRRE,C066,CUATRO PONIENTE,0.572487990377622,0.572487990377622,0,2,1,1,neutral
eva_adaptive_open,4,I30,WALKER - HUALLE - AGUIRRE,I14,LO OVALLE,0.5419104498429295,0.5479931058375819,0.006082655994652408,3,2,1,complementarity_signal
eva_adaptive_open,4,I30,WALKER - HUALLE - AGUIRRE,I16,MATTA-VESPUCIO NORTE,0.5227107068074346,0.5227107068074346,0,4,5,-1,neutral
eva_adaptive_open,4,I30,WALKER - HUALLE - AGUIRRE,I20,PAC - LO ESPEJO - EL BOSQUE,0.5200154588469367,0.5259498402098023,0.005934381362865615,5,4,1,complementarity_signal
eva_adaptive_open,4,I30,WALKER - HUALLE - AGUIRRE,I04,DEL FERROCARRIL,0.5123560192378234,0.5179530341631965,0.005597014925373123,6,6,0,complementarity_signal
eva_adaptive_open,4,I30,WALKER - HUALLE - AGUIRRE,EP-ALAMEDA-T3,ALAMEDA TRAMO 3,0.4949992270178846,0.5005962419432577,0.005597014925373067,7,7,0,complementarity_signal
eva_adaptive_open,4,I30,WALKER - HUALLE - AGUIRRE,I01,BARÓN DE JURAS REALES,0.4929090460062476,0.4929090460062476,0,8,8,0,neutral
eva_adaptive_open,4,I30,WALKER - HUALLE - AGUIRRE,C068,SAN CARLOS,0.48156244324655567,0.4739728910077497,-0.007589552238805974,9,11,-2,substitution_signal
eva_adaptive_open,4,I30,WALKER - HUALLE - AGUIRRE,I22,PEDRO FONTOVA,0.47895195991393325,0.47895195991393325,0,10,9,1,neutral
eva_adaptive_open,4,I30,WALKER - HUALLE - AGUIRRE,EP-I34,VICUÑA MACKENNA,0.4789418889773093,0.4789418889773093,0,11,10,1,neutral
eva_adaptive_open,4,I30,WALKER - HUALLE - AGUIRRE,EP-I10,GRAN AVENIDA,0.45002418527643756,0.45002418527643756,0,12,12,0,neutral
eva_adaptive_open,4,I30,WALKER - HUALLE - AGUIRRE,I05,DIAGONAL JOSE MARIA CARO,0.4451852400344961,0.4451852400344961,0,13,13,0,neutral
eva_adaptive_open,4,I30,WALKER - HUALLE - AGUIRRE,C006,DOMINGO TOCORNAL,0.44257795158972896,0.43451825009719164,-0.008059701492537319,14,16,-2,substitution_signal
eva_adaptive_open,4,I30,WALKER - HUALLE - AGUIRRE,I19,PAC-LO ESPEJO-SN BDO,0.4386106205435798,0.4386106205435798,0,15,14,1,neutral
eva_adaptive_open,4,I30,WALKER - HUALLE - AGUIRRE,I21,PEDRO DE VALDIVIA,0.4377484656089225,0.43779519616824303,0.000046730559320529164,16,15,1,complementarity_signal
eva_adaptive_open,4,I30,WALKER - HUALLE - AGUIRRE,I10,GRAN AVENIDA,0.42885168392375667,0.42885168392375667,0,17,19,-2,neutral
eva_adaptive_open,4,I30,WALKER - HUALLE - AGUIRRE,C060,ROJAS MAGALLANES,0.42807641149412784,0.28736167748139896,-0.14071473401272888,18,72,-54,substitution_signal
eva_adaptive_open,4,I30,WALKER - HUALLE - AGUIRRE,I07,EL GUANACO,0.42580826999511917,0.43140528492049235,0.005597014925373178,19,17,2,complementarity_signal
eva_adaptive_open,4,I30,WALKER - HUALLE - AGUIRRE,I29,SANTA ROSA,0.4236225217527081,0.42943111957961977,0.005808597826911677,20,18,2,complementarity_signal
eva_adaptive_open,4,I30,WALKER - HUALLE - AGUIRRE,I08,GENERAL OSCAR BONILLA,0.4199035352376331,0.42550055016300625,0.005597014925373178,21,20,1,complementarity_signal
eva_adaptive_open,4,I30,WALKER - HUALLE - AGUIRRE,I15,MARTINEZ DE ROZAS,0.4148837713854609,0.4148837713854609,0,22,21,1,neutral
eva_adaptive_open,4,I30,WALKER - HUALLE - AGUIRRE,EP-I33,LA CHIMBA,0.40472276023855985,0.40472276023855985,0,23,22,1,neutral
eva_adaptive_open,4,I30,WALKER - HUALLE - AGUIRRE,I06,DIAGONAL ORIENTE,0.40267663972498335,0.4027599400799197,0.00008330035493636645,24,23,1,complementarity_signal
eva_adaptive_open,4,I30,WALKER - HUALLE - AGUIRRE,I09,GENERAL VELASQUEZ,0.39820549777853775,0.39820549777853775,0,25,24,1,neutral
eva_adaptive_open,4,I30,WALKER - HUALLE - AGUIRRE,C081,SAN GREGORIO - DIEGO MEZA,0.38984820730466,0.3899248436312015,0.00007663632654147934,26,25,1,complementarity_signal
eva_adaptive_open,4,I30,WALKER - HUALLE - AGUIRRE,C029,MARIA ELENA,0.3866330072050211,0.37575241019009575,-0.01088059701492533,27,28,-1,substitution_signal
eva_adaptive_open,4,I30,WALKER - HUALLE - AGUIRRE,C061,EL PINAR,0.38169823753945953,0.38177487386600095,0.00007663632654142383,28,26,2,complementarity_signal
eva_adaptive_open,4,I30,WALKER - HUALLE - AGUIRRE,I24,RADAL,0.37833718310344283,0.37833718310344283,0,29,27,2,neutral
eva_adaptive_open,4,I30,WALKER - HUALLE - AGUIRRE,C003,CONCHA Y TORO,0.3709576416282776,0.36195764162827765,-0.008999999999999952,30,34,-4,substitution_signal
eva_adaptive_open,4,I30,WALKER - HUALLE - AGUIRRE,C053,CONDELL,0.3681132926531967,0.3681132926531967,0,31,30,1,neutral
eva_adaptive_open,4,I30,WALKER - HUALLE - AGUIRRE,C057,PADRE VICENTE IRARRAZABAL - MANUEL CHACON,0.3666742638111625,0.3666742638111625,0,32,31,1,neutral
eva_adaptive_open,4,I30,WALKER - HUALLE - AGUIRRE,C070,MENDOZA (EX-CORONEL ROBLES),0.3651544687715181,0.3707514836968912,0.005597014925373123,33,29,4,complementarity_signal
eva_adaptive_open,4,I30,WALKER - HUALLE - AGUIRRE,I25,SAN FRANCISCO,0.36278550273533117,0.36278550273533117,0,34,33,1,neutral
eva_adaptive_open,4,I30,WALKER - HUALLE - AGUIRRE,I17,MATUCANA,0.3601410655963122,0.3601410655963122,0,35,35,0,neutral
eva_adaptive_open,4,I30,WALKER - HUALLE - AGUIRRE,I27,SANTA CECILIA - NONATO COO,0.36006768212709356,0.36006768212709356,0,36,36,0,neutral
eva_adaptive_open,4,I30,WALKER - HUALLE - AGUIRRE,C086,LA ESTRELLA,0.35999187568236085,0.36558889060773403,0.005597014925373178,37,32,5,complementarity_signal
eva_adaptive_open,4,I30,WALKER - HUALLE - AGUIRRE,C058,ANTONIO EBNER-BARROS ARANA,0.3591982079556389,0.3591982079556389,0,38,37,1,neutral
eva_adaptive_open,4,I30,WALKER - HUALLE - AGUIRRE,C044,LOS CERRILLOS,0.3557672936217404,0.3557672936217404,0,39,38,1,neutral
eva_adaptive_open,4,I30,WALKER - HUALLE - AGUIRRE,I02,CARLOS VALDOVINOS,0.35451515707262266,0.35451515707262266,0,40,39,1,neutral
eva_adaptive_open,4,I30,WALKER - HUALLE - AGUIRRE,I18,NUEVA IMPERIAL,0.35003815001404454,0.35003815001404454,0,41,40,1,neutral
eva_adaptive_open,4,I30,WALKER - HUALLE - AGUIRRE,C014,JOSE DOMINGO CAÑAS,0.3434151720257287,0.3434151720257287,0,42,41,1,neutral
eva_adaptive_open,4,I30,WALKER - HUALLE - AGUIRRE,C083,ORIENTAL-LAS PARCELAS,0.33400841178333013,0.3340917121382666,0.00008330035493647747,43,42,1,complementarity_signal
eva_adaptive_open,4,I30,WALKER - HUALLE - AGUIRRE,C043,NEPTUNO,0.331278400363114,0.331278400363114,0,44,43,1,neutral
eva_adaptive_open,4,I30,WALKER - HUALLE - AGUIRRE,C001,SAN EUGENIO,0.3301050844306759,0.3301050844306759,0,45,44,1,neutral
eva_adaptive_open,4,I30,WALKER - HUALLE - AGUIRRE,I13,LO ESPEJO-RIQUELME,0.32833080195639963,0.32833080195639963,0,46,45,1,neutral
eva_adaptive_open,4,I30,WALKER - HUALLE - AGUIRRE,C007,EDUARDO CASTILLO VELASCO,0.3209682481807713,0.3209682481807713,0,47,46,1,neutral
eva_adaptive_open,4,I30,WALKER - HUALLE - AGUIRRE,C032,OBISPO MANUEL UMAÑA,0.3208506507234438,0.3208506507234438,0,48,47,1,neutral
eva_adaptive_open,4,I30,WALKER - HUALLE - AGUIRRE,C050,MAR DE DRAKE,0.31960219452393557,0.31960219452393557,0,49,48,1,neutral
eva_adaptive_open,4,I30,WALKER - HUALLE - AGUIRRE,C067,CARDENAL RAUL SILVA HENRIQUEZ,0.31744308727562154,0.5434807753199901,0.22603768804436852,50,3,47,complementarity_signal
eva_adaptive_open,4,I30,WALKER - HUALLE - AGUIRRE,C041,VISTA HERMOSA,0.31732884218229823,0.31732884218229823,0,51,49,2,neutral
eva_adaptive_open,4,I30,WALKER - HUALLE - AGUIRRE,C024,LOS ARRAYANES - LOS COPIHUES,0.3164169532190636,0.3164169532190636,0,52,50,2,neutral
eva_adaptive_open,4,I30,WALKER - HUALLE - AGUIRRE,C074,URETA COX,0.31449957814869145,0.31449957814869145,0,53,51,2,neutral
eva_adaptive_open,4,I30,WALKER - HUALLE - AGUIRRE,C090,SANTO DOMINGO,0.31219739335222674,0.31219739335222674,0,54,52,2,neutral
eva_adaptive_open,4,I30,WALKER - HUALLE - AGUIRRE,C005,CORONEL ALEJANDRO SEPULVEDA,0.3106497256836105,0.3106497256836105,0,55,53,2,neutral
eva_adaptive_open,4,I30,WALKER - HUALLE - AGUIRRE,C088,ÑUBLE,0.30596663776619404,0.30596663776619404,0,56,54,2,neutral
eva_adaptive_open,4,I30,WALKER - HUALLE - AGUIRRE,C020,LATINOAMERICA - PINTOR MURILLO - FRANCISCO TOLEDO,0.3053874986899725,0.3053874986899725,0,57,55,2,neutral
eva_adaptive_open,4,I30,WALKER - HUALLE - AGUIRRE,C028,MADRID,0.3053850663175511,0.3053850663175511,0,58,56,2,neutral
eva_adaptive_open,4,I30,WALKER - HUALLE - AGUIRRE,C034,PEDRO LEON UGALDE,0.30513444215224494,0.30513444215224494,0,59,57,2,neutral
eva_adaptive_open,4,I30,WALKER - HUALLE - AGUIRRE,C023,AVENIDA DORSAL,0.3042844576466126,0.3042844576466126,0,60,58,2,neutral
eva_adaptive_open,4,I30,WALKER - HUALLE - AGUIRRE,C037,SAN ALFONSO,0.3032697592490899,0.3032697592490899,0,61,59,2,neutral
eva_adaptive_open,4,I30,WALKER - HUALLE - AGUIRRE,C030,MAULE,0.30294715823212187,0.30294715823212187,0,62,60,2,neutral
eva_adaptive_open,4,I30,WALKER - HUALLE - AGUIRRE,C049,FEDERICO ERRÁZURIZ (EX SERRANO),0.3020754541725971,0.3020754541725971,0,63,61,2,neutral
eva_adaptive_open,4,I30,WALKER - HUALLE - AGUIRRE,C042,PRINCIPE DE GALES,0.3015275299366899,0.3015275299366899,0,64,62,2,neutral
eva_adaptive_open,4,I30,WALKER - HUALLE - AGUIRRE,C039,TUPUNGATO,0.2972177850899593,0.2972177850899593,0,65,64,1,neutral
eva_adaptive_open,4,I30,WALKER - HUALLE - AGUIRRE,I28,SANTA RAQUEL,0.2960140924026152,0.2874774442364143,-0.008536648166200922,66,71,-5,substitution_signal
eva_adaptive_open,4,I30,WALKER - HUALLE - AGUIRRE,C031,NECOCHEA,0.2942204983522875,0.2942204983522875,0,67,65,2,neutral
eva_adaptive_open,4,I30,WALKER - HUALLE - AGUIRRE,C038,TALCAHUANO - SANTA INES - LOS EDILES,0.2933432281768104,0.2933432281768104,0,68,66,2,neutral
eva_adaptive_open,4,I30,WALKER - HUALLE - AGUIRRE,C015,JOSE MANUEL GUZMAN,0.2925490854889885,0.2981461004143616,0.005597014925373123,69,63,6,complementarity_signal
eva_adaptive_open,4,I30,WALKER - HUALLE - AGUIRRE,C013,HEROES DE LA CONCEPCION,0.29161502323158384,0.29161502323158384,0,70,67,3,neutral
eva_adaptive_open,4,I30,WALKER - HUALLE - AGUIRRE,C004,CONSISTORIAL,0.29093172378697835,0.29093172378697835,0,71,68,3,neutral
eva_adaptive_open,4,I30,WALKER - HUALLE - AGUIRRE,C027,LOS PRESIDENTES,0.2903073892430075,0.2903073892430075,0,72,69,3,neutral
eva_adaptive_open,4,I30,WALKER - HUALLE - AGUIRRE,I32,EINSTEIN,0.2892355135357534,0.2892355135357534,0,73,70,3,neutral
eva_adaptive_open,4,I30,WALKER - HUALLE - AGUIRRE,I23,PETERSEN - VICUÑA MACKENNA,0.28720997267232284,0.28720997267232284,0,74,73,1,neutral
eva_adaptive_open,4,I30,WALKER - HUALLE - AGUIRRE,C063,LONGITUDINAL,0.28538182252354,0.28538182252354,0,75,74,1,neutral
eva_adaptive_open,4,I30,WALKER - HUALLE - AGUIRRE,C046,EUCALIPTOS,0.2836213631052964,0.2836213631052964,0,76,75,1,neutral
eva_adaptive_open,4,I30,WALKER - HUALLE - AGUIRRE,C022,LLANURA  - EL DESIERTO,0.2832694397879176,0.2832694397879176,0,77,76,1,neutral
eva_adaptive_open,4,I30,WALKER - HUALLE - AGUIRRE,I31,FERNANDEZ ALBANO,0.27793271006427517,0.27793271006427517,0,78,77,1,neutral
eva_adaptive_open,4,I30,WALKER - HUALLE - AGUIRRE,C035,PRODIVENCIA,0.27556952254522565,0.27556952254522565,0,79,78,1,neutral
eva_adaptive_open,4,I30,WALKER - HUALLE - AGUIRRE,C026,LOS MAITENES,0.2734936774860785,0.2734936774860785,0,80,79,1,neutral
eva_adaptive_open,4,I30,WALKER - HUALLE - AGUIRRE,C052,BAQUEDANO - POSTALES ORIENTE,0.2725119994529144,0.2725119994529144,0,81,80,1,neutral
eva_adaptive_open,4,I30,WALKER - HUALLE - AGUIRRE,C089,J J PEREZ,0.26495488367176884,0.26495488367176884,0,82,81,1,neutral
eva_adaptive_open,4,I30,WALKER - HUALLE - AGUIRRE,C064,SILVA CARVALLO - SANTA ELENA,0.264928178794096,0.264928178794096,0,83,82,1,neutral
eva_adaptive_open,4,I30,WALKER - HUALLE - AGUIRRE,C047,VIOLETA PARRA,0.2648001936107111,0.2648001936107111,0,84,83,1,neutral
eva_adaptive_open,4,I30,WALKER - HUALLE - AGUIRRE,C079,LAS AMERICAS,0.2644298389232769,0.2644298389232769,0,85,84,1,neutral
eva_adaptive_open,4,I30,WALKER - HUALLE - AGUIRRE,C021,LAUTARO,0.26431781044192787,0.26431781044192787,0,86,85,1,neutral
eva_adaptive_open,4,I30,WALKER - HUALLE - AGUIRRE,C078,WALDO TAFF,0.2640982140605202,0.2640982140605202,0,87,86,1,neutral
eva_adaptive_open,4,I30,WALKER - HUALLE - AGUIRRE,C40,VICUÑA MACKENNA - SAN MARTIN,0.2599804114545511,0.2599804114545511,0,88,87,1,neutral
eva_adaptive_open,4,I30,WALKER - HUALLE - AGUIRRE,C011,EYZAGUIRRE,0.2597262361382782,0.2597262361382782,0,89,88,1,neutral
eva_adaptive_open,4,I30,WALKER - HUALLE - AGUIRRE,C069,LOS OLMOS,0.2594151168255869,0.2594151168255869,0,90,89,1,neutral
eva_adaptive_open,4,I30,WALKER - HUALLE - AGUIRRE,C065,NUEVA SAN MARTIN,0.2588125082913236,0.2588125082913236,0,91,90,1,neutral
eva_adaptive_open,4,I30,WALKER - HUALLE - AGUIRRE,C009,EL ROSAL - SANTA ELENA,0.258292338870139,0.258292338870139,0,92,91,1,neutral
eva_adaptive_open,4,I30,WALKER - HUALLE - AGUIRRE,C002,CAPITAN IGNACIO CARRERA PINTO,0.2546555618818747,0.2546555618818747,0,93,92,1,neutral
eva_adaptive_open,4,I30,WALKER - HUALLE - AGUIRRE,C056,TEMUCO - TORO MAZOTTE,0.25241364378738895,0.25241364378738895,0,94,93,1,neutral
eva_adaptive_open,4,I30,WALKER - HUALLE - AGUIRRE,C048,GENERAL ARRIAGADA,0.2517348978903142,0.2517348978903142,0,95,94,1,neutral
eva_adaptive_open,4,I30,WALKER - HUALLE - AGUIRRE,C033,OBSERVATORIO,0.25172362934577086,0.25172362934577086,0,96,95,1,neutral
eva_adaptive_open,4,I30,WALKER - HUALLE - AGUIRRE,C062,CORONA SUECA,0.2513511863347979,0.2513511863347979,0,97,96,1,neutral
eva_adaptive_open,4,I30,WALKER - HUALLE - AGUIRRE,I03,CARRASCAL,0.24854515940907576,0.24854515940907576,0,98,97,1,neutral
eva_adaptive_open,4,I30,WALKER - HUALLE - AGUIRRE,C054,VICTORIA,0.24818166256108362,0.24818166256108362,0,99,98,1,neutral
eva_adaptive_open,4,I30,WALKER - HUALLE - AGUIRRE,C017,LA PARINACOTA,0.24787162646529243,0.24787162646529243,0,100,99,1,neutral
eva_adaptive_open,4,I30,WALKER - HUALLE - AGUIRRE,C076,ISLA DECEPCION,0.24485989841133612,0.24485989841133612,0,101,100,1,neutral
eva_adaptive_open,4,I30,WALKER - HUALLE - AGUIRRE,C071,BARROS ARANA,0.2432718387690382,0.2432718387690382,0,102,101,1,neutral
eva_adaptive_open,4,I30,WALKER - HUALLE - AGUIRRE,C082,CAUPOLICAN,0.24201028797730914,0.24201028797730914,0,103,102,1,neutral
eva_adaptive_open,4,I30,WALKER - HUALLE - AGUIRRE,C080,PARAGUAY,0.2404621201898296,0.2404621201898296,0,104,103,1,neutral
eva_adaptive_open,4,I30,WALKER - HUALLE - AGUIRRE,C012,GABRIELA ORIENTE,0.23493763531224565,0.23493763531224565,0,105,104,1,neutral
eva_adaptive_open,4,I30,WALKER - HUALLE - AGUIRRE,C087,SALVADOR GUTIERREZ,0.23167583897026392,0.23167583897026392,0,106,105,1,neutral
eva_adaptive_open,4,I30,WALKER - HUALLE - AGUIRRE,C019,LAS HIJUELAS SUR - LIBERTADOR BERNARDO OHIGGINS,0.23151138733257812,0.23151138733257812,0,107,106,1,neutral
eva_adaptive_open,4,I30,WALKER - HUALLE - AGUIRRE,C051,JOSE MIGUEL INFANTE - DOMINGO STA MARIA,0.22770327755636682,0.22770327755636682,0,108,107,1,neutral
eva_adaptive_open,4,I30,WALKER - HUALLE - AGUIRRE,C008,EL CERRO,0.22664145134727998,0.22664145134727998,0,109,108,1,neutral
eva_adaptive_open,4,I30,WALKER - HUALLE - AGUIRRE,C036,RIO REFUGIO - SALAR SURIRE,0.22368469062682966,0.22368469062682966,0,110,109,1,neutral
eva_adaptive_open,4,I30,WALKER - HUALLE - AGUIRRE,C077,RICARDO VIAL,0.22334495183243977,0.22334495183243977,0,111,110,1,neutral
eva_adaptive_open,4,I30,WALKER - HUALLE - AGUIRRE,C072,COVADONGA,0.2222660174854263,0.2222660174854263,0,112,111,1,neutral
eva_adaptive_open,4,I30,WALKER - HUALLE - AGUIRRE,C010,ESQ BLANCA - ALBERTO LLONA,0.219488334536514,0.219488334536514,0,113,112,1,neutral
eva_adaptive_open,4,I30,WALKER - HUALLE - AGUIRRE,C084,EL PINO - UNO SUR,0.21625589427110412,0.21625589427110412,0,114,113,1,neutral
eva_adaptive_open,4,I30,WALKER - HUALLE - AGUIRRE,C055,ARTURO PRAT,0.1970214926913857,0.1970214926913857,0,115,114,1,neutral
eva_adaptive_open,4,I30,WALKER - HUALLE - AGUIRRE,C085,LOS LIBERTADORES,0.19011991189992178,0.19011991189992178,0,116,115,1,neutral
eva_adaptive_open,4,I30,WALKER - HUALLE - AGUIRRE,C018,LA PRIMAVERA,0.18728903995307272,0.18728903995307272,0,117,116,1,neutral
eva_adaptive_open,4,I30,WALKER - HUALLE - AGUIRRE,C045,PORTO ALEGRE,0.1789631843926075,0.1789631843926075,0,118,117,1,neutral
eva_adaptive_open,4,I30,WALKER - HUALLE - AGUIRRE,C025,LOS DURAZNOS,0.17773769788730326,0.17773769788730326,0,119,118,1,neutral
eva_adaptive_open,4,I30,WALKER - HUALLE - AGUIRRE,C073,LOS MORROS,0.16537203853610075,0.16537203853610075,0,120,119,1,neutral
eva_adaptive_open,4,I30,WALKER - HUALLE - AGUIRRE,C016,JUANITA,0.15869954711149178,0.15869954711149178,0,121,120,1,neutral
eva_adaptive_open,5,C066,CUATRO PONIENTE,I14,LO OVALLE,0.5479931058375819,0.5479931058375819,0,2,2,0,neutral
eva_adaptive_open,5,C066,CUATRO PONIENTE,C067,CARDENAL RAUL SILVA HENRIQUEZ,0.5434807753199901,0.552346446961781,0.008865671641790973,3,1,2,complementarity_signal
eva_adaptive_open,5,C066,CUATRO PONIENTE,I20,PAC - LO ESPEJO - EL BOSQUE,0.5259498402098023,0.5323976014038322,0.0064477611940298996,4,3,1,complementarity_signal
eva_adaptive_open,5,C066,CUATRO PONIENTE,I16,MATTA-VESPUCIO NORTE,0.5227107068074346,0.5227107068074346,0,5,5,0,neutral
eva_adaptive_open,5,C066,CUATRO PONIENTE,I04,DEL FERROCARRIL,0.5179530341631965,0.529001447475123,0.01104841331192652,6,4,2,complementarity_signal
eva_adaptive_open,5,C066,CUATRO PONIENTE,EP-ALAMEDA-T3,ALAMEDA TRAMO 3,0.5005962419432577,0.483469376271616,-0.017126865671641678,7,7,0,substitution_signal
eva_adaptive_open,5,C066,CUATRO PONIENTE,I01,BARÓN DE JURAS REALES,0.4929090460062476,0.4929090460062476,0,8,6,2,neutral
eva_adaptive_open,5,C066,CUATRO PONIENTE,I22,PEDRO FONTOVA,0.47895195991393325,0.47895195991393325,0,9,8,1,neutral
eva_adaptive_open,5,C066,CUATRO PONIENTE,EP-I34,VICUÑA MACKENNA,0.4789418889773093,0.4789418889773093,0,10,9,1,neutral
eva_adaptive_open,5,C066,CUATRO PONIENTE,C068,SAN CARLOS,0.4739728910077497,0.4749803536943168,0.0010074626865670955,11,10,1,complementarity_signal
eva_adaptive_open,5,C066,CUATRO PONIENTE,EP-I10,GRAN AVENIDA,0.45002418527643756,0.4611062748286764,0.011082089552238827,12,11,1,complementarity_signal
eva_adaptive_open,5,C066,CUATRO PONIENTE,I05,DIAGONAL JOSE MARIA CARO,0.4451852400344961,0.4451852400344961,0,13,13,0,neutral
eva_adaptive_open,5,C066,CUATRO PONIENTE,I19,PAC-LO ESPEJO-SN BDO,0.4386106205435798,0.4386106205435798,0,14,14,0,neutral
eva_adaptive_open,5,C066,CUATRO PONIENTE,I21,PEDRO DE VALDIVIA,0.43779519616824303,0.43779519616824303,0,15,15,0,neutral
eva_adaptive_open,5,C066,CUATRO PONIENTE,C006,DOMINGO TOCORNAL,0.43451825009719164,0.4356600411419678,0.0011417910447761859,16,16,0,complementarity_signal
eva_adaptive_open,5,C066,CUATRO PONIENTE,I07,EL GUANACO,0.43140528492049235,0.43140528492049235,0,17,17,0,neutral
eva_adaptive_open,5,C066,CUATRO PONIENTE,I29,SANTA ROSA,0.42943111957961977,0.42943111957961977,0,18,18,0,neutral
eva_adaptive_open,5,C066,CUATRO PONIENTE,I10,GRAN AVENIDA,0.42885168392375667,0.4522248182521148,0.023373134328358136,19,12,7,complementarity_signal
eva_adaptive_open,5,C066,CUATRO PONIENTE,I08,GENERAL OSCAR BONILLA,0.42550055016300625,0.40105278896897634,-0.024447761194029916,20,22,-2,substitution_signal
eva_adaptive_open,5,C066,CUATRO PONIENTE,I15,MARTINEZ DE ROZAS,0.4148837713854609,0.4148837713854609,0,21,19,2,neutral
eva_adaptive_open,5,C066,CUATRO PONIENTE,EP-I33,LA CHIMBA,0.40472276023855985,0.40472276023855985,0,22,20,2,neutral
eva_adaptive_open,5,C066,CUATRO PONIENTE,I06,DIAGONAL ORIENTE,0.4027599400799197,0.4027599400799197,0,23,21,2,neutral
eva_adaptive_open,5,C066,CUATRO PONIENTE,I09,GENERAL VELASQUEZ,0.39820549777853775,0.39820549777853775,0,24,23,1,neutral
eva_adaptive_open,5,C066,CUATRO PONIENTE,C081,SAN GREGORIO - DIEGO MEZA,0.3899248436312015,0.3899248436312015,0,25,24,1,neutral
eva_adaptive_open,5,C066,CUATRO PONIENTE,C061,EL PINAR,0.38177487386600095,0.38177487386600095,0,26,27,-1,neutral
eva_adaptive_open,5,C066,CUATRO PONIENTE,I24,RADAL,0.37833718310344283,0.37833718310344283,0,27,29,-2,neutral
eva_adaptive_open,5,C066,CUATRO PONIENTE,C029,MARIA ELENA,0.37575241019009575,0.37696136541397635,0.0012089552238805923,28,30,-2,complementarity_signal
eva_adaptive_open,5,C066,CUATRO PONIENTE,C070,MENDOZA (EX-CORONEL ROBLES),0.3707514836968912,0.3707514836968912,0,29,32,-3,neutral
eva_adaptive_open,5,C066,CUATRO PONIENTE,C053,CONDELL,0.3681132926531967,0.3789938896681221,0.010880597014925386,30,28,2,complementarity_signal
eva_adaptive_open,5,C066,CUATRO PONIENTE,C057,PADRE VICENTE IRARRAZABAL - MANUEL CHACON,0.3666742638111625,0.3666742638111625,0,31,33,-2,neutral
eva_adaptive_open,5,C066,CUATRO PONIENTE,C086,LA ESTRELLA,0.36558889060773403,0.36558889060773403,0,32,34,-2,neutral
eva_adaptive_open,5,C066,CUATRO PONIENTE,I25,SAN FRANCISCO,0.36278550273533117,0.3713825176607043,0.008597014925373125,33,31,2,complementarity_signal
eva_adaptive_open,5,C066,CUATRO PONIENTE,C003,CONCHA Y TORO,0.36195764162827765,0.3632337610312627,0.0012761194029850542,34,35,-1,complementarity_signal
eva_adaptive_open,5,C066,CUATRO PONIENTE,I17,MATUCANA,0.3601410655963122,0.3601410655963122,0,35,36,-1,neutral
eva_adaptive_open,5,C066,CUATRO PONIENTE,I27,SANTA CECILIA - NONATO COO,0.36006768212709356,0.3880527567539592,0.02798507462686567,36,25,11,complementarity_signal
eva_adaptive_open,5,C066,CUATRO PONIENTE,C058,ANTONIO EBNER-BARROS ARANA,0.3591982079556389,0.3591982079556389,0,37,37,0,neutral
eva_adaptive_open,5,C066,CUATRO PONIENTE,C044,LOS CERRILLOS,0.3557672936217404,0.33131953242771056,-0.02444776119402986,38,42,-4,substitution_signal
eva_adaptive_open,5,C066,CUATRO PONIENTE,I02,CARLOS VALDOVINOS,0.35451515707262266,0.35451515707262266,0,39,38,1,neutral
eva_adaptive_open,5,C066,CUATRO PONIENTE,I18,NUEVA IMPERIAL,0.35003815001404454,0.35003815001404454,0,40,39,1,neutral
eva_adaptive_open,5,C066,CUATRO PONIENTE,C014,JOSE DOMINGO CAÑAS,0.3434151720257287,0.3434151720257287,0,41,40,1,neutral
eva_adaptive_open,5,C066,CUATRO PONIENTE,C083,ORIENTAL-LAS PARCELAS,0.3340917121382666,0.3340917121382666,0,42,41,1,neutral
eva_adaptive_open,5,C066,CUATRO PONIENTE,C043,NEPTUNO,0.331278400363114,0.331278400363114,0,43,43,0,neutral
eva_adaptive_open,5,C066,CUATRO PONIENTE,C001,SAN EUGENIO,0.3301050844306759,0.3301050844306759,0,44,44,0,neutral
eva_adaptive_open,5,C066,CUATRO PONIENTE,I13,LO ESPEJO-RIQUELME,0.32833080195639963,0.3820621452399818,0.053731343283582145,45,26,19,complementarity_signal
eva_adaptive_open,5,C066,CUATRO PONIENTE,C007,EDUARDO CASTILLO VELASCO,0.3209682481807713,0.3209682481807713,0,46,45,1,neutral
eva_adaptive_open,5,C066,CUATRO PONIENTE,C032,OBISPO MANUEL UMAÑA,0.3208506507234438,0.3208506507234438,0,47,46,1,neutral
eva_adaptive_open,5,C066,CUATRO PONIENTE,C050,MAR DE DRAKE,0.31960219452393557,0.3080499557179654,-0.011552238805970172,48,51,-3,substitution_signal
eva_adaptive_open,5,C066,CUATRO PONIENTE,C041,VISTA HERMOSA,0.31732884218229823,0.2826721257643878,-0.034656716417910405,49,78,-29,substitution_signal
eva_adaptive_open,5,C066,CUATRO PONIENTE,C024,LOS ARRAYANES - LOS COPIHUES,0.3164169532190636,0.3164169532190636,0,50,47,3,neutral
eva_adaptive_open,5,C066,CUATRO PONIENTE,C074,URETA COX,0.31449957814869145,0.31449957814869145,0,51,48,3,neutral
eva_adaptive_open,5,C066,CUATRO PONIENTE,C090,SANTO DOMINGO,0.31219739335222674,0.31219739335222674,0,52,49,3,neutral
eva_adaptive_open,5,C066,CUATRO PONIENTE,C005,CORONEL ALEJANDRO SEPULVEDA,0.3106497256836105,0.3106497256836105,0,53,50,3,neutral
eva_adaptive_open,5,C066,CUATRO PONIENTE,C088,ÑUBLE,0.30596663776619404,0.30596663776619404,0,54,52,2,neutral
eva_adaptive_open,5,C066,CUATRO PONIENTE,C020,LATINOAMERICA - PINTOR MURILLO - FRANCISCO TOLEDO,0.3053874986899725,0.3053874986899725,0,55,53,2,neutral
eva_adaptive_open,5,C066,CUATRO PONIENTE,C028,MADRID,0.3053850663175511,0.3053850663175511,0,56,54,2,neutral
eva_adaptive_open,5,C066,CUATRO PONIENTE,C034,PEDRO LEON UGALDE,0.30513444215224494,0.30513444215224494,0,57,55,2,neutral
eva_adaptive_open,5,C066,CUATRO PONIENTE,C023,AVENIDA DORSAL,0.3042844576466126,0.3042844576466126,0,58,56,2,neutral
eva_adaptive_open,5,C066,CUATRO PONIENTE,C037,SAN ALFONSO,0.3032697592490899,0.3032697592490899,0,59,57,2,neutral
eva_adaptive_open,5,C066,CUATRO PONIENTE,C030,MAULE,0.30294715823212187,0.30294715823212187,0,60,58,2,neutral
eva_adaptive_open,5,C066,CUATRO PONIENTE,C049,FEDERICO ERRÁZURIZ (EX SERRANO),0.3020754541725971,0.3020754541725971,0,61,59,2,neutral
eva_adaptive_open,5,C066,CUATRO PONIENTE,C042,PRINCIPE DE GALES,0.3015275299366899,0.3015275299366899,0,62,60,2,neutral
eva_adaptive_open,5,C066,CUATRO PONIENTE,C015,JOSE MANUEL GUZMAN,0.2981461004143616,0.2981461004143616,0,63,61,2,neutral
eva_adaptive_open,5,C066,CUATRO PONIENTE,C039,TUPUNGATO,0.2972177850899593,0.2972177850899593,0,64,62,2,neutral
eva_adaptive_open,5,C066,CUATRO PONIENTE,C031,NECOCHEA,0.2942204983522875,0.2942204983522875,0,65,64,1,neutral
eva_adaptive_open,5,C066,CUATRO PONIENTE,C038,TALCAHUANO - SANTA INES - LOS EDILES,0.2933432281768104,0.2933432281768104,0,66,66,0,neutral
eva_adaptive_open,5,C066,CUATRO PONIENTE,C013,HEROES DE LA CONCEPCION,0.29161502323158384,0.29161502323158384,0,67,67,0,neutral
eva_adaptive_open,5,C066,CUATRO PONIENTE,C004,CONSISTORIAL,0.29093172378697835,0.29093172378697835,0,68,68,0,neutral
eva_adaptive_open,5,C066,CUATRO PONIENTE,C027,LOS PRESIDENTES,0.2903073892430075,0.2903073892430075,0,69,69,0,neutral
eva_adaptive_open,5,C066,CUATRO PONIENTE,I32,EINSTEIN,0.2892355135357534,0.2892355135357534,0,70,70,0,neutral
eva_adaptive_open,5,C066,CUATRO PONIENTE,I28,SANTA RAQUEL,0.2874774442364143,0.2874774442364143,0,71,71,0,neutral
eva_adaptive_open,5,C066,CUATRO PONIENTE,C060,ROJAS MAGALLANES,0.28736167748139896,0.28736167748139896,0,72,72,0,neutral
eva_adaptive_open,5,C066,CUATRO PONIENTE,I23,PETERSEN - VICUÑA MACKENNA,0.28720997267232284,0.28720997267232284,0,73,73,0,neutral
eva_adaptive_open,5,C066,CUATRO PONIENTE,C063,LONGITUDINAL,0.28538182252354,0.28538182252354,0,74,74,0,neutral
eva_adaptive_open,5,C066,CUATRO PONIENTE,C046,EUCALIPTOS,0.2836213631052964,0.2836213631052964,0,75,75,0,neutral
eva_adaptive_open,5,C066,CUATRO PONIENTE,C022,LLANURA  - EL DESIERTO,0.2832694397879176,0.2832694397879176,0,76,77,-1,neutral
eva_adaptive_open,5,C066,CUATRO PONIENTE,I31,FERNANDEZ ALBANO,0.27793271006427517,0.27793271006427517,0,77,79,-2,neutral
eva_adaptive_open,5,C066,CUATRO PONIENTE,C035,PRODIVENCIA,0.27556952254522565,0.27556952254522565,0,78,80,-2,neutral
eva_adaptive_open,5,C066,CUATRO PONIENTE,C026,LOS MAITENES,0.2734936774860785,0.2734936774860785,0,79,81,-2,neutral
eva_adaptive_open,5,C066,CUATRO PONIENTE,C052,BAQUEDANO - POSTALES ORIENTE,0.2725119994529144,0.2725119994529144,0,80,82,-2,neutral
eva_adaptive_open,5,C066,CUATRO PONIENTE,C089,J J PEREZ,0.26495488367176884,0.26495488367176884,0,81,83,-2,neutral
eva_adaptive_open,5,C066,CUATRO PONIENTE,C064,SILVA CARVALLO - SANTA ELENA,0.264928178794096,0.29671303455212084,0.03178485575802481,82,63,19,complementarity_signal
eva_adaptive_open,5,C066,CUATRO PONIENTE,C047,VIOLETA PARRA,0.2648001936107111,0.2648001936107111,0,83,84,-1,neutral
eva_adaptive_open,5,C066,CUATRO PONIENTE,C079,LAS AMERICAS,0.2644298389232769,0.2644298389232769,0,84,85,-1,neutral
eva_adaptive_open,5,C066,CUATRO PONIENTE,C021,LAUTARO,0.26431781044192787,0.26431781044192787,0,85,86,-1,neutral
eva_adaptive_open,5,C066,CUATRO PONIENTE,C078,WALDO TAFF,0.2640982140605202,0.2640982140605202,0,86,87,-1,neutral
eva_adaptive_open,5,C066,CUATRO PONIENTE,C40,VICUÑA MACKENNA - SAN MARTIN,0.2599804114545511,0.2599804114545511,0,87,89,-2,neutral
eva_adaptive_open,5,C066,CUATRO PONIENTE,C011,EYZAGUIRRE,0.2597262361382782,0.2597262361382782,0,88,90,-2,neutral
eva_adaptive_open,5,C066,CUATRO PONIENTE,C069,LOS OLMOS,0.2594151168255869,0.2594151168255869,0,89,91,-2,neutral
eva_adaptive_open,5,C066,CUATRO PONIENTE,C065,NUEVA SAN MARTIN,0.2588125082913236,0.29384044783423063,0.03502793954290706,90,65,25,complementarity_signal
eva_adaptive_open,5,C066,CUATRO PONIENTE,C009,EL ROSAL - SANTA ELENA,0.258292338870139,0.258292338870139,0,91,92,-1,neutral
eva_adaptive_open,5,C066,CUATRO PONIENTE,C002,CAPITAN IGNACIO CARRERA PINTO,0.2546555618818747,0.2546555618818747,0,92,93,-1,neutral
eva_adaptive_open,5,C066,CUATRO PONIENTE,C056,TEMUCO - TORO MAZOTTE,0.25241364378738895,0.25241364378738895,0,93,94,-1,neutral
eva_adaptive_open,5,C066,CUATRO PONIENTE,C048,GENERAL ARRIAGADA,0.2517348978903142,0.2517348978903142,0,94,95,-1,neutral
eva_adaptive_open,5,C066,CUATRO PONIENTE,C033,OBSERVATORIO,0.25172362934577086,0.25172362934577086,0,95,96,-1,neutral
eva_adaptive_open,5,C066,CUATRO PONIENTE,C062,CORONA SUECA,0.2513511863347979,0.2513511863347979,0,96,97,-1,neutral
eva_adaptive_open,5,C066,CUATRO PONIENTE,I03,CARRASCAL,0.24854515940907576,0.24854515940907576,0,97,98,-1,neutral
eva_adaptive_open,5,C066,CUATRO PONIENTE,C054,VICTORIA,0.24818166256108362,0.24818166256108362,0,98,99,-1,neutral
eva_adaptive_open,5,C066,CUATRO PONIENTE,C017,LA PARINACOTA,0.24787162646529243,0.24787162646529243,0,99,100,-1,neutral
eva_adaptive_open,5,C066,CUATRO PONIENTE,C076,ISLA DECEPCION,0.24485989841133612,0.24485989841133612,0,100,101,-1,neutral
eva_adaptive_open,5,C066,CUATRO PONIENTE,C071,BARROS ARANA,0.2432718387690382,0.2432718387690382,0,101,102,-1,neutral
eva_adaptive_open,5,C066,CUATRO PONIENTE,C082,CAUPOLICAN,0.24201028797730914,0.24201028797730914,0,102,103,-1,neutral
eva_adaptive_open,5,C066,CUATRO PONIENTE,C080,PARAGUAY,0.2404621201898296,0.2404621201898296,0,103,104,-1,neutral
eva_adaptive_open,5,C066,CUATRO PONIENTE,C012,GABRIELA ORIENTE,0.23493763531224565,0.2629227099391113,0.02798507462686567,104,88,16,complementarity_signal
eva_adaptive_open,5,C066,CUATRO PONIENTE,C087,SALVADOR GUTIERREZ,0.23167583897026392,0.23167583897026392,0,105,106,-1,neutral
eva_adaptive_open,5,C066,CUATRO PONIENTE,C019,LAS HIJUELAS SUR - LIBERTADOR BERNARDO OHIGGINS,0.23151138733257812,0.23151138733257812,0,106,107,-1,neutral
eva_adaptive_open,5,C066,CUATRO PONIENTE,C051,JOSE MIGUEL INFANTE - DOMINGO STA MARIA,0.22770327755636682,0.22770327755636682,0,107,108,-1,neutral
eva_adaptive_open,5,C066,CUATRO PONIENTE,C008,EL CERRO,0.22664145134727998,0.22664145134727998,0,108,109,-1,neutral
eva_adaptive_open,5,C066,CUATRO PONIENTE,C036,RIO REFUGIO - SALAR SURIRE,0.22368469062682966,0.22368469062682966,0,109,110,-1,neutral
eva_adaptive_open,5,C066,CUATRO PONIENTE,C077,RICARDO VIAL,0.22334495183243977,0.22334495183243977,0,110,111,-1,neutral
eva_adaptive_open,5,C066,CUATRO PONIENTE,C072,COVADONGA,0.2222660174854263,0.2222660174854263,0,111,112,-1,neutral
eva_adaptive_open,5,C066,CUATRO PONIENTE,C010,ESQ BLANCA - ALBERTO LLONA,0.219488334536514,0.238468098274494,0.018979763737979993,112,105,7,complementarity_signal
eva_adaptive_open,5,C066,CUATRO PONIENTE,C084,EL PINO - UNO SUR,0.21625589427110412,0.2834200733755817,0.06716417910447761,113,76,37,complementarity_signal
eva_adaptive_open,5,C066,CUATRO PONIENTE,C055,ARTURO PRAT,0.1970214926913857,0.1970214926913857,0,114,114,0,neutral
eva_adaptive_open,5,C066,CUATRO PONIENTE,C085,LOS LIBERTADORES,0.19011991189992178,0.19011991189992178,0,115,115,0,neutral
eva_adaptive_open,5,C066,CUATRO PONIENTE,C018,LA PRIMAVERA,0.18728903995307272,0.18728903995307272,0,116,116,0,neutral
eva_adaptive_open,5,C066,CUATRO PONIENTE,C045,PORTO ALEGRE,0.1789631843926075,0.20694825901947317,0.02798507462686567,117,113,4,complementarity_signal
eva_adaptive_open,5,C066,CUATRO PONIENTE,C025,LOS DURAZNOS,0.17773769788730326,0.17773769788730326,0,118,118,0,neutral
eva_adaptive_open,5,C066,CUATRO PONIENTE,C073,LOS MORROS,0.16537203853610075,0.16537203853610075,0,119,119,0,neutral
eva_adaptive_open,5,C066,CUATRO PONIENTE,C016,JUANITA,0.15869954711149178,0.18668462173835745,0.02798507462686567,120,117,3,complementarity_signal
eva_adaptive_open,6,C067,CARDENAL RAUL SILVA HENRIQUEZ,I14,LO OVALLE,0.5479931058375819,0.5534212047176278,0.005428098880045917,2,2,0,complementarity_signal
eva_adaptive_open,6,C067,CARDENAL RAUL SILVA HENRIQUEZ,I20,PAC - LO ESPEJO - EL BOSQUE,0.5323976014038322,0.5536853063056181,0.021287704901785887,3,1,2,complementarity_signal
eva_adaptive_open,6,C067,CARDENAL RAUL SILVA HENRIQUEZ,I04,DEL FERROCARRIL,0.529001447475123,0.5066133877736304,-0.022388059701492602,4,6,-2,substitution_signal
eva_adaptive_open,6,C067,CARDENAL RAUL SILVA HENRIQUEZ,I16,MATTA-VESPUCIO NORTE,0.5227107068074346,0.5227107068074346,0,5,5,0,neutral
eva_adaptive_open,6,C067,CARDENAL RAUL SILVA HENRIQUEZ,I01,BARÓN DE JURAS REALES,0.4929090460062476,0.48731203108087445,-0.005597014925373123,6,8,-2,substitution_signal
eva_adaptive_open,6,C067,CARDENAL RAUL SILVA HENRIQUEZ,EP-ALAMEDA-T3,ALAMEDA TRAMO 3,0.483469376271616,0.47227534642086966,-0.011194029850746356,7,13,-6,substitution_signal
eva_adaptive_open,6,C067,CARDENAL RAUL SILVA HENRIQUEZ,I22,PEDRO FONTOVA,0.47895195991393325,0.4733549449885601,-0.005597014925373123,8,12,-4,substitution_signal
eva_adaptive_open,6,C067,CARDENAL RAUL SILVA HENRIQUEZ,EP-I34,VICUÑA MACKENNA,0.4789418889773093,0.4789418889773093,0,9,10,-1,neutral
eva_adaptive_open,6,C067,CARDENAL RAUL SILVA HENRIQUEZ,C068,SAN CARLOS,0.4749803536943168,0.5342570467163614,0.059276693022044635,10,4,6,complementarity_signal
eva_adaptive_open,6,C067,CARDENAL RAUL SILVA HENRIQUEZ,EP-I10,GRAN AVENIDA,0.4611062748286764,0.49105847990441054,0.02995220507573415,11,7,4,complementarity_signal
eva_adaptive_open,6,C067,CARDENAL RAUL SILVA HENRIQUEZ,I10,GRAN AVENIDA,0.4522248182521148,0.4764397478628878,0.024214929610772984,12,11,1,complementarity_signal
eva_adaptive_open,6,C067,CARDENAL RAUL SILVA HENRIQUEZ,I05,DIAGONAL JOSE MARIA CARO,0.4451852400344961,0.43399121018374986,-0.011194029850746245,13,16,-3,substitution_signal
eva_adaptive_open,6,C067,CARDENAL RAUL SILVA HENRIQUEZ,I19,PAC-LO ESPEJO-SN BDO,0.4386106205435798,0.5387182160664462,0.10010759552286641,14,3,11,complementarity_signal
eva_adaptive_open,6,C067,CARDENAL RAUL SILVA HENRIQUEZ,I21,PEDRO DE VALDIVIA,0.43779519616824303,0.44812771238917154,0.010332516220928512,15,14,1,complementarity_signal
eva_adaptive_open,6,C067,CARDENAL RAUL SILVA HENRIQUEZ,C006,DOMINGO TOCORNAL,0.4356600411419678,0.48502559385648286,0.04936555271451504,16,9,7,complementarity_signal
eva_adaptive_open,6,C067,CARDENAL RAUL SILVA HENRIQUEZ,I07,EL GUANACO,0.43140528492049235,0.42021125506974605,-0.011194029850746301,17,19,-2,substitution_signal
eva_adaptive_open,6,C067,CARDENAL RAUL SILVA HENRIQUEZ,I29,SANTA ROSA,0.42943111957961977,0.44036234221367543,0.01093122263405566,18,15,3,complementarity_signal
eva_adaptive_open,6,C067,CARDENAL RAUL SILVA HENRIQUEZ,I15,MARTINEZ DE ROZAS,0.4148837713854609,0.4148837713854609,0,19,20,-1,neutral
eva_adaptive_open,6,C067,CARDENAL RAUL SILVA HENRIQUEZ,EP-I33,LA CHIMBA,0.40472276023855985,0.40472276023855985,0,20,23,-3,neutral
eva_adaptive_open,6,C067,CARDENAL RAUL SILVA HENRIQUEZ,I06,DIAGONAL ORIENTE,0.4027599400799197,0.4027599400799197,0,21,24,-3,neutral
eva_adaptive_open,6,C067,CARDENAL RAUL SILVA HENRIQUEZ,I08,GENERAL OSCAR BONILLA,0.40105278896897634,0.3898587591182301,-0.011194029850746245,22,27,-5,substitution_signal
eva_adaptive_open,6,C067,CARDENAL RAUL SILVA HENRIQUEZ,I09,GENERAL VELASQUEZ,0.39820549777853775,0.4312541947388523,0.03304869696031454,23,17,6,complementarity_signal
eva_adaptive_open,6,C067,CARDENAL RAUL SILVA HENRIQUEZ,C081,SAN GREGORIO - DIEGO MEZA,0.3899248436312015,0.3899248436312015,0,24,26,-2,neutral
eva_adaptive_open,6,C067,CARDENAL RAUL SILVA HENRIQUEZ,I27,SANTA CECILIA - NONATO COO,0.3880527567539592,0.3880527567539592,0,25,28,-3,neutral
eva_adaptive_open,6,C067,CARDENAL RAUL SILVA HENRIQUEZ,I13,LO ESPEJO-RIQUELME,0.3820621452399818,0.40800471618112705,0.02594257094114527,26,21,5,complementarity_signal
eva_adaptive_open,6,C067,CARDENAL RAUL SILVA HENRIQUEZ,C061,EL PINAR,0.38177487386600095,0.38177487386600095,0,27,29,-2,neutral
eva_adaptive_open,6,C067,CARDENAL RAUL SILVA HENRIQUEZ,C053,CONDELL,0.3789938896681221,0.40040463577274116,0.02141074610461907,28,25,3,complementarity_signal
eva_adaptive_open,6,C067,CARDENAL RAUL SILVA HENRIQUEZ,I24,RADAL,0.37833718310344283,0.3727401681780697,-0.005597014925373123,29,31,-2,substitution_signal
eva_adaptive_open,6,C067,CARDENAL RAUL SILVA HENRIQUEZ,C029,MARIA ELENA,0.37696136541397635,0.42328545966999387,0.04632409425601752,30,18,12,complementarity_signal
eva_adaptive_open,6,C067,CARDENAL RAUL SILVA HENRIQUEZ,I25,SAN FRANCISCO,0.3713825176607043,0.3791047112539496,0.00772219359324533,31,30,1,complementarity_signal
eva_adaptive_open,6,C067,CARDENAL RAUL SILVA HENRIQUEZ,C070,MENDOZA (EX-CORONEL ROBLES),0.3707514836968912,0.35955745384614496,-0.011194029850746245,32,32,0,substitution_signal
eva_adaptive_open,6,C067,CARDENAL RAUL SILVA HENRIQUEZ,C057,PADRE VICENTE IRARRAZABAL - MANUEL CHACON,0.3666742638111625,0.3554802339604163,-0.011194029850746245,33,33,0,substitution_signal
eva_adaptive_open,6,C067,CARDENAL RAUL SILVA HENRIQUEZ,C086,LA ESTRELLA,0.36558889060773403,0.35439486075698773,-0.011194029850746301,34,36,-2,substitution_signal
eva_adaptive_open,6,C067,CARDENAL RAUL SILVA HENRIQUEZ,C003,CONCHA Y TORO,0.3632337610312627,0.4062676624815603,0.04303390145029762,35,22,13,complementarity_signal
eva_adaptive_open,6,C067,CARDENAL RAUL SILVA HENRIQUEZ,I17,MATUCANA,0.3601410655963122,0.354544050670939,-0.005597014925373178,36,34,2,substitution_signal
eva_adaptive_open,6,C067,CARDENAL RAUL SILVA HENRIQUEZ,C058,ANTONIO EBNER-BARROS ARANA,0.3591982079556389,0.35360119303026577,-0.005597014925373123,37,37,0,substitution_signal
eva_adaptive_open,6,C067,CARDENAL RAUL SILVA HENRIQUEZ,I02,CARLOS VALDOVINOS,0.35451515707262266,0.35451515707262266,0,38,35,3,neutral
eva_adaptive_open,6,C067,CARDENAL RAUL SILVA HENRIQUEZ,I18,NUEVA IMPERIAL,0.35003815001404454,0.3444411350886714,-0.005597014925373123,39,38,1,substitution_signal
eva_adaptive_open,6,C067,CARDENAL RAUL SILVA HENRIQUEZ,C014,JOSE DOMINGO CAÑAS,0.3434151720257287,0.3434151720257287,0,40,39,1,neutral
eva_adaptive_open,6,C067,CARDENAL RAUL SILVA HENRIQUEZ,C083,ORIENTAL-LAS PARCELAS,0.3340917121382666,0.3340917121382666,0,41,40,1,neutral
eva_adaptive_open,6,C067,CARDENAL RAUL SILVA HENRIQUEZ,C044,LOS CERRILLOS,0.33131953242771056,0.32572251750233744,-0.005597014925373123,42,43,-1,substitution_signal
eva_adaptive_open,6,C067,CARDENAL RAUL SILVA HENRIQUEZ,C043,NEPTUNO,0.331278400363114,0.331278400363114,0,43,41,2,neutral
eva_adaptive_open,6,C067,CARDENAL RAUL SILVA HENRIQUEZ,C001,SAN EUGENIO,0.3301050844306759,0.3301050844306759,0,44,42,2,neutral
eva_adaptive_open,6,C067,CARDENAL RAUL SILVA HENRIQUEZ,C007,EDUARDO CASTILLO VELASCO,0.3209682481807713,0.3209682481807713,0,45,44,1,neutral
eva_adaptive_open,6,C067,CARDENAL RAUL SILVA HENRIQUEZ,C032,OBISPO MANUEL UMAÑA,0.3208506507234438,0.31525363579807064,-0.005597014925373178,46,47,-1,substitution_signal
eva_adaptive_open,6,C067,CARDENAL RAUL SILVA HENRIQUEZ,C024,LOS ARRAYANES - LOS COPIHUES,0.3164169532190636,0.3164169532190636,0,47,45,2,neutral
eva_adaptive_open,6,C067,CARDENAL RAUL SILVA HENRIQUEZ,C074,URETA COX,0.31449957814869145,0.31449957814869145,0,48,48,0,neutral
eva_adaptive_open,6,C067,CARDENAL RAUL SILVA HENRIQUEZ,C090,SANTO DOMINGO,0.31219739335222674,0.31219739335222674,0,49,49,0,neutral
eva_adaptive_open,6,C067,CARDENAL RAUL SILVA HENRIQUEZ,C005,CORONEL ALEJANDRO SEPULVEDA,0.3106497256836105,0.3106497256836105,0,50,50,0,neutral
eva_adaptive_open,6,C067,CARDENAL RAUL SILVA HENRIQUEZ,C050,MAR DE DRAKE,0.3080499557179654,0.3080499557179654,0,51,51,0,neutral
eva_adaptive_open,6,C067,CARDENAL RAUL SILVA HENRIQUEZ,C088,ÑUBLE,0.30596663776619404,0.30596663776619404,0,52,52,0,neutral
eva_adaptive_open,6,C067,CARDENAL RAUL SILVA HENRIQUEZ,C020,LATINOAMERICA - PINTOR MURILLO - FRANCISCO TOLEDO,0.3053874986899725,0.3053874986899725,0,53,53,0,neutral
eva_adaptive_open,6,C067,CARDENAL RAUL SILVA HENRIQUEZ,C028,MADRID,0.3053850663175511,0.3053850663175511,0,54,54,0,neutral
eva_adaptive_open,6,C067,CARDENAL RAUL SILVA HENRIQUEZ,C034,PEDRO LEON UGALDE,0.30513444215224494,0.30513444215224494,0,55,55,0,neutral
eva_adaptive_open,6,C067,CARDENAL RAUL SILVA HENRIQUEZ,C023,AVENIDA DORSAL,0.3042844576466126,0.3042844576466126,0,56,56,0,neutral
eva_adaptive_open,6,C067,CARDENAL RAUL SILVA HENRIQUEZ,C037,SAN ALFONSO,0.3032697592490899,0.3032697592490899,0,57,57,0,neutral
eva_adaptive_open,6,C067,CARDENAL RAUL SILVA HENRIQUEZ,C030,MAULE,0.30294715823212187,0.30294715823212187,0,58,58,0,neutral
eva_adaptive_open,6,C067,CARDENAL RAUL SILVA HENRIQUEZ,C049,FEDERICO ERRÁZURIZ (EX SERRANO),0.3020754541725971,0.296478439247224,-0.005597014925373123,59,62,-3,substitution_signal
eva_adaptive_open,6,C067,CARDENAL RAUL SILVA HENRIQUEZ,C042,PRINCIPE DE GALES,0.3015275299366899,0.3015275299366899,0,60,59,1,neutral
eva_adaptive_open,6,C067,CARDENAL RAUL SILVA HENRIQUEZ,C015,JOSE MANUEL GUZMAN,0.2981461004143616,0.2925490854889885,-0.005597014925373123,61,66,-5,substitution_signal
eva_adaptive_open,6,C067,CARDENAL RAUL SILVA HENRIQUEZ,C039,TUPUNGATO,0.2972177850899593,0.2972177850899593,0,62,60,2,neutral
eva_adaptive_open,6,C067,CARDENAL RAUL SILVA HENRIQUEZ,C064,SILVA CARVALLO - SANTA ELENA,0.29671303455212084,0.29671303455212084,0,63,61,2,neutral
eva_adaptive_open,6,C067,CARDENAL RAUL SILVA HENRIQUEZ,C031,NECOCHEA,0.2942204983522875,0.2942204983522875,0,64,63,1,neutral
eva_adaptive_open,6,C067,CARDENAL RAUL SILVA HENRIQUEZ,C065,NUEVA SAN MARTIN,0.29384044783423063,0.29384044783423063,0,65,64,1,neutral
eva_adaptive_open,6,C067,CARDENAL RAUL SILVA HENRIQUEZ,C038,TALCAHUANO - SANTA INES - LOS EDILES,0.2933432281768104,0.2933432281768104,0,66,65,1,neutral
eva_adaptive_open,6,C067,CARDENAL RAUL SILVA HENRIQUEZ,C013,HEROES DE LA CONCEPCION,0.29161502323158384,0.29161502323158384,0,67,67,0,neutral
eva_adaptive_open,6,C067,CARDENAL RAUL SILVA HENRIQUEZ,C004,CONSISTORIAL,0.29093172378697835,0.29093172378697835,0,68,68,0,neutral
eva_adaptive_open,6,C067,CARDENAL RAUL SILVA HENRIQUEZ,C027,LOS PRESIDENTES,0.2903073892430075,0.2903073892430075,0,69,69,0,neutral
eva_adaptive_open,6,C067,CARDENAL RAUL SILVA HENRIQUEZ,I32,EINSTEIN,0.2892355135357534,0.2836384986103802,-0.005597014925373178,70,74,-4,substitution_signal
eva_adaptive_open,6,C067,CARDENAL RAUL SILVA HENRIQUEZ,I28,SANTA RAQUEL,0.2874774442364143,0.2776962274862046,-0.00978121675020971,71,78,-7,substitution_signal
eva_adaptive_open,6,C067,CARDENAL RAUL SILVA HENRIQUEZ,C060,ROJAS MAGALLANES,0.28736167748139896,0.28736167748139896,0,72,70,2,neutral
eva_adaptive_open,6,C067,CARDENAL RAUL SILVA HENRIQUEZ,I23,PETERSEN - VICUÑA MACKENNA,0.28720997267232284,0.28720997267232284,0,73,71,2,neutral
eva_adaptive_open,6,C067,CARDENAL RAUL SILVA HENRIQUEZ,C063,LONGITUDINAL,0.28538182252354,0.28538182252354,0,74,72,2,neutral
eva_adaptive_open,6,C067,CARDENAL RAUL SILVA HENRIQUEZ,C046,EUCALIPTOS,0.2836213631052964,0.2836213631052964,0,75,75,0,neutral
eva_adaptive_open,6,C067,CARDENAL RAUL SILVA HENRIQUEZ,C084,EL PINO - UNO SUR,0.2834200733755817,0.2841847706338979,0.0007646972583161826,76,73,3,complementarity_signal
eva_adaptive_open,6,C067,CARDENAL RAUL SILVA HENRIQUEZ,C022,LLANURA  - EL DESIERTO,0.2832694397879176,0.2832694397879176,0,77,76,1,neutral
eva_adaptive_open,6,C067,CARDENAL RAUL SILVA HENRIQUEZ,C041,VISTA HERMOSA,0.2826721257643878,0.2770751108390147,-0.005597014925373123,78,79,-1,substitution_signal
eva_adaptive_open,6,C067,CARDENAL RAUL SILVA HENRIQUEZ,I31,FERNANDEZ ALBANO,0.27793271006427517,0.27793271006427517,0,79,77,2,neutral
eva_adaptive_open,6,C067,CARDENAL RAUL SILVA HENRIQUEZ,C035,PRODIVENCIA,0.27556952254522565,0.27556952254522565,0,80,80,0,neutral
eva_adaptive_open,6,C067,CARDENAL RAUL SILVA HENRIQUEZ,C026,LOS MAITENES,0.2734936774860785,0.2734936774860785,0,81,81,0,neutral
eva_adaptive_open,6,C067,CARDENAL RAUL SILVA HENRIQUEZ,C052,BAQUEDANO - POSTALES ORIENTE,0.2725119994529144,0.2725119994529144,0,82,82,0,neutral
eva_adaptive_open,6,C067,CARDENAL RAUL SILVA HENRIQUEZ,C089,J J PEREZ,0.26495488367176884,0.26495488367176884,0,83,83,0,neutral
eva_adaptive_open,6,C067,CARDENAL RAUL SILVA HENRIQUEZ,C047,VIOLETA PARRA,0.2648001936107111,0.2648001936107111,0,84,85,-1,neutral
eva_adaptive_open,6,C067,CARDENAL RAUL SILVA HENRIQUEZ,C079,LAS AMERICAS,0.2644298389232769,0.2644298389232769,0,85,86,-1,neutral
eva_adaptive_open,6,C067,CARDENAL RAUL SILVA HENRIQUEZ,C021,LAUTARO,0.26431781044192787,0.26485009970997153,0.0005322892680436619,86,84,2,complementarity_signal
eva_adaptive_open,6,C067,CARDENAL RAUL SILVA HENRIQUEZ,C078,WALDO TAFF,0.2640982140605202,0.2640982140605202,0,87,87,0,neutral
eva_adaptive_open,6,C067,CARDENAL RAUL SILVA HENRIQUEZ,C012,GABRIELA ORIENTE,0.2629227099391113,0.2629227099391113,0,88,88,0,neutral
eva_adaptive_open,6,C067,CARDENAL RAUL SILVA HENRIQUEZ,C40,VICUÑA MACKENNA - SAN MARTIN,0.2599804114545511,0.3163360869516046,0.0563556754970535,89,46,43,complementarity_signal
eva_adaptive_open,6,C067,CARDENAL RAUL SILVA HENRIQUEZ,C011,EYZAGUIRRE,0.2597262361382782,0.2597262361382782,0,90,89,1,neutral
eva_adaptive_open,6,C067,CARDENAL RAUL SILVA HENRIQUEZ,C069,LOS OLMOS,0.2594151168255869,0.2594151168255869,0,91,90,1,neutral
eva_adaptive_open,6,C067,CARDENAL RAUL SILVA HENRIQUEZ,C009,EL ROSAL - SANTA ELENA,0.258292338870139,0.258292338870139,0,92,91,1,neutral
eva_adaptive_open,6,C067,CARDENAL RAUL SILVA HENRIQUEZ,C002,CAPITAN IGNACIO CARRERA PINTO,0.2546555618818747,0.2546555618818747,0,93,92,1,neutral
eva_adaptive_open,6,C067,CARDENAL RAUL SILVA HENRIQUEZ,C056,TEMUCO - TORO MAZOTTE,0.25241364378738895,0.25241364378738895,0,94,93,1,neutral
eva_adaptive_open,6,C067,CARDENAL RAUL SILVA HENRIQUEZ,C048,GENERAL ARRIAGADA,0.2517348978903142,0.2517348978903142,0,95,94,1,neutral
eva_adaptive_open,6,C067,CARDENAL RAUL SILVA HENRIQUEZ,C033,OBSERVATORIO,0.25172362934577086,0.25172362934577086,0,96,95,1,neutral
eva_adaptive_open,6,C067,CARDENAL RAUL SILVA HENRIQUEZ,C062,CORONA SUECA,0.2513511863347979,0.2513511863347979,0,97,96,1,neutral
eva_adaptive_open,6,C067,CARDENAL RAUL SILVA HENRIQUEZ,I03,CARRASCAL,0.24854515940907576,0.24854515940907576,0,98,97,1,neutral
eva_adaptive_open,6,C067,CARDENAL RAUL SILVA HENRIQUEZ,C054,VICTORIA,0.24818166256108362,0.24818166256108362,0,99,98,1,neutral
eva_adaptive_open,6,C067,CARDENAL RAUL SILVA HENRIQUEZ,C017,LA PARINACOTA,0.24787162646529243,0.24787162646529243,0,100,99,1,neutral
eva_adaptive_open,6,C067,CARDENAL RAUL SILVA HENRIQUEZ,C076,ISLA DECEPCION,0.24485989841133612,0.24485989841133612,0,101,100,1,neutral
eva_adaptive_open,6,C067,CARDENAL RAUL SILVA HENRIQUEZ,C071,BARROS ARANA,0.2432718387690382,0.2432718387690382,0,102,101,1,neutral
eva_adaptive_open,6,C067,CARDENAL RAUL SILVA HENRIQUEZ,C082,CAUPOLICAN,0.24201028797730914,0.24201028797730914,0,103,102,1,neutral
eva_adaptive_open,6,C067,CARDENAL RAUL SILVA HENRIQUEZ,C080,PARAGUAY,0.2404621201898296,0.2404621201898296,0,104,103,1,neutral
eva_adaptive_open,6,C067,CARDENAL RAUL SILVA HENRIQUEZ,C010,ESQ BLANCA - ALBERTO LLONA,0.238468098274494,0.238468098274494,0,105,104,1,neutral
eva_adaptive_open,6,C067,CARDENAL RAUL SILVA HENRIQUEZ,C087,SALVADOR GUTIERREZ,0.23167583897026392,0.23167583897026392,0,106,105,1,neutral
eva_adaptive_open,6,C067,CARDENAL RAUL SILVA HENRIQUEZ,C019,LAS HIJUELAS SUR - LIBERTADOR BERNARDO OHIGGINS,0.23151138733257812,0.23151138733257812,0,107,106,1,neutral
eva_adaptive_open,6,C067,CARDENAL RAUL SILVA HENRIQUEZ,C051,JOSE MIGUEL INFANTE - DOMINGO STA MARIA,0.22770327755636682,0.22770327755636682,0,108,107,1,neutral
eva_adaptive_open,6,C067,CARDENAL RAUL SILVA HENRIQUEZ,C008,EL CERRO,0.22664145134727998,0.22664145134727998,0,109,108,1,neutral
eva_adaptive_open,6,C067,CARDENAL RAUL SILVA HENRIQUEZ,C036,RIO REFUGIO - SALAR SURIRE,0.22368469062682966,0.22368469062682966,0,110,109,1,neutral
eva_adaptive_open,6,C067,CARDENAL RAUL SILVA HENRIQUEZ,C077,RICARDO VIAL,0.22334495183243977,0.22334495183243977,0,111,110,1,neutral
eva_adaptive_open,6,C067,CARDENAL RAUL SILVA HENRIQUEZ,C072,COVADONGA,0.2222660174854263,0.2222660174854263,0,112,111,1,neutral
eva_adaptive_open,6,C067,CARDENAL RAUL SILVA HENRIQUEZ,C045,PORTO ALEGRE,0.20694825901947317,0.20701989732471845,0.00007163830524528625,113,112,1,complementarity_signal
eva_adaptive_open,6,C067,CARDENAL RAUL SILVA HENRIQUEZ,C055,ARTURO PRAT,0.1970214926913857,0.1970214926913857,0,114,113,1,neutral
eva_adaptive_open,6,C067,CARDENAL RAUL SILVA HENRIQUEZ,C085,LOS LIBERTADORES,0.19011991189992178,0.19011991189992178,0,115,114,1,neutral
eva_adaptive_open,6,C067,CARDENAL RAUL SILVA HENRIQUEZ,C018,LA PRIMAVERA,0.18728903995307272,0.1872923719672702,0.0000033320141974713113,116,115,1,complementarity_signal
eva_adaptive_open,6,C067,CARDENAL RAUL SILVA HENRIQUEZ,C016,JUANITA,0.18668462173835745,0.1866879537525549,0.0000033320141974435558,117,116,1,complementarity_signal
eva_adaptive_open,6,C067,CARDENAL RAUL SILVA HENRIQUEZ,C025,LOS DURAZNOS,0.17773769788730326,0.1777801810683208,0.000042483181017544114,118,117,1,complementarity_signal
eva_adaptive_open,6,C067,CARDENAL RAUL SILVA HENRIQUEZ,C073,LOS MORROS,0.16537203853610075,0.16537203853610075,0,119,118,1,neutral
eva_adaptive_open,7,I20,PAC - LO ESPEJO - EL BOSQUE,I14,LO OVALLE,0.5534212047176278,0.4661006249699735,-0.08732057974765428,2,11,-9,substitution_signal
eva_adaptive_open,7,I20,PAC - LO ESPEJO - EL BOSQUE,I19,PAC-LO ESPEJO-SN BDO,0.5387182160664462,0.5188816673527895,-0.0198365487136567,3,3,0,substitution_signal
eva_adaptive_open,7,I20,PAC - LO ESPEJO - EL BOSQUE,C068,SAN CARLOS,0.5342570467163614,0.5391152556715854,0.0048582089552239305,4,1,3,complementarity_signal
eva_adaptive_open,7,I20,PAC - LO ESPEJO - EL BOSQUE,I16,MATTA-VESPUCIO NORTE,0.5227107068074346,0.5227107068074346,0,5,2,3,neutral
eva_adaptive_open,7,I20,PAC - LO ESPEJO - EL BOSQUE,I04,DEL FERROCARRIL,0.5066133877736304,0.5098314313652615,0.0032180435916311367,6,4,2,complementarity_signal
eva_adaptive_open,7,I20,PAC - LO ESPEJO - EL BOSQUE,EP-I10,GRAN AVENIDA,0.49105847990441054,0.49906450061870844,0.008006020714297901,7,5,2,complementarity_signal
eva_adaptive_open,7,I20,PAC - LO ESPEJO - EL BOSQUE,I01,BARÓN DE JURAS REALES,0.48731203108087445,0.48731203108087445,0,8,7,1,neutral
eva_adaptive_open,7,I20,PAC - LO ESPEJO - EL BOSQUE,C006,DOMINGO TOCORNAL,0.48502559385648286,0.48988380281170674,0.004858208955223875,9,6,3,complementarity_signal
eva_adaptive_open,7,I20,PAC - LO ESPEJO - EL BOSQUE,EP-I34,VICUÑA MACKENNA,0.4789418889773093,0.4789418889773093,0,10,8,2,neutral
eva_adaptive_open,7,I20,PAC - LO ESPEJO - EL BOSQUE,I10,GRAN AVENIDA,0.4764397478628878,0.45148426271820313,-0.024955485144684653,11,12,-1,substitution_signal
eva_adaptive_open,7,I20,PAC - LO ESPEJO - EL BOSQUE,I22,PEDRO FONTOVA,0.4733549449885601,0.4733549449885601,0,12,9,3,neutral
eva_adaptive_open,7,I20,PAC - LO ESPEJO - EL BOSQUE,EP-ALAMEDA-T3,ALAMEDA TRAMO 3,0.47227534642086966,0.47227534642086966,0,13,10,3,neutral
eva_adaptive_open,7,I20,PAC - LO ESPEJO - EL BOSQUE,I21,PEDRO DE VALDIVIA,0.44812771238917154,0.44812771238917154,0,14,13,1,neutral
eva_adaptive_open,7,I20,PAC - LO ESPEJO - EL BOSQUE,I29,SANTA ROSA,0.44036234221367543,0.44036234221367543,0,15,14,1,neutral
eva_adaptive_open,7,I20,PAC - LO ESPEJO - EL BOSQUE,I05,DIAGONAL JOSE MARIA CARO,0.43399121018374986,0.439588225109123,0.005597014925373123,16,15,1,complementarity_signal
eva_adaptive_open,7,I20,PAC - LO ESPEJO - EL BOSQUE,I09,GENERAL VELASQUEZ,0.4312541947388523,0.3993165510777786,-0.03193764366107371,17,23,-6,substitution_signal
eva_adaptive_open,7,I20,PAC - LO ESPEJO - EL BOSQUE,C029,MARIA ELENA,0.42328545966999387,0.42247948952074016,-0.0008059701492537097,18,16,2,substitution_signal
eva_adaptive_open,7,I20,PAC - LO ESPEJO - EL BOSQUE,I07,EL GUANACO,0.42021125506974605,0.42021125506974605,0,19,17,2,neutral
eva_adaptive_open,7,I20,PAC - LO ESPEJO - EL BOSQUE,I15,MARTINEZ DE ROZAS,0.4148837713854609,0.4148837713854609,0,20,18,2,neutral
eva_adaptive_open,7,I20,PAC - LO ESPEJO - EL BOSQUE,I13,LO ESPEJO-RIQUELME,0.40800471618112705,0.3822347980328709,-0.025769918148256132,21,28,-7,substitution_signal
eva_adaptive_open,7,I20,PAC - LO ESPEJO - EL BOSQUE,C003,CONCHA Y TORO,0.4062676624815603,0.4054616923323066,-0.0008059701492537097,22,20,2,substitution_signal
eva_adaptive_open,7,I20,PAC - LO ESPEJO - EL BOSQUE,EP-I33,LA CHIMBA,0.40472276023855985,0.40472276023855985,0,23,21,2,neutral
eva_adaptive_open,7,I20,PAC - LO ESPEJO - EL BOSQUE,I06,DIAGONAL ORIENTE,0.4027599400799197,0.4027599400799197,0,24,22,2,neutral
eva_adaptive_open,7,I20,PAC - LO ESPEJO - EL BOSQUE,C053,CONDELL,0.40040463577274116,0.41073067387457984,0.010326038101838686,25,19,6,complementarity_signal
eva_adaptive_open,7,I20,PAC - LO ESPEJO - EL BOSQUE,C081,SAN GREGORIO - DIEGO MEZA,0.3899248436312015,0.3899248436312015,0,26,25,1,neutral
eva_adaptive_open,7,I20,PAC - LO ESPEJO - EL BOSQUE,I08,GENERAL OSCAR BONILLA,0.3898587591182301,0.3898587591182301,0,27,26,1,neutral
eva_adaptive_open,7,I20,PAC - LO ESPEJO - EL BOSQUE,I27,SANTA CECILIA - NONATO COO,0.3880527567539592,0.3880527567539592,0,28,27,1,neutral
eva_adaptive_open,7,I20,PAC - LO ESPEJO - EL BOSQUE,C061,EL PINAR,0.38177487386600095,0.38177487386600095,0,29,29,0,neutral
eva_adaptive_open,7,I20,PAC - LO ESPEJO - EL BOSQUE,I25,SAN FRANCISCO,0.3791047112539496,0.3960956158804257,0.016990904626476067,30,24,6,complementarity_signal
eva_adaptive_open,7,I20,PAC - LO ESPEJO - EL BOSQUE,I24,RADAL,0.3727401681780697,0.3727401681780697,0,31,30,1,neutral
eva_adaptive_open,7,I20,PAC - LO ESPEJO - EL BOSQUE,C070,MENDOZA (EX-CORONEL ROBLES),0.35955745384614496,0.35955745384614496,0,32,32,0,neutral
eva_adaptive_open,7,I20,PAC - LO ESPEJO - EL BOSQUE,C057,PADRE VICENTE IRARRAZABAL - MANUEL CHACON,0.3554802339604163,0.3610772488857894,0.005597014925373123,33,31,2,complementarity_signal
eva_adaptive_open,7,I20,PAC - LO ESPEJO - EL BOSQUE,I17,MATUCANA,0.354544050670939,0.354544050670939,0,34,34,0,neutral
eva_adaptive_open,7,I20,PAC - LO ESPEJO - EL BOSQUE,I02,CARLOS VALDOVINOS,0.35451515707262266,0.35528620955926693,0.0007710524866442747,35,33,2,complementarity_signal
eva_adaptive_open,7,I20,PAC - LO ESPEJO - EL BOSQUE,C086,LA ESTRELLA,0.35439486075698773,0.35439486075698773,0,36,35,1,neutral
eva_adaptive_open,7,I20,PAC - LO ESPEJO - EL BOSQUE,C058,ANTONIO EBNER-BARROS ARANA,0.35360119303026577,0.35360119303026577,0,37,36,1,neutral
eva_adaptive_open,7,I20,PAC - LO ESPEJO - EL BOSQUE,I18,NUEVA IMPERIAL,0.3444411350886714,0.3444411350886714,0,38,37,1,neutral
eva_adaptive_open,7,I20,PAC - LO ESPEJO - EL BOSQUE,C014,JOSE DOMINGO CAÑAS,0.3434151720257287,0.3434151720257287,0,39,38,1,neutral
eva_adaptive_open,7,I20,PAC - LO ESPEJO - EL BOSQUE,C083,ORIENTAL-LAS PARCELAS,0.3340917121382666,0.3340917121382666,0,40,39,1,neutral
eva_adaptive_open,7,I20,PAC - LO ESPEJO - EL BOSQUE,C043,NEPTUNO,0.331278400363114,0.331278400363114,0,41,40,1,neutral
eva_adaptive_open,7,I20,PAC - LO ESPEJO - EL BOSQUE,C001,SAN EUGENIO,0.3301050844306759,0.3301050844306759,0,42,41,1,neutral
eva_adaptive_open,7,I20,PAC - LO ESPEJO - EL BOSQUE,C044,LOS CERRILLOS,0.32572251750233744,0.32572251750233744,0,43,42,1,neutral
eva_adaptive_open,7,I20,PAC - LO ESPEJO - EL BOSQUE,C007,EDUARDO CASTILLO VELASCO,0.3209682481807713,0.3209682481807713,0,44,43,1,neutral
eva_adaptive_open,7,I20,PAC - LO ESPEJO - EL BOSQUE,C024,LOS ARRAYANES - LOS COPIHUES,0.3164169532190636,0.3164169532190636,0,45,44,1,neutral
eva_adaptive_open,7,I20,PAC - LO ESPEJO - EL BOSQUE,C40,VICUÑA MACKENNA - SAN MARTIN,0.3163360869516046,0.3163360869516046,0,46,45,1,neutral
eva_adaptive_open,7,I20,PAC - LO ESPEJO - EL BOSQUE,C032,OBISPO MANUEL UMAÑA,0.31525363579807064,0.31525363579807064,0,47,46,1,neutral
eva_adaptive_open,7,I20,PAC - LO ESPEJO - EL BOSQUE,C074,URETA COX,0.31449957814869145,0.31449957814869145,0,48,47,1,neutral
eva_adaptive_open,7,I20,PAC - LO ESPEJO - EL BOSQUE,C090,SANTO DOMINGO,0.31219739335222674,0.31219739335222674,0,49,48,1,neutral
eva_adaptive_open,7,I20,PAC - LO ESPEJO - EL BOSQUE,C005,CORONEL ALEJANDRO SEPULVEDA,0.3106497256836105,0.3106497256836105,0,50,49,1,neutral
eva_adaptive_open,7,I20,PAC - LO ESPEJO - EL BOSQUE,C050,MAR DE DRAKE,0.3080499557179654,0.3080499557179654,0,51,50,1,neutral
eva_adaptive_open,7,I20,PAC - LO ESPEJO - EL BOSQUE,C088,ÑUBLE,0.30596663776619404,0.30596663776619404,0,52,51,1,neutral
eva_adaptive_open,7,I20,PAC - LO ESPEJO - EL BOSQUE,C020,LATINOAMERICA - PINTOR MURILLO - FRANCISCO TOLEDO,0.3053874986899725,0.3053874986899725,0,53,52,1,neutral
eva_adaptive_open,7,I20,PAC - LO ESPEJO - EL BOSQUE,C028,MADRID,0.3053850663175511,0.3053850663175511,0,54,53,1,neutral
eva_adaptive_open,7,I20,PAC - LO ESPEJO - EL BOSQUE,C034,PEDRO LEON UGALDE,0.30513444215224494,0.30513444215224494,0,55,54,1,neutral
eva_adaptive_open,7,I20,PAC - LO ESPEJO - EL BOSQUE,C023,AVENIDA DORSAL,0.3042844576466126,0.3042844576466126,0,56,55,1,neutral
eva_adaptive_open,7,I20,PAC - LO ESPEJO - EL BOSQUE,C037,SAN ALFONSO,0.3032697592490899,0.3032697592490899,0,57,56,1,neutral
eva_adaptive_open,7,I20,PAC - LO ESPEJO - EL BOSQUE,C030,MAULE,0.30294715823212187,0.30294715823212187,0,58,57,1,neutral
eva_adaptive_open,7,I20,PAC - LO ESPEJO - EL BOSQUE,C042,PRINCIPE DE GALES,0.3015275299366899,0.3015275299366899,0,59,58,1,neutral
eva_adaptive_open,7,I20,PAC - LO ESPEJO - EL BOSQUE,C039,TUPUNGATO,0.2972177850899593,0.2972177850899593,0,60,59,1,neutral
eva_adaptive_open,7,I20,PAC - LO ESPEJO - EL BOSQUE,C064,SILVA CARVALLO - SANTA ELENA,0.29671303455212084,0.29671303455212084,0,61,60,1,neutral
eva_adaptive_open,7,I20,PAC - LO ESPEJO - EL BOSQUE,C049,FEDERICO ERRÁZURIZ (EX SERRANO),0.296478439247224,0.296478439247224,0,62,61,1,neutral
eva_adaptive_open,7,I20,PAC - LO ESPEJO - EL BOSQUE,C031,NECOCHEA,0.2942204983522875,0.2942204983522875,0,63,62,1,neutral
eva_adaptive_open,7,I20,PAC - LO ESPEJO - EL BOSQUE,C065,NUEVA SAN MARTIN,0.29384044783423063,0.29384044783423063,0,64,63,1,neutral
eva_adaptive_open,7,I20,PAC - LO ESPEJO - EL BOSQUE,C038,TALCAHUANO - SANTA INES - LOS EDILES,0.2933432281768104,0.2933432281768104,0,65,64,1,neutral
eva_adaptive_open,7,I20,PAC - LO ESPEJO - EL BOSQUE,C015,JOSE MANUEL GUZMAN,0.2925490854889885,0.2925490854889885,0,66,65,1,neutral
eva_adaptive_open,7,I20,PAC - LO ESPEJO - EL BOSQUE,C013,HEROES DE LA CONCEPCION,0.29161502323158384,0.29161502323158384,0,67,66,1,neutral
eva_adaptive_open,7,I20,PAC - LO ESPEJO - EL BOSQUE,C004,CONSISTORIAL,0.29093172378697835,0.29093172378697835,0,68,67,1,neutral
eva_adaptive_open,7,I20,PAC - LO ESPEJO - EL BOSQUE,C027,LOS PRESIDENTES,0.2903073892430075,0.2903073892430075,0,69,68,1,neutral
eva_adaptive_open,7,I20,PAC - LO ESPEJO - EL BOSQUE,C060,ROJAS MAGALLANES,0.28736167748139896,0.28736167748139896,0,70,70,0,neutral
eva_adaptive_open,7,I20,PAC - LO ESPEJO - EL BOSQUE,I23,PETERSEN - VICUÑA MACKENNA,0.28720997267232284,0.28720997267232284,0,71,71,0,neutral
eva_adaptive_open,7,I20,PAC - LO ESPEJO - EL BOSQUE,C063,LONGITUDINAL,0.28538182252354,0.28538182252354,0,72,72,0,neutral
eva_adaptive_open,7,I20,PAC - LO ESPEJO - EL BOSQUE,C084,EL PINO - UNO SUR,0.2841847706338979,0.2172071843244779,-0.06697758630942002,73,110,-37,substitution_signal
eva_adaptive_open,7,I20,PAC - LO ESPEJO - EL BOSQUE,I32,EINSTEIN,0.2836384986103802,0.2892355135357534,0.005597014925373178,74,69,5,complementarity_signal
eva_adaptive_open,7,I20,PAC - LO ESPEJO - EL BOSQUE,C046,EUCALIPTOS,0.2836213631052964,0.2836213631052964,0,75,73,2,neutral
eva_adaptive_open,7,I20,PAC - LO ESPEJO - EL BOSQUE,C022,LLANURA  - EL DESIERTO,0.2832694397879176,0.2832694397879176,0,76,74,2,neutral
eva_adaptive_open,7,I20,PAC - LO ESPEJO - EL BOSQUE,I31,FERNANDEZ ALBANO,0.27793271006427517,0.27793271006427517,0,77,75,2,neutral
eva_adaptive_open,7,I20,PAC - LO ESPEJO - EL BOSQUE,I28,SANTA RAQUEL,0.2776962274862046,0.2776962274862046,0,78,76,2,neutral
eva_adaptive_open,7,I20,PAC - LO ESPEJO - EL BOSQUE,C041,VISTA HERMOSA,0.2770751108390147,0.2770751108390147,0,79,77,2,neutral
eva_adaptive_open,7,I20,PAC - LO ESPEJO - EL BOSQUE,C035,PRODIVENCIA,0.27556952254522565,0.27556952254522565,0,80,78,2,neutral
eva_adaptive_open,7,I20,PAC - LO ESPEJO - EL BOSQUE,C026,LOS MAITENES,0.2734936774860785,0.2734936774860785,0,81,79,2,neutral
eva_adaptive_open,7,I20,PAC - LO ESPEJO - EL BOSQUE,C052,BAQUEDANO - POSTALES ORIENTE,0.2725119994529144,0.2725119994529144,0,82,80,2,neutral
eva_adaptive_open,7,I20,PAC - LO ESPEJO - EL BOSQUE,C089,J J PEREZ,0.26495488367176884,0.26495488367176884,0,83,81,2,neutral
eva_adaptive_open,7,I20,PAC - LO ESPEJO - EL BOSQUE,C021,LAUTARO,0.26485009970997153,0.26491757299747,0.00006747328749845405,84,82,2,complementarity_signal
eva_adaptive_open,7,I20,PAC - LO ESPEJO - EL BOSQUE,C047,VIOLETA PARRA,0.2648001936107111,0.2648001936107111,0,85,83,2,neutral
eva_adaptive_open,7,I20,PAC - LO ESPEJO - EL BOSQUE,C079,LAS AMERICAS,0.2644298389232769,0.2644298389232769,0,86,84,2,neutral
eva_adaptive_open,7,I20,PAC - LO ESPEJO - EL BOSQUE,C078,WALDO TAFF,0.2640982140605202,0.2640982140605202,0,87,85,2,neutral
eva_adaptive_open,7,I20,PAC - LO ESPEJO - EL BOSQUE,C012,GABRIELA ORIENTE,0.2629227099391113,0.2629227099391113,0,88,86,2,neutral
eva_adaptive_open,7,I20,PAC - LO ESPEJO - EL BOSQUE,C011,EYZAGUIRRE,0.2597262361382782,0.2597262361382782,0,89,87,2,neutral
eva_adaptive_open,7,I20,PAC - LO ESPEJO - EL BOSQUE,C069,LOS OLMOS,0.2594151168255869,0.2594151168255869,0,90,88,2,neutral
eva_adaptive_open,7,I20,PAC - LO ESPEJO - EL BOSQUE,C009,EL ROSAL - SANTA ELENA,0.258292338870139,0.258292338870139,0,91,89,2,neutral
eva_adaptive_open,7,I20,PAC - LO ESPEJO - EL BOSQUE,C002,CAPITAN IGNACIO CARRERA PINTO,0.2546555618818747,0.2546555618818747,0,92,90,2,neutral
eva_adaptive_open,7,I20,PAC - LO ESPEJO - EL BOSQUE,C056,TEMUCO - TORO MAZOTTE,0.25241364378738895,0.25241364378738895,0,93,91,2,neutral
eva_adaptive_open,7,I20,PAC - LO ESPEJO - EL BOSQUE,C048,GENERAL ARRIAGADA,0.2517348978903142,0.2517348978903142,0,94,92,2,neutral
eva_adaptive_open,7,I20,PAC - LO ESPEJO - EL BOSQUE,C033,OBSERVATORIO,0.25172362934577086,0.25172362934577086,0,95,93,2,neutral
eva_adaptive_open,7,I20,PAC - LO ESPEJO - EL BOSQUE,C062,CORONA SUECA,0.2513511863347979,0.2513511863347979,0,96,94,2,neutral
eva_adaptive_open,7,I20,PAC - LO ESPEJO - EL BOSQUE,I03,CARRASCAL,0.24854515940907576,0.24854515940907576,0,97,95,2,neutral
eva_adaptive_open,7,I20,PAC - LO ESPEJO - EL BOSQUE,C054,VICTORIA,0.24818166256108362,0.24818166256108362,0,98,96,2,neutral
eva_adaptive_open,7,I20,PAC - LO ESPEJO - EL BOSQUE,C017,LA PARINACOTA,0.24787162646529243,0.24787162646529243,0,99,97,2,neutral
eva_adaptive_open,7,I20,PAC - LO ESPEJO - EL BOSQUE,C076,ISLA DECEPCION,0.24485989841133612,0.24485989841133612,0,100,98,2,neutral
eva_adaptive_open,7,I20,PAC - LO ESPEJO - EL BOSQUE,C071,BARROS ARANA,0.2432718387690382,0.2432718387690382,0,101,99,2,neutral
eva_adaptive_open,7,I20,PAC - LO ESPEJO - EL BOSQUE,C082,CAUPOLICAN,0.24201028797730914,0.24201028797730914,0,102,100,2,neutral
eva_adaptive_open,7,I20,PAC - LO ESPEJO - EL BOSQUE,C080,PARAGUAY,0.2404621201898296,0.2404621201898296,0,103,101,2,neutral
eva_adaptive_open,7,I20,PAC - LO ESPEJO - EL BOSQUE,C010,ESQ BLANCA - ALBERTO LLONA,0.238468098274494,0.238468098274494,0,104,102,2,neutral
eva_adaptive_open,7,I20,PAC - LO ESPEJO - EL BOSQUE,C087,SALVADOR GUTIERREZ,0.23167583897026392,0.23167583897026392,0,105,103,2,neutral
eva_adaptive_open,7,I20,PAC - LO ESPEJO - EL BOSQUE,C019,LAS HIJUELAS SUR - LIBERTADOR BERNARDO OHIGGINS,0.23151138733257812,0.23151138733257812,0,106,104,2,neutral
eva_adaptive_open,7,I20,PAC - LO ESPEJO - EL BOSQUE,C051,JOSE MIGUEL INFANTE - DOMINGO STA MARIA,0.22770327755636682,0.22770327755636682,0,107,105,2,neutral
eva_adaptive_open,7,I20,PAC - LO ESPEJO - EL BOSQUE,C008,EL CERRO,0.22664145134727998,0.22664145134727998,0,108,106,2,neutral
eva_adaptive_open,7,I20,PAC - LO ESPEJO - EL BOSQUE,C036,RIO REFUGIO - SALAR SURIRE,0.22368469062682966,0.22368469062682966,0,109,107,2,neutral
eva_adaptive_open,7,I20,PAC - LO ESPEJO - EL BOSQUE,C077,RICARDO VIAL,0.22334495183243977,0.22334495183243977,0,110,108,2,neutral
eva_adaptive_open,7,I20,PAC - LO ESPEJO - EL BOSQUE,C072,COVADONGA,0.2222660174854263,0.2222660174854263,0,111,109,2,neutral
eva_adaptive_open,7,I20,PAC - LO ESPEJO - EL BOSQUE,C045,PORTO ALEGRE,0.20701989732471845,0.20701989732471845,0,112,111,1,neutral
eva_adaptive_open,7,I20,PAC - LO ESPEJO - EL BOSQUE,C055,ARTURO PRAT,0.1970214926913857,0.1970214926913857,0,113,112,1,neutral
eva_adaptive_open,7,I20,PAC - LO ESPEJO - EL BOSQUE,C085,LOS LIBERTADORES,0.19011991189992178,0.19011991189992178,0,114,113,1,neutral
eva_adaptive_open,7,I20,PAC - LO ESPEJO - EL BOSQUE,C018,LA PRIMAVERA,0.1872923719672702,0.1872923719672702,0,115,114,1,neutral
eva_adaptive_open,7,I20,PAC - LO ESPEJO - EL BOSQUE,C016,JUANITA,0.1866879537525549,0.1866879537525549,0,116,115,1,neutral
eva_adaptive_open,7,I20,PAC - LO ESPEJO - EL BOSQUE,C025,LOS DURAZNOS,0.1777801810683208,0.1777801810683208,0,117,116,1,neutral
eva_adaptive_open,7,I20,PAC - LO ESPEJO - EL BOSQUE,C073,LOS MORROS,0.16537203853610075,0.16537203853610075,0,118,117,1,neutral
eva_adaptive_open,8,C068,SAN CARLOS,I16,MATTA-VESPUCIO NORTE,0.5227107068074346,0.5227107068074346,0,2,1,1,neutral
eva_adaptive_open,8,C068,SAN CARLOS,I19,PAC-LO ESPEJO-SN BDO,0.5188816673527895,0.5178169182859244,-0.001064749066865156,3,3,0,substitution_signal
eva_adaptive_open,8,C068,SAN CARLOS,I04,DEL FERROCARRIL,0.5098314313652615,0.5210254612160078,0.011194029850746245,4,2,2,complementarity_signal
eva_adaptive_open,8,C068,SAN CARLOS,EP-I10,GRAN AVENIDA,0.49906450061870844,0.4981125248539002,-0.0009519757648082661,5,4,1,substitution_signal
eva_adaptive_open,8,C068,SAN CARLOS,C006,DOMINGO TOCORNAL,0.48988380281170674,0.22666482265658192,-0.2632189801551248,6,103,-97,substitution_signal
eva_adaptive_open,8,C068,SAN CARLOS,I01,BARÓN DE JURAS REALES,0.48731203108087445,0.4929090460062476,0.005597014925373123,7,5,2,complementarity_signal
eva_adaptive_open,8,C068,SAN CARLOS,EP-I34,VICUÑA MACKENNA,0.4789418889773093,0.4789418889773093,0,8,6,2,neutral
eva_adaptive_open,8,C068,SAN CARLOS,I22,PEDRO FONTOVA,0.4733549449885601,0.4733549449885601,0,9,8,1,neutral
eva_adaptive_open,8,C068,SAN CARLOS,EP-ALAMEDA-T3,ALAMEDA TRAMO 3,0.47227534642086966,0.4778723613462428,0.005597014925373123,10,7,3,complementarity_signal
eva_adaptive_open,8,C068,SAN CARLOS,I14,LO OVALLE,0.4661006249699735,0.47169763989534663,0.005597014925373123,11,9,2,complementarity_signal
eva_adaptive_open,8,C068,SAN CARLOS,I10,GRAN AVENIDA,0.45148426271820313,0.45708127764357626,0.005597014925373123,12,11,1,complementarity_signal
eva_adaptive_open,8,C068,SAN CARLOS,I21,PEDRO DE VALDIVIA,0.44812771238917154,0.4715844753185828,0.023456762929411235,13,10,3,complementarity_signal
eva_adaptive_open,8,C068,SAN CARLOS,I29,SANTA ROSA,0.44036234221367543,0.44036234221367543,0,14,12,2,neutral
eva_adaptive_open,8,C068,SAN CARLOS,I05,DIAGONAL JOSE MARIA CARO,0.439588225109123,0.439588225109123,0,15,13,2,neutral
eva_adaptive_open,8,C068,SAN CARLOS,C029,MARIA ELENA,0.42247948952074016,0.3055255912691762,-0.11695389825156394,16,49,-33,substitution_signal
eva_adaptive_open,8,C068,SAN CARLOS,I07,EL GUANACO,0.42021125506974605,0.42580826999511917,0.005597014925373123,17,14,3,complementarity_signal
eva_adaptive_open,8,C068,SAN CARLOS,I15,MARTINEZ DE ROZAS,0.4148837713854609,0.4148837713854609,0,18,15,3,neutral
eva_adaptive_open,8,C068,SAN CARLOS,C053,CONDELL,0.41073067387457984,0.4090390591360729,-0.0016916147385069302,19,16,3,substitution_signal
eva_adaptive_open,8,C068,SAN CARLOS,C003,CONCHA Y TORO,0.4054616923323066,0.2369033164688023,-0.1685583758635043,20,99,-79,substitution_signal
eva_adaptive_open,8,C068,SAN CARLOS,EP-I33,LA CHIMBA,0.40472276023855985,0.40472276023855985,0,21,17,4,neutral
eva_adaptive_open,8,C068,SAN CARLOS,I06,DIAGONAL ORIENTE,0.4027599400799197,0.4027599400799197,0,22,18,4,neutral
eva_adaptive_open,8,C068,SAN CARLOS,I09,GENERAL VELASQUEZ,0.3993165510777786,0.3993165510777786,0,23,19,4,neutral
eva_adaptive_open,8,C068,SAN CARLOS,I25,SAN FRANCISCO,0.3960956158804257,0.39624472351576184,0.00014910763533615423,24,20,4,complementarity_signal
eva_adaptive_open,8,C068,SAN CARLOS,C081,SAN GREGORIO - DIEGO MEZA,0.3899248436312015,0.3899248436312015,0,25,23,2,neutral
eva_adaptive_open,8,C068,SAN CARLOS,I08,GENERAL OSCAR BONILLA,0.3898587591182301,0.3954557740436032,0.005597014925373123,26,21,5,complementarity_signal
eva_adaptive_open,8,C068,SAN CARLOS,I27,SANTA CECILIA - NONATO COO,0.3880527567539592,0.39522263538354363,0.007169878629584403,27,22,5,complementarity_signal
eva_adaptive_open,8,C068,SAN CARLOS,I13,LO ESPEJO-RIQUELME,0.3822347980328709,0.38783181295824404,0.005597014925373123,28,24,4,complementarity_signal
eva_adaptive_open,8,C068,SAN CARLOS,C061,EL PINAR,0.38177487386600095,0.38177487386600095,0,29,25,4,neutral
eva_adaptive_open,8,C068,SAN CARLOS,I24,RADAL,0.3727401681780697,0.3727401681780697,0,30,26,4,neutral
eva_adaptive_open,8,C068,SAN CARLOS,C057,PADRE VICENTE IRARRAZABAL - MANUEL CHACON,0.3610772488857894,0.3610772488857894,0,31,28,3,neutral
eva_adaptive_open,8,C068,SAN CARLOS,C070,MENDOZA (EX-CORONEL ROBLES),0.35955745384614496,0.3651544687715181,0.005597014925373123,32,27,5,complementarity_signal
eva_adaptive_open,8,C068,SAN CARLOS,I02,CARLOS VALDOVINOS,0.35528620955926693,0.35528620955926693,0,33,30,3,neutral
eva_adaptive_open,8,C068,SAN CARLOS,I17,MATUCANA,0.354544050670939,0.354544050670939,0,34,32,2,neutral
eva_adaptive_open,8,C068,SAN CARLOS,C086,LA ESTRELLA,0.35439486075698773,0.35999187568236085,0.005597014925373123,35,29,6,complementarity_signal
eva_adaptive_open,8,C068,SAN CARLOS,C058,ANTONIO EBNER-BARROS ARANA,0.35360119303026577,0.35360119303026577,0,36,33,3,neutral
eva_adaptive_open,8,C068,SAN CARLOS,I18,NUEVA IMPERIAL,0.3444411350886714,0.35003815001404454,0.005597014925373123,37,34,3,complementarity_signal
eva_adaptive_open,8,C068,SAN CARLOS,C014,JOSE DOMINGO CAÑAS,0.3434151720257287,0.3434151720257287,0,38,35,3,neutral
eva_adaptive_open,8,C068,SAN CARLOS,C083,ORIENTAL-LAS PARCELAS,0.3340917121382666,0.3340917121382666,0,39,36,3,neutral
eva_adaptive_open,8,C068,SAN CARLOS,C043,NEPTUNO,0.331278400363114,0.331278400363114,0,40,38,2,neutral
eva_adaptive_open,8,C068,SAN CARLOS,C001,SAN EUGENIO,0.3301050844306759,0.3301050844306759,0,41,39,2,neutral
eva_adaptive_open,8,C068,SAN CARLOS,C044,LOS CERRILLOS,0.32572251750233744,0.33131953242771056,0.005597014925373123,42,37,5,complementarity_signal
eva_adaptive_open,8,C068,SAN CARLOS,C007,EDUARDO CASTILLO VELASCO,0.3209682481807713,0.3209682481807713,0,43,40,3,neutral
eva_adaptive_open,8,C068,SAN CARLOS,C024,LOS ARRAYANES - LOS COPIHUES,0.3164169532190636,0.3164169532190636,0,44,41,3,neutral
eva_adaptive_open,8,C068,SAN CARLOS,C40,VICUÑA MACKENNA - SAN MARTIN,0.3163360869516046,0.3163360869516046,0,45,42,3,neutral
eva_adaptive_open,8,C068,SAN CARLOS,C032,OBISPO MANUEL UMAÑA,0.31525363579807064,0.31525363579807064,0,46,43,3,neutral
eva_adaptive_open,8,C068,SAN CARLOS,C074,URETA COX,0.31449957814869145,0.31449957814869145,0,47,44,3,neutral
eva_adaptive_open,8,C068,SAN CARLOS,C090,SANTO DOMINGO,0.31219739335222674,0.31219739335222674,0,48,45,3,neutral
eva_adaptive_open,8,C068,SAN CARLOS,C005,CORONEL ALEJANDRO SEPULVEDA,0.3106497256836105,0.3106497256836105,0,49,46,3,neutral
eva_adaptive_open,8,C068,SAN CARLOS,C050,MAR DE DRAKE,0.3080499557179654,0.3080499557179654,0,50,47,3,neutral
eva_adaptive_open,8,C068,SAN CARLOS,C088,ÑUBLE,0.30596663776619404,0.30596663776619404,0,51,48,3,neutral
eva_adaptive_open,8,C068,SAN CARLOS,C020,LATINOAMERICA - PINTOR MURILLO - FRANCISCO TOLEDO,0.3053874986899725,0.3053874986899725,0,52,50,2,neutral
eva_adaptive_open,8,C068,SAN CARLOS,C028,MADRID,0.3053850663175511,0.3053850663175511,0,53,51,2,neutral
eva_adaptive_open,8,C068,SAN CARLOS,C034,PEDRO LEON UGALDE,0.30513444215224494,0.30513444215224494,0,54,52,2,neutral
eva_adaptive_open,8,C068,SAN CARLOS,C023,AVENIDA DORSAL,0.3042844576466126,0.3042844576466126,0,55,53,2,neutral
eva_adaptive_open,8,C068,SAN CARLOS,C037,SAN ALFONSO,0.3032697592490899,0.3032697592490899,0,56,54,2,neutral
eva_adaptive_open,8,C068,SAN CARLOS,C030,MAULE,0.30294715823212187,0.30294715823212187,0,57,55,2,neutral
eva_adaptive_open,8,C068,SAN CARLOS,C042,PRINCIPE DE GALES,0.3015275299366899,0.3015275299366899,0,58,57,1,neutral
eva_adaptive_open,8,C068,SAN CARLOS,C039,TUPUNGATO,0.2972177850899593,0.2972177850899593,0,59,58,1,neutral
eva_adaptive_open,8,C068,SAN CARLOS,C064,SILVA CARVALLO - SANTA ELENA,0.29671303455212084,0.29671303455212084,0,60,59,1,neutral
eva_adaptive_open,8,C068,SAN CARLOS,C049,FEDERICO ERRÁZURIZ (EX SERRANO),0.296478439247224,0.3020754541725971,0.005597014925373123,61,56,5,complementarity_signal
eva_adaptive_open,8,C068,SAN CARLOS,C031,NECOCHEA,0.2942204983522875,0.2942204983522875,0,62,60,2,neutral
eva_adaptive_open,8,C068,SAN CARLOS,C065,NUEVA SAN MARTIN,0.29384044783423063,0.29384044783423063,0,63,61,2,neutral
eva_adaptive_open,8,C068,SAN CARLOS,C038,TALCAHUANO - SANTA INES - LOS EDILES,0.2933432281768104,0.2933432281768104,0,64,62,2,neutral
eva_adaptive_open,8,C068,SAN CARLOS,C015,JOSE MANUEL GUZMAN,0.2925490854889885,0.2925490854889885,0,65,63,2,neutral
eva_adaptive_open,8,C068,SAN CARLOS,C013,HEROES DE LA CONCEPCION,0.29161502323158384,0.29161502323158384,0,66,64,2,neutral
eva_adaptive_open,8,C068,SAN CARLOS,C004,CONSISTORIAL,0.29093172378697835,0.29093172378697835,0,67,65,2,neutral
eva_adaptive_open,8,C068,SAN CARLOS,C027,LOS PRESIDENTES,0.2903073892430075,0.2903073892430075,0,68,66,2,neutral
eva_adaptive_open,8,C068,SAN CARLOS,I32,EINSTEIN,0.2892355135357534,0.2892355135357534,0,69,67,2,neutral
eva_adaptive_open,8,C068,SAN CARLOS,C060,ROJAS MAGALLANES,0.28736167748139896,0.3547107833738353,0.06734910589243637,70,31,39,complementarity_signal
eva_adaptive_open,8,C068,SAN CARLOS,I23,PETERSEN - VICUÑA MACKENNA,0.28720997267232284,0.28720997267232284,0,71,68,3,neutral
eva_adaptive_open,8,C068,SAN CARLOS,C063,LONGITUDINAL,0.28538182252354,0.28538182252354,0,72,69,3,neutral
eva_adaptive_open,8,C068,SAN CARLOS,C046,EUCALIPTOS,0.2836213631052964,0.2836213631052964,0,73,70,3,neutral
eva_adaptive_open,8,C068,SAN CARLOS,C022,LLANURA  - EL DESIERTO,0.2832694397879176,0.2832694397879176,0,74,71,3,neutral
eva_adaptive_open,8,C068,SAN CARLOS,I31,FERNANDEZ ALBANO,0.27793271006427517,0.27793271006427517,0,75,73,2,neutral
eva_adaptive_open,8,C068,SAN CARLOS,I28,SANTA RAQUEL,0.2776962274862046,0.2776962274862046,0,76,74,2,neutral
eva_adaptive_open,8,C068,SAN CARLOS,C041,VISTA HERMOSA,0.2770751108390147,0.2826721257643878,0.005597014925373123,77,72,5,complementarity_signal
eva_adaptive_open,8,C068,SAN CARLOS,C035,PRODIVENCIA,0.27556952254522565,0.27556952254522565,0,78,75,3,neutral
eva_adaptive_open,8,C068,SAN CARLOS,C026,LOS MAITENES,0.2734936774860785,0.2734936774860785,0,79,76,3,neutral
eva_adaptive_open,8,C068,SAN CARLOS,C052,BAQUEDANO - POSTALES ORIENTE,0.2725119994529144,0.2725119994529144,0,80,77,3,neutral
eva_adaptive_open,8,C068,SAN CARLOS,C089,J J PEREZ,0.26495488367176884,0.26495488367176884,0,81,79,2,neutral
eva_adaptive_open,8,C068,SAN CARLOS,C021,LAUTARO,0.26491757299747,0.26497171822817867,0.000054145230708679826,82,78,4,complementarity_signal
eva_adaptive_open,8,C068,SAN CARLOS,C047,VIOLETA PARRA,0.2648001936107111,0.2648001936107111,0,83,80,3,neutral
eva_adaptive_open,8,C068,SAN CARLOS,C079,LAS AMERICAS,0.2644298389232769,0.2644298389232769,0,84,81,3,neutral
eva_adaptive_open,8,C068,SAN CARLOS,C078,WALDO TAFF,0.2640982140605202,0.2640982140605202,0,85,82,3,neutral
eva_adaptive_open,8,C068,SAN CARLOS,C012,GABRIELA ORIENTE,0.2629227099391113,0.21531535671348234,-0.04760735322562898,86,109,-23,substitution_signal
eva_adaptive_open,8,C068,SAN CARLOS,C011,EYZAGUIRRE,0.2597262361382782,0.2597262361382782,0,87,83,4,neutral
eva_adaptive_open,8,C068,SAN CARLOS,C069,LOS OLMOS,0.2594151168255869,0.2594151168255869,0,88,84,4,neutral
eva_adaptive_open,8,C068,SAN CARLOS,C009,EL ROSAL - SANTA ELENA,0.258292338870139,0.258292338870139,0,89,85,4,neutral
eva_adaptive_open,8,C068,SAN CARLOS,C002,CAPITAN IGNACIO CARRERA PINTO,0.2546555618818747,0.2546555618818747,0,90,86,4,neutral
eva_adaptive_open,8,C068,SAN CARLOS,C056,TEMUCO - TORO MAZOTTE,0.25241364378738895,0.25241364378738895,0,91,87,4,neutral
eva_adaptive_open,8,C068,SAN CARLOS,C048,GENERAL ARRIAGADA,0.2517348978903142,0.2517348978903142,0,92,88,4,neutral
eva_adaptive_open,8,C068,SAN CARLOS,C033,OBSERVATORIO,0.25172362934577086,0.25172362934577086,0,93,89,4,neutral
eva_adaptive_open,8,C068,SAN CARLOS,C062,CORONA SUECA,0.2513511863347979,0.2513511863347979,0,94,90,4,neutral
eva_adaptive_open,8,C068,SAN CARLOS,I03,CARRASCAL,0.24854515940907576,0.24854515940907576,0,95,91,4,neutral
eva_adaptive_open,8,C068,SAN CARLOS,C054,VICTORIA,0.24818166256108362,0.24818166256108362,0,96,92,4,neutral
eva_adaptive_open,8,C068,SAN CARLOS,C017,LA PARINACOTA,0.24787162646529243,0.24787162646529243,0,97,93,4,neutral
eva_adaptive_open,8,C068,SAN CARLOS,C076,ISLA DECEPCION,0.24485989841133612,0.24485989841133612,0,98,94,4,neutral
eva_adaptive_open,8,C068,SAN CARLOS,C071,BARROS ARANA,0.2432718387690382,0.2432718387690382,0,99,95,4,neutral
eva_adaptive_open,8,C068,SAN CARLOS,C082,CAUPOLICAN,0.24201028797730914,0.24201028797730914,0,100,96,4,neutral
eva_adaptive_open,8,C068,SAN CARLOS,C080,PARAGUAY,0.2404621201898296,0.2404621201898296,0,101,97,4,neutral
eva_adaptive_open,8,C068,SAN CARLOS,C010,ESQ BLANCA - ALBERTO LLONA,0.238468098274494,0.238468098274494,0,102,98,4,neutral
eva_adaptive_open,8,C068,SAN CARLOS,C087,SALVADOR GUTIERREZ,0.23167583897026392,0.23167583897026392,0,103,100,3,neutral
eva_adaptive_open,8,C068,SAN CARLOS,C019,LAS HIJUELAS SUR - LIBERTADOR BERNARDO OHIGGINS,0.23151138733257812,0.23151138733257812,0,104,101,3,neutral
eva_adaptive_open,8,C068,SAN CARLOS,C051,JOSE MIGUEL INFANTE - DOMINGO STA MARIA,0.22770327755636682,0.22770327755636682,0,105,102,3,neutral
eva_adaptive_open,8,C068,SAN CARLOS,C008,EL CERRO,0.22664145134727998,0.22664145134727998,0,106,104,2,neutral
eva_adaptive_open,8,C068,SAN CARLOS,C036,RIO REFUGIO - SALAR SURIRE,0.22368469062682966,0.22368469062682966,0,107,105,2,neutral
eva_adaptive_open,8,C068,SAN CARLOS,C077,RICARDO VIAL,0.22334495183243977,0.22334495183243977,0,108,106,2,neutral
eva_adaptive_open,8,C068,SAN CARLOS,C072,COVADONGA,0.2222660174854263,0.2222660174854263,0,109,108,1,neutral
eva_adaptive_open,8,C068,SAN CARLOS,C084,EL PINO - UNO SUR,0.2172071843244779,0.22280419924985104,0.0055970149253731505,110,107,3,complementarity_signal
eva_adaptive_open,8,C068,SAN CARLOS,C045,PORTO ALEGRE,0.20701989732471845,0.20703155937440956,0.000011662049691107956,111,110,1,complementarity_signal
eva_adaptive_open,8,C068,SAN CARLOS,C055,ARTURO PRAT,0.1970214926913857,0.1970214926913857,0,112,111,1,neutral
eva_adaptive_open,8,C068,SAN CARLOS,C085,LOS LIBERTADORES,0.19011991189992178,0.19011991189992178,0,113,112,1,neutral
eva_adaptive_open,8,C068,SAN CARLOS,C018,LA PRIMAVERA,0.1872923719672702,0.18729320497081958,8.330035493886445e-7,114,113,1,complementarity_signal
eva_adaptive_open,8,C068,SAN CARLOS,C016,JUANITA,0.1866879537525549,0.18668878675610429,8.330035493886445e-7,115,114,1,complementarity_signal
eva_adaptive_open,8,C068,SAN CARLOS,C025,LOS DURAZNOS,0.1777801810683208,0.1777876781002651,0.000007497031944303512,116,115,1,complementarity_signal
eva_adaptive_open,8,C068,SAN CARLOS,C073,LOS MORROS,0.16537203853610075,0.16537203853610075,0,117,116,1,neutral
eva_adaptive_open,9,I16,MATTA-VESPUCIO NORTE,I04,DEL FERROCARRIL,0.5210254612160078,0.5210254612160078,0,2,3,-1,neutral
eva_adaptive_open,9,I16,MATTA-VESPUCIO NORTE,I19,PAC-LO ESPEJO-SN BDO,0.5178169182859244,0.5178169182859244,0,3,4,-1,neutral
eva_adaptive_open,9,I16,MATTA-VESPUCIO NORTE,EP-I10,GRAN AVENIDA,0.4981125248539002,0.4981125248539002,0,4,5,-1,neutral
eva_adaptive_open,9,I16,MATTA-VESPUCIO NORTE,I01,BARÓN DE JURAS REALES,0.4929090460062476,0.5585305031119108,0.0656214571056632,5,2,3,complementarity_signal
eva_adaptive_open,9,I16,MATTA-VESPUCIO NORTE,EP-I34,VICUÑA MACKENNA,0.4789418889773093,0.4789418889773093,0,6,7,-1,neutral
eva_adaptive_open,9,I16,MATTA-VESPUCIO NORTE,EP-ALAMEDA-T3,ALAMEDA TRAMO 3,0.4778723613462428,0.4778723613462428,0,7,8,-1,neutral
eva_adaptive_open,9,I16,MATTA-VESPUCIO NORTE,I22,PEDRO FONTOVA,0.4733549449885601,0.6247029669832711,0.15134802199471098,8,1,7,complementarity_signal
eva_adaptive_open,9,I16,MATTA-VESPUCIO NORTE,I14,LO OVALLE,0.47169763989534663,0.47169763989534663,0,9,9,0,neutral
eva_adaptive_open,9,I16,MATTA-VESPUCIO NORTE,I21,PEDRO DE VALDIVIA,0.4715844753185828,0.4715844753185828,0,10,10,0,neutral
eva_adaptive_open,9,I16,MATTA-VESPUCIO NORTE,I10,GRAN AVENIDA,0.45708127764357626,0.45708127764357626,0,11,11,0,neutral
eva_adaptive_open,9,I16,MATTA-VESPUCIO NORTE,I29,SANTA ROSA,0.44036234221367543,0.44036234221367543,0,12,12,0,neutral
eva_adaptive_open,9,I16,MATTA-VESPUCIO NORTE,I05,DIAGONAL JOSE MARIA CARO,0.439588225109123,0.4252898724353918,-0.014298352673731196,13,13,0,substitution_signal
eva_adaptive_open,9,I16,MATTA-VESPUCIO NORTE,I07,EL GUANACO,0.42580826999511917,0.486529969417416,0.060721699422296826,14,6,8,complementarity_signal
eva_adaptive_open,9,I16,MATTA-VESPUCIO NORTE,I15,MARTINEZ DE ROZAS,0.4148837713854609,0.4148837713854609,0,15,14,1,neutral
eva_adaptive_open,9,I16,MATTA-VESPUCIO NORTE,C053,CONDELL,0.4090390591360729,0.4090390591360729,0,16,15,1,neutral
eva_adaptive_open,9,I16,MATTA-VESPUCIO NORTE,EP-I33,LA CHIMBA,0.40472276023855985,0.40472276023855985,0,17,16,1,neutral
eva_adaptive_open,9,I16,MATTA-VESPUCIO NORTE,I06,DIAGONAL ORIENTE,0.4027599400799197,0.4027599400799197,0,18,17,1,neutral
eva_adaptive_open,9,I16,MATTA-VESPUCIO NORTE,I09,GENERAL VELASQUEZ,0.3993165510777786,0.3993165510777786,0,19,18,1,neutral
eva_adaptive_open,9,I16,MATTA-VESPUCIO NORTE,I25,SAN FRANCISCO,0.39624472351576184,0.39624472351576184,0,20,19,1,neutral
eva_adaptive_open,9,I16,MATTA-VESPUCIO NORTE,I08,GENERAL OSCAR BONILLA,0.3954557740436032,0.3954557740436032,0,21,20,1,neutral
eva_adaptive_open,9,I16,MATTA-VESPUCIO NORTE,I27,SANTA CECILIA - NONATO COO,0.39522263538354363,0.39522263538354363,0,22,21,1,neutral
eva_adaptive_open,9,I16,MATTA-VESPUCIO NORTE,C081,SAN GREGORIO - DIEGO MEZA,0.3899248436312015,0.3899248436312015,0,23,22,1,neutral
eva_adaptive_open,9,I16,MATTA-VESPUCIO NORTE,I13,LO ESPEJO-RIQUELME,0.38783181295824404,0.38783181295824404,0,24,23,1,neutral
eva_adaptive_open,9,I16,MATTA-VESPUCIO NORTE,C061,EL PINAR,0.38177487386600095,0.38177487386600095,0,25,24,1,neutral
eva_adaptive_open,9,I16,MATTA-VESPUCIO NORTE,I24,RADAL,0.3727401681780697,0.3727401681780697,0,26,25,1,neutral
eva_adaptive_open,9,I16,MATTA-VESPUCIO NORTE,C070,MENDOZA (EX-CORONEL ROBLES),0.3651544687715181,0.3651544687715181,0,27,26,1,neutral
eva_adaptive_open,9,I16,MATTA-VESPUCIO NORTE,C057,PADRE VICENTE IRARRAZABAL - MANUEL CHACON,0.3610772488857894,0.3610772488857894,0,28,27,1,neutral
eva_adaptive_open,9,I16,MATTA-VESPUCIO NORTE,C086,LA ESTRELLA,0.35999187568236085,0.35999187568236085,0,29,28,1,neutral
eva_adaptive_open,9,I16,MATTA-VESPUCIO NORTE,I02,CARLOS VALDOVINOS,0.35528620955926693,0.35528620955926693,0,30,29,1,neutral
eva_adaptive_open,9,I16,MATTA-VESPUCIO NORTE,C060,ROJAS MAGALLANES,0.3547107833738353,0.3547107833738353,0,31,30,1,neutral
eva_adaptive_open,9,I16,MATTA-VESPUCIO NORTE,I17,MATUCANA,0.354544050670939,0.354544050670939,0,32,31,1,neutral
eva_adaptive_open,9,I16,MATTA-VESPUCIO NORTE,C058,ANTONIO EBNER-BARROS ARANA,0.35360119303026577,0.35360119303026577,0,33,32,1,neutral
eva_adaptive_open,9,I16,MATTA-VESPUCIO NORTE,I18,NUEVA IMPERIAL,0.35003815001404454,0.35003815001404454,0,34,33,1,neutral
eva_adaptive_open,9,I16,MATTA-VESPUCIO NORTE,C014,JOSE DOMINGO CAÑAS,0.3434151720257287,0.3434151720257287,0,35,34,1,neutral
eva_adaptive_open,9,I16,MATTA-VESPUCIO NORTE,C083,ORIENTAL-LAS PARCELAS,0.3340917121382666,0.3340917121382666,0,36,35,1,neutral
eva_adaptive_open,9,I16,MATTA-VESPUCIO NORTE,C044,LOS CERRILLOS,0.33131953242771056,0.33131953242771056,0,37,36,1,neutral
eva_adaptive_open,9,I16,MATTA-VESPUCIO NORTE,C043,NEPTUNO,0.331278400363114,0.331278400363114,0,38,37,1,neutral
eva_adaptive_open,9,I16,MATTA-VESPUCIO NORTE,C001,SAN EUGENIO,0.3301050844306759,0.3301050844306759,0,39,38,1,neutral
eva_adaptive_open,9,I16,MATTA-VESPUCIO NORTE,C007,EDUARDO CASTILLO VELASCO,0.3209682481807713,0.3209682481807713,0,40,39,1,neutral
eva_adaptive_open,9,I16,MATTA-VESPUCIO NORTE,C024,LOS ARRAYANES - LOS COPIHUES,0.3164169532190636,0.3164169532190636,0,41,40,1,neutral
eva_adaptive_open,9,I16,MATTA-VESPUCIO NORTE,C40,VICUÑA MACKENNA - SAN MARTIN,0.3163360869516046,0.3163360869516046,0,42,41,1,neutral
eva_adaptive_open,9,I16,MATTA-VESPUCIO NORTE,C032,OBISPO MANUEL UMAÑA,0.31525363579807064,0.31525363579807064,0,43,42,1,neutral
eva_adaptive_open,9,I16,MATTA-VESPUCIO NORTE,C074,URETA COX,0.31449957814869145,0.31449957814869145,0,44,43,1,neutral
eva_adaptive_open,9,I16,MATTA-VESPUCIO NORTE,C090,SANTO DOMINGO,0.31219739335222674,0.31219739335222674,0,45,44,1,neutral
eva_adaptive_open,9,I16,MATTA-VESPUCIO NORTE,C005,CORONEL ALEJANDRO SEPULVEDA,0.3106497256836105,0.3106497256836105,0,46,45,1,neutral
eva_adaptive_open,9,I16,MATTA-VESPUCIO NORTE,C050,MAR DE DRAKE,0.3080499557179654,0.3080499557179654,0,47,46,1,neutral
eva_adaptive_open,9,I16,MATTA-VESPUCIO NORTE,C088,ÑUBLE,0.30596663776619404,0.30596663776619404,0,48,47,1,neutral
eva_adaptive_open,9,I16,MATTA-VESPUCIO NORTE,C029,MARIA ELENA,0.3055255912691762,0.3055255912691762,0,49,48,1,neutral
eva_adaptive_open,9,I16,MATTA-VESPUCIO NORTE,C020,LATINOAMERICA - PINTOR MURILLO - FRANCISCO TOLEDO,0.3053874986899725,0.3053874986899725,0,50,49,1,neutral
eva_adaptive_open,9,I16,MATTA-VESPUCIO NORTE,C028,MADRID,0.3053850663175511,0.3053850663175511,0,51,50,1,neutral
eva_adaptive_open,9,I16,MATTA-VESPUCIO NORTE,C034,PEDRO LEON UGALDE,0.30513444215224494,0.30513444215224494,0,52,51,1,neutral
eva_adaptive_open,9,I16,MATTA-VESPUCIO NORTE,C023,AVENIDA DORSAL,0.3042844576466126,0.3042844576466126,0,53,52,1,neutral
eva_adaptive_open,9,I16,MATTA-VESPUCIO NORTE,C037,SAN ALFONSO,0.3032697592490899,0.3032697592490899,0,54,53,1,neutral
eva_adaptive_open,9,I16,MATTA-VESPUCIO NORTE,C030,MAULE,0.30294715823212187,0.30294715823212187,0,55,54,1,neutral
eva_adaptive_open,9,I16,MATTA-VESPUCIO NORTE,C049,FEDERICO ERRÁZURIZ (EX SERRANO),0.3020754541725971,0.3020754541725971,0,56,55,1,neutral
eva_adaptive_open,9,I16,MATTA-VESPUCIO NORTE,C042,PRINCIPE DE GALES,0.3015275299366899,0.3015275299366899,0,57,56,1,neutral
eva_adaptive_open,9,I16,MATTA-VESPUCIO NORTE,C039,TUPUNGATO,0.2972177850899593,0.2972177850899593,0,58,57,1,neutral
eva_adaptive_open,9,I16,MATTA-VESPUCIO NORTE,C064,SILVA CARVALLO - SANTA ELENA,0.29671303455212084,0.29671303455212084,0,59,58,1,neutral
eva_adaptive_open,9,I16,MATTA-VESPUCIO NORTE,C031,NECOCHEA,0.2942204983522875,0.2942204983522875,0,60,59,1,neutral
eva_adaptive_open,9,I16,MATTA-VESPUCIO NORTE,C065,NUEVA SAN MARTIN,0.29384044783423063,0.29384044783423063,0,61,60,1,neutral
eva_adaptive_open,9,I16,MATTA-VESPUCIO NORTE,C038,TALCAHUANO - SANTA INES - LOS EDILES,0.2933432281768104,0.2933432281768104,0,62,61,1,neutral
eva_adaptive_open,9,I16,MATTA-VESPUCIO NORTE,C015,JOSE MANUEL GUZMAN,0.2925490854889885,0.2925490854889885,0,63,62,1,neutral
eva_adaptive_open,9,I16,MATTA-VESPUCIO NORTE,C013,HEROES DE LA CONCEPCION,0.29161502323158384,0.29161502323158384,0,64,63,1,neutral
eva_adaptive_open,9,I16,MATTA-VESPUCIO NORTE,C004,CONSISTORIAL,0.29093172378697835,0.29093172378697835,0,65,64,1,neutral
eva_adaptive_open,9,I16,MATTA-VESPUCIO NORTE,C027,LOS PRESIDENTES,0.2903073892430075,0.2903073892430075,0,66,65,1,neutral
eva_adaptive_open,9,I16,MATTA-VESPUCIO NORTE,I32,EINSTEIN,0.2892355135357534,0.2892355135357534,0,67,66,1,neutral
eva_adaptive_open,9,I16,MATTA-VESPUCIO NORTE,I23,PETERSEN - VICUÑA MACKENNA,0.28720997267232284,0.28720997267232284,0,68,67,1,neutral
eva_adaptive_open,9,I16,MATTA-VESPUCIO NORTE,C063,LONGITUDINAL,0.28538182252354,0.28538182252354,0,69,68,1,neutral
eva_adaptive_open,9,I16,MATTA-VESPUCIO NORTE,C046,EUCALIPTOS,0.2836213631052964,0.2836213631052964,0,70,69,1,neutral
eva_adaptive_open,9,I16,MATTA-VESPUCIO NORTE,C022,LLANURA  - EL DESIERTO,0.2832694397879176,0.2832694397879176,0,71,70,1,neutral
eva_adaptive_open,9,I16,MATTA-VESPUCIO NORTE,C041,VISTA HERMOSA,0.2826721257643878,0.2826721257643878,0,72,71,1,neutral
eva_adaptive_open,9,I16,MATTA-VESPUCIO NORTE,I31,FERNANDEZ ALBANO,0.27793271006427517,0.27793271006427517,0,73,72,1,neutral
eva_adaptive_open,9,I16,MATTA-VESPUCIO NORTE,I28,SANTA RAQUEL,0.2776962274862046,0.2776962274862046,0,74,73,1,neutral
eva_adaptive_open,9,I16,MATTA-VESPUCIO NORTE,C035,PRODIVENCIA,0.27556952254522565,0.27556952254522565,0,75,74,1,neutral
eva_adaptive_open,9,I16,MATTA-VESPUCIO NORTE,C026,LOS MAITENES,0.2734936774860785,0.2734936774860785,0,76,75,1,neutral
eva_adaptive_open,9,I16,MATTA-VESPUCIO NORTE,C052,BAQUEDANO - POSTALES ORIENTE,0.2725119994529144,0.2725119994529144,0,77,76,1,neutral
eva_adaptive_open,9,I16,MATTA-VESPUCIO NORTE,C021,LAUTARO,0.26497171822817867,0.26497171822817867,0,78,77,1,neutral
eva_adaptive_open,9,I16,MATTA-VESPUCIO NORTE,C089,J J PEREZ,0.26495488367176884,0.26495488367176884,0,79,78,1,neutral
eva_adaptive_open,9,I16,MATTA-VESPUCIO NORTE,C047,VIOLETA PARRA,0.2648001936107111,0.2648001936107111,0,80,79,1,neutral
eva_adaptive_open,9,I16,MATTA-VESPUCIO NORTE,C079,LAS AMERICAS,0.2644298389232769,0.2644298389232769,0,81,80,1,neutral
eva_adaptive_open,9,I16,MATTA-VESPUCIO NORTE,C078,WALDO TAFF,0.2640982140605202,0.2640982140605202,0,82,81,1,neutral
eva_adaptive_open,9,I16,MATTA-VESPUCIO NORTE,C011,EYZAGUIRRE,0.2597262361382782,0.2597262361382782,0,83,82,1,neutral
eva_adaptive_open,9,I16,MATTA-VESPUCIO NORTE,C069,LOS OLMOS,0.2594151168255869,0.2594151168255869,0,84,83,1,neutral
eva_adaptive_open,9,I16,MATTA-VESPUCIO NORTE,C009,EL ROSAL - SANTA ELENA,0.258292338870139,0.258292338870139,0,85,84,1,neutral
eva_adaptive_open,9,I16,MATTA-VESPUCIO NORTE,C002,CAPITAN IGNACIO CARRERA PINTO,0.2546555618818747,0.2546555618818747,0,86,85,1,neutral
eva_adaptive_open,9,I16,MATTA-VESPUCIO NORTE,C056,TEMUCO - TORO MAZOTTE,0.25241364378738895,0.25241364378738895,0,87,86,1,neutral
eva_adaptive_open,9,I16,MATTA-VESPUCIO NORTE,C048,GENERAL ARRIAGADA,0.2517348978903142,0.2517348978903142,0,88,87,1,neutral
eva_adaptive_open,9,I16,MATTA-VESPUCIO NORTE,C033,OBSERVATORIO,0.25172362934577086,0.25172362934577086,0,89,88,1,neutral
eva_adaptive_open,9,I16,MATTA-VESPUCIO NORTE,C062,CORONA SUECA,0.2513511863347979,0.2513511863347979,0,90,89,1,neutral
eva_adaptive_open,9,I16,MATTA-VESPUCIO NORTE,I03,CARRASCAL,0.24854515940907576,0.24854515940907576,0,91,90,1,neutral
eva_adaptive_open,9,I16,MATTA-VESPUCIO NORTE,C054,VICTORIA,0.24818166256108362,0.24818166256108362,0,92,91,1,neutral
eva_adaptive_open,9,I16,MATTA-VESPUCIO NORTE,C017,LA PARINACOTA,0.24787162646529243,0.2279533954363316,-0.019918231028960814,93,100,-7,substitution_signal
eva_adaptive_open,9,I16,MATTA-VESPUCIO NORTE,C076,ISLA DECEPCION,0.24485989841133612,0.24485989841133612,0,94,92,2,neutral
eva_adaptive_open,9,I16,MATTA-VESPUCIO NORTE,C071,BARROS ARANA,0.2432718387690382,0.2432718387690382,0,95,93,2,neutral
eva_adaptive_open,9,I16,MATTA-VESPUCIO NORTE,C082,CAUPOLICAN,0.24201028797730914,0.24201028797730914,0,96,94,2,neutral
eva_adaptive_open,9,I16,MATTA-VESPUCIO NORTE,C080,PARAGUAY,0.2404621201898296,0.2404621201898296,0,97,95,2,neutral
eva_adaptive_open,9,I16,MATTA-VESPUCIO NORTE,C010,ESQ BLANCA - ALBERTO LLONA,0.238468098274494,0.238468098274494,0,98,96,2,neutral
eva_adaptive_open,9,I16,MATTA-VESPUCIO NORTE,C003,CONCHA Y TORO,0.2369033164688023,0.2369033164688023,0,99,97,2,neutral
eva_adaptive_open,9,I16,MATTA-VESPUCIO NORTE,C087,SALVADOR GUTIERREZ,0.23167583897026392,0.23167583897026392,0,100,98,2,neutral
eva_adaptive_open,9,I16,MATTA-VESPUCIO NORTE,C019,LAS HIJUELAS SUR - LIBERTADOR BERNARDO OHIGGINS,0.23151138733257812,0.23151138733257812,0,101,99,2,neutral
eva_adaptive_open,9,I16,MATTA-VESPUCIO NORTE,C051,JOSE MIGUEL INFANTE - DOMINGO STA MARIA,0.22770327755636682,0.22770327755636682,0,102,101,1,neutral
eva_adaptive_open,9,I16,MATTA-VESPUCIO NORTE,C006,DOMINGO TOCORNAL,0.22666482265658192,0.22666482265658192,0,103,103,0,neutral
eva_adaptive_open,9,I16,MATTA-VESPUCIO NORTE,C008,EL CERRO,0.22664145134727998,0.22664145134727998,0,104,104,0,neutral
eva_adaptive_open,9,I16,MATTA-VESPUCIO NORTE,C036,RIO REFUGIO - SALAR SURIRE,0.22368469062682966,0.22368469062682966,0,105,105,0,neutral
eva_adaptive_open,9,I16,MATTA-VESPUCIO NORTE,C077,RICARDO VIAL,0.22334495183243977,0.22334495183243977,0,106,106,0,neutral
eva_adaptive_open,9,I16,MATTA-VESPUCIO NORTE,C084,EL PINO - UNO SUR,0.22280419924985104,0.22280419924985104,0,107,107,0,neutral
eva_adaptive_open,9,I16,MATTA-VESPUCIO NORTE,C072,COVADONGA,0.2222660174854263,0.2222660174854263,0,108,108,0,neutral
eva_adaptive_open,9,I16,MATTA-VESPUCIO NORTE,C012,GABRIELA ORIENTE,0.21531535671348234,0.21531535671348234,0,109,109,0,neutral
eva_adaptive_open,9,I16,MATTA-VESPUCIO NORTE,C045,PORTO ALEGRE,0.20703155937440956,0.20703155937440956,0,110,110,0,neutral
eva_adaptive_open,9,I16,MATTA-VESPUCIO NORTE,C055,ARTURO PRAT,0.1970214926913857,0.1970214926913857,0,111,111,0,neutral
eva_adaptive_open,9,I16,MATTA-VESPUCIO NORTE,C085,LOS LIBERTADORES,0.19011991189992178,0.2268347257875762,0.036714813887654435,112,102,10,complementarity_signal
eva_adaptive_open,9,I16,MATTA-VESPUCIO NORTE,C018,LA PRIMAVERA,0.18729320497081958,0.18729320497081958,0,113,112,1,neutral
eva_adaptive_open,9,I16,MATTA-VESPUCIO NORTE,C016,JUANITA,0.18668878675610429,0.18668878675610429,0,114,113,1,neutral
eva_adaptive_open,9,I16,MATTA-VESPUCIO NORTE,C025,LOS DURAZNOS,0.1777876781002651,0.1777876781002651,0,115,114,1,neutral
eva_adaptive_open,9,I16,MATTA-VESPUCIO NORTE,C073,LOS MORROS,0.16537203853610075,0.16537203853610075,0,116,115,1,neutral
eva_adaptive_open,10,I22,PEDRO FONTOVA,I01,BARÓN DE JURAS REALES,0.5585305031119108,0.4162838396375211,-0.1422466634743897,2,12,-10,substitution_signal
eva_adaptive_open,10,I22,PEDRO FONTOVA,I04,DEL FERROCARRIL,0.5210254612160078,0.5400931046925391,0.019067643476531337,3,3,0,complementarity_signal
eva_adaptive_open,10,I22,PEDRO FONTOVA,I19,PAC-LO ESPEJO-SN BDO,0.5178169182859244,0.5623691570918944,0.044552238805970035,4,1,3,complementarity_signal
eva_adaptive_open,10,I22,PEDRO FONTOVA,EP-I10,GRAN AVENIDA,0.4981125248539002,0.5480602860479299,0.049947761194029716,5,2,3,complementarity_signal
eva_adaptive_open,10,I22,PEDRO FONTOVA,I07,EL GUANACO,0.486529969417416,0.32242652319202425,-0.16410344622539175,6,38,-32,substitution_signal
eva_adaptive_open,10,I22,PEDRO FONTOVA,EP-I34,VICUÑA MACKENNA,0.4789418889773093,0.4789418889773093,0,7,7,0,neutral
eva_adaptive_open,10,I22,PEDRO FONTOVA,EP-ALAMEDA-T3,ALAMEDA TRAMO 3,0.4778723613462428,0.49028174337551134,0.012409382029268556,8,5,3,complementarity_signal
eva_adaptive_open,10,I22,PEDRO FONTOVA,I14,LO OVALLE,0.47169763989534663,0.48334065865920006,0.01164301876385343,9,6,3,complementarity_signal
eva_adaptive_open,10,I22,PEDRO FONTOVA,I21,PEDRO DE VALDIVIA,0.4715844753185828,0.5029612851149096,0.03137680979632679,10,4,6,complementarity_signal
eva_adaptive_open,10,I22,PEDRO FONTOVA,I10,GRAN AVENIDA,0.45708127764357626,0.463027321056133,0.005946043412556723,11,8,3,complementarity_signal
eva_adaptive_open,10,I22,PEDRO FONTOVA,I29,SANTA ROSA,0.44036234221367543,0.44036234221367543,0,12,11,1,neutral
eva_adaptive_open,10,I22,PEDRO FONTOVA,I05,DIAGONAL JOSE MARIA CARO,0.4252898724353918,0.34018754163266324,-0.08510233080272855,13,32,-19,substitution_signal
eva_adaptive_open,10,I22,PEDRO FONTOVA,I15,MARTINEZ DE ROZAS,0.4148837713854609,0.4148837713854609,0,14,13,1,neutral
eva_adaptive_open,10,I22,PEDRO FONTOVA,C053,CONDELL,0.4090390591360729,0.45412861137487887,0.04508955223880595,15,10,5,complementarity_signal
eva_adaptive_open,10,I22,PEDRO FONTOVA,EP-I33,LA CHIMBA,0.40472276023855985,0.4110111681099052,0.006288407871345325,16,14,2,complementarity_signal
eva_adaptive_open,10,I22,PEDRO FONTOVA,I06,DIAGONAL ORIENTE,0.4027599400799197,0.4027599400799197,0,17,18,-1,neutral
eva_adaptive_open,10,I22,PEDRO FONTOVA,I09,GENERAL VELASQUEZ,0.3993165510777786,0.40491356600315176,0.005597014925373178,18,17,1,complementarity_signal
eva_adaptive_open,10,I22,PEDRO FONTOVA,I25,SAN FRANCISCO,0.39624472351576184,0.4074387533665081,0.011194029850746245,19,16,3,complementarity_signal
eva_adaptive_open,10,I22,PEDRO FONTOVA,I08,GENERAL OSCAR BONILLA,0.3954557740436032,0.4075111295643919,0.01205535552078868,20,15,5,complementarity_signal
eva_adaptive_open,10,I22,PEDRO FONTOVA,I27,SANTA CECILIA - NONATO COO,0.39522263538354363,0.45786442642831976,0.06264179104477613,21,9,12,complementarity_signal
eva_adaptive_open,10,I22,PEDRO FONTOVA,C081,SAN GREGORIO - DIEGO MEZA,0.3899248436312015,0.3899248436312015,0,22,19,3,neutral
eva_adaptive_open,10,I22,PEDRO FONTOVA,I13,LO ESPEJO-RIQUELME,0.38783181295824404,0.38783181295824404,0,23,20,3,neutral
eva_adaptive_open,10,I22,PEDRO FONTOVA,C061,EL PINAR,0.38177487386600095,0.38177487386600095,0,24,22,2,neutral
eva_adaptive_open,10,I22,PEDRO FONTOVA,I24,RADAL,0.3727401681780697,0.3844814813607481,0.011741313182678403,25,21,4,complementarity_signal
eva_adaptive_open,10,I22,PEDRO FONTOVA,C070,MENDOZA (EX-CORONEL ROBLES),0.3651544687715181,0.3713562442737295,0.006201775502211404,26,24,2,complementarity_signal
eva_adaptive_open,10,I22,PEDRO FONTOVA,C057,PADRE VICENTE IRARRAZABAL - MANUEL CHACON,0.3610772488857894,0.37306679712617835,0.011989548240388948,27,23,4,complementarity_signal
eva_adaptive_open,10,I22,PEDRO FONTOVA,C086,LA ESTRELLA,0.35999187568236085,0.3665160235581761,0.006524147875815234,28,25,3,complementarity_signal
eva_adaptive_open,10,I22,PEDRO FONTOVA,I02,CARLOS VALDOVINOS,0.35528620955926693,0.35528620955926693,0,29,28,1,neutral
eva_adaptive_open,10,I22,PEDRO FONTOVA,C060,ROJAS MAGALLANES,0.3547107833738353,0.3547107833738353,0,30,29,1,neutral
eva_adaptive_open,10,I22,PEDRO FONTOVA,I17,MATUCANA,0.354544050670939,0.3601985428412183,0.005654492170279302,31,27,4,complementarity_signal
eva_adaptive_open,10,I22,PEDRO FONTOVA,C058,ANTONIO EBNER-BARROS ARANA,0.35360119303026577,0.3654366356140224,0.011835442583756628,32,26,6,complementarity_signal
eva_adaptive_open,10,I22,PEDRO FONTOVA,I18,NUEVA IMPERIAL,0.35003815001404454,0.3502780550362614,0.0002399050222168797,33,30,3,complementarity_signal
eva_adaptive_open,10,I22,PEDRO FONTOVA,C014,JOSE DOMINGO CAÑAS,0.3434151720257287,0.3434151720257287,0,34,31,3,neutral
eva_adaptive_open,10,I22,PEDRO FONTOVA,C083,ORIENTAL-LAS PARCELAS,0.3340917121382666,0.3340917121382666,0,35,34,1,neutral
eva_adaptive_open,10,I22,PEDRO FONTOVA,C044,LOS CERRILLOS,0.33131953242771056,0.33711396919428294,0.005794436766572375,36,33,3,complementarity_signal
eva_adaptive_open,10,I22,PEDRO FONTOVA,C043,NEPTUNO,0.331278400363114,0.3313883568316301,0.00010995646851608143,37,35,2,complementarity_signal
eva_adaptive_open,10,I22,PEDRO FONTOVA,C001,SAN EUGENIO,0.3301050844306759,0.3301050844306759,0,38,36,2,neutral
eva_adaptive_open,10,I22,PEDRO FONTOVA,C007,EDUARDO CASTILLO VELASCO,0.3209682481807713,0.3209682481807713,0,39,39,0,neutral
eva_adaptive_open,10,I22,PEDRO FONTOVA,C024,LOS ARRAYANES - LOS COPIHUES,0.3164169532190636,0.3164169532190636,0,40,41,-1,neutral
eva_adaptive_open,10,I22,PEDRO FONTOVA,C40,VICUÑA MACKENNA - SAN MARTIN,0.3163360869516046,0.3163360869516046,0,41,42,-1,neutral
eva_adaptive_open,10,I22,PEDRO FONTOVA,C032,OBISPO MANUEL UMAÑA,0.31525363579807064,0.3270299351298225,0.011776299331751838,42,37,5,complementarity_signal
eva_adaptive_open,10,I22,PEDRO FONTOVA,C074,URETA COX,0.31449957814869145,0.31449957814869145,0,43,43,0,neutral
eva_adaptive_open,10,I22,PEDRO FONTOVA,C090,SANTO DOMINGO,0.31219739335222674,0.31797600305136126,0.005778609699134518,44,40,4,complementarity_signal
eva_adaptive_open,10,I22,PEDRO FONTOVA,C005,CORONEL ALEJANDRO SEPULVEDA,0.3106497256836105,0.3106497256836105,0,45,45,0,neutral
eva_adaptive_open,10,I22,PEDRO FONTOVA,C050,MAR DE DRAKE,0.3080499557179654,0.3080499557179654,0,46,46,0,neutral
eva_adaptive_open,10,I22,PEDRO FONTOVA,C088,ÑUBLE,0.30596663776619404,0.30596663776619404,0,47,48,-1,neutral
eva_adaptive_open,10,I22,PEDRO FONTOVA,C029,MARIA ELENA,0.3055255912691762,0.31112260619454934,0.005597014925373123,48,44,4,complementarity_signal
eva_adaptive_open,10,I22,PEDRO FONTOVA,C020,LATINOAMERICA - PINTOR MURILLO - FRANCISCO TOLEDO,0.3053874986899725,0.3053874986899725,0,49,49,0,neutral
eva_adaptive_open,10,I22,PEDRO FONTOVA,C028,MADRID,0.3053850663175511,0.3053850663175511,0,50,50,0,neutral
eva_adaptive_open,10,I22,PEDRO FONTOVA,C034,PEDRO LEON UGALDE,0.30513444215224494,0.30513444215224494,0,51,51,0,neutral
eva_adaptive_open,10,I22,PEDRO FONTOVA,C023,AVENIDA DORSAL,0.3042844576466126,0.30439441411512863,0.00010995646851602592,52,52,0,complementarity_signal
eva_adaptive_open,10,I22,PEDRO FONTOVA,C037,SAN ALFONSO,0.3032697592490899,0.3032697592490899,0,53,53,0,neutral
eva_adaptive_open,10,I22,PEDRO FONTOVA,C030,MAULE,0.30294715823212187,0.30294715823212187,0,54,54,0,neutral
eva_adaptive_open,10,I22,PEDRO FONTOVA,C049,FEDERICO ERRÁZURIZ (EX SERRANO),0.3020754541725971,0.30793819723021737,0.0058627430576202455,55,47,8,complementarity_signal
eva_adaptive_open,10,I22,PEDRO FONTOVA,C042,PRINCIPE DE GALES,0.3015275299366899,0.3015275299366899,0,56,55,1,neutral
eva_adaptive_open,10,I22,PEDRO FONTOVA,C039,TUPUNGATO,0.2972177850899593,0.2972177850899593,0,57,57,0,neutral
eva_adaptive_open,10,I22,PEDRO FONTOVA,C064,SILVA CARVALLO - SANTA ELENA,0.29671303455212084,0.29671303455212084,0,58,58,0,neutral
eva_adaptive_open,10,I22,PEDRO FONTOVA,C031,NECOCHEA,0.2942204983522875,0.2942204983522875,0,59,59,0,neutral
eva_adaptive_open,10,I22,PEDRO FONTOVA,C065,NUEVA SAN MARTIN,0.29384044783423063,0.29384044783423063,0,60,60,0,neutral
eva_adaptive_open,10,I22,PEDRO FONTOVA,C038,TALCAHUANO - SANTA INES - LOS EDILES,0.2933432281768104,0.2934531846453265,0.00010995646851608143,61,62,-1,complementarity_signal
eva_adaptive_open,10,I22,PEDRO FONTOVA,C015,JOSE MANUEL GUZMAN,0.2925490854889885,0.2982069096734652,0.00565782418447669,62,56,6,complementarity_signal
eva_adaptive_open,10,I22,PEDRO FONTOVA,C013,HEROES DE LA CONCEPCION,0.29161502323158384,0.29161502323158384,0,63,63,0,neutral
eva_adaptive_open,10,I22,PEDRO FONTOVA,C004,CONSISTORIAL,0.29093172378697835,0.29093172378697835,0,64,64,0,neutral
eva_adaptive_open,10,I22,PEDRO FONTOVA,C027,LOS PRESIDENTES,0.2903073892430075,0.2903073892430075,0,65,65,0,neutral
eva_adaptive_open,10,I22,PEDRO FONTOVA,I32,EINSTEIN,0.2892355135357534,0.28952623177448145,0.00029071823872806046,66,66,0,complementarity_signal
eva_adaptive_open,10,I22,PEDRO FONTOVA,I23,PETERSEN - VICUÑA MACKENNA,0.28720997267232284,0.28720997267232284,0,67,69,-2,neutral
eva_adaptive_open,10,I22,PEDRO FONTOVA,C063,LONGITUDINAL,0.28538182252354,0.28538182252354,0,68,70,-2,neutral
eva_adaptive_open,10,I22,PEDRO FONTOVA,C046,EUCALIPTOS,0.2836213631052964,0.2836213631052964,0,69,71,-2,neutral
eva_adaptive_open,10,I22,PEDRO FONTOVA,C022,LLANURA  - EL DESIERTO,0.2832694397879176,0.2832694397879176,0,70,72,-2,neutral
eva_adaptive_open,10,I22,PEDRO FONTOVA,C041,VISTA HERMOSA,0.2826721257643878,0.28884308013527277,0.00617095437088494,71,67,4,complementarity_signal
eva_adaptive_open,10,I22,PEDRO FONTOVA,I31,FERNANDEZ ALBANO,0.27793271006427517,0.27793271006427517,0,72,74,-2,neutral
eva_adaptive_open,10,I22,PEDRO FONTOVA,I28,SANTA RAQUEL,0.2776962274862046,0.2776962274862046,0,73,75,-2,neutral
eva_adaptive_open,10,I22,PEDRO FONTOVA,C035,PRODIVENCIA,0.27556952254522565,0.27556952254522565,0,74,76,-2,neutral
eva_adaptive_open,10,I22,PEDRO FONTOVA,C026,LOS MAITENES,0.2734936774860785,0.273625292046878,0.00013161456079952005,75,77,-2,complementarity_signal
eva_adaptive_open,10,I22,PEDRO FONTOVA,C052,BAQUEDANO - POSTALES ORIENTE,0.2725119994529144,0.2725119994529144,0,76,78,-2,neutral
eva_adaptive_open,10,I22,PEDRO FONTOVA,C021,LAUTARO,0.26497171822817867,0.26497171822817867,0,77,79,-2,neutral
eva_adaptive_open,10,I22,PEDRO FONTOVA,C089,J J PEREZ,0.26495488367176884,0.26495488367176884,0,78,80,-2,neutral
eva_adaptive_open,10,I22,PEDRO FONTOVA,C047,VIOLETA PARRA,0.2648001936107111,0.2648001936107111,0,79,81,-2,neutral
eva_adaptive_open,10,I22,PEDRO FONTOVA,C079,LAS AMERICAS,0.2644298389232769,0.2644498310084617,0.000019992085184772357,80,82,-2,complementarity_signal
eva_adaptive_open,10,I22,PEDRO FONTOVA,C078,WALDO TAFF,0.2640982140605202,0.2640982140605202,0,81,83,-2,neutral
eva_adaptive_open,10,I22,PEDRO FONTOVA,C011,EYZAGUIRRE,0.2597262361382782,0.2597262361382782,0,82,84,-2,neutral
eva_adaptive_open,10,I22,PEDRO FONTOVA,C069,LOS OLMOS,0.2594151168255869,0.2594151168255869,0,83,85,-2,neutral
eva_adaptive_open,10,I22,PEDRO FONTOVA,C009,EL ROSAL - SANTA ELENA,0.258292338870139,0.258292338870139,0,84,86,-2,neutral
eva_adaptive_open,10,I22,PEDRO FONTOVA,C002,CAPITAN IGNACIO CARRERA PINTO,0.2546555618818747,0.2546555618818747,0,85,87,-2,neutral
eva_adaptive_open,10,I22,PEDRO FONTOVA,C056,TEMUCO - TORO MAZOTTE,0.25241364378738895,0.25241364378738895,0,86,88,-2,neutral
eva_adaptive_open,10,I22,PEDRO FONTOVA,C048,GENERAL ARRIAGADA,0.2517348978903142,0.2517348978903142,0,87,89,-2,neutral
eva_adaptive_open,10,I22,PEDRO FONTOVA,C033,OBSERVATORIO,0.25172362934577086,0.25172362934577086,0,88,90,-2,neutral
eva_adaptive_open,10,I22,PEDRO FONTOVA,C062,CORONA SUECA,0.2513511863347979,0.2513511863347979,0,89,91,-2,neutral
eva_adaptive_open,10,I22,PEDRO FONTOVA,I03,CARRASCAL,0.24854515940907576,0.24854515940907576,0,90,92,-2,neutral
eva_adaptive_open,10,I22,PEDRO FONTOVA,C054,VICTORIA,0.24818166256108362,0.24818166256108362,0,91,93,-2,neutral
eva_adaptive_open,10,I22,PEDRO FONTOVA,C076,ISLA DECEPCION,0.24485989841133612,0.24485989841133612,0,92,94,-2,neutral
eva_adaptive_open,10,I22,PEDRO FONTOVA,C071,BARROS ARANA,0.2432718387690382,0.2432718387690382,0,93,95,-2,neutral
eva_adaptive_open,10,I22,PEDRO FONTOVA,C082,CAUPOLICAN,0.24201028797730914,0.24201028797730914,0,94,96,-2,neutral
eva_adaptive_open,10,I22,PEDRO FONTOVA,C080,PARAGUAY,0.2404621201898296,0.2404621201898296,0,95,97,-2,neutral
eva_adaptive_open,10,I22,PEDRO FONTOVA,C010,ESQ BLANCA - ALBERTO LLONA,0.238468098274494,0.238468098274494,0,96,98,-2,neutral
eva_adaptive_open,10,I22,PEDRO FONTOVA,C003,CONCHA Y TORO,0.2369033164688023,0.2875451075135784,0.05064179104477612,97,68,29,complementarity_signal
eva_adaptive_open,10,I22,PEDRO FONTOVA,C087,SALVADOR GUTIERREZ,0.23167583897026392,0.23167583897026392,0,98,100,-2,neutral
eva_adaptive_open,10,I22,PEDRO FONTOVA,C019,LAS HIJUELAS SUR - LIBERTADOR BERNARDO OHIGGINS,0.23151138733257812,0.23151138733257812,0,99,101,-2,neutral
eva_adaptive_open,10,I22,PEDRO FONTOVA,C017,LA PARINACOTA,0.2279533954363316,0.2279533954363316,0,100,102,-2,neutral
eva_adaptive_open,10,I22,PEDRO FONTOVA,C051,JOSE MIGUEL INFANTE - DOMINGO STA MARIA,0.22770327755636682,0.22770327755636682,0,101,103,-2,neutral
eva_adaptive_open,10,I22,PEDRO FONTOVA,C085,LOS LIBERTADORES,0.2268347257875762,0.23472333347724983,0.007888607689673616,102,99,3,complementarity_signal
eva_adaptive_open,10,I22,PEDRO FONTOVA,C006,DOMINGO TOCORNAL,0.22666482265658192,0.2938290017610595,0.06716417910447761,103,61,42,complementarity_signal
eva_adaptive_open,10,I22,PEDRO FONTOVA,C008,EL CERRO,0.22664145134727998,0.22664145134727998,0,104,104,0,neutral
eva_adaptive_open,10,I22,PEDRO FONTOVA,C036,RIO REFUGIO - SALAR SURIRE,0.22368469062682966,0.22368469062682966,0,105,105,0,neutral
eva_adaptive_open,10,I22,PEDRO FONTOVA,C077,RICARDO VIAL,0.22334495183243977,0.22334495183243977,0,106,106,0,neutral
eva_adaptive_open,10,I22,PEDRO FONTOVA,C084,EL PINO - UNO SUR,0.22280419924985104,0.22280419924985104,0,107,107,0,neutral
eva_adaptive_open,10,I22,PEDRO FONTOVA,C072,COVADONGA,0.2222660174854263,0.2222660174854263,0,108,108,0,neutral
eva_adaptive_open,10,I22,PEDRO FONTOVA,C012,GABRIELA ORIENTE,0.21531535671348234,0.2824795358179599,0.06716417910447758,109,73,36,complementarity_signal
eva_adaptive_open,10,I22,PEDRO FONTOVA,C045,PORTO ALEGRE,0.20703155937440956,0.20703155937440956,0,110,109,1,neutral
eva_adaptive_open,10,I22,PEDRO FONTOVA,C055,ARTURO PRAT,0.1970214926913857,0.1970214926913857,0,111,110,1,neutral
eva_adaptive_open,10,I22,PEDRO FONTOVA,C018,LA PRIMAVERA,0.18729320497081958,0.18729320497081958,0,112,111,1,neutral
eva_adaptive_open,10,I22,PEDRO FONTOVA,C016,JUANITA,0.18668878675610429,0.18668878675610429,0,113,112,1,neutral
eva_adaptive_open,10,I22,PEDRO FONTOVA,C025,LOS DURAZNOS,0.1777876781002651,0.1777876781002651,0,114,113,1,neutral
eva_adaptive_open,10,I22,PEDRO FONTOVA,C073,LOS MORROS,0.16537203853610075,0.16537203853610075,0,115,114,1,neutral
eva_adaptive_open,11,I19,PAC-LO ESPEJO-SN BDO,EP-I10,GRAN AVENIDA,0.5480602860479299,0.4778935472512123,-0.07016673879671759,2,7,-5,substitution_signal
eva_adaptive_open,11,I19,PAC-LO ESPEJO-SN BDO,I04,DEL FERROCARRIL,0.5400931046925391,0.5720647554031296,0.03197165071059049,3,1,2,complementarity_signal
eva_adaptive_open,11,I19,PAC-LO ESPEJO-SN BDO,I21,PEDRO DE VALDIVIA,0.5029612851149096,0.5365433746671483,0.033582089552238736,4,2,2,complementarity_signal
eva_adaptive_open,11,I19,PAC-LO ESPEJO-SN BDO,EP-ALAMEDA-T3,ALAMEDA TRAMO 3,0.49028174337551134,0.5127930876023098,0.022511344226798458,5,3,2,complementarity_signal
eva_adaptive_open,11,I19,PAC-LO ESPEJO-SN BDO,I14,LO OVALLE,0.48334065865920006,0.5016274690099103,0.018286810350710225,6,4,2,complementarity_signal
eva_adaptive_open,11,I19,PAC-LO ESPEJO-SN BDO,EP-I34,VICUÑA MACKENNA,0.4789418889773093,0.4789418889773093,0,7,6,1,neutral
eva_adaptive_open,11,I19,PAC-LO ESPEJO-SN BDO,I10,GRAN AVENIDA,0.463027321056133,0.48661907088645656,0.023591749830323583,8,5,3,complementarity_signal
eva_adaptive_open,11,I19,PAC-LO ESPEJO-SN BDO,I27,SANTA CECILIA - NONATO COO,0.45786442642831976,0.4749695135425494,0.017105087114229645,9,8,1,complementarity_signal
eva_adaptive_open,11,I19,PAC-LO ESPEJO-SN BDO,C053,CONDELL,0.45412861137487887,0.34549899482649016,-0.10862961654838871,10,31,-21,substitution_signal
eva_adaptive_open,11,I19,PAC-LO ESPEJO-SN BDO,I29,SANTA ROSA,0.44036234221367543,0.4460384924762382,0.005676150262562796,11,9,2,complementarity_signal
eva_adaptive_open,11,I19,PAC-LO ESPEJO-SN BDO,I01,BARÓN DE JURAS REALES,0.4162838396375211,0.4274778694882673,0.011194029850746245,12,10,2,complementarity_signal
eva_adaptive_open,11,I19,PAC-LO ESPEJO-SN BDO,I15,MARTINEZ DE ROZAS,0.4148837713854609,0.4148837713854609,0,13,14,-1,neutral
eva_adaptive_open,11,I19,PAC-LO ESPEJO-SN BDO,EP-I33,LA CHIMBA,0.4110111681099052,0.4166081830352783,0.005597014925373123,14,13,1,complementarity_signal
eva_adaptive_open,11,I19,PAC-LO ESPEJO-SN BDO,I08,GENERAL OSCAR BONILLA,0.4075111295643919,0.4244254588658172,0.01691432930142528,15,12,3,complementarity_signal
eva_adaptive_open,11,I19,PAC-LO ESPEJO-SN BDO,I25,SAN FRANCISCO,0.4074387533665081,0.42597160856434774,0.01853285519783965,16,11,5,complementarity_signal
eva_adaptive_open,11,I19,PAC-LO ESPEJO-SN BDO,I09,GENERAL VELASQUEZ,0.40491356600315176,0.4113867462624224,0.006473180259270628,17,15,2,complementarity_signal
eva_adaptive_open,11,I19,PAC-LO ESPEJO-SN BDO,I06,DIAGONAL ORIENTE,0.4027599400799197,0.40835695500529284,0.005597014925373123,18,16,2,complementarity_signal
eva_adaptive_open,11,I19,PAC-LO ESPEJO-SN BDO,C081,SAN GREGORIO - DIEGO MEZA,0.3899248436312015,0.39560099389376424,0.00567615026256274,19,20,-1,complementarity_signal
eva_adaptive_open,11,I19,PAC-LO ESPEJO-SN BDO,I13,LO ESPEJO-RIQUELME,0.38783181295824404,0.39591861702557885,0.008086804067334807,20,18,2,complementarity_signal
eva_adaptive_open,11,I19,PAC-LO ESPEJO-SN BDO,I24,RADAL,0.3844814813607481,0.39567551121149436,0.011194029850746245,21,19,2,complementarity_signal
eva_adaptive_open,11,I19,PAC-LO ESPEJO-SN BDO,C061,EL PINAR,0.38177487386600095,0.38745102412856364,0.005676150262562685,22,22,0,complementarity_signal
eva_adaptive_open,11,I19,PAC-LO ESPEJO-SN BDO,C057,PADRE VICENTE IRARRAZABAL - MANUEL CHACON,0.37306679712617835,0.3898578419022977,0.016791044776119368,23,21,2,complementarity_signal
eva_adaptive_open,11,I19,PAC-LO ESPEJO-SN BDO,C070,MENDOZA (EX-CORONEL ROBLES),0.3713562442737295,0.38255027412447573,0.011194029850746245,24,24,0,complementarity_signal
eva_adaptive_open,11,I19,PAC-LO ESPEJO-SN BDO,C086,LA ESTRELLA,0.3665160235581761,0.3833070683342955,0.016791044776119424,25,23,2,complementarity_signal
eva_adaptive_open,11,I19,PAC-LO ESPEJO-SN BDO,C058,ANTONIO EBNER-BARROS ARANA,0.3654366356140224,0.3766306654647687,0.011194029850746301,26,25,1,complementarity_signal
eva_adaptive_open,11,I19,PAC-LO ESPEJO-SN BDO,I17,MATUCANA,0.3601985428412183,0.3601985428412183,0,27,28,-1,neutral
eva_adaptive_open,11,I19,PAC-LO ESPEJO-SN BDO,I02,CARLOS VALDOVINOS,0.35528620955926693,0.35528620955926693,0,28,29,-1,neutral
eva_adaptive_open,11,I19,PAC-LO ESPEJO-SN BDO,C060,ROJAS MAGALLANES,0.3547107833738353,0.3603077982992085,0.005597014925373178,29,27,2,complementarity_signal
eva_adaptive_open,11,I19,PAC-LO ESPEJO-SN BDO,I18,NUEVA IMPERIAL,0.3502780550362614,0.3614720848870077,0.011194029850746301,30,26,4,complementarity_signal
eva_adaptive_open,11,I19,PAC-LO ESPEJO-SN BDO,C014,JOSE DOMINGO CAÑAS,0.3434151720257287,0.3434151720257287,0,31,34,-3,neutral
eva_adaptive_open,11,I19,PAC-LO ESPEJO-SN BDO,I05,DIAGONAL JOSE MARIA CARO,0.34018754163266324,0.3457845565580364,0.005597014925373178,32,30,2,complementarity_signal
eva_adaptive_open,11,I19,PAC-LO ESPEJO-SN BDO,C044,LOS CERRILLOS,0.33711396919428294,0.34290673995375665,0.005792770759473709,33,35,-2,complementarity_signal
eva_adaptive_open,11,I19,PAC-LO ESPEJO-SN BDO,C083,ORIENTAL-LAS PARCELAS,0.3340917121382666,0.33968872706363973,0.005597014925373123,34,36,-2,complementarity_signal
eva_adaptive_open,11,I19,PAC-LO ESPEJO-SN BDO,C043,NEPTUNO,0.3313883568316301,0.3369853717570032,0.005597014925373123,35,38,-3,complementarity_signal
eva_adaptive_open,11,I19,PAC-LO ESPEJO-SN BDO,C001,SAN EUGENIO,0.3301050844306759,0.3301050844306759,0,36,39,-3,neutral
eva_adaptive_open,11,I19,PAC-LO ESPEJO-SN BDO,C032,OBISPO MANUEL UMAÑA,0.3270299351298225,0.3382239649805687,0.011194029850746245,37,37,0,complementarity_signal
eva_adaptive_open,11,I19,PAC-LO ESPEJO-SN BDO,I07,EL GUANACO,0.32242652319202425,0.32242652319202425,0,38,41,-3,neutral
eva_adaptive_open,11,I19,PAC-LO ESPEJO-SN BDO,C007,EDUARDO CASTILLO VELASCO,0.3209682481807713,0.3209682481807713,0,39,42,-3,neutral
eva_adaptive_open,11,I19,PAC-LO ESPEJO-SN BDO,C090,SANTO DOMINGO,0.31797600305136126,0.3235730179767344,0.005597014925373123,40,40,0,complementarity_signal
eva_adaptive_open,11,I19,PAC-LO ESPEJO-SN BDO,C024,LOS ARRAYANES - LOS COPIHUES,0.3164169532190636,0.3164169532190636,0,41,44,-3,neutral
eva_adaptive_open,11,I19,PAC-LO ESPEJO-SN BDO,C40,VICUÑA MACKENNA - SAN MARTIN,0.3163360869516046,0.3163360869516046,0,42,45,-3,neutral
eva_adaptive_open,11,I19,PAC-LO ESPEJO-SN BDO,C074,URETA COX,0.31449957814869145,0.31449957814869145,0,43,46,-3,neutral
eva_adaptive_open,11,I19,PAC-LO ESPEJO-SN BDO,C029,MARIA ELENA,0.31112260619454934,0.31675627327609446,0.005633667081545113,44,43,1,complementarity_signal
eva_adaptive_open,11,I19,PAC-LO ESPEJO-SN BDO,C005,CORONEL ALEJANDRO SEPULVEDA,0.3106497256836105,0.3106497256836105,0,45,48,-3,neutral
eva_adaptive_open,11,I19,PAC-LO ESPEJO-SN BDO,C050,MAR DE DRAKE,0.3080499557179654,0.3080499557179654,0,46,50,-4,neutral
eva_adaptive_open,11,I19,PAC-LO ESPEJO-SN BDO,C049,FEDERICO ERRÁZURIZ (EX SERRANO),0.30793819723021737,0.31353521215559055,0.005597014925373178,47,47,0,complementarity_signal
eva_adaptive_open,11,I19,PAC-LO ESPEJO-SN BDO,C088,ÑUBLE,0.30596663776619404,0.30596663776619404,0,48,51,-3,neutral
eva_adaptive_open,11,I19,PAC-LO ESPEJO-SN BDO,C020,LATINOAMERICA - PINTOR MURILLO - FRANCISCO TOLEDO,0.3053874986899725,0.3053874986899725,0,49,53,-4,neutral
eva_adaptive_open,11,I19,PAC-LO ESPEJO-SN BDO,C028,MADRID,0.3053850663175511,0.3053850663175511,0,50,54,-4,neutral
eva_adaptive_open,11,I19,PAC-LO ESPEJO-SN BDO,C034,PEDRO LEON UGALDE,0.30513444215224494,0.30513444215224494,0,51,55,-4,neutral
eva_adaptive_open,11,I19,PAC-LO ESPEJO-SN BDO,C023,AVENIDA DORSAL,0.30439441411512863,0.30999142904050175,0.005597014925373123,52,49,3,complementarity_signal
eva_adaptive_open,11,I19,PAC-LO ESPEJO-SN BDO,C037,SAN ALFONSO,0.3032697592490899,0.3032697592490899,0,53,56,-3,neutral
eva_adaptive_open,11,I19,PAC-LO ESPEJO-SN BDO,C030,MAULE,0.30294715823212187,0.30294715823212187,0,54,57,-3,neutral
eva_adaptive_open,11,I19,PAC-LO ESPEJO-SN BDO,C042,PRINCIPE DE GALES,0.3015275299366899,0.3015275299366899,0,55,58,-3,neutral
eva_adaptive_open,11,I19,PAC-LO ESPEJO-SN BDO,C015,JOSE MANUEL GUZMAN,0.2982069096734652,0.2982069096734652,0,56,61,-5,neutral
eva_adaptive_open,11,I19,PAC-LO ESPEJO-SN BDO,C039,TUPUNGATO,0.2972177850899593,0.2972177850899593,0,57,62,-5,neutral
eva_adaptive_open,11,I19,PAC-LO ESPEJO-SN BDO,C064,SILVA CARVALLO - SANTA ELENA,0.29671303455212084,0.29671303455212084,0,58,63,-5,neutral
eva_adaptive_open,11,I19,PAC-LO ESPEJO-SN BDO,C031,NECOCHEA,0.2942204983522875,0.2942204983522875,0,59,65,-6,neutral
eva_adaptive_open,11,I19,PAC-LO ESPEJO-SN BDO,C065,NUEVA SAN MARTIN,0.29384044783423063,0.29384044783423063,0,60,66,-6,neutral
eva_adaptive_open,11,I19,PAC-LO ESPEJO-SN BDO,C006,DOMINGO TOCORNAL,0.2938290017610595,0.2994993209987767,0.0056703192377171585,61,59,2,complementarity_signal
eva_adaptive_open,11,I19,PAC-LO ESPEJO-SN BDO,C038,TALCAHUANO - SANTA INES - LOS EDILES,0.2934531846453265,0.2990501995706996,0.005597014925373123,62,60,2,complementarity_signal
eva_adaptive_open,11,I19,PAC-LO ESPEJO-SN BDO,C013,HEROES DE LA CONCEPCION,0.29161502323158384,0.29161502323158384,0,63,68,-5,neutral
eva_adaptive_open,11,I19,PAC-LO ESPEJO-SN BDO,C004,CONSISTORIAL,0.29093172378697835,0.29093172378697835,0,64,69,-5,neutral
eva_adaptive_open,11,I19,PAC-LO ESPEJO-SN BDO,C027,LOS PRESIDENTES,0.2903073892430075,0.2903073892430075,0,65,70,-5,neutral
eva_adaptive_open,11,I19,PAC-LO ESPEJO-SN BDO,I32,EINSTEIN,0.28952623177448145,0.29512324669985457,0.005597014925373123,66,64,2,complementarity_signal
eva_adaptive_open,11,I19,PAC-LO ESPEJO-SN BDO,C041,VISTA HERMOSA,0.28884308013527277,0.30575740943669805,0.01691432930142528,67,52,15,complementarity_signal
eva_adaptive_open,11,I19,PAC-LO ESPEJO-SN BDO,C003,CONCHA Y TORO,0.2875451075135784,0.2931771085880249,0.005632001074446502,68,67,1,complementarity_signal
eva_adaptive_open,11,I19,PAC-LO ESPEJO-SN BDO,I23,PETERSEN - VICUÑA MACKENNA,0.28720997267232284,0.28720997267232284,0,69,72,-3,neutral
eva_adaptive_open,11,I19,PAC-LO ESPEJO-SN BDO,C063,LONGITUDINAL,0.28538182252354,0.28538182252354,0,70,73,-3,neutral
eva_adaptive_open,11,I19,PAC-LO ESPEJO-SN BDO,C046,EUCALIPTOS,0.2836213631052964,0.28018177357498764,-0.003439589530308762,71,75,-4,substitution_signal
eva_adaptive_open,11,I19,PAC-LO ESPEJO-SN BDO,C022,LLANURA  - EL DESIERTO,0.2832694397879176,0.2832694397879176,0,72,74,-2,neutral
eva_adaptive_open,11,I19,PAC-LO ESPEJO-SN BDO,C012,GABRIELA ORIENTE,0.2824795358179599,0.28815985109826947,0.005680315280309545,73,71,2,complementarity_signal
eva_adaptive_open,11,I19,PAC-LO ESPEJO-SN BDO,I31,FERNANDEZ ALBANO,0.27793271006427517,0.27793271006427517,0,74,77,-3,neutral
eva_adaptive_open,11,I19,PAC-LO ESPEJO-SN BDO,I28,SANTA RAQUEL,0.2776962274862046,0.2776962274862046,0,75,78,-3,neutral
eva_adaptive_open,11,I19,PAC-LO ESPEJO-SN BDO,C035,PRODIVENCIA,0.27556952254522565,0.27556952254522565,0,76,79,-3,neutral
eva_adaptive_open,11,I19,PAC-LO ESPEJO-SN BDO,C026,LOS MAITENES,0.273625292046878,0.27922230697225114,0.005597014925373123,77,76,1,complementarity_signal
eva_adaptive_open,11,I19,PAC-LO ESPEJO-SN BDO,C052,BAQUEDANO - POSTALES ORIENTE,0.2725119994529144,0.2725119994529144,0,78,80,-2,neutral
eva_adaptive_open,11,I19,PAC-LO ESPEJO-SN BDO,C021,LAUTARO,0.26497171822817867,0.27142172878810056,0.006450010559921893,79,81,-2,complementarity_signal
eva_adaptive_open,11,I19,PAC-LO ESPEJO-SN BDO,C089,J J PEREZ,0.26495488367176884,0.2638601848792436,-0.0010946987925252172,80,85,-5,substitution_signal
eva_adaptive_open,11,I19,PAC-LO ESPEJO-SN BDO,C047,VIOLETA PARRA,0.2648001936107111,0.2648001936107111,0,81,83,-2,neutral
eva_adaptive_open,11,I19,PAC-LO ESPEJO-SN BDO,C079,LAS AMERICAS,0.2644498310084617,0.27006850402611826,0.005618673017656561,82,82,0,complementarity_signal
eva_adaptive_open,11,I19,PAC-LO ESPEJO-SN BDO,C078,WALDO TAFF,0.2640982140605202,0.2640982140605202,0,83,84,-1,neutral
eva_adaptive_open,11,I19,PAC-LO ESPEJO-SN BDO,C011,EYZAGUIRRE,0.2597262361382782,0.39827664504855376,0.13855040891027554,84,17,67,complementarity_signal
eva_adaptive_open,11,I19,PAC-LO ESPEJO-SN BDO,C069,LOS OLMOS,0.2594151168255869,0.2594151168255869,0,85,86,-1,neutral
eva_adaptive_open,11,I19,PAC-LO ESPEJO-SN BDO,C009,EL ROSAL - SANTA ELENA,0.258292338870139,0.258292338870139,0,86,87,-1,neutral
eva_adaptive_open,11,I19,PAC-LO ESPEJO-SN BDO,C002,CAPITAN IGNACIO CARRERA PINTO,0.2546555618818747,0.2546555618818747,0,87,89,-2,neutral
eva_adaptive_open,11,I19,PAC-LO ESPEJO-SN BDO,C056,TEMUCO - TORO MAZOTTE,0.25241364378738895,0.25241364378738895,0,88,90,-2,neutral
eva_adaptive_open,11,I19,PAC-LO ESPEJO-SN BDO,C048,GENERAL ARRIAGADA,0.2517348978903142,0.2517348978903142,0,89,91,-2,neutral
eva_adaptive_open,11,I19,PAC-LO ESPEJO-SN BDO,C033,OBSERVATORIO,0.25172362934577086,0.25172362934577086,0,90,92,-2,neutral
eva_adaptive_open,11,I19,PAC-LO ESPEJO-SN BDO,C062,CORONA SUECA,0.2513511863347979,0.2513511863347979,0,91,93,-2,neutral
eva_adaptive_open,11,I19,PAC-LO ESPEJO-SN BDO,I03,CARRASCAL,0.24854515940907576,0.24854515940907576,0,92,94,-2,neutral
eva_adaptive_open,11,I19,PAC-LO ESPEJO-SN BDO,C054,VICTORIA,0.24818166256108362,0.24708696376855838,-0.001094698792525245,93,95,-2,substitution_signal
eva_adaptive_open,11,I19,PAC-LO ESPEJO-SN BDO,C076,ISLA DECEPCION,0.24485989841133612,0.24485989841133612,0,94,96,-2,neutral
eva_adaptive_open,11,I19,PAC-LO ESPEJO-SN BDO,C071,BARROS ARANA,0.2432718387690382,0.2432718387690382,0,95,97,-2,neutral
eva_adaptive_open,11,I19,PAC-LO ESPEJO-SN BDO,C082,CAUPOLICAN,0.24201028797730914,0.24201028797730914,0,96,98,-2,neutral
eva_adaptive_open,11,I19,PAC-LO ESPEJO-SN BDO,C080,PARAGUAY,0.2404621201898296,0.2404621201898296,0,97,99,-2,neutral
eva_adaptive_open,11,I19,PAC-LO ESPEJO-SN BDO,C010,ESQ BLANCA - ALBERTO LLONA,0.238468098274494,0.238468098274494,0,98,101,-3,neutral
eva_adaptive_open,11,I19,PAC-LO ESPEJO-SN BDO,C085,LOS LIBERTADORES,0.23472333347724983,0.240320348402623,0.005597014925373178,99,100,-1,complementarity_signal
eva_adaptive_open,11,I19,PAC-LO ESPEJO-SN BDO,C087,SALVADOR GUTIERREZ,0.23167583897026392,0.23167583897026392,0,100,102,-2,neutral
eva_adaptive_open,11,I19,PAC-LO ESPEJO-SN BDO,C019,LAS HIJUELAS SUR - LIBERTADOR BERNARDO OHIGGINS,0.23151138733257812,0.3451478982392984,0.1136365109067203,101,32,69,complementarity_signal
eva_adaptive_open,11,I19,PAC-LO ESPEJO-SN BDO,C017,LA PARINACOTA,0.2279533954363316,0.2279533954363316,0,102,103,-1,neutral
eva_adaptive_open,11,I19,PAC-LO ESPEJO-SN BDO,C051,JOSE MIGUEL INFANTE - DOMINGO STA MARIA,0.22770327755636682,0.22770327755636682,0,103,104,-1,neutral
eva_adaptive_open,11,I19,PAC-LO ESPEJO-SN BDO,C008,EL CERRO,0.22664145134727998,0.22664145134727998,0,104,105,-1,neutral
eva_adaptive_open,11,I19,PAC-LO ESPEJO-SN BDO,C036,RIO REFUGIO - SALAR SURIRE,0.22368469062682966,0.22368469062682966,0,105,107,-2,neutral
eva_adaptive_open,11,I19,PAC-LO ESPEJO-SN BDO,C077,RICARDO VIAL,0.22334495183243977,0.22334495183243977,0,106,108,-2,neutral
eva_adaptive_open,11,I19,PAC-LO ESPEJO-SN BDO,C084,EL PINO - UNO SUR,0.22280419924985104,0.2566603469698306,0.03385614771997955,107,88,19,complementarity_signal
eva_adaptive_open,11,I19,PAC-LO ESPEJO-SN BDO,C072,COVADONGA,0.2222660174854263,0.34353879092517015,0.12127277343974385,108,33,75,complementarity_signal
eva_adaptive_open,11,I19,PAC-LO ESPEJO-SN BDO,C045,PORTO ALEGRE,0.20703155937440956,0.2070448874311994,0.000013328056789829734,109,109,0,complementarity_signal
eva_adaptive_open,11,I19,PAC-LO ESPEJO-SN BDO,C055,ARTURO PRAT,0.1970214926913857,0.22432697243027433,0.02730547973888864,110,106,4,complementarity_signal
eva_adaptive_open,11,I19,PAC-LO ESPEJO-SN BDO,C018,LA PRIMAVERA,0.18729320497081958,0.18729403797436894,8.330035493608889e-7,111,110,1,complementarity_signal
eva_adaptive_open,11,I19,PAC-LO ESPEJO-SN BDO,C016,JUANITA,0.18668878675610429,0.18668961975965365,8.330035493608889e-7,112,111,1,complementarity_signal
eva_adaptive_open,11,I19,PAC-LO ESPEJO-SN BDO,C025,LOS DURAZNOS,0.1777876781002651,0.17779517513220938,0.000007497031944275756,113,112,1,complementarity_signal
eva_adaptive_open,11,I19,PAC-LO ESPEJO-SN BDO,C073,LOS MORROS,0.16537203853610075,0.16537203853610075,0,114,113,1,neutral
eva_adaptive_open,12,I04,DEL FERROCARRIL,I21,PEDRO DE VALDIVIA,0.5365433746671483,0.5477374045178947,0.011194029850746356,2,1,1,complementarity_signal
eva_adaptive_open,12,I04,DEL FERROCARRIL,EP-ALAMEDA-T3,ALAMEDA TRAMO 3,0.5127930876023098,0.5337708082175328,0.02097772061522296,3,2,1,complementarity_signal
eva_adaptive_open,12,I04,DEL FERROCARRIL,I14,LO OVALLE,0.5016274690099103,0.4926631377175281,-0.008964331292382166,4,4,0,substitution_signal
eva_adaptive_open,12,I04,DEL FERROCARRIL,I10,GRAN AVENIDA,0.48661907088645656,0.4978131007372028,0.011194029850746245,5,3,2,complementarity_signal
eva_adaptive_open,12,I04,DEL FERROCARRIL,EP-I34,VICUÑA MACKENNA,0.4789418889773093,0.4789418889773093,0,6,7,-1,neutral
eva_adaptive_open,12,I04,DEL FERROCARRIL,EP-I10,GRAN AVENIDA,0.4778935472512123,0.4834905621765854,0.005597014925373123,7,5,2,complementarity_signal
eva_adaptive_open,12,I04,DEL FERROCARRIL,I27,SANTA CECILIA - NONATO COO,0.4749695135425494,0.48056652846792247,0.005597014925373067,8,6,2,complementarity_signal
eva_adaptive_open,12,I04,DEL FERROCARRIL,I29,SANTA ROSA,0.4460384924762382,0.4460384924762382,0,9,8,1,neutral
eva_adaptive_open,12,I04,DEL FERROCARRIL,I01,BARÓN DE JURAS REALES,0.4274778694882673,0.4330748844136405,0.005597014925373178,10,10,0,complementarity_signal
eva_adaptive_open,12,I04,DEL FERROCARRIL,I25,SAN FRANCISCO,0.42597160856434774,0.43156862348972086,0.005597014925373123,11,11,0,complementarity_signal
eva_adaptive_open,12,I04,DEL FERROCARRIL,I08,GENERAL OSCAR BONILLA,0.4244254588658172,0.44498917671700633,0.020563717851189156,12,9,3,complementarity_signal
eva_adaptive_open,12,I04,DEL FERROCARRIL,EP-I33,LA CHIMBA,0.4166081830352783,0.4222051979606514,0.005597014925373123,13,12,1,complementarity_signal
eva_adaptive_open,12,I04,DEL FERROCARRIL,I15,MARTINEZ DE ROZAS,0.4148837713854609,0.4148837713854609,0,14,14,0,neutral
eva_adaptive_open,12,I04,DEL FERROCARRIL,I09,GENERAL VELASQUEZ,0.4113867462624224,0.4173902669198852,0.006003520657462791,15,13,2,complementarity_signal
eva_adaptive_open,12,I04,DEL FERROCARRIL,I06,DIAGONAL ORIENTE,0.40835695500529284,0.40835695500529284,0,16,15,1,neutral
eva_adaptive_open,12,I04,DEL FERROCARRIL,C011,EYZAGUIRRE,0.39827664504855376,0.39827664504855376,0,17,19,-2,neutral
eva_adaptive_open,12,I04,DEL FERROCARRIL,I13,LO ESPEJO-RIQUELME,0.39591861702557885,0.4016472465117516,0.005728629486172754,18,17,1,complementarity_signal
eva_adaptive_open,12,I04,DEL FERROCARRIL,I24,RADAL,0.39567551121149436,0.4014374608396416,0.005761949628147245,19,18,1,complementarity_signal
eva_adaptive_open,12,I04,DEL FERROCARRIL,C081,SAN GREGORIO - DIEGO MEZA,0.39560099389376424,0.39560099389376424,0,20,20,0,neutral
eva_adaptive_open,12,I04,DEL FERROCARRIL,C057,PADRE VICENTE IRARRAZABAL - MANUEL CHACON,0.3898578419022977,0.40209729120749593,0.012239449305198213,21,16,5,complementarity_signal
eva_adaptive_open,12,I04,DEL FERROCARRIL,C061,EL PINAR,0.38745102412856364,0.38745102412856364,0,22,24,-2,neutral
eva_adaptive_open,12,I04,DEL FERROCARRIL,C086,LA ESTRELLA,0.3833070683342955,0.3890306997991721,0.0057236314648765885,23,22,1,complementarity_signal
eva_adaptive_open,12,I04,DEL FERROCARRIL,C070,MENDOZA (EX-CORONEL ROBLES),0.38255027412447573,0.3939850420009882,0.011434767876512486,24,21,3,complementarity_signal
eva_adaptive_open,12,I04,DEL FERROCARRIL,C058,ANTONIO EBNER-BARROS ARANA,0.3766306654647687,0.38864853582583603,0.012017870361067329,25,23,2,complementarity_signal
eva_adaptive_open,12,I04,DEL FERROCARRIL,I18,NUEVA IMPERIAL,0.3614720848870077,0.367309837838147,0.005837752951139308,26,25,1,complementarity_signal
eva_adaptive_open,12,I04,DEL FERROCARRIL,C060,ROJAS MAGALLANES,0.3603077982992085,0.3659048132245816,0.005597014925373123,27,26,1,complementarity_signal
eva_adaptive_open,12,I04,DEL FERROCARRIL,I17,MATUCANA,0.3601985428412183,0.3658713610895835,0.005672818248365186,28,27,1,complementarity_signal
eva_adaptive_open,12,I04,DEL FERROCARRIL,I02,CARLOS VALDOVINOS,0.35528620955926693,0.35528620955926693,0,29,28,1,neutral
eva_adaptive_open,12,I04,DEL FERROCARRIL,I05,DIAGONAL JOSE MARIA CARO,0.3457845565580364,0.35138157148340954,0.005597014925373123,30,29,1,complementarity_signal
eva_adaptive_open,12,I04,DEL FERROCARRIL,C053,CONDELL,0.34549899482649016,0.3510960097518633,0.005597014925373123,31,30,1,complementarity_signal
eva_adaptive_open,12,I04,DEL FERROCARRIL,C019,LAS HIJUELAS SUR - LIBERTADOR BERNARDO OHIGGINS,0.3451478982392984,0.3451478982392984,0,32,32,0,neutral
eva_adaptive_open,12,I04,DEL FERROCARRIL,C072,COVADONGA,0.34353879092517015,0.34353879092517015,0,33,33,0,neutral
eva_adaptive_open,12,I04,DEL FERROCARRIL,C014,JOSE DOMINGO CAÑAS,0.3434151720257287,0.3434151720257287,0,34,34,0,neutral
eva_adaptive_open,12,I04,DEL FERROCARRIL,C044,LOS CERRILLOS,0.34290673995375665,0.2931210475714493,-0.049785692382307345,35,67,-32,substitution_signal
eva_adaptive_open,12,I04,DEL FERROCARRIL,C083,ORIENTAL-LAS PARCELAS,0.33968872706363973,0.33968872706363973,0,36,36,0,neutral
eva_adaptive_open,12,I04,DEL FERROCARRIL,C032,OBISPO MANUEL UMAÑA,0.3382239649805687,0.35024849937003094,0.012024534389462216,37,31,6,complementarity_signal
eva_adaptive_open,12,I04,DEL FERROCARRIL,C043,NEPTUNO,0.3369853717570032,0.3426973411721886,0.0057119694151853695,38,35,3,complementarity_signal
eva_adaptive_open,12,I04,DEL FERROCARRIL,C001,SAN EUGENIO,0.3301050844306759,0.3301050844306759,0,39,37,2,neutral
eva_adaptive_open,12,I04,DEL FERROCARRIL,C090,SANTO DOMINGO,0.3235730179767344,0.32373795267950845,0.00016493470277406663,40,39,1,complementarity_signal
eva_adaptive_open,12,I04,DEL FERROCARRIL,I07,EL GUANACO,0.32242652319202425,0.32242652319202425,0,41,40,1,neutral
eva_adaptive_open,12,I04,DEL FERROCARRIL,C007,EDUARDO CASTILLO VELASCO,0.3209682481807713,0.3209682481807713,0,42,41,1,neutral
eva_adaptive_open,12,I04,DEL FERROCARRIL,C029,MARIA ELENA,0.31675627327609446,0.31675627327609446,0,43,43,0,neutral
eva_adaptive_open,12,I04,DEL FERROCARRIL,C024,LOS ARRAYANES - LOS COPIHUES,0.3164169532190636,0.3164169532190636,0,44,44,0,neutral
eva_adaptive_open,12,I04,DEL FERROCARRIL,C40,VICUÑA MACKENNA - SAN MARTIN,0.3163360869516046,0.3163360869516046,0,45,45,0,neutral
eva_adaptive_open,12,I04,DEL FERROCARRIL,C074,URETA COX,0.31449957814869145,0.31449957814869145,0,46,47,-1,neutral
eva_adaptive_open,12,I04,DEL FERROCARRIL,C049,FEDERICO ERRÁZURIZ (EX SERRANO),0.31353521215559055,0.31952873677046095,0.005993524614870405,47,42,5,complementarity_signal
eva_adaptive_open,12,I04,DEL FERROCARRIL,C005,CORONEL ALEJANDRO SEPULVEDA,0.3106497256836105,0.3106497256836105,0,48,48,0,neutral
eva_adaptive_open,12,I04,DEL FERROCARRIL,C023,AVENIDA DORSAL,0.30999142904050175,0.3157033984556872,0.005711969415185425,49,46,3,complementarity_signal
eva_adaptive_open,12,I04,DEL FERROCARRIL,C050,MAR DE DRAKE,0.3080499557179654,0.3080499557179654,0,50,49,1,neutral
eva_adaptive_open,12,I04,DEL FERROCARRIL,C088,ÑUBLE,0.30596663776619404,0.30596663776619404,0,51,50,1,neutral
eva_adaptive_open,12,I04,DEL FERROCARRIL,C041,VISTA HERMOSA,0.30575740943669805,0.3259112895416001,0.020153880104902044,52,38,14,complementarity_signal
eva_adaptive_open,12,I04,DEL FERROCARRIL,C020,LATINOAMERICA - PINTOR MURILLO - FRANCISCO TOLEDO,0.3053874986899725,0.3053874986899725,0,53,51,2,neutral
eva_adaptive_open,12,I04,DEL FERROCARRIL,C028,MADRID,0.3053850663175511,0.3053850663175511,0,54,52,2,neutral
eva_adaptive_open,12,I04,DEL FERROCARRIL,C034,PEDRO LEON UGALDE,0.30513444215224494,0.30513444215224494,0,55,53,2,neutral
eva_adaptive_open,12,I04,DEL FERROCARRIL,C037,SAN ALFONSO,0.3032697592490899,0.3032697592490899,0,56,55,1,neutral
eva_adaptive_open,12,I04,DEL FERROCARRIL,C030,MAULE,0.30294715823212187,0.30294715823212187,0,57,56,1,neutral
eva_adaptive_open,12,I04,DEL FERROCARRIL,C042,PRINCIPE DE GALES,0.3015275299366899,0.3015275299366899,0,58,57,1,neutral
eva_adaptive_open,12,I04,DEL FERROCARRIL,C006,DOMINGO TOCORNAL,0.2994993209987767,0.2994993209987767,0,59,58,1,neutral
eva_adaptive_open,12,I04,DEL FERROCARRIL,C038,TALCAHUANO - SANTA INES - LOS EDILES,0.2990501995706996,0.304762168985885,0.0057119694151853695,60,54,6,complementarity_signal
eva_adaptive_open,12,I04,DEL FERROCARRIL,C015,JOSE MANUEL GUZMAN,0.2982069096734652,0.29827688197161173,0.00006997229814653672,61,59,2,complementarity_signal
eva_adaptive_open,12,I04,DEL FERROCARRIL,C039,TUPUNGATO,0.2972177850899593,0.2972177850899593,0,62,60,2,neutral
eva_adaptive_open,12,I04,DEL FERROCARRIL,C064,SILVA CARVALLO - SANTA ELENA,0.29671303455212084,0.29671303455212084,0,63,61,2,neutral
eva_adaptive_open,12,I04,DEL FERROCARRIL,I32,EINSTEIN,0.29512324669985457,0.29512324669985457,0,64,62,2,neutral
eva_adaptive_open,12,I04,DEL FERROCARRIL,C031,NECOCHEA,0.2942204983522875,0.2942204983522875,0,65,63,2,neutral
eva_adaptive_open,12,I04,DEL FERROCARRIL,C065,NUEVA SAN MARTIN,0.29384044783423063,0.29384044783423063,0,66,64,2,neutral
eva_adaptive_open,12,I04,DEL FERROCARRIL,C003,CONCHA Y TORO,0.2931771085880249,0.2931771085880249,0,67,66,1,neutral
eva_adaptive_open,12,I04,DEL FERROCARRIL,C013,HEROES DE LA CONCEPCION,0.29161502323158384,0.29161502323158384,0,68,68,0,neutral
eva_adaptive_open,12,I04,DEL FERROCARRIL,C004,CONSISTORIAL,0.29093172378697835,0.29093172378697835,0,69,69,0,neutral
eva_adaptive_open,12,I04,DEL FERROCARRIL,C027,LOS PRESIDENTES,0.2903073892430075,0.2903073892430075,0,70,70,0,neutral
eva_adaptive_open,12,I04,DEL FERROCARRIL,C012,GABRIELA ORIENTE,0.28815985109826947,0.28815985109826947,0,71,71,0,neutral
eva_adaptive_open,12,I04,DEL FERROCARRIL,I23,PETERSEN - VICUÑA MACKENNA,0.28720997267232284,0.28720997267232284,0,72,72,0,neutral
eva_adaptive_open,12,I04,DEL FERROCARRIL,C063,LONGITUDINAL,0.28538182252354,0.28538182252354,0,73,73,0,neutral
eva_adaptive_open,12,I04,DEL FERROCARRIL,C022,LLANURA  - EL DESIERTO,0.2832694397879176,0.2832694397879176,0,74,75,-1,neutral
eva_adaptive_open,12,I04,DEL FERROCARRIL,C046,EUCALIPTOS,0.28018177357498764,0.28018177357498764,0,75,76,-1,neutral
eva_adaptive_open,12,I04,DEL FERROCARRIL,C026,LOS MAITENES,0.27922230697225114,0.28500508168913247,0.005782774716881323,76,74,2,complementarity_signal
eva_adaptive_open,12,I04,DEL FERROCARRIL,I31,FERNANDEZ ALBANO,0.27793271006427517,0.27793271006427517,0,77,77,0,neutral
eva_adaptive_open,12,I04,DEL FERROCARRIL,I28,SANTA RAQUEL,0.2776962274862046,0.2776962274862046,0,78,78,0,neutral
eva_adaptive_open,12,I04,DEL FERROCARRIL,C035,PRODIVENCIA,0.27556952254522565,0.27556952254522565,0,79,80,-1,neutral
eva_adaptive_open,12,I04,DEL FERROCARRIL,C052,BAQUEDANO - POSTALES ORIENTE,0.2725119994529144,0.2725119994529144,0,80,81,-1,neutral
eva_adaptive_open,12,I04,DEL FERROCARRIL,C021,LAUTARO,0.27142172878810056,0.2770187437134737,0.005597014925373123,81,79,2,complementarity_signal
eva_adaptive_open,12,I04,DEL FERROCARRIL,C079,LAS AMERICAS,0.27006850402611826,0.2935581354089318,0.023489631382813514,82,65,17,complementarity_signal
eva_adaptive_open,12,I04,DEL FERROCARRIL,C047,VIOLETA PARRA,0.2648001936107111,0.2648001936107111,0,83,82,1,neutral
eva_adaptive_open,12,I04,DEL FERROCARRIL,C078,WALDO TAFF,0.2640982140605202,0.2640982140605202,0,84,83,1,neutral
eva_adaptive_open,12,I04,DEL FERROCARRIL,C089,J J PEREZ,0.2638601848792436,0.2638601848792436,0,85,84,1,neutral
eva_adaptive_open,12,I04,DEL FERROCARRIL,C069,LOS OLMOS,0.2594151168255869,0.2594151168255869,0,86,85,1,neutral
eva_adaptive_open,12,I04,DEL FERROCARRIL,C009,EL ROSAL - SANTA ELENA,0.258292338870139,0.258292338870139,0,87,86,1,neutral
eva_adaptive_open,12,I04,DEL FERROCARRIL,C084,EL PINO - UNO SUR,0.2566603469698306,0.2566603469698306,0,88,87,1,neutral
eva_adaptive_open,12,I04,DEL FERROCARRIL,C002,CAPITAN IGNACIO CARRERA PINTO,0.2546555618818747,0.2546555618818747,0,89,88,1,neutral
eva_adaptive_open,12,I04,DEL FERROCARRIL,C056,TEMUCO - TORO MAZOTTE,0.25241364378738895,0.25241364378738895,0,90,89,1,neutral
eva_adaptive_open,12,I04,DEL FERROCARRIL,C048,GENERAL ARRIAGADA,0.2517348978903142,0.2517348978903142,0,91,90,1,neutral
eva_adaptive_open,12,I04,DEL FERROCARRIL,C033,OBSERVATORIO,0.25172362934577086,0.25172362934577086,0,92,91,1,neutral
eva_adaptive_open,12,I04,DEL FERROCARRIL,C062,CORONA SUECA,0.2513511863347979,0.2513511863347979,0,93,93,0,neutral
eva_adaptive_open,12,I04,DEL FERROCARRIL,I03,CARRASCAL,0.24854515940907576,0.24854515940907576,0,94,94,0,neutral
eva_adaptive_open,12,I04,DEL FERROCARRIL,C054,VICTORIA,0.24708696376855838,0.24708696376855838,0,95,95,0,neutral
eva_adaptive_open,12,I04,DEL FERROCARRIL,C076,ISLA DECEPCION,0.24485989841133612,0.24485989841133612,0,96,97,-1,neutral
eva_adaptive_open,12,I04,DEL FERROCARRIL,C071,BARROS ARANA,0.2432718387690382,0.2432718387690382,0,97,98,-1,neutral
eva_adaptive_open,12,I04,DEL FERROCARRIL,C082,CAUPOLICAN,0.24201028797730914,0.24201028797730914,0,98,99,-1,neutral
eva_adaptive_open,12,I04,DEL FERROCARRIL,C080,PARAGUAY,0.2404621201898296,0.2404621201898296,0,99,100,-1,neutral
eva_adaptive_open,12,I04,DEL FERROCARRIL,C085,LOS LIBERTADORES,0.240320348402623,0.24591736332799613,0.005597014925373123,100,96,4,complementarity_signal
eva_adaptive_open,12,I04,DEL FERROCARRIL,C010,ESQ BLANCA - ALBERTO LLONA,0.238468098274494,0.25143559268183624,0.01296749440734224,101,92,9,complementarity_signal
eva_adaptive_open,12,I04,DEL FERROCARRIL,C087,SALVADOR GUTIERREZ,0.23167583897026392,0.23167583897026392,0,102,101,1,neutral
eva_adaptive_open,12,I04,DEL FERROCARRIL,C017,LA PARINACOTA,0.2279533954363316,0.2279533954363316,0,103,102,1,neutral
eva_adaptive_open,12,I04,DEL FERROCARRIL,C051,JOSE MIGUEL INFANTE - DOMINGO STA MARIA,0.22770327755636682,0.22770327755636682,0,104,103,1,neutral
eva_adaptive_open,12,I04,DEL FERROCARRIL,C008,EL CERRO,0.22664145134727998,0.22664145134727998,0,105,104,1,neutral
eva_adaptive_open,12,I04,DEL FERROCARRIL,C055,ARTURO PRAT,0.22432697243027433,0.22432697243027433,0,106,105,1,neutral
eva_adaptive_open,12,I04,DEL FERROCARRIL,C036,RIO REFUGIO - SALAR SURIRE,0.22368469062682966,0.22368469062682966,0,107,106,1,neutral
eva_adaptive_open,12,I04,DEL FERROCARRIL,C077,RICARDO VIAL,0.22334495183243977,0.22334495183243977,0,108,107,1,neutral
eva_adaptive_open,12,I04,DEL FERROCARRIL,C045,PORTO ALEGRE,0.2070448874311994,0.2070448874311994,0,109,108,1,neutral
eva_adaptive_open,12,I04,DEL FERROCARRIL,C018,LA PRIMAVERA,0.18729403797436894,0.18729403797436894,0,110,109,1,neutral
eva_adaptive_open,12,I04,DEL FERROCARRIL,C016,JUANITA,0.18668961975965365,0.18668961975965365,0,111,110,1,neutral
eva_adaptive_open,12,I04,DEL FERROCARRIL,C025,LOS DURAZNOS,0.17779517513220938,0.17779517513220938,0,112,111,1,neutral
eva_adaptive_open,12,I04,DEL FERROCARRIL,C073,LOS MORROS,0.16537203853610075,0.16537203853610075,0,113,112,1,neutral
eva_adaptive_open,13,I21,PEDRO DE VALDIVIA,EP-ALAMEDA-T3,ALAMEDA TRAMO 3,0.5337708082175328,0.5617558828443984,0.027985074626865614,2,1,1,complementarity_signal
eva_adaptive_open,13,I21,PEDRO DE VALDIVIA,I10,GRAN AVENIDA,0.4978131007372028,0.5257981753640685,0.02798507462686567,3,2,1,complementarity_signal
eva_adaptive_open,13,I21,PEDRO DE VALDIVIA,I14,LO OVALLE,0.4926631377175281,0.5206482123443938,0.027985074626865725,4,3,1,complementarity_signal
eva_adaptive_open,13,I21,PEDRO DE VALDIVIA,EP-I10,GRAN AVENIDA,0.4834905621765854,0.5114756368034511,0.02798507462686567,5,4,1,complementarity_signal
eva_adaptive_open,13,I21,PEDRO DE VALDIVIA,I27,SANTA CECILIA - NONATO COO,0.48056652846792247,0.5089639398517234,0.02839741138380092,6,5,1,complementarity_signal
eva_adaptive_open,13,I21,PEDRO DE VALDIVIA,EP-I34,VICUÑA MACKENNA,0.4789418889773093,0.4789418889773093,0,7,6,1,neutral
eva_adaptive_open,13,I21,PEDRO DE VALDIVIA,I29,SANTA ROSA,0.4460384924762382,0.46282953725235765,0.016791044776119424,8,9,-1,complementarity_signal
eva_adaptive_open,13,I21,PEDRO DE VALDIVIA,I08,GENERAL OSCAR BONILLA,0.44498917671700633,0.47857126626924523,0.0335820895522389,9,7,2,complementarity_signal
eva_adaptive_open,13,I21,PEDRO DE VALDIVIA,I01,BARÓN DE JURAS REALES,0.4330748844136405,0.455462944115133,0.02238805970149249,10,10,0,complementarity_signal
eva_adaptive_open,13,I21,PEDRO DE VALDIVIA,I25,SAN FRANCISCO,0.43156862348972086,0.46515071304195965,0.03358208955223879,11,8,3,complementarity_signal
eva_adaptive_open,13,I21,PEDRO DE VALDIVIA,EP-I33,LA CHIMBA,0.4222051979606514,0.43899624273677085,0.016791044776119424,12,11,1,complementarity_signal
eva_adaptive_open,13,I21,PEDRO DE VALDIVIA,I09,GENERAL VELASQUEZ,0.4173902669198852,0.4341813116960046,0.016791044776119424,13,12,1,complementarity_signal
eva_adaptive_open,13,I21,PEDRO DE VALDIVIA,I15,MARTINEZ DE ROZAS,0.4148837713854609,0.4148837713854609,0,14,20,-6,neutral
eva_adaptive_open,13,I21,PEDRO DE VALDIVIA,I06,DIAGONAL ORIENTE,0.40835695500529284,0.42523130013634874,0.0168743451310559,15,14,1,complementarity_signal
eva_adaptive_open,13,I21,PEDRO DE VALDIVIA,C057,PADRE VICENTE IRARRAZABAL - MANUEL CHACON,0.40209729120749593,0.4300823658343616,0.02798507462686567,16,13,3,complementarity_signal
eva_adaptive_open,13,I21,PEDRO DE VALDIVIA,I13,LO ESPEJO-RIQUELME,0.4016472465117516,0.42403530621324415,0.022388059701492546,17,15,2,complementarity_signal
eva_adaptive_open,13,I21,PEDRO DE VALDIVIA,I24,RADAL,0.4014374608396416,0.42382552054113415,0.022388059701492546,18,16,2,complementarity_signal
eva_adaptive_open,13,I21,PEDRO DE VALDIVIA,C011,EYZAGUIRRE,0.39827664504855376,0.4206647047500463,0.022388059701492546,19,17,2,complementarity_signal
eva_adaptive_open,13,I21,PEDRO DE VALDIVIA,C081,SAN GREGORIO - DIEGO MEZA,0.39560099389376424,0.41239203866988366,0.016791044776119424,20,21,-1,complementarity_signal
eva_adaptive_open,13,I21,PEDRO DE VALDIVIA,C070,MENDOZA (EX-CORONEL ROBLES),0.3939850420009882,0.41637310170248076,0.022388059701492546,21,19,2,complementarity_signal
eva_adaptive_open,13,I21,PEDRO DE VALDIVIA,C086,LA ESTRELLA,0.3890306997991721,0.4114187595006645,0.02238805970149238,22,22,0,complementarity_signal
eva_adaptive_open,13,I21,PEDRO DE VALDIVIA,C058,ANTONIO EBNER-BARROS ARANA,0.38864853582583603,0.4166336104527017,0.02798507462686567,23,18,5,complementarity_signal
eva_adaptive_open,13,I21,PEDRO DE VALDIVIA,C061,EL PINAR,0.38745102412856364,0.4042420689046831,0.01679104477611948,24,23,1,complementarity_signal
eva_adaptive_open,13,I21,PEDRO DE VALDIVIA,I18,NUEVA IMPERIAL,0.367309837838147,0.38410088261426645,0.016791044776119424,25,24,1,complementarity_signal
eva_adaptive_open,13,I21,PEDRO DE VALDIVIA,C060,ROJAS MAGALLANES,0.3659048132245816,0.377217962582887,0.011313149358305352,26,26,0,complementarity_signal
eva_adaptive_open,13,I21,PEDRO DE VALDIVIA,I17,MATUCANA,0.3658713610895835,0.3714683760149567,0.005597014925373178,27,28,-1,complementarity_signal
eva_adaptive_open,13,I21,PEDRO DE VALDIVIA,I02,CARLOS VALDOVINOS,0.35528620955926693,0.35528620955926693,0,28,31,-3,neutral
eva_adaptive_open,13,I21,PEDRO DE VALDIVIA,I05,DIAGONAL JOSE MARIA CARO,0.35138157148340954,0.3681726162595289,0.016791044776119368,29,29,0,complementarity_signal
eva_adaptive_open,13,I21,PEDRO DE VALDIVIA,C053,CONDELL,0.3510960097518633,0.37348406945335577,0.02238805970149249,30,27,3,complementarity_signal
eva_adaptive_open,13,I21,PEDRO DE VALDIVIA,C032,OBISPO MANUEL UMAÑA,0.35024849937003094,0.37823357399689667,0.027985074626865725,31,25,6,complementarity_signal
eva_adaptive_open,13,I21,PEDRO DE VALDIVIA,C019,LAS HIJUELAS SUR - LIBERTADOR BERNARDO OHIGGINS,0.3451478982392984,0.35074491316467155,0.005597014925373123,32,35,-3,complementarity_signal
eva_adaptive_open,13,I21,PEDRO DE VALDIVIA,C072,COVADONGA,0.34353879092517015,0.35473282077591645,0.011194029850746301,33,32,1,complementarity_signal
eva_adaptive_open,13,I21,PEDRO DE VALDIVIA,C014,JOSE DOMINGO CAÑAS,0.3434151720257287,0.344186224512373,0.0007710524866443302,34,36,-2,complementarity_signal
eva_adaptive_open,13,I21,PEDRO DE VALDIVIA,C043,NEPTUNO,0.3426973411721886,0.3538913710229349,0.011194029850746301,35,34,1,complementarity_signal
eva_adaptive_open,13,I21,PEDRO DE VALDIVIA,C083,ORIENTAL-LAS PARCELAS,0.33968872706363973,0.35656307219469546,0.016874345131055735,36,30,6,complementarity_signal
eva_adaptive_open,13,I21,PEDRO DE VALDIVIA,C001,SAN EUGENIO,0.3301050844306759,0.3301050844306759,0,37,40,-3,neutral
eva_adaptive_open,13,I21,PEDRO DE VALDIVIA,C041,VISTA HERMOSA,0.3259112895416001,0.3538963641684658,0.027985074626865725,38,33,5,complementarity_signal
eva_adaptive_open,13,I21,PEDRO DE VALDIVIA,C090,SANTO DOMINGO,0.32373795267950845,0.3405289974556278,0.016791044776119368,39,38,1,complementarity_signal
eva_adaptive_open,13,I21,PEDRO DE VALDIVIA,I07,EL GUANACO,0.32242652319202425,0.32242652319202425,0,40,42,-2,neutral
eva_adaptive_open,13,I21,PEDRO DE VALDIVIA,C007,EDUARDO CASTILLO VELASCO,0.3209682481807713,0.3209682481807713,0,41,43,-2,neutral
eva_adaptive_open,13,I21,PEDRO DE VALDIVIA,C049,FEDERICO ERRÁZURIZ (EX SERRANO),0.31952873677046095,0.34191679647195344,0.02238805970149249,42,37,5,complementarity_signal
eva_adaptive_open,13,I21,PEDRO DE VALDIVIA,C029,MARIA ELENA,0.31675627327609446,0.33369142766625387,0.016935154390159413,43,39,4,complementarity_signal
eva_adaptive_open,13,I21,PEDRO DE VALDIVIA,C024,LOS ARRAYANES - LOS COPIHUES,0.3164169532190636,0.3164169532190636,0,44,44,0,neutral
eva_adaptive_open,13,I21,PEDRO DE VALDIVIA,C40,VICUÑA MACKENNA - SAN MARTIN,0.3163360869516046,0.3163360869516046,0,45,45,0,neutral
eva_adaptive_open,13,I21,PEDRO DE VALDIVIA,C023,AVENIDA DORSAL,0.3157033984556872,0.3268974283064334,0.011194029850746245,46,41,5,complementarity_signal
eva_adaptive_open,13,I21,PEDRO DE VALDIVIA,C074,URETA COX,0.31449957814869145,0.31449957814869145,0,47,47,0,neutral
eva_adaptive_open,13,I21,PEDRO DE VALDIVIA,C005,CORONEL ALEJANDRO SEPULVEDA,0.3106497256836105,0.3106497256836105,0,48,49,-1,neutral
eva_adaptive_open,13,I21,PEDRO DE VALDIVIA,C050,MAR DE DRAKE,0.3080499557179654,0.3080499557179654,0,49,51,-2,neutral
eva_adaptive_open,13,I21,PEDRO DE VALDIVIA,C088,ÑUBLE,0.30596663776619404,0.30596663776619404,0,50,53,-3,neutral
eva_adaptive_open,13,I21,PEDRO DE VALDIVIA,C020,LATINOAMERICA - PINTOR MURILLO - FRANCISCO TOLEDO,0.3053874986899725,0.3053874986899725,0,51,54,-3,neutral
eva_adaptive_open,13,I21,PEDRO DE VALDIVIA,C028,MADRID,0.3053850663175511,0.3053850663175511,0,52,55,-3,neutral
eva_adaptive_open,13,I21,PEDRO DE VALDIVIA,C034,PEDRO LEON UGALDE,0.30513444215224494,0.30513444215224494,0,53,56,-3,neutral
eva_adaptive_open,13,I21,PEDRO DE VALDIVIA,C038,TALCAHUANO - SANTA INES - LOS EDILES,0.304762168985885,0.31595619883663123,0.011194029850746245,54,46,8,complementarity_signal
eva_adaptive_open,13,I21,PEDRO DE VALDIVIA,C037,SAN ALFONSO,0.3032697592490899,0.3032697592490899,0,55,58,-3,neutral
eva_adaptive_open,13,I21,PEDRO DE VALDIVIA,C030,MAULE,0.30294715823212187,0.30294715823212187,0,56,59,-3,neutral
eva_adaptive_open,13,I21,PEDRO DE VALDIVIA,C042,PRINCIPE DE GALES,0.3015275299366899,0.3015275299366899,0,57,60,-3,neutral
eva_adaptive_open,13,I21,PEDRO DE VALDIVIA,C006,DOMINGO TOCORNAL,0.2994993209987767,0.3107633231476695,0.011264002148892838,58,48,10,complementarity_signal
eva_adaptive_open,13,I21,PEDRO DE VALDIVIA,C015,JOSE MANUEL GUZMAN,0.29827688197161173,0.30947091182235803,0.011194029850746301,59,50,9,complementarity_signal
eva_adaptive_open,13,I21,PEDRO DE VALDIVIA,C039,TUPUNGATO,0.2972177850899593,0.2972177850899593,0,60,62,-2,neutral
eva_adaptive_open,13,I21,PEDRO DE VALDIVIA,C064,SILVA CARVALLO - SANTA ELENA,0.29671303455212084,0.29671303455212084,0,61,63,-2,neutral
eva_adaptive_open,13,I21,PEDRO DE VALDIVIA,I32,EINSTEIN,0.29512324669985457,0.3063172765506008,0.011194029850746245,62,52,10,complementarity_signal
eva_adaptive_open,13,I21,PEDRO DE VALDIVIA,C031,NECOCHEA,0.2942204983522875,0.2942204983522875,0,63,65,-2,neutral
eva_adaptive_open,13,I21,PEDRO DE VALDIVIA,C065,NUEVA SAN MARTIN,0.29384044783423063,0.29384044783423063,0,64,66,-2,neutral
eva_adaptive_open,13,I21,PEDRO DE VALDIVIA,C079,LAS AMERICAS,0.2935581354089318,0.2935581354089318,0,65,67,-2,neutral
eva_adaptive_open,13,I21,PEDRO DE VALDIVIA,C003,CONCHA Y TORO,0.2931771085880249,0.29879828061632957,0.005621172028304644,66,61,5,complementarity_signal
eva_adaptive_open,13,I21,PEDRO DE VALDIVIA,C044,LOS CERRILLOS,0.2931210475714493,0.2931210475714493,0,67,68,-1,neutral
eva_adaptive_open,13,I21,PEDRO DE VALDIVIA,C013,HEROES DE LA CONCEPCION,0.29161502323158384,0.29161502323158384,0,68,69,-1,neutral
eva_adaptive_open,13,I21,PEDRO DE VALDIVIA,C004,CONSISTORIAL,0.29093172378697835,0.29093172378697835,0,69,70,-1,neutral
eva_adaptive_open,13,I21,PEDRO DE VALDIVIA,C027,LOS PRESIDENTES,0.2903073892430075,0.2903073892430075,0,70,71,-1,neutral
eva_adaptive_open,13,I21,PEDRO DE VALDIVIA,C012,GABRIELA ORIENTE,0.28815985109826947,0.30503003121157846,0.016870180113308986,71,57,14,complementarity_signal
eva_adaptive_open,13,I21,PEDRO DE VALDIVIA,I23,PETERSEN - VICUÑA MACKENNA,0.28720997267232284,0.28720997267232284,0,72,72,0,neutral
eva_adaptive_open,13,I21,PEDRO DE VALDIVIA,C063,LONGITUDINAL,0.28538182252354,0.28538182252354,0,73,73,0,neutral
eva_adaptive_open,13,I21,PEDRO DE VALDIVIA,C026,LOS MAITENES,0.28500508168913247,0.29619911153987877,0.011194029850746301,74,64,10,complementarity_signal
eva_adaptive_open,13,I21,PEDRO DE VALDIVIA,C022,LLANURA  - EL DESIERTO,0.2832694397879176,0.2832694397879176,0,75,74,1,neutral
eva_adaptive_open,13,I21,PEDRO DE VALDIVIA,C046,EUCALIPTOS,0.28018177357498764,0.28018177357498764,0,76,76,0,neutral
eva_adaptive_open,13,I21,PEDRO DE VALDIVIA,I31,FERNANDEZ ALBANO,0.27793271006427517,0.27793271006427517,0,77,77,0,neutral
eva_adaptive_open,13,I21,PEDRO DE VALDIVIA,I28,SANTA RAQUEL,0.2776962274862046,0.2776962274862046,0,78,78,0,neutral
eva_adaptive_open,13,I21,PEDRO DE VALDIVIA,C021,LAUTARO,0.2770187437134737,0.28261575863884686,0.005597014925373178,79,75,4,complementarity_signal
eva_adaptive_open,13,I21,PEDRO DE VALDIVIA,C035,PRODIVENCIA,0.27556952254522565,0.27556952254522565,0,80,79,1,neutral
eva_adaptive_open,13,I21,PEDRO DE VALDIVIA,C052,BAQUEDANO - POSTALES ORIENTE,0.2725119994529144,0.2725119994529144,0,81,80,1,neutral
eva_adaptive_open,13,I21,PEDRO DE VALDIVIA,C047,VIOLETA PARRA,0.2648001936107111,0.2648001936107111,0,82,82,0,neutral
eva_adaptive_open,13,I21,PEDRO DE VALDIVIA,C078,WALDO TAFF,0.2640982140605202,0.2640982140605202,0,83,83,0,neutral
eva_adaptive_open,13,I21,PEDRO DE VALDIVIA,C089,J J PEREZ,0.2638601848792436,0.2638601848792436,0,84,84,0,neutral
eva_adaptive_open,13,I21,PEDRO DE VALDIVIA,C069,LOS OLMOS,0.2594151168255869,0.2594151168255869,0,85,86,-1,neutral
eva_adaptive_open,13,I21,PEDRO DE VALDIVIA,C009,EL ROSAL - SANTA ELENA,0.258292338870139,0.258292338870139,0,86,87,-1,neutral
eva_adaptive_open,13,I21,PEDRO DE VALDIVIA,C084,EL PINO - UNO SUR,0.2566603469698306,0.2678543768205769,0.011194029850746301,87,81,6,complementarity_signal
eva_adaptive_open,13,I21,PEDRO DE VALDIVIA,C002,CAPITAN IGNACIO CARRERA PINTO,0.2546555618818747,0.2546555618818747,0,88,89,-1,neutral
eva_adaptive_open,13,I21,PEDRO DE VALDIVIA,C056,TEMUCO - TORO MAZOTTE,0.25241364378738895,0.25241364378738895,0,89,90,-1,neutral
eva_adaptive_open,13,I21,PEDRO DE VALDIVIA,C048,GENERAL ARRIAGADA,0.2517348978903142,0.2517348978903142,0,90,91,-1,neutral
eva_adaptive_open,13,I21,PEDRO DE VALDIVIA,C033,OBSERVATORIO,0.25172362934577086,0.25172362934577086,0,91,92,-1,neutral
eva_adaptive_open,13,I21,PEDRO DE VALDIVIA,C010,ESQ BLANCA - ALBERTO LLONA,0.25143559268183624,0.26262962253258254,0.011194029850746301,92,85,7,complementarity_signal
eva_adaptive_open,13,I21,PEDRO DE VALDIVIA,C062,CORONA SUECA,0.2513511863347979,0.2513511863347979,0,93,93,0,neutral
eva_adaptive_open,13,I21,PEDRO DE VALDIVIA,I03,CARRASCAL,0.24854515940907576,0.24854515940907576,0,94,94,0,neutral
eva_adaptive_open,13,I21,PEDRO DE VALDIVIA,C054,VICTORIA,0.24708696376855838,0.24708696376855838,0,95,95,0,neutral
eva_adaptive_open,13,I21,PEDRO DE VALDIVIA,C085,LOS LIBERTADORES,0.24591736332799613,0.2571113931787424,0.011194029850746245,96,88,8,complementarity_signal
eva_adaptive_open,13,I21,PEDRO DE VALDIVIA,C076,ISLA DECEPCION,0.24485989841133612,0.24485989841133612,0,97,96,1,neutral
eva_adaptive_open,13,I21,PEDRO DE VALDIVIA,C071,BARROS ARANA,0.2432718387690382,0.2432718387690382,0,98,97,1,neutral
eva_adaptive_open,13,I21,PEDRO DE VALDIVIA,C082,CAUPOLICAN,0.24201028797730914,0.24201028797730914,0,99,98,1,neutral
eva_adaptive_open,13,I21,PEDRO DE VALDIVIA,C080,PARAGUAY,0.2404621201898296,0.2404621201898296,0,100,99,1,neutral
eva_adaptive_open,13,I21,PEDRO DE VALDIVIA,C087,SALVADOR GUTIERREZ,0.23167583897026392,0.23167583897026392,0,101,100,1,neutral
eva_adaptive_open,13,I21,PEDRO DE VALDIVIA,C017,LA PARINACOTA,0.2279533954363316,0.2279533954363316,0,102,101,1,neutral
eva_adaptive_open,13,I21,PEDRO DE VALDIVIA,C051,JOSE MIGUEL INFANTE - DOMINGO STA MARIA,0.22770327755636682,0.22770327755636682,0,103,102,1,neutral
eva_adaptive_open,13,I21,PEDRO DE VALDIVIA,C008,EL CERRO,0.22664145134727998,0.22664145134727998,0,104,103,1,neutral
eva_adaptive_open,13,I21,PEDRO DE VALDIVIA,C055,ARTURO PRAT,0.22432697243027433,0.22432697243027433,0,105,104,1,neutral
eva_adaptive_open,13,I21,PEDRO DE VALDIVIA,C036,RIO REFUGIO - SALAR SURIRE,0.22368469062682966,0.22368469062682966,0,106,105,1,neutral
eva_adaptive_open,13,I21,PEDRO DE VALDIVIA,C077,RICARDO VIAL,0.22334495183243977,0.22334495183243977,0,107,106,1,neutral
eva_adaptive_open,13,I21,PEDRO DE VALDIVIA,C045,PORTO ALEGRE,0.2070448874311994,0.2070448874311994,0,108,107,1,neutral
eva_adaptive_open,13,I21,PEDRO DE VALDIVIA,C018,LA PRIMAVERA,0.18729403797436894,0.18729403797436894,0,109,108,1,neutral
eva_adaptive_open,13,I21,PEDRO DE VALDIVIA,C016,JUANITA,0.18668961975965365,0.18668961975965365,0,110,109,1,neutral
eva_adaptive_open,13,I21,PEDRO DE VALDIVIA,C025,LOS DURAZNOS,0.17779517513220938,0.17779517513220938,0,111,110,1,neutral
eva_adaptive_open,13,I21,PEDRO DE VALDIVIA,C073,LOS MORROS,0.16537203853610075,0.16537203853610075,0,112,111,1,neutral
eva_adaptive_open,14,EP-ALAMEDA-T3,ALAMEDA TRAMO 3,I10,GRAN AVENIDA,0.5257981753640685,0.5257981753640685,0,2,1,1,neutral
eva_adaptive_open,14,EP-ALAMEDA-T3,ALAMEDA TRAMO 3,I14,LO OVALLE,0.5206482123443938,0.5150511974190207,-0.005597014925373123,3,2,1,substitution_signal
eva_adaptive_open,14,EP-ALAMEDA-T3,ALAMEDA TRAMO 3,EP-I10,GRAN AVENIDA,0.5114756368034511,0.505878621878078,-0.005597014925373123,4,4,0,substitution_signal
eva_adaptive_open,14,EP-ALAMEDA-T3,ALAMEDA TRAMO 3,I27,SANTA CECILIA - NONATO COO,0.5089639398517234,0.5089639398517234,0,5,3,2,neutral
eva_adaptive_open,14,EP-ALAMEDA-T3,ALAMEDA TRAMO 3,EP-I34,VICUÑA MACKENNA,0.4789418889773093,0.4789418889773093,0,6,5,1,neutral
eva_adaptive_open,14,EP-ALAMEDA-T3,ALAMEDA TRAMO 3,I08,GENERAL OSCAR BONILLA,0.47857126626924523,0.3590822324238776,-0.11948903384536763,7,24,-17,substitution_signal
eva_adaptive_open,14,EP-ALAMEDA-T3,ALAMEDA TRAMO 3,I25,SAN FRANCISCO,0.46515071304195965,0.45955369811658653,-0.005597014925373123,8,6,2,substitution_signal
eva_adaptive_open,14,EP-ALAMEDA-T3,ALAMEDA TRAMO 3,I29,SANTA ROSA,0.46282953725235765,0.4572325223269845,-0.005597014925373123,9,7,2,substitution_signal
eva_adaptive_open,14,EP-ALAMEDA-T3,ALAMEDA TRAMO 3,I01,BARÓN DE JURAS REALES,0.455462944115133,0.455462944115133,0,10,8,2,neutral
eva_adaptive_open,14,EP-ALAMEDA-T3,ALAMEDA TRAMO 3,EP-I33,LA CHIMBA,0.43899624273677085,0.4333992278113977,-0.005597014925373123,11,10,1,substitution_signal
eva_adaptive_open,14,EP-ALAMEDA-T3,ALAMEDA TRAMO 3,I09,GENERAL VELASQUEZ,0.4341813116960046,0.4341813116960046,0,12,9,3,neutral
eva_adaptive_open,14,EP-ALAMEDA-T3,ALAMEDA TRAMO 3,C057,PADRE VICENTE IRARRAZABAL - MANUEL CHACON,0.4300823658343616,0.33451933997214295,-0.09556302586221865,13,34,-21,substitution_signal
eva_adaptive_open,14,EP-ALAMEDA-T3,ALAMEDA TRAMO 3,I06,DIAGONAL ORIENTE,0.42523130013634874,0.42523130013634874,0,14,11,3,neutral
eva_adaptive_open,14,EP-ALAMEDA-T3,ALAMEDA TRAMO 3,I13,LO ESPEJO-RIQUELME,0.42403530621324415,0.42403530621324415,0,15,12,3,neutral
eva_adaptive_open,14,EP-ALAMEDA-T3,ALAMEDA TRAMO 3,I24,RADAL,0.42382552054113415,0.3941541431777698,-0.029671377363364337,16,18,-2,substitution_signal
eva_adaptive_open,14,EP-ALAMEDA-T3,ALAMEDA TRAMO 3,C011,EYZAGUIRRE,0.4206647047500463,0.4206647047500463,0,17,13,4,neutral
eva_adaptive_open,14,EP-ALAMEDA-T3,ALAMEDA TRAMO 3,C058,ANTONIO EBNER-BARROS ARANA,0.4166336104527017,0.32780814449325085,-0.08882546595945084,18,38,-20,substitution_signal
eva_adaptive_open,14,EP-ALAMEDA-T3,ALAMEDA TRAMO 3,C070,MENDOZA (EX-CORONEL ROBLES),0.41637310170248076,0.3888760372762755,-0.027497064426205253,19,19,0,substitution_signal
eva_adaptive_open,14,EP-ALAMEDA-T3,ALAMEDA TRAMO 3,I15,MARTINEZ DE ROZAS,0.4148837713854609,0.4148837713854609,0,20,14,6,neutral
eva_adaptive_open,14,EP-ALAMEDA-T3,ALAMEDA TRAMO 3,C081,SAN GREGORIO - DIEGO MEZA,0.41239203866988366,0.4067950237445105,-0.005597014925373178,21,16,5,substitution_signal
eva_adaptive_open,14,EP-ALAMEDA-T3,ALAMEDA TRAMO 3,C086,LA ESTRELLA,0.4114187595006645,0.4114187595006645,0,22,15,7,neutral
eva_adaptive_open,14,EP-ALAMEDA-T3,ALAMEDA TRAMO 3,C061,EL PINAR,0.4042420689046831,0.39864505397931,-0.005597014925373123,23,17,6,substitution_signal
eva_adaptive_open,14,EP-ALAMEDA-T3,ALAMEDA TRAMO 3,I18,NUEVA IMPERIAL,0.38410088261426645,0.31746948982985224,-0.06663139278441421,24,42,-18,substitution_signal
eva_adaptive_open,14,EP-ALAMEDA-T3,ALAMEDA TRAMO 3,C032,OBISPO MANUEL UMAÑA,0.37823357399689667,0.32156060149077254,-0.05667297250612413,25,40,-15,substitution_signal
eva_adaptive_open,14,EP-ALAMEDA-T3,ALAMEDA TRAMO 3,C060,ROJAS MAGALLANES,0.377217962582887,0.377217962582887,0,26,20,6,neutral
eva_adaptive_open,14,EP-ALAMEDA-T3,ALAMEDA TRAMO 3,C053,CONDELL,0.37348406945335577,0.37348406945335577,0,27,21,6,neutral
eva_adaptive_open,14,EP-ALAMEDA-T3,ALAMEDA TRAMO 3,I17,MATUCANA,0.3714683760149567,0.3714683760149567,0,28,22,6,neutral
eva_adaptive_open,14,EP-ALAMEDA-T3,ALAMEDA TRAMO 3,I05,DIAGONAL JOSE MARIA CARO,0.3681726162595289,0.3681726162595289,0,29,23,6,neutral
eva_adaptive_open,14,EP-ALAMEDA-T3,ALAMEDA TRAMO 3,C083,ORIENTAL-LAS PARCELAS,0.35656307219469546,0.35656307219469546,0,30,27,3,neutral
eva_adaptive_open,14,EP-ALAMEDA-T3,ALAMEDA TRAMO 3,I02,CARLOS VALDOVINOS,0.35528620955926693,0.35528620955926693,0,31,28,3,neutral
eva_adaptive_open,14,EP-ALAMEDA-T3,ALAMEDA TRAMO 3,C072,COVADONGA,0.35473282077591645,0.35473282077591645,0,32,29,3,neutral
eva_adaptive_open,14,EP-ALAMEDA-T3,ALAMEDA TRAMO 3,C041,VISTA HERMOSA,0.3538963641684658,0.23729046079619398,-0.11660590337227184,33,98,-65,substitution_signal
eva_adaptive_open,14,EP-ALAMEDA-T3,ALAMEDA TRAMO 3,C043,NEPTUNO,0.3538913710229349,0.33367397332944054,-0.020217397693494343,34,36,-2,substitution_signal
eva_adaptive_open,14,EP-ALAMEDA-T3,ALAMEDA TRAMO 3,C019,LAS HIJUELAS SUR - LIBERTADOR BERNARDO OHIGGINS,0.35074491316467155,0.35074491316467155,0,35,30,5,neutral
eva_adaptive_open,14,EP-ALAMEDA-T3,ALAMEDA TRAMO 3,C014,JOSE DOMINGO CAÑAS,0.344186224512373,0.344186224512373,0,36,32,4,neutral
eva_adaptive_open,14,EP-ALAMEDA-T3,ALAMEDA TRAMO 3,C049,FEDERICO ERRÁZURIZ (EX SERRANO),0.34191679647195344,0.34191679647195344,0,37,33,4,neutral
eva_adaptive_open,14,EP-ALAMEDA-T3,ALAMEDA TRAMO 3,C090,SANTO DOMINGO,0.3405289974556278,0.2900617837756913,-0.05046721367993651,38,73,-35,substitution_signal
eva_adaptive_open,14,EP-ALAMEDA-T3,ALAMEDA TRAMO 3,C029,MARIA ELENA,0.33369142766625387,0.33369142766625387,0,39,35,4,neutral
eva_adaptive_open,14,EP-ALAMEDA-T3,ALAMEDA TRAMO 3,C001,SAN EUGENIO,0.3301050844306759,0.3301050844306759,0,40,37,3,neutral
eva_adaptive_open,14,EP-ALAMEDA-T3,ALAMEDA TRAMO 3,C023,AVENIDA DORSAL,0.3268974283064334,0.3066800306129391,-0.020217397693494343,41,50,-9,substitution_signal
eva_adaptive_open,14,EP-ALAMEDA-T3,ALAMEDA TRAMO 3,I07,EL GUANACO,0.32242652319202425,0.32242652319202425,0,42,39,3,neutral
eva_adaptive_open,14,EP-ALAMEDA-T3,ALAMEDA TRAMO 3,C007,EDUARDO CASTILLO VELASCO,0.3209682481807713,0.3209682481807713,0,43,41,2,neutral
eva_adaptive_open,14,EP-ALAMEDA-T3,ALAMEDA TRAMO 3,C024,LOS ARRAYANES - LOS COPIHUES,0.3164169532190636,0.3164169532190636,0,44,43,1,neutral
eva_adaptive_open,14,EP-ALAMEDA-T3,ALAMEDA TRAMO 3,C40,VICUÑA MACKENNA - SAN MARTIN,0.3163360869516046,0.3163360869516046,0,45,44,1,neutral
eva_adaptive_open,14,EP-ALAMEDA-T3,ALAMEDA TRAMO 3,C038,TALCAHUANO - SANTA INES - LOS EDILES,0.31595619883663123,0.29573880114313694,-0.020217397693494288,46,65,-19,substitution_signal
eva_adaptive_open,14,EP-ALAMEDA-T3,ALAMEDA TRAMO 3,C074,URETA COX,0.31449957814869145,0.31449957814869145,0,47,45,2,neutral
eva_adaptive_open,14,EP-ALAMEDA-T3,ALAMEDA TRAMO 3,C006,DOMINGO TOCORNAL,0.3107633231476695,0.3107633231476695,0,48,46,2,neutral
eva_adaptive_open,14,EP-ALAMEDA-T3,ALAMEDA TRAMO 3,C005,CORONEL ALEJANDRO SEPULVEDA,0.3106497256836105,0.3106497256836105,0,49,47,2,neutral
eva_adaptive_open,14,EP-ALAMEDA-T3,ALAMEDA TRAMO 3,C015,JOSE MANUEL GUZMAN,0.30947091182235803,0.30947091182235803,0,50,48,2,neutral
eva_adaptive_open,14,EP-ALAMEDA-T3,ALAMEDA TRAMO 3,C050,MAR DE DRAKE,0.3080499557179654,0.30811479039196454,0.00006483467399914788,51,49,2,complementarity_signal
eva_adaptive_open,14,EP-ALAMEDA-T3,ALAMEDA TRAMO 3,I32,EINSTEIN,0.3063172765506008,0.3063172765506008,0,52,51,1,neutral
eva_adaptive_open,14,EP-ALAMEDA-T3,ALAMEDA TRAMO 3,C088,ÑUBLE,0.30596663776619404,0.30596663776619404,0,53,52,1,neutral
eva_adaptive_open,14,EP-ALAMEDA-T3,ALAMEDA TRAMO 3,C020,LATINOAMERICA - PINTOR MURILLO - FRANCISCO TOLEDO,0.3053874986899725,0.3053874986899725,0,54,53,1,neutral
eva_adaptive_open,14,EP-ALAMEDA-T3,ALAMEDA TRAMO 3,C028,MADRID,0.3053850663175511,0.3053850663175511,0,55,54,1,neutral
eva_adaptive_open,14,EP-ALAMEDA-T3,ALAMEDA TRAMO 3,C034,PEDRO LEON UGALDE,0.30513444215224494,0.30513444215224494,0,56,55,1,neutral
eva_adaptive_open,14,EP-ALAMEDA-T3,ALAMEDA TRAMO 3,C012,GABRIELA ORIENTE,0.30503003121157846,0.30503003121157846,0,57,56,1,neutral
eva_adaptive_open,14,EP-ALAMEDA-T3,ALAMEDA TRAMO 3,C037,SAN ALFONSO,0.3032697592490899,0.3032697592490899,0,58,57,1,neutral
eva_adaptive_open,14,EP-ALAMEDA-T3,ALAMEDA TRAMO 3,C030,MAULE,0.30294715823212187,0.30294715823212187,0,59,58,1,neutral
eva_adaptive_open,14,EP-ALAMEDA-T3,ALAMEDA TRAMO 3,C042,PRINCIPE DE GALES,0.3015275299366899,0.3015275299366899,0,60,59,1,neutral
eva_adaptive_open,14,EP-ALAMEDA-T3,ALAMEDA TRAMO 3,C003,CONCHA Y TORO,0.29879828061632957,0.29879828061632957,0,61,61,0,neutral
eva_adaptive_open,14,EP-ALAMEDA-T3,ALAMEDA TRAMO 3,C039,TUPUNGATO,0.2972177850899593,0.2972177850899593,0,62,62,0,neutral
eva_adaptive_open,14,EP-ALAMEDA-T3,ALAMEDA TRAMO 3,C064,SILVA CARVALLO - SANTA ELENA,0.29671303455212084,0.29671303455212084,0,63,63,0,neutral
eva_adaptive_open,14,EP-ALAMEDA-T3,ALAMEDA TRAMO 3,C026,LOS MAITENES,0.29619911153987877,0.29619911153987877,0,64,64,0,neutral
eva_adaptive_open,14,EP-ALAMEDA-T3,ALAMEDA TRAMO 3,C031,NECOCHEA,0.2942204983522875,0.2942204983522875,0,65,66,-1,neutral
eva_adaptive_open,14,EP-ALAMEDA-T3,ALAMEDA TRAMO 3,C065,NUEVA SAN MARTIN,0.29384044783423063,0.29384044783423063,0,66,67,-1,neutral
eva_adaptive_open,14,EP-ALAMEDA-T3,ALAMEDA TRAMO 3,C079,LAS AMERICAS,0.2935581354089318,0.2935581354089318,0,67,68,-1,neutral
eva_adaptive_open,14,EP-ALAMEDA-T3,ALAMEDA TRAMO 3,C044,LOS CERRILLOS,0.2931210475714493,0.2931210475714493,0,68,69,-1,neutral
eva_adaptive_open,14,EP-ALAMEDA-T3,ALAMEDA TRAMO 3,C013,HEROES DE LA CONCEPCION,0.29161502323158384,0.29161502323158384,0,69,70,-1,neutral
eva_adaptive_open,14,EP-ALAMEDA-T3,ALAMEDA TRAMO 3,C004,CONSISTORIAL,0.29093172378697835,0.29093172378697835,0,70,71,-1,neutral
eva_adaptive_open,14,EP-ALAMEDA-T3,ALAMEDA TRAMO 3,C027,LOS PRESIDENTES,0.2903073892430075,0.2903073892430075,0,71,72,-1,neutral
eva_adaptive_open,14,EP-ALAMEDA-T3,ALAMEDA TRAMO 3,I23,PETERSEN - VICUÑA MACKENNA,0.28720997267232284,0.28720997267232284,0,72,74,-2,neutral
eva_adaptive_open,14,EP-ALAMEDA-T3,ALAMEDA TRAMO 3,C063,LONGITUDINAL,0.28538182252354,0.3582564854774885,0.07287466295394851,73,25,48,complementarity_signal
eva_adaptive_open,14,EP-ALAMEDA-T3,ALAMEDA TRAMO 3,C022,LLANURA  - EL DESIERTO,0.2832694397879176,0.2832694397879176,0,74,75,-1,neutral
eva_adaptive_open,14,EP-ALAMEDA-T3,ALAMEDA TRAMO 3,C021,LAUTARO,0.28261575863884686,0.28261575863884686,0,75,76,-1,neutral
eva_adaptive_open,14,EP-ALAMEDA-T3,ALAMEDA TRAMO 3,C046,EUCALIPTOS,0.28018177357498764,0.28018177357498764,0,76,77,-1,neutral
eva_adaptive_open,14,EP-ALAMEDA-T3,ALAMEDA TRAMO 3,I31,FERNANDEZ ALBANO,0.27793271006427517,0.27793271006427517,0,77,78,-1,neutral
eva_adaptive_open,14,EP-ALAMEDA-T3,ALAMEDA TRAMO 3,I28,SANTA RAQUEL,0.2776962274862046,0.2776962274862046,0,78,79,-1,neutral
eva_adaptive_open,14,EP-ALAMEDA-T3,ALAMEDA TRAMO 3,C035,PRODIVENCIA,0.27556952254522565,0.34424095963098794,0.06867143708576229,79,31,48,complementarity_signal
eva_adaptive_open,14,EP-ALAMEDA-T3,ALAMEDA TRAMO 3,C052,BAQUEDANO - POSTALES ORIENTE,0.2725119994529144,0.2725119994529144,0,80,80,0,neutral
eva_adaptive_open,14,EP-ALAMEDA-T3,ALAMEDA TRAMO 3,C084,EL PINO - UNO SUR,0.2678543768205769,0.2678543768205769,0,81,81,0,neutral
eva_adaptive_open,14,EP-ALAMEDA-T3,ALAMEDA TRAMO 3,C047,VIOLETA PARRA,0.2648001936107111,0.2648001936107111,0,82,82,0,neutral
eva_adaptive_open,14,EP-ALAMEDA-T3,ALAMEDA TRAMO 3,C078,WALDO TAFF,0.2640982140605202,0.2640982140605202,0,83,83,0,neutral
eva_adaptive_open,14,EP-ALAMEDA-T3,ALAMEDA TRAMO 3,C089,J J PEREZ,0.2638601848792436,0.2638601848792436,0,84,84,0,neutral
eva_adaptive_open,14,EP-ALAMEDA-T3,ALAMEDA TRAMO 3,C010,ESQ BLANCA - ALBERTO LLONA,0.26262962253258254,0.26262962253258254,0,85,85,0,neutral
eva_adaptive_open,14,EP-ALAMEDA-T3,ALAMEDA TRAMO 3,C069,LOS OLMOS,0.2594151168255869,0.2594151168255869,0,86,86,0,neutral
eva_adaptive_open,14,EP-ALAMEDA-T3,ALAMEDA TRAMO 3,C009,EL ROSAL - SANTA ELENA,0.258292338870139,0.258292338870139,0,87,87,0,neutral
eva_adaptive_open,14,EP-ALAMEDA-T3,ALAMEDA TRAMO 3,C085,LOS LIBERTADORES,0.2571113931787424,0.2571113931787424,0,88,88,0,neutral
eva_adaptive_open,14,EP-ALAMEDA-T3,ALAMEDA TRAMO 3,C002,CAPITAN IGNACIO CARRERA PINTO,0.2546555618818747,0.2546555618818747,0,89,89,0,neutral
eva_adaptive_open,14,EP-ALAMEDA-T3,ALAMEDA TRAMO 3,C056,TEMUCO - TORO MAZOTTE,0.25241364378738895,0.35677635060669255,0.1043627068193036,90,26,64,complementarity_signal
eva_adaptive_open,14,EP-ALAMEDA-T3,ALAMEDA TRAMO 3,C048,GENERAL ARRIAGADA,0.2517348978903142,0.2517348978903142,0,91,90,1,neutral
eva_adaptive_open,14,EP-ALAMEDA-T3,ALAMEDA TRAMO 3,C033,OBSERVATORIO,0.25172362934577086,0.25172362934577086,0,92,91,1,neutral
eva_adaptive_open,14,EP-ALAMEDA-T3,ALAMEDA TRAMO 3,C062,CORONA SUECA,0.2513511863347979,0.2513511863347979,0,93,92,1,neutral
eva_adaptive_open,14,EP-ALAMEDA-T3,ALAMEDA TRAMO 3,I03,CARRASCAL,0.24854515940907576,0.24854515940907576,0,94,93,1,neutral
eva_adaptive_open,14,EP-ALAMEDA-T3,ALAMEDA TRAMO 3,C054,VICTORIA,0.24708696376855838,0.24708696376855838,0,95,94,1,neutral
eva_adaptive_open,14,EP-ALAMEDA-T3,ALAMEDA TRAMO 3,C076,ISLA DECEPCION,0.24485989841133612,0.3008300476650675,0.055970149253731366,96,60,36,complementarity_signal
eva_adaptive_open,14,EP-ALAMEDA-T3,ALAMEDA TRAMO 3,C071,BARROS ARANA,0.2432718387690382,0.2432718387690382,0,97,95,2,neutral
eva_adaptive_open,14,EP-ALAMEDA-T3,ALAMEDA TRAMO 3,C082,CAUPOLICAN,0.24201028797730914,0.24201028797730914,0,98,96,2,neutral
eva_adaptive_open,14,EP-ALAMEDA-T3,ALAMEDA TRAMO 3,C080,PARAGUAY,0.2404621201898296,0.2404621201898296,0,99,97,2,neutral
eva_adaptive_open,14,EP-ALAMEDA-T3,ALAMEDA TRAMO 3,C087,SALVADOR GUTIERREZ,0.23167583897026392,0.23167583897026392,0,100,99,1,neutral
eva_adaptive_open,14,EP-ALAMEDA-T3,ALAMEDA TRAMO 3,C017,LA PARINACOTA,0.2279533954363316,0.2279533954363316,0,101,100,1,neutral
eva_adaptive_open,14,EP-ALAMEDA-T3,ALAMEDA TRAMO 3,C051,JOSE MIGUEL INFANTE - DOMINGO STA MARIA,0.22770327755636682,0.22770327755636682,0,102,101,1,neutral
eva_adaptive_open,14,EP-ALAMEDA-T3,ALAMEDA TRAMO 3,C008,EL CERRO,0.22664145134727998,0.22664145134727998,0,103,102,1,neutral
eva_adaptive_open,14,EP-ALAMEDA-T3,ALAMEDA TRAMO 3,C055,ARTURO PRAT,0.22432697243027433,0.22432697243027433,0,104,103,1,neutral
eva_adaptive_open,14,EP-ALAMEDA-T3,ALAMEDA TRAMO 3,C036,RIO REFUGIO - SALAR SURIRE,0.22368469062682966,0.22368469062682966,0,105,104,1,neutral
eva_adaptive_open,14,EP-ALAMEDA-T3,ALAMEDA TRAMO 3,C077,RICARDO VIAL,0.22334495183243977,0.22334495183243977,0,106,105,1,neutral
eva_adaptive_open,14,EP-ALAMEDA-T3,ALAMEDA TRAMO 3,C045,PORTO ALEGRE,0.2070448874311994,0.2070448874311994,0,107,106,1,neutral
eva_adaptive_open,14,EP-ALAMEDA-T3,ALAMEDA TRAMO 3,C018,LA PRIMAVERA,0.18729403797436894,0.18729403797436894,0,108,107,1,neutral
eva_adaptive_open,14,EP-ALAMEDA-T3,ALAMEDA TRAMO 3,C016,JUANITA,0.18668961975965365,0.18668961975965365,0,109,108,1,neutral
eva_adaptive_open,14,EP-ALAMEDA-T3,ALAMEDA TRAMO 3,C025,LOS DURAZNOS,0.17779517513220938,0.17779517513220938,0,110,109,1,neutral
eva_adaptive_open,14,EP-ALAMEDA-T3,ALAMEDA TRAMO 3,C073,LOS MORROS,0.16537203853610075,0.16537203853610075,0,111,110,1,neutral
eva_adaptive_open,15,I10,GRAN AVENIDA,I14,LO OVALLE,0.5150511974190207,0.36392289464962513,-0.1511283027693956,2,20,-18,substitution_signal
eva_adaptive_open,15,I10,GRAN AVENIDA,I27,SANTA CECILIA - NONATO COO,0.5089639398517234,0.5089639398517234,0,3,2,1,neutral
eva_adaptive_open,15,I10,GRAN AVENIDA,EP-I10,GRAN AVENIDA,0.505878621878078,0.46460786664517606,-0.04127075523290191,4,4,0,substitution_signal
eva_adaptive_open,15,I10,GRAN AVENIDA,EP-I34,VICUÑA MACKENNA,0.4789418889773093,0.4789418889773093,0,5,3,2,neutral
eva_adaptive_open,15,I10,GRAN AVENIDA,I25,SAN FRANCISCO,0.45955369811658653,0.4392701160270343,-0.02028358208955222,6,5,1,substitution_signal
eva_adaptive_open,15,I10,GRAN AVENIDA,I29,SANTA ROSA,0.4572325223269845,0.3900683432225069,-0.06716417910447764,7,15,-8,substitution_signal
eva_adaptive_open,15,I10,GRAN AVENIDA,I01,BARÓN DE JURAS REALES,0.455462944115133,0.5116121978464763,0.056149253731343274,8,1,7,complementarity_signal
eva_adaptive_open,15,I10,GRAN AVENIDA,I09,GENERAL VELASQUEZ,0.4341813116960046,0.4341813116960046,0,9,6,3,neutral
eva_adaptive_open,15,I10,GRAN AVENIDA,EP-I33,LA CHIMBA,0.4333992278113977,0.4333992278113977,0,10,7,3,neutral
eva_adaptive_open,15,I10,GRAN AVENIDA,I06,DIAGONAL ORIENTE,0.42523130013634874,0.42523130013634874,0,11,8,3,neutral
eva_adaptive_open,15,I10,GRAN AVENIDA,I13,LO ESPEJO-RIQUELME,0.42403530621324415,0.3962497602088669,-0.02778554600437727,12,13,-1,substitution_signal
eva_adaptive_open,15,I10,GRAN AVENIDA,C011,EYZAGUIRRE,0.4206647047500463,0.4206647047500463,0,13,9,4,neutral
eva_adaptive_open,15,I10,GRAN AVENIDA,I15,MARTINEZ DE ROZAS,0.4148837713854609,0.4148837713854609,0,14,10,4,neutral
eva_adaptive_open,15,I10,GRAN AVENIDA,C086,LA ESTRELLA,0.4114187595006645,0.4114187595006645,0,15,11,4,neutral
eva_adaptive_open,15,I10,GRAN AVENIDA,C081,SAN GREGORIO - DIEGO MEZA,0.4067950237445105,0.33963084464003285,-0.06716417910447764,16,32,-16,substitution_signal
eva_adaptive_open,15,I10,GRAN AVENIDA,C061,EL PINAR,0.39864505397931,0.3314808748748323,-0.0671641791044777,17,36,-19,substitution_signal
eva_adaptive_open,15,I10,GRAN AVENIDA,I24,RADAL,0.3941541431777698,0.3941541431777698,0,18,14,4,neutral
eva_adaptive_open,15,I10,GRAN AVENIDA,C070,MENDOZA (EX-CORONEL ROBLES),0.3888760372762755,0.3888760372762755,0,19,16,3,neutral
eva_adaptive_open,15,I10,GRAN AVENIDA,C060,ROJAS MAGALLANES,0.377217962582887,0.377217962582887,0,20,17,3,neutral
eva_adaptive_open,15,I10,GRAN AVENIDA,C053,CONDELL,0.37348406945335577,0.37348406945335577,0,21,18,3,neutral
eva_adaptive_open,15,I10,GRAN AVENIDA,I17,MATUCANA,0.3714683760149567,0.3714683760149567,0,22,19,3,neutral
eva_adaptive_open,15,I10,GRAN AVENIDA,I05,DIAGONAL JOSE MARIA CARO,0.3681726162595289,0.3990681386475886,0.030895522388059704,23,12,11,complementarity_signal
eva_adaptive_open,15,I10,GRAN AVENIDA,I08,GENERAL OSCAR BONILLA,0.3590822324238776,0.3590822324238776,0,24,22,2,neutral
eva_adaptive_open,15,I10,GRAN AVENIDA,C063,LONGITUDINAL,0.3582564854774885,0.3582564854774885,0,25,23,2,neutral
eva_adaptive_open,15,I10,GRAN AVENIDA,C056,TEMUCO - TORO MAZOTTE,0.35677635060669255,0.35677635060669255,0,26,24,2,neutral
eva_adaptive_open,15,I10,GRAN AVENIDA,C083,ORIENTAL-LAS PARCELAS,0.35656307219469546,0.35656307219469546,0,27,25,2,neutral
eva_adaptive_open,15,I10,GRAN AVENIDA,I02,CARLOS VALDOVINOS,0.35528620955926693,0.35528620955926693,0,28,26,2,neutral
eva_adaptive_open,15,I10,GRAN AVENIDA,C072,COVADONGA,0.35473282077591645,0.35473282077591645,0,29,27,2,neutral
eva_adaptive_open,15,I10,GRAN AVENIDA,C019,LAS HIJUELAS SUR - LIBERTADOR BERNARDO OHIGGINS,0.35074491316467155,0.35074491316467155,0,30,28,2,neutral
eva_adaptive_open,15,I10,GRAN AVENIDA,C035,PRODIVENCIA,0.34424095963098794,0.34424095963098794,0,31,29,2,neutral
eva_adaptive_open,15,I10,GRAN AVENIDA,C014,JOSE DOMINGO CAÑAS,0.344186224512373,0.344186224512373,0,32,30,2,neutral
eva_adaptive_open,15,I10,GRAN AVENIDA,C049,FEDERICO ERRÁZURIZ (EX SERRANO),0.34191679647195344,0.34191679647195344,0,33,31,2,neutral
eva_adaptive_open,15,I10,GRAN AVENIDA,C057,PADRE VICENTE IRARRAZABAL - MANUEL CHACON,0.33451933997214295,0.33451933997214295,0,34,33,1,neutral
eva_adaptive_open,15,I10,GRAN AVENIDA,C029,MARIA ELENA,0.33369142766625387,0.33369142766625387,0,35,34,1,neutral
eva_adaptive_open,15,I10,GRAN AVENIDA,C043,NEPTUNO,0.33367397332944054,0.33367397332944054,0,36,35,1,neutral
eva_adaptive_open,15,I10,GRAN AVENIDA,C001,SAN EUGENIO,0.3301050844306759,0.3301050844306759,0,37,37,0,neutral
eva_adaptive_open,15,I10,GRAN AVENIDA,C058,ANTONIO EBNER-BARROS ARANA,0.32780814449325085,0.32780814449325085,0,38,38,0,neutral
eva_adaptive_open,15,I10,GRAN AVENIDA,I07,EL GUANACO,0.32242652319202425,0.32242652319202425,0,39,40,-1,neutral
eva_adaptive_open,15,I10,GRAN AVENIDA,C032,OBISPO MANUEL UMAÑA,0.32156060149077254,0.32156060149077254,0,40,41,-1,neutral
eva_adaptive_open,15,I10,GRAN AVENIDA,C007,EDUARDO CASTILLO VELASCO,0.3209682481807713,0.3209682481807713,0,41,42,-1,neutral
eva_adaptive_open,15,I10,GRAN AVENIDA,I18,NUEVA IMPERIAL,0.31746948982985224,0.31746948982985224,0,42,43,-1,neutral
eva_adaptive_open,15,I10,GRAN AVENIDA,C024,LOS ARRAYANES - LOS COPIHUES,0.3164169532190636,0.3164169532190636,0,43,44,-1,neutral
eva_adaptive_open,15,I10,GRAN AVENIDA,C40,VICUÑA MACKENNA - SAN MARTIN,0.3163360869516046,0.3163360869516046,0,44,45,-1,neutral
eva_adaptive_open,15,I10,GRAN AVENIDA,C074,URETA COX,0.31449957814869145,0.31449957814869145,0,45,46,-1,neutral
eva_adaptive_open,15,I10,GRAN AVENIDA,C006,DOMINGO TOCORNAL,0.3107633231476695,0.3107633231476695,0,46,47,-1,neutral
eva_adaptive_open,15,I10,GRAN AVENIDA,C005,CORONEL ALEJANDRO SEPULVEDA,0.3106497256836105,0.3106497256836105,0,47,48,-1,neutral
eva_adaptive_open,15,I10,GRAN AVENIDA,C015,JOSE MANUEL GUZMAN,0.30947091182235803,0.30947091182235803,0,48,49,-1,neutral
eva_adaptive_open,15,I10,GRAN AVENIDA,C050,MAR DE DRAKE,0.30811479039196454,0.30811479039196454,0,49,50,-1,neutral
eva_adaptive_open,15,I10,GRAN AVENIDA,C023,AVENIDA DORSAL,0.3066800306129391,0.3066800306129391,0,50,51,-1,neutral
eva_adaptive_open,15,I10,GRAN AVENIDA,I32,EINSTEIN,0.3063172765506008,0.3063172765506008,0,51,52,-1,neutral
eva_adaptive_open,15,I10,GRAN AVENIDA,C088,ÑUBLE,0.30596663776619404,0.30596663776619404,0,52,53,-1,neutral
eva_adaptive_open,15,I10,GRAN AVENIDA,C020,LATINOAMERICA - PINTOR MURILLO - FRANCISCO TOLEDO,0.3053874986899725,0.3053874986899725,0,53,54,-1,neutral
eva_adaptive_open,15,I10,GRAN AVENIDA,C028,MADRID,0.3053850663175511,0.3053850663175511,0,54,55,-1,neutral
eva_adaptive_open,15,I10,GRAN AVENIDA,C034,PEDRO LEON UGALDE,0.30513444215224494,0.30513444215224494,0,55,56,-1,neutral
eva_adaptive_open,15,I10,GRAN AVENIDA,C012,GABRIELA ORIENTE,0.30503003121157846,0.30503003121157846,0,56,57,-1,neutral
eva_adaptive_open,15,I10,GRAN AVENIDA,C037,SAN ALFONSO,0.3032697592490899,0.3032697592490899,0,57,58,-1,neutral
eva_adaptive_open,15,I10,GRAN AVENIDA,C030,MAULE,0.30294715823212187,0.30294715823212187,0,58,59,-1,neutral
eva_adaptive_open,15,I10,GRAN AVENIDA,C042,PRINCIPE DE GALES,0.3015275299366899,0.3015275299366899,0,59,60,-1,neutral
eva_adaptive_open,15,I10,GRAN AVENIDA,C076,ISLA DECEPCION,0.3008300476650675,0.3008300476650675,0,60,61,-1,neutral
eva_adaptive_open,15,I10,GRAN AVENIDA,C003,CONCHA Y TORO,0.29879828061632957,0.29879828061632957,0,61,62,-1,neutral
eva_adaptive_open,15,I10,GRAN AVENIDA,C039,TUPUNGATO,0.2972177850899593,0.2972177850899593,0,62,63,-1,neutral
eva_adaptive_open,15,I10,GRAN AVENIDA,C064,SILVA CARVALLO - SANTA ELENA,0.29671303455212084,0.29671303455212084,0,63,64,-1,neutral
eva_adaptive_open,15,I10,GRAN AVENIDA,C026,LOS MAITENES,0.29619911153987877,0.29619911153987877,0,64,65,-1,neutral
eva_adaptive_open,15,I10,GRAN AVENIDA,C038,TALCAHUANO - SANTA INES - LOS EDILES,0.29573880114313694,0.29573880114313694,0,65,66,-1,neutral
eva_adaptive_open,15,I10,GRAN AVENIDA,C031,NECOCHEA,0.2942204983522875,0.2942204983522875,0,66,67,-1,neutral
eva_adaptive_open,15,I10,GRAN AVENIDA,C065,NUEVA SAN MARTIN,0.29384044783423063,0.29384044783423063,0,67,68,-1,neutral
eva_adaptive_open,15,I10,GRAN AVENIDA,C079,LAS AMERICAS,0.2935581354089318,0.2935581354089318,0,68,69,-1,neutral
eva_adaptive_open,15,I10,GRAN AVENIDA,C044,LOS CERRILLOS,0.2931210475714493,0.2931210475714493,0,69,70,-1,neutral
eva_adaptive_open,15,I10,GRAN AVENIDA,C013,HEROES DE LA CONCEPCION,0.29161502323158384,0.29161502323158384,0,70,71,-1,neutral
eva_adaptive_open,15,I10,GRAN AVENIDA,C004,CONSISTORIAL,0.29093172378697835,0.29093172378697835,0,71,72,-1,neutral
eva_adaptive_open,15,I10,GRAN AVENIDA,C027,LOS PRESIDENTES,0.2903073892430075,0.2903073892430075,0,72,73,-1,neutral
eva_adaptive_open,15,I10,GRAN AVENIDA,C090,SANTO DOMINGO,0.2900617837756913,0.2900617837756913,0,73,74,-1,neutral
eva_adaptive_open,15,I10,GRAN AVENIDA,I23,PETERSEN - VICUÑA MACKENNA,0.28720997267232284,0.28720997267232284,0,74,75,-1,neutral
eva_adaptive_open,15,I10,GRAN AVENIDA,C022,LLANURA  - EL DESIERTO,0.2832694397879176,0.2832694397879176,0,75,76,-1,neutral
eva_adaptive_open,15,I10,GRAN AVENIDA,C021,LAUTARO,0.28261575863884686,0.28261575863884686,0,76,77,-1,neutral
eva_adaptive_open,15,I10,GRAN AVENIDA,C046,EUCALIPTOS,0.28018177357498764,0.28018177357498764,0,77,78,-1,neutral
eva_adaptive_open,15,I10,GRAN AVENIDA,I31,FERNANDEZ ALBANO,0.27793271006427517,0.3607126285891027,0.08277991852482752,78,21,57,complementarity_signal
eva_adaptive_open,15,I10,GRAN AVENIDA,I28,SANTA RAQUEL,0.2776962274862046,0.2776962274862046,0,79,79,0,neutral
eva_adaptive_open,15,I10,GRAN AVENIDA,C052,BAQUEDANO - POSTALES ORIENTE,0.2725119994529144,0.2725119994529144,0,80,80,0,neutral
eva_adaptive_open,15,I10,GRAN AVENIDA,C084,EL PINO - UNO SUR,0.2678543768205769,0.3238245260743082,0.05597014925373134,81,39,42,complementarity_signal
eva_adaptive_open,15,I10,GRAN AVENIDA,C047,VIOLETA PARRA,0.2648001936107111,0.2648001936107111,0,82,81,1,neutral
eva_adaptive_open,15,I10,GRAN AVENIDA,C078,WALDO TAFF,0.2640982140605202,0.2640982140605202,0,83,82,1,neutral
eva_adaptive_open,15,I10,GRAN AVENIDA,C089,J J PEREZ,0.2638601848792436,0.2638601848792436,0,84,83,1,neutral
eva_adaptive_open,15,I10,GRAN AVENIDA,C010,ESQ BLANCA - ALBERTO LLONA,0.26262962253258254,0.26262962253258254,0,85,84,1,neutral
eva_adaptive_open,15,I10,GRAN AVENIDA,C069,LOS OLMOS,0.2594151168255869,0.2594151168255869,0,86,85,1,neutral
eva_adaptive_open,15,I10,GRAN AVENIDA,C009,EL ROSAL - SANTA ELENA,0.258292338870139,0.258292338870139,0,87,86,1,neutral
eva_adaptive_open,15,I10,GRAN AVENIDA,C085,LOS LIBERTADORES,0.2571113931787424,0.2571113931787424,0,88,87,1,neutral
eva_adaptive_open,15,I10,GRAN AVENIDA,C002,CAPITAN IGNACIO CARRERA PINTO,0.2546555618818747,0.2546555618818747,0,89,88,1,neutral
eva_adaptive_open,15,I10,GRAN AVENIDA,C048,GENERAL ARRIAGADA,0.2517348978903142,0.2517348978903142,0,90,89,1,neutral
eva_adaptive_open,15,I10,GRAN AVENIDA,C033,OBSERVATORIO,0.25172362934577086,0.25172362934577086,0,91,90,1,neutral
eva_adaptive_open,15,I10,GRAN AVENIDA,C062,CORONA SUECA,0.2513511863347979,0.2513511863347979,0,92,91,1,neutral
eva_adaptive_open,15,I10,GRAN AVENIDA,I03,CARRASCAL,0.24854515940907576,0.24854515940907576,0,93,92,1,neutral
eva_adaptive_open,15,I10,GRAN AVENIDA,C054,VICTORIA,0.24708696376855838,0.24708696376855838,0,94,93,1,neutral
eva_adaptive_open,15,I10,GRAN AVENIDA,C071,BARROS ARANA,0.2432718387690382,0.2432718387690382,0,95,94,1,neutral
eva_adaptive_open,15,I10,GRAN AVENIDA,C082,CAUPOLICAN,0.24201028797730914,0.24201028797730914,0,96,95,1,neutral
eva_adaptive_open,15,I10,GRAN AVENIDA,C080,PARAGUAY,0.2404621201898296,0.2404621201898296,0,97,96,1,neutral
eva_adaptive_open,15,I10,GRAN AVENIDA,C041,VISTA HERMOSA,0.23729046079619398,0.23729046079619398,0,98,97,1,neutral
eva_adaptive_open,15,I10,GRAN AVENIDA,C087,SALVADOR GUTIERREZ,0.23167583897026392,0.23167583897026392,0,99,98,1,neutral
eva_adaptive_open,15,I10,GRAN AVENIDA,C017,LA PARINACOTA,0.2279533954363316,0.2279533954363316,0,100,99,1,neutral
eva_adaptive_open,15,I10,GRAN AVENIDA,C051,JOSE MIGUEL INFANTE - DOMINGO STA MARIA,0.22770327755636682,0.22770327755636682,0,101,100,1,neutral
eva_adaptive_open,15,I10,GRAN AVENIDA,C008,EL CERRO,0.22664145134727998,0.22664145134727998,0,102,101,1,neutral
eva_adaptive_open,15,I10,GRAN AVENIDA,C055,ARTURO PRAT,0.22432697243027433,0.22432697243027433,0,103,102,1,neutral
eva_adaptive_open,15,I10,GRAN AVENIDA,C036,RIO REFUGIO - SALAR SURIRE,0.22368469062682966,0.22368469062682966,0,104,103,1,neutral
eva_adaptive_open,15,I10,GRAN AVENIDA,C077,RICARDO VIAL,0.22334495183243977,0.22334495183243977,0,105,104,1,neutral
eva_adaptive_open,15,I10,GRAN AVENIDA,C045,PORTO ALEGRE,0.2070448874311994,0.2070448874311994,0,106,105,1,neutral
eva_adaptive_open,15,I10,GRAN AVENIDA,C018,LA PRIMAVERA,0.18729403797436894,0.18729403797436894,0,107,106,1,neutral
eva_adaptive_open,15,I10,GRAN AVENIDA,C016,JUANITA,0.18668961975965365,0.18668961975965365,0,108,107,1,neutral
eva_adaptive_open,15,I10,GRAN AVENIDA,C025,LOS DURAZNOS,0.17779517513220938,0.17779517513220938,0,109,108,1,neutral
eva_adaptive_open,15,I10,GRAN AVENIDA,C073,LOS MORROS,0.16537203853610075,0.16537203853610075,0,110,109,1,neutral
eva_adaptive_open,16,I01,BARÓN DE JURAS REALES,I27,SANTA CECILIA - NONATO COO,0.5089639398517234,0.5089639398517234,0,2,1,1,neutral
eva_adaptive_open,16,I01,BARÓN DE JURAS REALES,EP-I34,VICUÑA MACKENNA,0.4789418889773093,0.4789418889773093,0,3,2,1,neutral
eva_adaptive_open,16,I01,BARÓN DE JURAS REALES,EP-I10,GRAN AVENIDA,0.46460786664517606,0.46460786664517606,0,4,3,1,neutral
eva_adaptive_open,16,I01,BARÓN DE JURAS REALES,I25,SAN FRANCISCO,0.4392701160270343,0.4392701160270343,0,5,4,1,neutral
eva_adaptive_open,16,I01,BARÓN DE JURAS REALES,I09,GENERAL VELASQUEZ,0.4341813116960046,0.4341813116960046,0,6,5,1,neutral
eva_adaptive_open,16,I01,BARÓN DE JURAS REALES,EP-I33,LA CHIMBA,0.4333992278113977,0.4333992278113977,0,7,6,1,neutral
eva_adaptive_open,16,I01,BARÓN DE JURAS REALES,I06,DIAGONAL ORIENTE,0.42523130013634874,0.4196342852109756,-0.005597014925373123,8,8,0,substitution_signal
eva_adaptive_open,16,I01,BARÓN DE JURAS REALES,C011,EYZAGUIRRE,0.4206647047500463,0.4206647047500463,0,9,7,2,neutral
eva_adaptive_open,16,I01,BARÓN DE JURAS REALES,I15,MARTINEZ DE ROZAS,0.4148837713854609,0.4148837713854609,0,10,9,1,neutral
eva_adaptive_open,16,I01,BARÓN DE JURAS REALES,C086,LA ESTRELLA,0.4114187595006645,0.40582174457529135,-0.005597014925373123,11,10,1,substitution_signal
eva_adaptive_open,16,I01,BARÓN DE JURAS REALES,I05,DIAGONAL JOSE MARIA CARO,0.3990681386475886,0.37629945365668416,-0.022768684990904453,12,16,-4,substitution_signal
eva_adaptive_open,16,I01,BARÓN DE JURAS REALES,I13,LO ESPEJO-RIQUELME,0.3962497602088669,0.3962497602088669,0,13,11,2,neutral
eva_adaptive_open,16,I01,BARÓN DE JURAS REALES,I24,RADAL,0.3941541431777698,0.3941541431777698,0,14,12,2,neutral
eva_adaptive_open,16,I01,BARÓN DE JURAS REALES,I29,SANTA ROSA,0.3900683432225069,0.3900683432225069,0,15,13,2,neutral
eva_adaptive_open,16,I01,BARÓN DE JURAS REALES,C070,MENDOZA (EX-CORONEL ROBLES),0.3888760372762755,0.3888760372762755,0,16,14,2,neutral
eva_adaptive_open,16,I01,BARÓN DE JURAS REALES,C060,ROJAS MAGALLANES,0.377217962582887,0.377217962582887,0,17,15,2,neutral
eva_adaptive_open,16,I01,BARÓN DE JURAS REALES,C053,CONDELL,0.37348406945335577,0.37348406945335577,0,18,18,0,neutral
eva_adaptive_open,16,I01,BARÓN DE JURAS REALES,I17,MATUCANA,0.3714683760149567,0.3714683760149567,0,19,19,0,neutral
eva_adaptive_open,16,I01,BARÓN DE JURAS REALES,I14,LO OVALLE,0.36392289464962513,0.358325879724252,-0.005597014925373123,20,21,-1,substitution_signal
eva_adaptive_open,16,I01,BARÓN DE JURAS REALES,I31,FERNANDEZ ALBANO,0.3607126285891027,0.3607126285891027,0,21,20,1,neutral
eva_adaptive_open,16,I01,BARÓN DE JURAS REALES,I08,GENERAL OSCAR BONILLA,0.3590822324238776,0.3534852174985045,-0.005597014925373123,22,26,-4,substitution_signal
eva_adaptive_open,16,I01,BARÓN DE JURAS REALES,C063,LONGITUDINAL,0.3582564854774885,0.3582564854774885,0,23,22,1,neutral
eva_adaptive_open,16,I01,BARÓN DE JURAS REALES,C056,TEMUCO - TORO MAZOTTE,0.35677635060669255,0.35677635060669255,0,24,23,1,neutral
eva_adaptive_open,16,I01,BARÓN DE JURAS REALES,C083,ORIENTAL-LAS PARCELAS,0.35656307219469546,0.35096605726932234,-0.005597014925373123,25,27,-2,substitution_signal
eva_adaptive_open,16,I01,BARÓN DE JURAS REALES,I02,CARLOS VALDOVINOS,0.35528620955926693,0.35528620955926693,0,26,24,2,neutral
eva_adaptive_open,16,I01,BARÓN DE JURAS REALES,C072,COVADONGA,0.35473282077591645,0.35473282077591645,0,27,25,2,neutral
eva_adaptive_open,16,I01,BARÓN DE JURAS REALES,C019,LAS HIJUELAS SUR - LIBERTADOR BERNARDO OHIGGINS,0.35074491316467155,0.35074491316467155,0,28,28,0,neutral
eva_adaptive_open,16,I01,BARÓN DE JURAS REALES,C035,PRODIVENCIA,0.34424095963098794,0.34424095963098794,0,29,29,0,neutral
eva_adaptive_open,16,I01,BARÓN DE JURAS REALES,C014,JOSE DOMINGO CAÑAS,0.344186224512373,0.344186224512373,0,30,30,0,neutral
eva_adaptive_open,16,I01,BARÓN DE JURAS REALES,C049,FEDERICO ERRÁZURIZ (EX SERRANO),0.34191679647195344,0.34191679647195344,0,31,31,0,neutral
eva_adaptive_open,16,I01,BARÓN DE JURAS REALES,C081,SAN GREGORIO - DIEGO MEZA,0.33963084464003285,0.33963084464003285,0,32,32,0,neutral
eva_adaptive_open,16,I01,BARÓN DE JURAS REALES,C057,PADRE VICENTE IRARRAZABAL - MANUEL CHACON,0.33451933997214295,0.33451933997214295,0,33,33,0,neutral
eva_adaptive_open,16,I01,BARÓN DE JURAS REALES,C029,MARIA ELENA,0.33369142766625387,0.33369142766625387,0,34,34,0,neutral
eva_adaptive_open,16,I01,BARÓN DE JURAS REALES,C043,NEPTUNO,0.33367397332944054,0.33367397332944054,0,35,35,0,neutral
eva_adaptive_open,16,I01,BARÓN DE JURAS REALES,C061,EL PINAR,0.3314808748748323,0.3314808748748323,0,36,36,0,neutral
eva_adaptive_open,16,I01,BARÓN DE JURAS REALES,C001,SAN EUGENIO,0.3301050844306759,0.3301050844306759,0,37,37,0,neutral
eva_adaptive_open,16,I01,BARÓN DE JURAS REALES,C058,ANTONIO EBNER-BARROS ARANA,0.32780814449325085,0.32780814449325085,0,38,38,0,neutral
eva_adaptive_open,16,I01,BARÓN DE JURAS REALES,C084,EL PINO - UNO SUR,0.3238245260743082,0.31822751114893505,-0.005597014925373178,39,42,-3,substitution_signal
eva_adaptive_open,16,I01,BARÓN DE JURAS REALES,I07,EL GUANACO,0.32242652319202425,0.3235831019219907,0.0011565787299664398,40,39,1,complementarity_signal
eva_adaptive_open,16,I01,BARÓN DE JURAS REALES,C032,OBISPO MANUEL UMAÑA,0.32156060149077254,0.32156060149077254,0,41,40,1,neutral
eva_adaptive_open,16,I01,BARÓN DE JURAS REALES,C007,EDUARDO CASTILLO VELASCO,0.3209682481807713,0.3209682481807713,0,42,41,1,neutral
eva_adaptive_open,16,I01,BARÓN DE JURAS REALES,I18,NUEVA IMPERIAL,0.31746948982985224,0.31746948982985224,0,43,43,0,neutral
eva_adaptive_open,16,I01,BARÓN DE JURAS REALES,C024,LOS ARRAYANES - LOS COPIHUES,0.3164169532190636,0.3164169532190636,0,44,44,0,neutral
eva_adaptive_open,16,I01,BARÓN DE JURAS REALES,C40,VICUÑA MACKENNA - SAN MARTIN,0.3163360869516046,0.3163360869516046,0,45,45,0,neutral
eva_adaptive_open,16,I01,BARÓN DE JURAS REALES,C074,URETA COX,0.31449957814869145,0.31449957814869145,0,46,46,0,neutral
eva_adaptive_open,16,I01,BARÓN DE JURAS REALES,C006,DOMINGO TOCORNAL,0.3107633231476695,0.3107633231476695,0,47,47,0,neutral
eva_adaptive_open,16,I01,BARÓN DE JURAS REALES,C005,CORONEL ALEJANDRO SEPULVEDA,0.3106497256836105,0.3106497256836105,0,48,48,0,neutral
eva_adaptive_open,16,I01,BARÓN DE JURAS REALES,C015,JOSE MANUEL GUZMAN,0.30947091182235803,0.3038738968969849,-0.005597014925373123,49,55,-6,substitution_signal
eva_adaptive_open,16,I01,BARÓN DE JURAS REALES,C050,MAR DE DRAKE,0.30811479039196454,0.30811479039196454,0,50,49,1,neutral
eva_adaptive_open,16,I01,BARÓN DE JURAS REALES,C023,AVENIDA DORSAL,0.3066800306129391,0.3066800306129391,0,51,50,1,neutral
eva_adaptive_open,16,I01,BARÓN DE JURAS REALES,I32,EINSTEIN,0.3063172765506008,0.3746380343850449,0.06832075783444408,52,17,35,complementarity_signal
eva_adaptive_open,16,I01,BARÓN DE JURAS REALES,C088,ÑUBLE,0.30596663776619404,0.30596663776619404,0,53,51,2,neutral
eva_adaptive_open,16,I01,BARÓN DE JURAS REALES,C020,LATINOAMERICA - PINTOR MURILLO - FRANCISCO TOLEDO,0.3053874986899725,0.3053874986899725,0,54,52,2,neutral
eva_adaptive_open,16,I01,BARÓN DE JURAS REALES,C028,MADRID,0.3053850663175511,0.3053850663175511,0,55,53,2,neutral
eva_adaptive_open,16,I01,BARÓN DE JURAS REALES,C034,PEDRO LEON UGALDE,0.30513444215224494,0.30513444215224494,0,56,54,2,neutral
eva_adaptive_open,16,I01,BARÓN DE JURAS REALES,C012,GABRIELA ORIENTE,0.30503003121157846,0.29943301628620533,-0.005597014925373123,57,60,-3,substitution_signal
eva_adaptive_open,16,I01,BARÓN DE JURAS REALES,C037,SAN ALFONSO,0.3032697592490899,0.3032697592490899,0,58,56,2,neutral
eva_adaptive_open,16,I01,BARÓN DE JURAS REALES,C030,MAULE,0.30294715823212187,0.30294715823212187,0,59,57,2,neutral
eva_adaptive_open,16,I01,BARÓN DE JURAS REALES,C042,PRINCIPE DE GALES,0.3015275299366899,0.3015275299366899,0,60,58,2,neutral
eva_adaptive_open,16,I01,BARÓN DE JURAS REALES,C076,ISLA DECEPCION,0.3008300476650675,0.3008300476650675,0,61,59,2,neutral
eva_adaptive_open,16,I01,BARÓN DE JURAS REALES,C003,CONCHA Y TORO,0.29879828061632957,0.29879828061632957,0,62,61,1,neutral
eva_adaptive_open,16,I01,BARÓN DE JURAS REALES,C039,TUPUNGATO,0.2972177850899593,0.2972177850899593,0,63,62,1,neutral
eva_adaptive_open,16,I01,BARÓN DE JURAS REALES,C064,SILVA CARVALLO - SANTA ELENA,0.29671303455212084,0.29671303455212084,0,64,63,1,neutral
eva_adaptive_open,16,I01,BARÓN DE JURAS REALES,C026,LOS MAITENES,0.29619911153987877,0.29619911153987877,0,65,64,1,neutral
eva_adaptive_open,16,I01,BARÓN DE JURAS REALES,C038,TALCAHUANO - SANTA INES - LOS EDILES,0.29573880114313694,0.29573880114313694,0,66,65,1,neutral
eva_adaptive_open,16,I01,BARÓN DE JURAS REALES,C031,NECOCHEA,0.2942204983522875,0.2942204983522875,0,67,66,1,neutral
eva_adaptive_open,16,I01,BARÓN DE JURAS REALES,C065,NUEVA SAN MARTIN,0.29384044783423063,0.29384044783423063,0,68,67,1,neutral
eva_adaptive_open,16,I01,BARÓN DE JURAS REALES,C079,LAS AMERICAS,0.2935581354089318,0.2935581354089318,0,69,68,1,neutral
eva_adaptive_open,16,I01,BARÓN DE JURAS REALES,C044,LOS CERRILLOS,0.2931210475714493,0.2931210475714493,0,70,69,1,neutral
eva_adaptive_open,16,I01,BARÓN DE JURAS REALES,C013,HEROES DE LA CONCEPCION,0.29161502323158384,0.29161502323158384,0,71,70,1,neutral
eva_adaptive_open,16,I01,BARÓN DE JURAS REALES,C004,CONSISTORIAL,0.29093172378697835,0.29093172378697835,0,72,71,1,neutral
eva_adaptive_open,16,I01,BARÓN DE JURAS REALES,C027,LOS PRESIDENTES,0.2903073892430075,0.2903073892430075,0,73,72,1,neutral
eva_adaptive_open,16,I01,BARÓN DE JURAS REALES,C090,SANTO DOMINGO,0.2900617837756913,0.2900617837756913,0,74,73,1,neutral
eva_adaptive_open,16,I01,BARÓN DE JURAS REALES,I23,PETERSEN - VICUÑA MACKENNA,0.28720997267232284,0.28720997267232284,0,75,74,1,neutral
eva_adaptive_open,16,I01,BARÓN DE JURAS REALES,C022,LLANURA  - EL DESIERTO,0.2832694397879176,0.2832694397879176,0,76,75,1,neutral
eva_adaptive_open,16,I01,BARÓN DE JURAS REALES,C021,LAUTARO,0.28261575863884686,0.28261575863884686,0,77,76,1,neutral
eva_adaptive_open,16,I01,BARÓN DE JURAS REALES,C046,EUCALIPTOS,0.28018177357498764,0.28018177357498764,0,78,77,1,neutral
eva_adaptive_open,16,I01,BARÓN DE JURAS REALES,I28,SANTA RAQUEL,0.2776962274862046,0.2776962274862046,0,79,78,1,neutral
eva_adaptive_open,16,I01,BARÓN DE JURAS REALES,C052,BAQUEDANO - POSTALES ORIENTE,0.2725119994529144,0.2725119994529144,0,80,79,1,neutral
eva_adaptive_open,16,I01,BARÓN DE JURAS REALES,C047,VIOLETA PARRA,0.2648001936107111,0.2648001936107111,0,81,80,1,neutral
eva_adaptive_open,16,I01,BARÓN DE JURAS REALES,C078,WALDO TAFF,0.2640982140605202,0.2640982140605202,0,82,81,1,neutral
eva_adaptive_open,16,I01,BARÓN DE JURAS REALES,C089,J J PEREZ,0.2638601848792436,0.2638601848792436,0,83,82,1,neutral
eva_adaptive_open,16,I01,BARÓN DE JURAS REALES,C010,ESQ BLANCA - ALBERTO LLONA,0.26262962253258254,0.26262962253258254,0,84,83,1,neutral
eva_adaptive_open,16,I01,BARÓN DE JURAS REALES,C069,LOS OLMOS,0.2594151168255869,0.2594151168255869,0,85,84,1,neutral
eva_adaptive_open,16,I01,BARÓN DE JURAS REALES,C009,EL ROSAL - SANTA ELENA,0.258292338870139,0.258292338870139,0,86,85,1,neutral
eva_adaptive_open,16,I01,BARÓN DE JURAS REALES,C085,LOS LIBERTADORES,0.2571113931787424,0.25151437825336925,-0.005597014925373123,87,89,-2,substitution_signal
eva_adaptive_open,16,I01,BARÓN DE JURAS REALES,C002,CAPITAN IGNACIO CARRERA PINTO,0.2546555618818747,0.2546555618818747,0,88,86,2,neutral
eva_adaptive_open,16,I01,BARÓN DE JURAS REALES,C048,GENERAL ARRIAGADA,0.2517348978903142,0.2517348978903142,0,89,87,2,neutral
eva_adaptive_open,16,I01,BARÓN DE JURAS REALES,C033,OBSERVATORIO,0.25172362934577086,0.25172362934577086,0,90,88,2,neutral
eva_adaptive_open,16,I01,BARÓN DE JURAS REALES,C062,CORONA SUECA,0.2513511863347979,0.2513511863347979,0,91,90,1,neutral
eva_adaptive_open,16,I01,BARÓN DE JURAS REALES,I03,CARRASCAL,0.24854515940907576,0.24854515940907576,0,92,91,1,neutral
eva_adaptive_open,16,I01,BARÓN DE JURAS REALES,C054,VICTORIA,0.24708696376855838,0.24708696376855838,0,93,92,1,neutral
eva_adaptive_open,16,I01,BARÓN DE JURAS REALES,C071,BARROS ARANA,0.2432718387690382,0.2432718387690382,0,94,93,1,neutral
eva_adaptive_open,16,I01,BARÓN DE JURAS REALES,C082,CAUPOLICAN,0.24201028797730914,0.24201028797730914,0,95,94,1,neutral
eva_adaptive_open,16,I01,BARÓN DE JURAS REALES,C080,PARAGUAY,0.2404621201898296,0.2404621201898296,0,96,95,1,neutral
eva_adaptive_open,16,I01,BARÓN DE JURAS REALES,C041,VISTA HERMOSA,0.23729046079619398,0.23729046079619398,0,97,96,1,neutral
eva_adaptive_open,16,I01,BARÓN DE JURAS REALES,C087,SALVADOR GUTIERREZ,0.23167583897026392,0.23167583897026392,0,98,97,1,neutral
eva_adaptive_open,16,I01,BARÓN DE JURAS REALES,C017,LA PARINACOTA,0.2279533954363316,0.2279533954363316,0,99,98,1,neutral
eva_adaptive_open,16,I01,BARÓN DE JURAS REALES,C051,JOSE MIGUEL INFANTE - DOMINGO STA MARIA,0.22770327755636682,0.22770327755636682,0,100,99,1,neutral
eva_adaptive_open,16,I01,BARÓN DE JURAS REALES,C008,EL CERRO,0.22664145134727998,0.22664145134727998,0,101,100,1,neutral
eva_adaptive_open,16,I01,BARÓN DE JURAS REALES,C055,ARTURO PRAT,0.22432697243027433,0.22432697243027433,0,102,101,1,neutral
eva_adaptive_open,16,I01,BARÓN DE JURAS REALES,C036,RIO REFUGIO - SALAR SURIRE,0.22368469062682966,0.22368469062682966,0,103,102,1,neutral
eva_adaptive_open,16,I01,BARÓN DE JURAS REALES,C077,RICARDO VIAL,0.22334495183243977,0.22334495183243977,0,104,103,1,neutral
eva_adaptive_open,16,I01,BARÓN DE JURAS REALES,C045,PORTO ALEGRE,0.2070448874311994,0.2070448874311994,0,105,104,1,neutral
eva_adaptive_open,16,I01,BARÓN DE JURAS REALES,C018,LA PRIMAVERA,0.18729403797436894,0.18729403797436894,0,106,105,1,neutral
eva_adaptive_open,16,I01,BARÓN DE JURAS REALES,C016,JUANITA,0.18668961975965365,0.18668961975965365,0,107,106,1,neutral
eva_adaptive_open,16,I01,BARÓN DE JURAS REALES,C025,LOS DURAZNOS,0.17779517513220938,0.17779517513220938,0,108,107,1,neutral
eva_adaptive_open,16,I01,BARÓN DE JURAS REALES,C073,LOS MORROS,0.16537203853610075,0.16537203853610075,0,109,108,1,neutral
eva_adaptive_open,17,I27,SANTA CECILIA - NONATO COO,EP-I34,VICUÑA MACKENNA,0.4789418889773093,0.4789418889773093,0,2,1,1,neutral
eva_adaptive_open,17,I27,SANTA CECILIA - NONATO COO,EP-I10,GRAN AVENIDA,0.46460786664517606,0.46460786664517606,0,3,2,1,neutral
eva_adaptive_open,17,I27,SANTA CECILIA - NONATO COO,I25,SAN FRANCISCO,0.4392701160270343,0.4392701160270343,0,4,3,1,neutral
eva_adaptive_open,17,I27,SANTA CECILIA - NONATO COO,I09,GENERAL VELASQUEZ,0.4341813116960046,0.4341813116960046,0,5,4,1,neutral
eva_adaptive_open,17,I27,SANTA CECILIA - NONATO COO,EP-I33,LA CHIMBA,0.4333992278113977,0.4333992278113977,0,6,5,1,neutral
eva_adaptive_open,17,I27,SANTA CECILIA - NONATO COO,C011,EYZAGUIRRE,0.4206647047500463,0.4206647047500463,0,7,6,1,neutral
eva_adaptive_open,17,I27,SANTA CECILIA - NONATO COO,I06,DIAGONAL ORIENTE,0.4196342852109756,0.4196342852109756,0,8,7,1,neutral
eva_adaptive_open,17,I27,SANTA CECILIA - NONATO COO,I15,MARTINEZ DE ROZAS,0.4148837713854609,0.4148837713854609,0,9,8,1,neutral
eva_adaptive_open,17,I27,SANTA CECILIA - NONATO COO,C086,LA ESTRELLA,0.40582174457529135,0.40582174457529135,0,10,9,1,neutral
eva_adaptive_open,17,I27,SANTA CECILIA - NONATO COO,I13,LO ESPEJO-RIQUELME,0.3962497602088669,0.3962497602088669,0,11,10,1,neutral
eva_adaptive_open,17,I27,SANTA CECILIA - NONATO COO,I24,RADAL,0.3941541431777698,0.3941541431777698,0,12,11,1,neutral
eva_adaptive_open,17,I27,SANTA CECILIA - NONATO COO,I29,SANTA ROSA,0.3900683432225069,0.3900683432225069,0,13,12,1,neutral
eva_adaptive_open,17,I27,SANTA CECILIA - NONATO COO,C070,MENDOZA (EX-CORONEL ROBLES),0.3888760372762755,0.3888760372762755,0,14,13,1,neutral
eva_adaptive_open,17,I27,SANTA CECILIA - NONATO COO,C060,ROJAS MAGALLANES,0.377217962582887,0.377217962582887,0,15,14,1,neutral
eva_adaptive_open,17,I27,SANTA CECILIA - NONATO COO,I05,DIAGONAL JOSE MARIA CARO,0.37629945365668416,0.37629945365668416,0,16,15,1,neutral
eva_adaptive_open,17,I27,SANTA CECILIA - NONATO COO,I32,EINSTEIN,0.3746380343850449,0.3746380343850449,0,17,16,1,neutral
eva_adaptive_open,17,I27,SANTA CECILIA - NONATO COO,C053,CONDELL,0.37348406945335577,0.37348406945335577,0,18,17,1,neutral
eva_adaptive_open,17,I27,SANTA CECILIA - NONATO COO,I17,MATUCANA,0.3714683760149567,0.3714683760149567,0,19,18,1,neutral
eva_adaptive_open,17,I27,SANTA CECILIA - NONATO COO,I31,FERNANDEZ ALBANO,0.3607126285891027,0.3607126285891027,0,20,20,0,neutral
eva_adaptive_open,17,I27,SANTA CECILIA - NONATO COO,I14,LO OVALLE,0.358325879724252,0.358325879724252,0,21,21,0,neutral
eva_adaptive_open,17,I27,SANTA CECILIA - NONATO COO,C063,LONGITUDINAL,0.3582564854774885,0.3582564854774885,0,22,22,0,neutral
eva_adaptive_open,17,I27,SANTA CECILIA - NONATO COO,C056,TEMUCO - TORO MAZOTTE,0.35677635060669255,0.35677635060669255,0,23,23,0,neutral
eva_adaptive_open,17,I27,SANTA CECILIA - NONATO COO,I02,CARLOS VALDOVINOS,0.35528620955926693,0.35528620955926693,0,24,24,0,neutral
eva_adaptive_open,17,I27,SANTA CECILIA - NONATO COO,C072,COVADONGA,0.35473282077591645,0.35473282077591645,0,25,25,0,neutral
eva_adaptive_open,17,I27,SANTA CECILIA - NONATO COO,I08,GENERAL OSCAR BONILLA,0.3534852174985045,0.3534852174985045,0,26,26,0,neutral
eva_adaptive_open,17,I27,SANTA CECILIA - NONATO COO,C083,ORIENTAL-LAS PARCELAS,0.35096605726932234,0.35096605726932234,0,27,27,0,neutral
eva_adaptive_open,17,I27,SANTA CECILIA - NONATO COO,C019,LAS HIJUELAS SUR - LIBERTADOR BERNARDO OHIGGINS,0.35074491316467155,0.35074491316467155,0,28,28,0,neutral
eva_adaptive_open,17,I27,SANTA CECILIA - NONATO COO,C035,PRODIVENCIA,0.34424095963098794,0.34424095963098794,0,29,29,0,neutral
eva_adaptive_open,17,I27,SANTA CECILIA - NONATO COO,C014,JOSE DOMINGO CAÑAS,0.344186224512373,0.344186224512373,0,30,30,0,neutral
eva_adaptive_open,17,I27,SANTA CECILIA - NONATO COO,C049,FEDERICO ERRÁZURIZ (EX SERRANO),0.34191679647195344,0.34191679647195344,0,31,31,0,neutral
eva_adaptive_open,17,I27,SANTA CECILIA - NONATO COO,C081,SAN GREGORIO - DIEGO MEZA,0.33963084464003285,0.33963084464003285,0,32,32,0,neutral
eva_adaptive_open,17,I27,SANTA CECILIA - NONATO COO,C057,PADRE VICENTE IRARRAZABAL - MANUEL CHACON,0.33451933997214295,0.33451933997214295,0,33,33,0,neutral
eva_adaptive_open,17,I27,SANTA CECILIA - NONATO COO,C029,MARIA ELENA,0.33369142766625387,0.33369142766625387,0,34,34,0,neutral
eva_adaptive_open,17,I27,SANTA CECILIA - NONATO COO,C043,NEPTUNO,0.33367397332944054,0.33367397332944054,0,35,35,0,neutral
eva_adaptive_open,17,I27,SANTA CECILIA - NONATO COO,C061,EL PINAR,0.3314808748748323,0.3314808748748323,0,36,36,0,neutral
eva_adaptive_open,17,I27,SANTA CECILIA - NONATO COO,C001,SAN EUGENIO,0.3301050844306759,0.3301050844306759,0,37,37,0,neutral
eva_adaptive_open,17,I27,SANTA CECILIA - NONATO COO,C058,ANTONIO EBNER-BARROS ARANA,0.32780814449325085,0.32780814449325085,0,38,38,0,neutral
eva_adaptive_open,17,I27,SANTA CECILIA - NONATO COO,I07,EL GUANACO,0.3235831019219907,0.3235831019219907,0,39,39,0,neutral
eva_adaptive_open,17,I27,SANTA CECILIA - NONATO COO,C032,OBISPO MANUEL UMAÑA,0.32156060149077254,0.32156060149077254,0,40,40,0,neutral
eva_adaptive_open,17,I27,SANTA CECILIA - NONATO COO,C007,EDUARDO CASTILLO VELASCO,0.3209682481807713,0.3209682481807713,0,41,41,0,neutral
eva_adaptive_open,17,I27,SANTA CECILIA - NONATO COO,C084,EL PINO - UNO SUR,0.31822751114893505,0.31822751114893505,0,42,42,0,neutral
eva_adaptive_open,17,I27,SANTA CECILIA - NONATO COO,I18,NUEVA IMPERIAL,0.31746948982985224,0.31746948982985224,0,43,43,0,neutral
eva_adaptive_open,17,I27,SANTA CECILIA - NONATO COO,C024,LOS ARRAYANES - LOS COPIHUES,0.3164169532190636,0.3164169532190636,0,44,44,0,neutral
eva_adaptive_open,17,I27,SANTA CECILIA - NONATO COO,C40,VICUÑA MACKENNA - SAN MARTIN,0.3163360869516046,0.3163360869516046,0,45,45,0,neutral
eva_adaptive_open,17,I27,SANTA CECILIA - NONATO COO,C074,URETA COX,0.31449957814869145,0.31449957814869145,0,46,46,0,neutral
eva_adaptive_open,17,I27,SANTA CECILIA - NONATO COO,C006,DOMINGO TOCORNAL,0.3107633231476695,0.36750452488804514,0.05674120174037561,47,19,28,complementarity_signal
eva_adaptive_open,17,I27,SANTA CECILIA - NONATO COO,C005,CORONEL ALEJANDRO SEPULVEDA,0.3106497256836105,0.3106497256836105,0,48,47,1,neutral
eva_adaptive_open,17,I27,SANTA CECILIA - NONATO COO,C050,MAR DE DRAKE,0.30811479039196454,0.30811479039196454,0,49,48,1,neutral
eva_adaptive_open,17,I27,SANTA CECILIA - NONATO COO,C023,AVENIDA DORSAL,0.3066800306129391,0.3066800306129391,0,50,49,1,neutral
eva_adaptive_open,17,I27,SANTA CECILIA - NONATO COO,C088,ÑUBLE,0.30596663776619404,0.30596663776619404,0,51,50,1,neutral
eva_adaptive_open,17,I27,SANTA CECILIA - NONATO COO,C020,LATINOAMERICA - PINTOR MURILLO - FRANCISCO TOLEDO,0.3053874986899725,0.3053874986899725,0,52,51,1,neutral
eva_adaptive_open,17,I27,SANTA CECILIA - NONATO COO,C028,MADRID,0.3053850663175511,0.3053850663175511,0,53,52,1,neutral
eva_adaptive_open,17,I27,SANTA CECILIA - NONATO COO,C034,PEDRO LEON UGALDE,0.30513444215224494,0.30513444215224494,0,54,53,1,neutral
eva_adaptive_open,17,I27,SANTA CECILIA - NONATO COO,C015,JOSE MANUEL GUZMAN,0.3038738968969849,0.3038738968969849,0,55,54,1,neutral
eva_adaptive_open,17,I27,SANTA CECILIA - NONATO COO,C037,SAN ALFONSO,0.3032697592490899,0.3032697592490899,0,56,55,1,neutral
eva_adaptive_open,17,I27,SANTA CECILIA - NONATO COO,C030,MAULE,0.30294715823212187,0.30294715823212187,0,57,56,1,neutral
eva_adaptive_open,17,I27,SANTA CECILIA - NONATO COO,C042,PRINCIPE DE GALES,0.3015275299366899,0.3015275299366899,0,58,57,1,neutral
eva_adaptive_open,17,I27,SANTA CECILIA - NONATO COO,C076,ISLA DECEPCION,0.3008300476650675,0.3008300476650675,0,59,58,1,neutral
eva_adaptive_open,17,I27,SANTA CECILIA - NONATO COO,C012,GABRIELA ORIENTE,0.29943301628620533,0.2504161476776965,-0.049016868608508846,60,89,-29,substitution_signal
eva_adaptive_open,17,I27,SANTA CECILIA - NONATO COO,C003,CONCHA Y TORO,0.29879828061632957,0.29879828061632957,0,61,59,2,neutral
eva_adaptive_open,17,I27,SANTA CECILIA - NONATO COO,C039,TUPUNGATO,0.2972177850899593,0.2972177850899593,0,62,60,2,neutral
eva_adaptive_open,17,I27,SANTA CECILIA - NONATO COO,C064,SILVA CARVALLO - SANTA ELENA,0.29671303455212084,0.29671303455212084,0,63,61,2,neutral
eva_adaptive_open,17,I27,SANTA CECILIA - NONATO COO,C026,LOS MAITENES,0.29619911153987877,0.29619911153987877,0,64,62,2,neutral
eva_adaptive_open,17,I27,SANTA CECILIA - NONATO COO,C038,TALCAHUANO - SANTA INES - LOS EDILES,0.29573880114313694,0.29573880114313694,0,65,63,2,neutral
eva_adaptive_open,17,I27,SANTA CECILIA - NONATO COO,C031,NECOCHEA,0.2942204983522875,0.2942204983522875,0,66,64,2,neutral
eva_adaptive_open,17,I27,SANTA CECILIA - NONATO COO,C065,NUEVA SAN MARTIN,0.29384044783423063,0.29384044783423063,0,67,65,2,neutral
eva_adaptive_open,17,I27,SANTA CECILIA - NONATO COO,C079,LAS AMERICAS,0.2935581354089318,0.2935581354089318,0,68,66,2,neutral
eva_adaptive_open,17,I27,SANTA CECILIA - NONATO COO,C044,LOS CERRILLOS,0.2931210475714493,0.2931210475714493,0,69,67,2,neutral
eva_adaptive_open,17,I27,SANTA CECILIA - NONATO COO,C013,HEROES DE LA CONCEPCION,0.29161502323158384,0.29161502323158384,0,70,68,2,neutral
eva_adaptive_open,17,I27,SANTA CECILIA - NONATO COO,C004,CONSISTORIAL,0.29093172378697835,0.29093172378697835,0,71,69,2,neutral
eva_adaptive_open,17,I27,SANTA CECILIA - NONATO COO,C027,LOS PRESIDENTES,0.2903073892430075,0.2903073892430075,0,72,70,2,neutral
eva_adaptive_open,17,I27,SANTA CECILIA - NONATO COO,C090,SANTO DOMINGO,0.2900617837756913,0.2900617837756913,0,73,71,2,neutral
eva_adaptive_open,17,I27,SANTA CECILIA - NONATO COO,I23,PETERSEN - VICUÑA MACKENNA,0.28720997267232284,0.28720997267232284,0,74,72,2,neutral
eva_adaptive_open,17,I27,SANTA CECILIA - NONATO COO,C022,LLANURA  - EL DESIERTO,0.2832694397879176,0.2832694397879176,0,75,73,2,neutral
eva_adaptive_open,17,I27,SANTA CECILIA - NONATO COO,C021,LAUTARO,0.28261575863884686,0.28261575863884686,0,76,74,2,neutral
eva_adaptive_open,17,I27,SANTA CECILIA - NONATO COO,C046,EUCALIPTOS,0.28018177357498764,0.28018177357498764,0,77,75,2,neutral
eva_adaptive_open,17,I27,SANTA CECILIA - NONATO COO,I28,SANTA RAQUEL,0.2776962274862046,0.2776962274862046,0,78,76,2,neutral
eva_adaptive_open,17,I27,SANTA CECILIA - NONATO COO,C052,BAQUEDANO - POSTALES ORIENTE,0.2725119994529144,0.2725119994529144,0,79,77,2,neutral
eva_adaptive_open,17,I27,SANTA CECILIA - NONATO COO,C047,VIOLETA PARRA,0.2648001936107111,0.2648001936107111,0,80,78,2,neutral
eva_adaptive_open,17,I27,SANTA CECILIA - NONATO COO,C078,WALDO TAFF,0.2640982140605202,0.2640982140605202,0,81,79,2,neutral
eva_adaptive_open,17,I27,SANTA CECILIA - NONATO COO,C089,J J PEREZ,0.2638601848792436,0.2638601848792436,0,82,80,2,neutral
eva_adaptive_open,17,I27,SANTA CECILIA - NONATO COO,C010,ESQ BLANCA - ALBERTO LLONA,0.26262962253258254,0.26262962253258254,0,83,81,2,neutral
eva_adaptive_open,17,I27,SANTA CECILIA - NONATO COO,C069,LOS OLMOS,0.2594151168255869,0.2594151168255869,0,84,82,2,neutral
eva_adaptive_open,17,I27,SANTA CECILIA - NONATO COO,C009,EL ROSAL - SANTA ELENA,0.258292338870139,0.258292338870139,0,85,83,2,neutral
eva_adaptive_open,17,I27,SANTA CECILIA - NONATO COO,C002,CAPITAN IGNACIO CARRERA PINTO,0.2546555618818747,0.2546555618818747,0,86,84,2,neutral
eva_adaptive_open,17,I27,SANTA CECILIA - NONATO COO,C048,GENERAL ARRIAGADA,0.2517348978903142,0.2517348978903142,0,87,85,2,neutral
eva_adaptive_open,17,I27,SANTA CECILIA - NONATO COO,C033,OBSERVATORIO,0.25172362934577086,0.25172362934577086,0,88,86,2,neutral
eva_adaptive_open,17,I27,SANTA CECILIA - NONATO COO,C085,LOS LIBERTADORES,0.25151437825336925,0.25151437825336925,0,89,87,2,neutral
eva_adaptive_open,17,I27,SANTA CECILIA - NONATO COO,C062,CORONA SUECA,0.2513511863347979,0.2513511863347979,0,90,88,2,neutral
eva_adaptive_open,17,I27,SANTA CECILIA - NONATO COO,I03,CARRASCAL,0.24854515940907576,0.24854515940907576,0,91,90,1,neutral
eva_adaptive_open,17,I27,SANTA CECILIA - NONATO COO,C054,VICTORIA,0.24708696376855838,0.24708696376855838,0,92,91,1,neutral
eva_adaptive_open,17,I27,SANTA CECILIA - NONATO COO,C071,BARROS ARANA,0.2432718387690382,0.2432718387690382,0,93,92,1,neutral
eva_adaptive_open,17,I27,SANTA CECILIA - NONATO COO,C082,CAUPOLICAN,0.24201028797730914,0.24201028797730914,0,94,93,1,neutral
eva_adaptive_open,17,I27,SANTA CECILIA - NONATO COO,C080,PARAGUAY,0.2404621201898296,0.2404621201898296,0,95,94,1,neutral
eva_adaptive_open,17,I27,SANTA CECILIA - NONATO COO,C041,VISTA HERMOSA,0.23729046079619398,0.23729046079619398,0,96,95,1,neutral
eva_adaptive_open,17,I27,SANTA CECILIA - NONATO COO,C087,SALVADOR GUTIERREZ,0.23167583897026392,0.23167583897026392,0,97,96,1,neutral
eva_adaptive_open,17,I27,SANTA CECILIA - NONATO COO,C017,LA PARINACOTA,0.2279533954363316,0.2279533954363316,0,98,97,1,neutral
eva_adaptive_open,17,I27,SANTA CECILIA - NONATO COO,C051,JOSE MIGUEL INFANTE - DOMINGO STA MARIA,0.22770327755636682,0.22770327755636682,0,99,98,1,neutral
eva_adaptive_open,17,I27,SANTA CECILIA - NONATO COO,C008,EL CERRO,0.22664145134727998,0.22664145134727998,0,100,99,1,neutral
eva_adaptive_open,17,I27,SANTA CECILIA - NONATO COO,C055,ARTURO PRAT,0.22432697243027433,0.22432697243027433,0,101,100,1,neutral
eva_adaptive_open,17,I27,SANTA CECILIA - NONATO COO,C036,RIO REFUGIO - SALAR SURIRE,0.22368469062682966,0.22368469062682966,0,102,101,1,neutral
eva_adaptive_open,17,I27,SANTA CECILIA - NONATO COO,C077,RICARDO VIAL,0.22334495183243977,0.22334495183243977,0,103,102,1,neutral
eva_adaptive_open,17,I27,SANTA CECILIA - NONATO COO,C045,PORTO ALEGRE,0.2070448874311994,0.2070448874311994,0,104,103,1,neutral
eva_adaptive_open,17,I27,SANTA CECILIA - NONATO COO,C018,LA PRIMAVERA,0.18729403797436894,0.18729403797436894,0,105,104,1,neutral
eva_adaptive_open,17,I27,SANTA CECILIA - NONATO COO,C016,JUANITA,0.18668961975965365,0.18668961975965365,0,106,105,1,neutral
eva_adaptive_open,17,I27,SANTA CECILIA - NONATO COO,C025,LOS DURAZNOS,0.17779517513220938,0.17779517513220938,0,107,106,1,neutral
eva_adaptive_open,17,I27,SANTA CECILIA - NONATO COO,C073,LOS MORROS,0.16537203853610075,0.16537203853610075,0,108,107,1,neutral
eva_adaptive_open,18,EP-I34,VICUÑA MACKENNA,EP-I10,GRAN AVENIDA,0.46460786664517606,0.46460786664517606,0,2,1,1,neutral
eva_adaptive_open,18,EP-I34,VICUÑA MACKENNA,I25,SAN FRANCISCO,0.4392701160270343,0.4392701160270343,0,3,2,1,neutral
eva_adaptive_open,18,EP-I34,VICUÑA MACKENNA,I09,GENERAL VELASQUEZ,0.4341813116960046,0.4341813116960046,0,4,3,1,neutral
eva_adaptive_open,18,EP-I34,VICUÑA MACKENNA,EP-I33,LA CHIMBA,0.4333992278113977,0.4333992278113977,0,5,4,1,neutral
eva_adaptive_open,18,EP-I34,VICUÑA MACKENNA,C011,EYZAGUIRRE,0.4206647047500463,0.4206647047500463,0,6,6,0,neutral
eva_adaptive_open,18,EP-I34,VICUÑA MACKENNA,I06,DIAGONAL ORIENTE,0.4196342852109756,0.42079086394094195,0.0011565787299663288,7,5,2,complementarity_signal
eva_adaptive_open,18,EP-I34,VICUÑA MACKENNA,I15,MARTINEZ DE ROZAS,0.4148837713854609,0.4148837713854609,0,8,7,1,neutral
eva_adaptive_open,18,EP-I34,VICUÑA MACKENNA,C086,LA ESTRELLA,0.40582174457529135,0.40582174457529135,0,9,8,1,neutral
eva_adaptive_open,18,EP-I34,VICUÑA MACKENNA,I13,LO ESPEJO-RIQUELME,0.3962497602088669,0.3962497602088669,0,10,9,1,neutral
eva_adaptive_open,18,EP-I34,VICUÑA MACKENNA,I24,RADAL,0.3941541431777698,0.3941541431777698,0,11,10,1,neutral
eva_adaptive_open,18,EP-I34,VICUÑA MACKENNA,I29,SANTA ROSA,0.3900683432225069,0.3900683432225069,0,12,11,1,neutral
eva_adaptive_open,18,EP-I34,VICUÑA MACKENNA,C070,MENDOZA (EX-CORONEL ROBLES),0.3888760372762755,0.3888760372762755,0,13,12,1,neutral
eva_adaptive_open,18,EP-I34,VICUÑA MACKENNA,C060,ROJAS MAGALLANES,0.377217962582887,0.377217962582887,0,14,13,1,neutral
eva_adaptive_open,18,EP-I34,VICUÑA MACKENNA,I05,DIAGONAL JOSE MARIA CARO,0.37629945365668416,0.37629945365668416,0,15,14,1,neutral
eva_adaptive_open,18,EP-I34,VICUÑA MACKENNA,I32,EINSTEIN,0.3746380343850449,0.3746380343850449,0,16,15,1,neutral
eva_adaptive_open,18,EP-I34,VICUÑA MACKENNA,C053,CONDELL,0.37348406945335577,0.37348406945335577,0,17,16,1,neutral
eva_adaptive_open,18,EP-I34,VICUÑA MACKENNA,I17,MATUCANA,0.3714683760149567,0.3714683760149567,0,18,17,1,neutral
eva_adaptive_open,18,EP-I34,VICUÑA MACKENNA,C006,DOMINGO TOCORNAL,0.36750452488804514,0.36750452488804514,0,19,18,1,neutral
eva_adaptive_open,18,EP-I34,VICUÑA MACKENNA,I31,FERNANDEZ ALBANO,0.3607126285891027,0.3607126285891027,0,20,19,1,neutral
eva_adaptive_open,18,EP-I34,VICUÑA MACKENNA,I14,LO OVALLE,0.358325879724252,0.358325879724252,0,21,20,1,neutral
eva_adaptive_open,18,EP-I34,VICUÑA MACKENNA,C063,LONGITUDINAL,0.3582564854774885,0.3582564854774885,0,22,21,1,neutral
eva_adaptive_open,18,EP-I34,VICUÑA MACKENNA,C056,TEMUCO - TORO MAZOTTE,0.35677635060669255,0.35677635060669255,0,23,22,1,neutral
eva_adaptive_open,18,EP-I34,VICUÑA MACKENNA,I02,CARLOS VALDOVINOS,0.35528620955926693,0.35528620955926693,0,24,23,1,neutral
eva_adaptive_open,18,EP-I34,VICUÑA MACKENNA,C072,COVADONGA,0.35473282077591645,0.35473282077591645,0,25,24,1,neutral
eva_adaptive_open,18,EP-I34,VICUÑA MACKENNA,I08,GENERAL OSCAR BONILLA,0.3534852174985045,0.3534852174985045,0,26,25,1,neutral
eva_adaptive_open,18,EP-I34,VICUÑA MACKENNA,C083,ORIENTAL-LAS PARCELAS,0.35096605726932234,0.35096605726932234,0,27,26,1,neutral
eva_adaptive_open,18,EP-I34,VICUÑA MACKENNA,C019,LAS HIJUELAS SUR - LIBERTADOR BERNARDO OHIGGINS,0.35074491316467155,0.35074491316467155,0,28,27,1,neutral
eva_adaptive_open,18,EP-I34,VICUÑA MACKENNA,C035,PRODIVENCIA,0.34424095963098794,0.34424095963098794,0,29,29,0,neutral
eva_adaptive_open,18,EP-I34,VICUÑA MACKENNA,C014,JOSE DOMINGO CAÑAS,0.344186224512373,0.3453428032423394,0.0011565787299663843,30,28,2,complementarity_signal
eva_adaptive_open,18,EP-I34,VICUÑA MACKENNA,C049,FEDERICO ERRÁZURIZ (EX SERRANO),0.34191679647195344,0.34191679647195344,0,31,30,1,neutral
eva_adaptive_open,18,EP-I34,VICUÑA MACKENNA,C081,SAN GREGORIO - DIEGO MEZA,0.33963084464003285,0.33963084464003285,0,32,31,1,neutral
eva_adaptive_open,18,EP-I34,VICUÑA MACKENNA,C057,PADRE VICENTE IRARRAZABAL - MANUEL CHACON,0.33451933997214295,0.33451933997214295,0,33,32,1,neutral
eva_adaptive_open,18,EP-I34,VICUÑA MACKENNA,C029,MARIA ELENA,0.33369142766625387,0.33369142766625387,0,34,33,1,neutral
eva_adaptive_open,18,EP-I34,VICUÑA MACKENNA,C043,NEPTUNO,0.33367397332944054,0.33367397332944054,0,35,34,1,neutral
eva_adaptive_open,18,EP-I34,VICUÑA MACKENNA,C061,EL PINAR,0.3314808748748323,0.3314808748748323,0,36,35,1,neutral
eva_adaptive_open,18,EP-I34,VICUÑA MACKENNA,C001,SAN EUGENIO,0.3301050844306759,0.31315225632030524,-0.016952828110370632,37,45,-8,substitution_signal
eva_adaptive_open,18,EP-I34,VICUÑA MACKENNA,C058,ANTONIO EBNER-BARROS ARANA,0.32780814449325085,0.32780814449325085,0,38,36,2,neutral
eva_adaptive_open,18,EP-I34,VICUÑA MACKENNA,I07,EL GUANACO,0.3235831019219907,0.3235831019219907,0,39,37,2,neutral
eva_adaptive_open,18,EP-I34,VICUÑA MACKENNA,C032,OBISPO MANUEL UMAÑA,0.32156060149077254,0.32156060149077254,0,40,38,2,neutral
eva_adaptive_open,18,EP-I34,VICUÑA MACKENNA,C007,EDUARDO CASTILLO VELASCO,0.3209682481807713,0.3209682481807713,0,41,39,2,neutral
eva_adaptive_open,18,EP-I34,VICUÑA MACKENNA,C084,EL PINO - UNO SUR,0.31822751114893505,0.31822751114893505,0,42,40,2,neutral
eva_adaptive_open,18,EP-I34,VICUÑA MACKENNA,I18,NUEVA IMPERIAL,0.31746948982985224,0.31746948982985224,0,43,41,2,neutral
eva_adaptive_open,18,EP-I34,VICUÑA MACKENNA,C024,LOS ARRAYANES - LOS COPIHUES,0.3164169532190636,0.3164169532190636,0,44,42,2,neutral
eva_adaptive_open,18,EP-I34,VICUÑA MACKENNA,C40,VICUÑA MACKENNA - SAN MARTIN,0.3163360869516046,0.3163360869516046,0,45,43,2,neutral
eva_adaptive_open,18,EP-I34,VICUÑA MACKENNA,C074,URETA COX,0.31449957814869145,0.31449957814869145,0,46,44,2,neutral
eva_adaptive_open,18,EP-I34,VICUÑA MACKENNA,C005,CORONEL ALEJANDRO SEPULVEDA,0.3106497256836105,0.3106497256836105,0,47,46,1,neutral
eva_adaptive_open,18,EP-I34,VICUÑA MACKENNA,C050,MAR DE DRAKE,0.30811479039196454,0.30811479039196454,0,48,47,1,neutral
eva_adaptive_open,18,EP-I34,VICUÑA MACKENNA,C023,AVENIDA DORSAL,0.3066800306129391,0.3066800306129391,0,49,48,1,neutral
eva_adaptive_open,18,EP-I34,VICUÑA MACKENNA,C088,ÑUBLE,0.30596663776619404,0.3063521640095162,0.0003855262433221651,50,49,1,complementarity_signal
eva_adaptive_open,18,EP-I34,VICUÑA MACKENNA,C020,LATINOAMERICA - PINTOR MURILLO - FRANCISCO TOLEDO,0.3053874986899725,0.3053874986899725,0,51,52,-1,neutral
eva_adaptive_open,18,EP-I34,VICUÑA MACKENNA,C028,MADRID,0.3053850663175511,0.3057705925608732,0.0003855262433221096,52,51,1,complementarity_signal
eva_adaptive_open,18,EP-I34,VICUÑA MACKENNA,C034,PEDRO LEON UGALDE,0.30513444215224494,0.3059054946388892,0.0007710524866442747,53,50,3,complementarity_signal
eva_adaptive_open,18,EP-I34,VICUÑA MACKENNA,C015,JOSE MANUEL GUZMAN,0.3038738968969849,0.3038738968969849,0,54,53,1,neutral
eva_adaptive_open,18,EP-I34,VICUÑA MACKENNA,C037,SAN ALFONSO,0.3032697592490899,0.3032697592490899,0,55,55,0,neutral
eva_adaptive_open,18,EP-I34,VICUÑA MACKENNA,C030,MAULE,0.30294715823212187,0.30333268447544404,0.0003855262433221651,56,54,2,complementarity_signal
eva_adaptive_open,18,EP-I34,VICUÑA MACKENNA,C042,PRINCIPE DE GALES,0.3015275299366899,0.3015275299366899,0,57,56,1,neutral
eva_adaptive_open,18,EP-I34,VICUÑA MACKENNA,C076,ISLA DECEPCION,0.3008300476650675,0.3008300476650675,0,58,57,1,neutral
eva_adaptive_open,18,EP-I34,VICUÑA MACKENNA,C003,CONCHA Y TORO,0.29879828061632957,0.29879828061632957,0,59,58,1,neutral
eva_adaptive_open,18,EP-I34,VICUÑA MACKENNA,C039,TUPUNGATO,0.2972177850899593,0.2972177850899593,0,60,59,1,neutral
eva_adaptive_open,18,EP-I34,VICUÑA MACKENNA,C064,SILVA CARVALLO - SANTA ELENA,0.29671303455212084,0.29671303455212084,0,61,60,1,neutral
eva_adaptive_open,18,EP-I34,VICUÑA MACKENNA,C026,LOS MAITENES,0.29619911153987877,0.29619911153987877,0,62,61,1,neutral
eva_adaptive_open,18,EP-I34,VICUÑA MACKENNA,C038,TALCAHUANO - SANTA INES - LOS EDILES,0.29573880114313694,0.29573880114313694,0,63,62,1,neutral
eva_adaptive_open,18,EP-I34,VICUÑA MACKENNA,C031,NECOCHEA,0.2942204983522875,0.2942204983522875,0,64,63,1,neutral
eva_adaptive_open,18,EP-I34,VICUÑA MACKENNA,C065,NUEVA SAN MARTIN,0.29384044783423063,0.29384044783423063,0,65,64,1,neutral
eva_adaptive_open,18,EP-I34,VICUÑA MACKENNA,C079,LAS AMERICAS,0.2935581354089318,0.2935581354089318,0,66,65,1,neutral
eva_adaptive_open,18,EP-I34,VICUÑA MACKENNA,C044,LOS CERRILLOS,0.2931210475714493,0.2931210475714493,0,67,66,1,neutral
eva_adaptive_open,18,EP-I34,VICUÑA MACKENNA,C013,HEROES DE LA CONCEPCION,0.29161502323158384,0.29161502323158384,0,68,67,1,neutral
eva_adaptive_open,18,EP-I34,VICUÑA MACKENNA,C004,CONSISTORIAL,0.29093172378697835,0.29093172378697835,0,69,68,1,neutral
eva_adaptive_open,18,EP-I34,VICUÑA MACKENNA,C027,LOS PRESIDENTES,0.2903073892430075,0.2903073892430075,0,70,69,1,neutral
eva_adaptive_open,18,EP-I34,VICUÑA MACKENNA,C090,SANTO DOMINGO,0.2900617837756913,0.2900617837756913,0,71,70,1,neutral
eva_adaptive_open,18,EP-I34,VICUÑA MACKENNA,I23,PETERSEN - VICUÑA MACKENNA,0.28720997267232284,0.28720997267232284,0,72,71,1,neutral
eva_adaptive_open,18,EP-I34,VICUÑA MACKENNA,C022,LLANURA  - EL DESIERTO,0.2832694397879176,0.2832694397879176,0,73,72,1,neutral
eva_adaptive_open,18,EP-I34,VICUÑA MACKENNA,C021,LAUTARO,0.28261575863884686,0.28261575863884686,0,74,73,1,neutral
eva_adaptive_open,18,EP-I34,VICUÑA MACKENNA,C046,EUCALIPTOS,0.28018177357498764,0.28018177357498764,0,75,74,1,neutral
eva_adaptive_open,18,EP-I34,VICUÑA MACKENNA,I28,SANTA RAQUEL,0.2776962274862046,0.2776962274862046,0,76,75,1,neutral
eva_adaptive_open,18,EP-I34,VICUÑA MACKENNA,C052,BAQUEDANO - POSTALES ORIENTE,0.2725119994529144,0.2725119994529144,0,77,76,1,neutral
eva_adaptive_open,18,EP-I34,VICUÑA MACKENNA,C047,VIOLETA PARRA,0.2648001936107111,0.2648001936107111,0,78,77,1,neutral
eva_adaptive_open,18,EP-I34,VICUÑA MACKENNA,C078,WALDO TAFF,0.2640982140605202,0.2640982140605202,0,79,78,1,neutral
eva_adaptive_open,18,EP-I34,VICUÑA MACKENNA,C089,J J PEREZ,0.2638601848792436,0.2638601848792436,0,80,79,1,neutral
eva_adaptive_open,18,EP-I34,VICUÑA MACKENNA,C010,ESQ BLANCA - ALBERTO LLONA,0.26262962253258254,0.26262962253258254,0,81,80,1,neutral
eva_adaptive_open,18,EP-I34,VICUÑA MACKENNA,C069,LOS OLMOS,0.2594151168255869,0.2594151168255869,0,82,81,1,neutral
eva_adaptive_open,18,EP-I34,VICUÑA MACKENNA,C009,EL ROSAL - SANTA ELENA,0.258292338870139,0.258292338870139,0,83,82,1,neutral
eva_adaptive_open,18,EP-I34,VICUÑA MACKENNA,C002,CAPITAN IGNACIO CARRERA PINTO,0.2546555618818747,0.2546555618818747,0,84,83,1,neutral
eva_adaptive_open,18,EP-I34,VICUÑA MACKENNA,C048,GENERAL ARRIAGADA,0.2517348978903142,0.2517348978903142,0,85,84,1,neutral
eva_adaptive_open,18,EP-I34,VICUÑA MACKENNA,C033,OBSERVATORIO,0.25172362934577086,0.25172362934577086,0,86,85,1,neutral
eva_adaptive_open,18,EP-I34,VICUÑA MACKENNA,C085,LOS LIBERTADORES,0.25151437825336925,0.25151437825336925,0,87,86,1,neutral
eva_adaptive_open,18,EP-I34,VICUÑA MACKENNA,C062,CORONA SUECA,0.2513511863347979,0.2513511863347979,0,88,87,1,neutral
eva_adaptive_open,18,EP-I34,VICUÑA MACKENNA,C012,GABRIELA ORIENTE,0.2504161476776965,0.2504161476776965,0,89,88,1,neutral
eva_adaptive_open,18,EP-I34,VICUÑA MACKENNA,I03,CARRASCAL,0.24854515940907576,0.24854515940907576,0,90,89,1,neutral
eva_adaptive_open,18,EP-I34,VICUÑA MACKENNA,C054,VICTORIA,0.24708696376855838,0.24708696376855838,0,91,90,1,neutral
eva_adaptive_open,18,EP-I34,VICUÑA MACKENNA,C071,BARROS ARANA,0.2432718387690382,0.2432718387690382,0,92,91,1,neutral
eva_adaptive_open,18,EP-I34,VICUÑA MACKENNA,C082,CAUPOLICAN,0.24201028797730914,0.24201028797730914,0,93,92,1,neutral
eva_adaptive_open,18,EP-I34,VICUÑA MACKENNA,C080,PARAGUAY,0.2404621201898296,0.2404621201898296,0,94,93,1,neutral
eva_adaptive_open,18,EP-I34,VICUÑA MACKENNA,C041,VISTA HERMOSA,0.23729046079619398,0.23729046079619398,0,95,94,1,neutral
eva_adaptive_open,18,EP-I34,VICUÑA MACKENNA,C087,SALVADOR GUTIERREZ,0.23167583897026392,0.23167583897026392,0,96,95,1,neutral
eva_adaptive_open,18,EP-I34,VICUÑA MACKENNA,C017,LA PARINACOTA,0.2279533954363316,0.2279533954363316,0,97,96,1,neutral
eva_adaptive_open,18,EP-I34,VICUÑA MACKENNA,C051,JOSE MIGUEL INFANTE - DOMINGO STA MARIA,0.22770327755636682,0.22770327755636682,0,98,97,1,neutral
eva_adaptive_open,18,EP-I34,VICUÑA MACKENNA,C008,EL CERRO,0.22664145134727998,0.22664145134727998,0,99,98,1,neutral
eva_adaptive_open,18,EP-I34,VICUÑA MACKENNA,C055,ARTURO PRAT,0.22432697243027433,0.22432697243027433,0,100,99,1,neutral
eva_adaptive_open,18,EP-I34,VICUÑA MACKENNA,C036,RIO REFUGIO - SALAR SURIRE,0.22368469062682966,0.22368469062682966,0,101,100,1,neutral
eva_adaptive_open,18,EP-I34,VICUÑA MACKENNA,C077,RICARDO VIAL,0.22334495183243977,0.22334495183243977,0,102,101,1,neutral
eva_adaptive_open,18,EP-I34,VICUÑA MACKENNA,C045,PORTO ALEGRE,0.2070448874311994,0.2070448874311994,0,103,102,1,neutral
eva_adaptive_open,18,EP-I34,VICUÑA MACKENNA,C018,LA PRIMAVERA,0.18729403797436894,0.18729403797436894,0,104,103,1,neutral
eva_adaptive_open,18,EP-I34,VICUÑA MACKENNA,C016,JUANITA,0.18668961975965365,0.18668961975965365,0,105,104,1,neutral
eva_adaptive_open,18,EP-I34,VICUÑA MACKENNA,C025,LOS DURAZNOS,0.17779517513220938,0.17779517513220938,0,106,105,1,neutral
eva_adaptive_open,18,EP-I34,VICUÑA MACKENNA,C073,LOS MORROS,0.16537203853610075,0.16537203853610075,0,107,106,1,neutral
eva_adaptive_open,19,EP-I10,GRAN AVENIDA,I25,SAN FRANCISCO,0.4392701160270343,0.4392701160270343,0,2,1,1,neutral
eva_adaptive_open,19,EP-I10,GRAN AVENIDA,I09,GENERAL VELASQUEZ,0.4341813116960046,0.4341813116960046,0,3,2,1,neutral
eva_adaptive_open,19,EP-I10,GRAN AVENIDA,EP-I33,LA CHIMBA,0.4333992278113977,0.4333992278113977,0,4,3,1,neutral
eva_adaptive_open,19,EP-I10,GRAN AVENIDA,I06,DIAGONAL ORIENTE,0.42079086394094195,0.42079086394094195,0,5,4,1,neutral
eva_adaptive_open,19,EP-I10,GRAN AVENIDA,C011,EYZAGUIRRE,0.4206647047500463,0.3437616552822007,-0.0769030494678456,6,28,-22,substitution_signal
eva_adaptive_open,19,EP-I10,GRAN AVENIDA,I15,MARTINEZ DE ROZAS,0.4148837713854609,0.4148837713854609,0,7,5,2,neutral
eva_adaptive_open,19,EP-I10,GRAN AVENIDA,C086,LA ESTRELLA,0.40582174457529135,0.40582174457529135,0,8,6,2,neutral
eva_adaptive_open,19,EP-I10,GRAN AVENIDA,I13,LO ESPEJO-RIQUELME,0.3962497602088669,0.39702081269551115,0.0007710524866442747,9,7,2,complementarity_signal
eva_adaptive_open,19,EP-I10,GRAN AVENIDA,I24,RADAL,0.3941541431777698,0.3941541431777698,0,10,9,1,neutral
eva_adaptive_open,19,EP-I10,GRAN AVENIDA,I29,SANTA ROSA,0.3900683432225069,0.3900683432225069,0,11,10,1,neutral
eva_adaptive_open,19,EP-I10,GRAN AVENIDA,C070,MENDOZA (EX-CORONEL ROBLES),0.3888760372762755,0.3888760372762755,0,12,11,1,neutral
eva_adaptive_open,19,EP-I10,GRAN AVENIDA,C060,ROJAS MAGALLANES,0.377217962582887,0.377217962582887,0,13,12,1,neutral
eva_adaptive_open,19,EP-I10,GRAN AVENIDA,I05,DIAGONAL JOSE MARIA CARO,0.37629945365668416,0.37629945365668416,0,14,13,1,neutral
eva_adaptive_open,19,EP-I10,GRAN AVENIDA,I32,EINSTEIN,0.3746380343850449,0.3746380343850449,0,15,14,1,neutral
eva_adaptive_open,19,EP-I10,GRAN AVENIDA,C053,CONDELL,0.37348406945335577,0.365804896518357,-0.007679172934998757,16,18,-2,substitution_signal
eva_adaptive_open,19,EP-I10,GRAN AVENIDA,I17,MATUCANA,0.3714683760149567,0.3714683760149567,0,17,15,2,neutral
eva_adaptive_open,19,EP-I10,GRAN AVENIDA,C006,DOMINGO TOCORNAL,0.36750452488804514,0.36750452488804514,0,18,16,2,neutral
eva_adaptive_open,19,EP-I10,GRAN AVENIDA,I31,FERNANDEZ ALBANO,0.3607126285891027,0.3607126285891027,0,19,19,0,neutral
eva_adaptive_open,19,EP-I10,GRAN AVENIDA,I14,LO OVALLE,0.358325879724252,0.358325879724252,0,20,20,0,neutral
eva_adaptive_open,19,EP-I10,GRAN AVENIDA,C063,LONGITUDINAL,0.3582564854774885,0.3582564854774885,0,21,21,0,neutral
eva_adaptive_open,19,EP-I10,GRAN AVENIDA,C056,TEMUCO - TORO MAZOTTE,0.35677635060669255,0.35677635060669255,0,22,22,0,neutral
eva_adaptive_open,19,EP-I10,GRAN AVENIDA,I02,CARLOS VALDOVINOS,0.35528620955926693,0.35528620955926693,0,23,23,0,neutral
eva_adaptive_open,19,EP-I10,GRAN AVENIDA,C072,COVADONGA,0.35473282077591645,0.34184299216241604,-0.01288982861350041,24,30,-6,substitution_signal
eva_adaptive_open,19,EP-I10,GRAN AVENIDA,I08,GENERAL OSCAR BONILLA,0.3534852174985045,0.3534852174985045,0,25,24,1,neutral
eva_adaptive_open,19,EP-I10,GRAN AVENIDA,C083,ORIENTAL-LAS PARCELAS,0.35096605726932234,0.35096605726932234,0,26,25,1,neutral
eva_adaptive_open,19,EP-I10,GRAN AVENIDA,C019,LAS HIJUELAS SUR - LIBERTADOR BERNARDO OHIGGINS,0.35074491316467155,0.3046576882387051,-0.04608722492596645,27,54,-27,substitution_signal
eva_adaptive_open,19,EP-I10,GRAN AVENIDA,C014,JOSE DOMINGO CAÑAS,0.3453428032423394,0.3453428032423394,0,28,26,2,neutral
eva_adaptive_open,19,EP-I10,GRAN AVENIDA,C035,PRODIVENCIA,0.34424095963098794,0.34424095963098794,0,29,27,2,neutral
eva_adaptive_open,19,EP-I10,GRAN AVENIDA,C049,FEDERICO ERRÁZURIZ (EX SERRANO),0.34191679647195344,0.34191679647195344,0,30,29,1,neutral
eva_adaptive_open,19,EP-I10,GRAN AVENIDA,C081,SAN GREGORIO - DIEGO MEZA,0.33963084464003285,0.33963084464003285,0,31,31,0,neutral
eva_adaptive_open,19,EP-I10,GRAN AVENIDA,C057,PADRE VICENTE IRARRAZABAL - MANUEL CHACON,0.33451933997214295,0.33451933997214295,0,32,32,0,neutral
eva_adaptive_open,19,EP-I10,GRAN AVENIDA,C029,MARIA ELENA,0.33369142766625387,0.33369142766625387,0,33,33,0,neutral
eva_adaptive_open,19,EP-I10,GRAN AVENIDA,C043,NEPTUNO,0.33367397332944054,0.33367397332944054,0,34,34,0,neutral
eva_adaptive_open,19,EP-I10,GRAN AVENIDA,C061,EL PINAR,0.3314808748748323,0.3314808748748323,0,35,35,0,neutral
eva_adaptive_open,19,EP-I10,GRAN AVENIDA,C058,ANTONIO EBNER-BARROS ARANA,0.32780814449325085,0.32780814449325085,0,36,36,0,neutral
eva_adaptive_open,19,EP-I10,GRAN AVENIDA,I07,EL GUANACO,0.3235831019219907,0.3235831019219907,0,37,37,0,neutral
eva_adaptive_open,19,EP-I10,GRAN AVENIDA,C032,OBISPO MANUEL UMAÑA,0.32156060149077254,0.32156060149077254,0,38,38,0,neutral
eva_adaptive_open,19,EP-I10,GRAN AVENIDA,C007,EDUARDO CASTILLO VELASCO,0.3209682481807713,0.3209682481807713,0,39,39,0,neutral
eva_adaptive_open,19,EP-I10,GRAN AVENIDA,C084,EL PINO - UNO SUR,0.31822751114893505,0.3189985636355794,0.0007710524866443302,40,40,0,complementarity_signal
eva_adaptive_open,19,EP-I10,GRAN AVENIDA,I18,NUEVA IMPERIAL,0.31746948982985224,0.31746948982985224,0,41,41,0,neutral
eva_adaptive_open,19,EP-I10,GRAN AVENIDA,C024,LOS ARRAYANES - LOS COPIHUES,0.3164169532190636,0.3164169532190636,0,42,42,0,neutral
eva_adaptive_open,19,EP-I10,GRAN AVENIDA,C40,VICUÑA MACKENNA - SAN MARTIN,0.3163360869516046,0.3163360869516046,0,43,43,0,neutral
eva_adaptive_open,19,EP-I10,GRAN AVENIDA,C074,URETA COX,0.31449957814869145,0.31449957814869145,0,44,44,0,neutral
eva_adaptive_open,19,EP-I10,GRAN AVENIDA,C001,SAN EUGENIO,0.31315225632030524,0.31315225632030524,0,45,45,0,neutral
eva_adaptive_open,19,EP-I10,GRAN AVENIDA,C005,CORONEL ALEJANDRO SEPULVEDA,0.3106497256836105,0.3106497256836105,0,46,46,0,neutral
eva_adaptive_open,19,EP-I10,GRAN AVENIDA,C050,MAR DE DRAKE,0.30811479039196454,0.30811479039196454,0,47,48,-1,neutral
eva_adaptive_open,19,EP-I10,GRAN AVENIDA,C023,AVENIDA DORSAL,0.3066800306129391,0.3066800306129391,0,48,49,-1,neutral
eva_adaptive_open,19,EP-I10,GRAN AVENIDA,C088,ÑUBLE,0.3063521640095162,0.3063521640095162,0,49,50,-1,neutral
eva_adaptive_open,19,EP-I10,GRAN AVENIDA,C034,PEDRO LEON UGALDE,0.3059054946388892,0.3059054946388892,0,50,51,-1,neutral
eva_adaptive_open,19,EP-I10,GRAN AVENIDA,C028,MADRID,0.3057705925608732,0.3057705925608732,0,51,52,-1,neutral
eva_adaptive_open,19,EP-I10,GRAN AVENIDA,C020,LATINOAMERICA - PINTOR MURILLO - FRANCISCO TOLEDO,0.3053874986899725,0.3053874986899725,0,52,53,-1,neutral
eva_adaptive_open,19,EP-I10,GRAN AVENIDA,C015,JOSE MANUEL GUZMAN,0.3038738968969849,0.3038738968969849,0,53,55,-2,neutral
eva_adaptive_open,19,EP-I10,GRAN AVENIDA,C030,MAULE,0.30333268447544404,0.30333268447544404,0,54,56,-2,neutral
eva_adaptive_open,19,EP-I10,GRAN AVENIDA,C037,SAN ALFONSO,0.3032697592490899,0.3032697592490899,0,55,57,-2,neutral
eva_adaptive_open,19,EP-I10,GRAN AVENIDA,C042,PRINCIPE DE GALES,0.3015275299366899,0.3015275299366899,0,56,58,-2,neutral
eva_adaptive_open,19,EP-I10,GRAN AVENIDA,C076,ISLA DECEPCION,0.3008300476650675,0.3008300476650675,0,57,59,-2,neutral
eva_adaptive_open,19,EP-I10,GRAN AVENIDA,C003,CONCHA Y TORO,0.29879828061632957,0.29879828061632957,0,58,60,-2,neutral
eva_adaptive_open,19,EP-I10,GRAN AVENIDA,C039,TUPUNGATO,0.2972177850899593,0.2972177850899593,0,59,61,-2,neutral
eva_adaptive_open,19,EP-I10,GRAN AVENIDA,C064,SILVA CARVALLO - SANTA ELENA,0.29671303455212084,0.29671303455212084,0,60,62,-2,neutral
eva_adaptive_open,19,EP-I10,GRAN AVENIDA,C026,LOS MAITENES,0.29619911153987877,0.29619911153987877,0,61,63,-2,neutral
eva_adaptive_open,19,EP-I10,GRAN AVENIDA,C038,TALCAHUANO - SANTA INES - LOS EDILES,0.29573880114313694,0.29573880114313694,0,62,64,-2,neutral
eva_adaptive_open,19,EP-I10,GRAN AVENIDA,C031,NECOCHEA,0.2942204983522875,0.2942204983522875,0,63,65,-2,neutral
eva_adaptive_open,19,EP-I10,GRAN AVENIDA,C065,NUEVA SAN MARTIN,0.29384044783423063,0.29384044783423063,0,64,66,-2,neutral
eva_adaptive_open,19,EP-I10,GRAN AVENIDA,C079,LAS AMERICAS,0.2935581354089318,0.2935581354089318,0,65,67,-2,neutral
eva_adaptive_open,19,EP-I10,GRAN AVENIDA,C044,LOS CERRILLOS,0.2931210475714493,0.2931210475714493,0,66,68,-2,neutral
eva_adaptive_open,19,EP-I10,GRAN AVENIDA,C013,HEROES DE LA CONCEPCION,0.29161502323158384,0.29161502323158384,0,67,69,-2,neutral
eva_adaptive_open,19,EP-I10,GRAN AVENIDA,C004,CONSISTORIAL,0.29093172378697835,0.29093172378697835,0,68,70,-2,neutral
eva_adaptive_open,19,EP-I10,GRAN AVENIDA,C027,LOS PRESIDENTES,0.2903073892430075,0.2903073892430075,0,69,71,-2,neutral
eva_adaptive_open,19,EP-I10,GRAN AVENIDA,C090,SANTO DOMINGO,0.2900617837756913,0.2900617837756913,0,70,72,-2,neutral
eva_adaptive_open,19,EP-I10,GRAN AVENIDA,I23,PETERSEN - VICUÑA MACKENNA,0.28720997267232284,0.28720997267232284,0,71,73,-2,neutral
eva_adaptive_open,19,EP-I10,GRAN AVENIDA,C022,LLANURA  - EL DESIERTO,0.2832694397879176,0.2832694397879176,0,72,74,-2,neutral
eva_adaptive_open,19,EP-I10,GRAN AVENIDA,C021,LAUTARO,0.28261575863884686,0.28261575863884686,0,73,75,-2,neutral
eva_adaptive_open,19,EP-I10,GRAN AVENIDA,C046,EUCALIPTOS,0.28018177357498764,0.28018177357498764,0,74,76,-2,neutral
eva_adaptive_open,19,EP-I10,GRAN AVENIDA,I28,SANTA RAQUEL,0.2776962274862046,0.2776962274862046,0,75,77,-2,neutral
eva_adaptive_open,19,EP-I10,GRAN AVENIDA,C052,BAQUEDANO - POSTALES ORIENTE,0.2725119994529144,0.2725119994529144,0,76,78,-2,neutral
eva_adaptive_open,19,EP-I10,GRAN AVENIDA,C047,VIOLETA PARRA,0.2648001936107111,0.2648001936107111,0,77,79,-2,neutral
eva_adaptive_open,19,EP-I10,GRAN AVENIDA,C078,WALDO TAFF,0.2640982140605202,0.2640982140605202,0,78,80,-2,neutral
eva_adaptive_open,19,EP-I10,GRAN AVENIDA,C089,J J PEREZ,0.2638601848792436,0.3968492429716954,0.13298905809245176,79,8,71,complementarity_signal
eva_adaptive_open,19,EP-I10,GRAN AVENIDA,C010,ESQ BLANCA - ALBERTO LLONA,0.26262962253258254,0.26262962253258254,0,80,81,-1,neutral
eva_adaptive_open,19,EP-I10,GRAN AVENIDA,C069,LOS OLMOS,0.2594151168255869,0.2594151168255869,0,81,82,-1,neutral
eva_adaptive_open,19,EP-I10,GRAN AVENIDA,C009,EL ROSAL - SANTA ELENA,0.258292338870139,0.258292338870139,0,82,83,-1,neutral
eva_adaptive_open,19,EP-I10,GRAN AVENIDA,C002,CAPITAN IGNACIO CARRERA PINTO,0.2546555618818747,0.2546555618818747,0,83,84,-1,neutral
eva_adaptive_open,19,EP-I10,GRAN AVENIDA,C048,GENERAL ARRIAGADA,0.2517348978903142,0.2517348978903142,0,84,85,-1,neutral
eva_adaptive_open,19,EP-I10,GRAN AVENIDA,C033,OBSERVATORIO,0.25172362934577086,0.3084648310861465,0.05674120174037561,85,47,38,complementarity_signal
eva_adaptive_open,19,EP-I10,GRAN AVENIDA,C085,LOS LIBERTADORES,0.25151437825336925,0.25151437825336925,0,86,86,0,neutral
eva_adaptive_open,19,EP-I10,GRAN AVENIDA,C062,CORONA SUECA,0.2513511863347979,0.2513511863347979,0,87,87,0,neutral
eva_adaptive_open,19,EP-I10,GRAN AVENIDA,C012,GABRIELA ORIENTE,0.2504161476776965,0.2504161476776965,0,88,88,0,neutral
eva_adaptive_open,19,EP-I10,GRAN AVENIDA,I03,CARRASCAL,0.24854515940907576,0.24854515940907576,0,89,89,0,neutral
eva_adaptive_open,19,EP-I10,GRAN AVENIDA,C054,VICTORIA,0.24708696376855838,0.3665618678064444,0.11947490403788602,90,17,73,complementarity_signal
eva_adaptive_open,19,EP-I10,GRAN AVENIDA,C071,BARROS ARANA,0.2432718387690382,0.24263265222575167,-0.0006391865432865407,91,90,1,substitution_signal
eva_adaptive_open,19,EP-I10,GRAN AVENIDA,C082,CAUPOLICAN,0.24201028797730914,0.24201028797730914,0,92,91,1,neutral
eva_adaptive_open,19,EP-I10,GRAN AVENIDA,C080,PARAGUAY,0.2404621201898296,0.2404621201898296,0,93,92,1,neutral
eva_adaptive_open,19,EP-I10,GRAN AVENIDA,C041,VISTA HERMOSA,0.23729046079619398,0.23729046079619398,0,94,93,1,neutral
eva_adaptive_open,19,EP-I10,GRAN AVENIDA,C087,SALVADOR GUTIERREZ,0.23167583897026392,0.23167583897026392,0,95,94,1,neutral
eva_adaptive_open,19,EP-I10,GRAN AVENIDA,C017,LA PARINACOTA,0.2279533954363316,0.2279533954363316,0,96,95,1,neutral
eva_adaptive_open,19,EP-I10,GRAN AVENIDA,C051,JOSE MIGUEL INFANTE - DOMINGO STA MARIA,0.22770327755636682,0.22770327755636682,0,97,96,1,neutral
eva_adaptive_open,19,EP-I10,GRAN AVENIDA,C008,EL CERRO,0.22664145134727998,0.22664145134727998,0,98,97,1,neutral
eva_adaptive_open,19,EP-I10,GRAN AVENIDA,C055,ARTURO PRAT,0.22432697243027433,0.22407331213030995,-0.00025366029996437556,99,98,1,substitution_signal
eva_adaptive_open,19,EP-I10,GRAN AVENIDA,C036,RIO REFUGIO - SALAR SURIRE,0.22368469062682966,0.22368469062682966,0,100,99,1,neutral
eva_adaptive_open,19,EP-I10,GRAN AVENIDA,C077,RICARDO VIAL,0.22334495183243977,0.22334495183243977,0,101,100,1,neutral
eva_adaptive_open,19,EP-I10,GRAN AVENIDA,C045,PORTO ALEGRE,0.2070448874311994,0.2070448874311994,0,102,101,1,neutral
eva_adaptive_open,19,EP-I10,GRAN AVENIDA,C018,LA PRIMAVERA,0.18729403797436894,0.18729403797436894,0,103,102,1,neutral
eva_adaptive_open,19,EP-I10,GRAN AVENIDA,C016,JUANITA,0.18668961975965365,0.18668961975965365,0,104,103,1,neutral
eva_adaptive_open,19,EP-I10,GRAN AVENIDA,C025,LOS DURAZNOS,0.17779517513220938,0.17779517513220938,0,105,104,1,neutral
eva_adaptive_open,19,EP-I10,GRAN AVENIDA,C073,LOS MORROS,0.16537203853610075,0.16537203853610075,0,106,105,1,neutral
eva_adaptive_open,20,I25,SAN FRANCISCO,I09,GENERAL VELASQUEZ,0.4341813116960046,0.4341813116960046,0,2,1,1,neutral
eva_adaptive_open,20,I25,SAN FRANCISCO,EP-I33,LA CHIMBA,0.4333992278113977,0.4333992278113977,0,3,2,1,neutral
eva_adaptive_open,20,I25,SAN FRANCISCO,I06,DIAGONAL ORIENTE,0.42079086394094195,0.42079086394094195,0,4,3,1,neutral
eva_adaptive_open,20,I25,SAN FRANCISCO,I15,MARTINEZ DE ROZAS,0.4148837713854609,0.4148837713854609,0,5,4,1,neutral
eva_adaptive_open,20,I25,SAN FRANCISCO,C086,LA ESTRELLA,0.40582174457529135,0.40582174457529135,0,6,5,1,neutral
eva_adaptive_open,20,I25,SAN FRANCISCO,I13,LO ESPEJO-RIQUELME,0.39702081269551115,0.3773915727764398,-0.01962923991907134,7,10,-3,substitution_signal
eva_adaptive_open,20,I25,SAN FRANCISCO,C089,J J PEREZ,0.3968492429716954,0.3968492429716954,0,8,6,2,neutral
eva_adaptive_open,20,I25,SAN FRANCISCO,I24,RADAL,0.3941541431777698,0.3941541431777698,0,9,7,2,neutral
eva_adaptive_open,20,I25,SAN FRANCISCO,I29,SANTA ROSA,0.3900683432225069,0.3900683432225069,0,10,8,2,neutral
eva_adaptive_open,20,I25,SAN FRANCISCO,C070,MENDOZA (EX-CORONEL ROBLES),0.3888760372762755,0.3888760372762755,0,11,9,2,neutral
eva_adaptive_open,20,I25,SAN FRANCISCO,C060,ROJAS MAGALLANES,0.377217962582887,0.377217962582887,0,12,11,1,neutral
eva_adaptive_open,20,I25,SAN FRANCISCO,I05,DIAGONAL JOSE MARIA CARO,0.37629945365668416,0.37629945365668416,0,13,12,1,neutral
eva_adaptive_open,20,I25,SAN FRANCISCO,I32,EINSTEIN,0.3746380343850449,0.3746380343850449,0,14,13,1,neutral
eva_adaptive_open,20,I25,SAN FRANCISCO,I17,MATUCANA,0.3714683760149567,0.3714683760149567,0,15,14,1,neutral
eva_adaptive_open,20,I25,SAN FRANCISCO,C006,DOMINGO TOCORNAL,0.36750452488804514,0.36750452488804514,0,16,16,0,neutral
eva_adaptive_open,20,I25,SAN FRANCISCO,C054,VICTORIA,0.3665618678064444,0.3665618678064444,0,17,17,0,neutral
eva_adaptive_open,20,I25,SAN FRANCISCO,C053,CONDELL,0.365804896518357,0.365804896518357,0,18,18,0,neutral
eva_adaptive_open,20,I25,SAN FRANCISCO,I31,FERNANDEZ ALBANO,0.3607126285891027,0.3067365280286479,-0.053976100560454765,19,47,-28,substitution_signal
eva_adaptive_open,20,I25,SAN FRANCISCO,I14,LO OVALLE,0.358325879724252,0.36857227813239,0.010246398408138013,20,15,5,complementarity_signal
eva_adaptive_open,20,I25,SAN FRANCISCO,C063,LONGITUDINAL,0.3582564854774885,0.3582564854774885,0,21,19,2,neutral
eva_adaptive_open,20,I25,SAN FRANCISCO,C056,TEMUCO - TORO MAZOTTE,0.35677635060669255,0.35677635060669255,0,22,20,2,neutral
eva_adaptive_open,20,I25,SAN FRANCISCO,I02,CARLOS VALDOVINOS,0.35528620955926693,0.35528620955926693,0,23,21,2,neutral
eva_adaptive_open,20,I25,SAN FRANCISCO,I08,GENERAL OSCAR BONILLA,0.3534852174985045,0.3534852174985045,0,24,22,2,neutral
eva_adaptive_open,20,I25,SAN FRANCISCO,C083,ORIENTAL-LAS PARCELAS,0.35096605726932234,0.35096605726932234,0,25,23,2,neutral
eva_adaptive_open,20,I25,SAN FRANCISCO,C014,JOSE DOMINGO CAÑAS,0.3453428032423394,0.3453428032423394,0,26,24,2,neutral
eva_adaptive_open,20,I25,SAN FRANCISCO,C035,PRODIVENCIA,0.34424095963098794,0.34424095963098794,0,27,25,2,neutral
eva_adaptive_open,20,I25,SAN FRANCISCO,C011,EYZAGUIRRE,0.3437616552822007,0.3437616552822007,0,28,26,2,neutral
eva_adaptive_open,20,I25,SAN FRANCISCO,C049,FEDERICO ERRÁZURIZ (EX SERRANO),0.34191679647195344,0.34191679647195344,0,29,27,2,neutral
eva_adaptive_open,20,I25,SAN FRANCISCO,C072,COVADONGA,0.34184299216241604,0.34184299216241604,0,30,28,2,neutral
eva_adaptive_open,20,I25,SAN FRANCISCO,C081,SAN GREGORIO - DIEGO MEZA,0.33963084464003285,0.33963084464003285,0,31,29,2,neutral
eva_adaptive_open,20,I25,SAN FRANCISCO,C057,PADRE VICENTE IRARRAZABAL - MANUEL CHACON,0.33451933997214295,0.33451933997214295,0,32,30,2,neutral
eva_adaptive_open,20,I25,SAN FRANCISCO,C029,MARIA ELENA,0.33369142766625387,0.33369142766625387,0,33,31,2,neutral
eva_adaptive_open,20,I25,SAN FRANCISCO,C043,NEPTUNO,0.33367397332944054,0.33367397332944054,0,34,32,2,neutral
eva_adaptive_open,20,I25,SAN FRANCISCO,C061,EL PINAR,0.3314808748748323,0.3314808748748323,0,35,33,2,neutral
eva_adaptive_open,20,I25,SAN FRANCISCO,C058,ANTONIO EBNER-BARROS ARANA,0.32780814449325085,0.32780814449325085,0,36,34,2,neutral
eva_adaptive_open,20,I25,SAN FRANCISCO,I07,EL GUANACO,0.3235831019219907,0.3235831019219907,0,37,35,2,neutral
eva_adaptive_open,20,I25,SAN FRANCISCO,C032,OBISPO MANUEL UMAÑA,0.32156060149077254,0.32156060149077254,0,38,37,1,neutral
eva_adaptive_open,20,I25,SAN FRANCISCO,C007,EDUARDO CASTILLO VELASCO,0.3209682481807713,0.3209682481807713,0,39,38,1,neutral
eva_adaptive_open,20,I25,SAN FRANCISCO,C084,EL PINO - UNO SUR,0.3189985636355794,0.30047126787027795,-0.018527295765301433,40,60,-20,substitution_signal
eva_adaptive_open,20,I25,SAN FRANCISCO,I18,NUEVA IMPERIAL,0.31746948982985224,0.31746948982985224,0,41,39,2,neutral
eva_adaptive_open,20,I25,SAN FRANCISCO,C024,LOS ARRAYANES - LOS COPIHUES,0.3164169532190636,0.3164169532190636,0,42,40,2,neutral
eva_adaptive_open,20,I25,SAN FRANCISCO,C40,VICUÑA MACKENNA - SAN MARTIN,0.3163360869516046,0.3163360869516046,0,43,41,2,neutral
eva_adaptive_open,20,I25,SAN FRANCISCO,C074,URETA COX,0.31449957814869145,0.31449957814869145,0,44,42,2,neutral
eva_adaptive_open,20,I25,SAN FRANCISCO,C001,SAN EUGENIO,0.31315225632030524,0.31315225632030524,0,45,43,2,neutral
eva_adaptive_open,20,I25,SAN FRANCISCO,C005,CORONEL ALEJANDRO SEPULVEDA,0.3106497256836105,0.3106497256836105,0,46,44,2,neutral
eva_adaptive_open,20,I25,SAN FRANCISCO,C033,OBSERVATORIO,0.3084648310861465,0.3084648310861465,0,47,45,2,neutral
eva_adaptive_open,20,I25,SAN FRANCISCO,C050,MAR DE DRAKE,0.30811479039196454,0.30811479039196454,0,48,46,2,neutral
eva_adaptive_open,20,I25,SAN FRANCISCO,C023,AVENIDA DORSAL,0.3066800306129391,0.3066800306129391,0,49,48,1,neutral
eva_adaptive_open,20,I25,SAN FRANCISCO,C088,ÑUBLE,0.3063521640095162,0.3063521640095162,0,50,50,0,neutral
eva_adaptive_open,20,I25,SAN FRANCISCO,C034,PEDRO LEON UGALDE,0.3059054946388892,0.3059054946388892,0,51,51,0,neutral
eva_adaptive_open,20,I25,SAN FRANCISCO,C028,MADRID,0.3057705925608732,0.3057705925608732,0,52,52,0,neutral
eva_adaptive_open,20,I25,SAN FRANCISCO,C020,LATINOAMERICA - PINTOR MURILLO - FRANCISCO TOLEDO,0.3053874986899725,0.3053874986899725,0,53,53,0,neutral
eva_adaptive_open,20,I25,SAN FRANCISCO,C019,LAS HIJUELAS SUR - LIBERTADOR BERNARDO OHIGGINS,0.3046576882387051,0.3046576882387051,0,54,54,0,neutral
eva_adaptive_open,20,I25,SAN FRANCISCO,C015,JOSE MANUEL GUZMAN,0.3038738968969849,0.3038738968969849,0,55,55,0,neutral
eva_adaptive_open,20,I25,SAN FRANCISCO,C030,MAULE,0.30333268447544404,0.30333268447544404,0,56,56,0,neutral
eva_adaptive_open,20,I25,SAN FRANCISCO,C037,SAN ALFONSO,0.3032697592490899,0.3032697592490899,0,57,57,0,neutral
eva_adaptive_open,20,I25,SAN FRANCISCO,C042,PRINCIPE DE GALES,0.3015275299366899,0.3015275299366899,0,58,58,0,neutral
eva_adaptive_open,20,I25,SAN FRANCISCO,C076,ISLA DECEPCION,0.3008300476650675,0.3008300476650675,0,59,59,0,neutral
eva_adaptive_open,20,I25,SAN FRANCISCO,C003,CONCHA Y TORO,0.29879828061632957,0.29879828061632957,0,60,61,-1,neutral
eva_adaptive_open,20,I25,SAN FRANCISCO,C039,TUPUNGATO,0.2972177850899593,0.2972177850899593,0,61,62,-1,neutral
eva_adaptive_open,20,I25,SAN FRANCISCO,C064,SILVA CARVALLO - SANTA ELENA,0.29671303455212084,0.29671303455212084,0,62,63,-1,neutral
eva_adaptive_open,20,I25,SAN FRANCISCO,C026,LOS MAITENES,0.29619911153987877,0.29619911153987877,0,63,64,-1,neutral
eva_adaptive_open,20,I25,SAN FRANCISCO,C038,TALCAHUANO - SANTA INES - LOS EDILES,0.29573880114313694,0.29573880114313694,0,64,65,-1,neutral
eva_adaptive_open,20,I25,SAN FRANCISCO,C031,NECOCHEA,0.2942204983522875,0.2942204983522875,0,65,66,-1,neutral
eva_adaptive_open,20,I25,SAN FRANCISCO,C065,NUEVA SAN MARTIN,0.29384044783423063,0.29384044783423063,0,66,67,-1,neutral
eva_adaptive_open,20,I25,SAN FRANCISCO,C079,LAS AMERICAS,0.2935581354089318,0.2935581354089318,0,67,68,-1,neutral
eva_adaptive_open,20,I25,SAN FRANCISCO,C044,LOS CERRILLOS,0.2931210475714493,0.2931210475714493,0,68,69,-1,neutral
eva_adaptive_open,20,I25,SAN FRANCISCO,C013,HEROES DE LA CONCEPCION,0.29161502323158384,0.29161502323158384,0,69,70,-1,neutral
eva_adaptive_open,20,I25,SAN FRANCISCO,C004,CONSISTORIAL,0.29093172378697835,0.29093172378697835,0,70,71,-1,neutral
eva_adaptive_open,20,I25,SAN FRANCISCO,C027,LOS PRESIDENTES,0.2903073892430075,0.2903073892430075,0,71,72,-1,neutral
eva_adaptive_open,20,I25,SAN FRANCISCO,C090,SANTO DOMINGO,0.2900617837756913,0.2900617837756913,0,72,73,-1,neutral
eva_adaptive_open,20,I25,SAN FRANCISCO,I23,PETERSEN - VICUÑA MACKENNA,0.28720997267232284,0.28720997267232284,0,73,74,-1,neutral
eva_adaptive_open,20,I25,SAN FRANCISCO,C022,LLANURA  - EL DESIERTO,0.2832694397879176,0.2832694397879176,0,74,75,-1,neutral
eva_adaptive_open,20,I25,SAN FRANCISCO,C021,LAUTARO,0.28261575863884686,0.24315278721380412,-0.03946297142504274,75,89,-14,substitution_signal
eva_adaptive_open,20,I25,SAN FRANCISCO,C046,EUCALIPTOS,0.28018177357498764,0.28018177357498764,0,76,76,0,neutral
eva_adaptive_open,20,I25,SAN FRANCISCO,I28,SANTA RAQUEL,0.2776962274862046,0.2776962274862046,0,77,77,0,neutral
eva_adaptive_open,20,I25,SAN FRANCISCO,C052,BAQUEDANO - POSTALES ORIENTE,0.2725119994529144,0.2725119994529144,0,78,78,0,neutral
eva_adaptive_open,20,I25,SAN FRANCISCO,C047,VIOLETA PARRA,0.2648001936107111,0.32192692159440883,0.05712672798369772,79,36,43,complementarity_signal
eva_adaptive_open,20,I25,SAN FRANCISCO,C078,WALDO TAFF,0.2640982140605202,0.2640982140605202,0,80,79,1,neutral
eva_adaptive_open,20,I25,SAN FRANCISCO,C010,ESQ BLANCA - ALBERTO LLONA,0.26262962253258254,0.26262962253258254,0,81,80,1,neutral
eva_adaptive_open,20,I25,SAN FRANCISCO,C069,LOS OLMOS,0.2594151168255869,0.2594151168255869,0,82,81,1,neutral
eva_adaptive_open,20,I25,SAN FRANCISCO,C009,EL ROSAL - SANTA ELENA,0.258292338870139,0.258292338870139,0,83,82,1,neutral
eva_adaptive_open,20,I25,SAN FRANCISCO,C002,CAPITAN IGNACIO CARRERA PINTO,0.2546555618818747,0.2546555618818747,0,84,83,1,neutral
eva_adaptive_open,20,I25,SAN FRANCISCO,C048,GENERAL ARRIAGADA,0.2517348978903142,0.2517348978903142,0,85,84,1,neutral
eva_adaptive_open,20,I25,SAN FRANCISCO,C085,LOS LIBERTADORES,0.25151437825336925,0.25151437825336925,0,86,85,1,neutral
eva_adaptive_open,20,I25,SAN FRANCISCO,C062,CORONA SUECA,0.2513511863347979,0.2513511863347979,0,87,86,1,neutral
eva_adaptive_open,20,I25,SAN FRANCISCO,C012,GABRIELA ORIENTE,0.2504161476776965,0.2504161476776965,0,88,87,1,neutral
eva_adaptive_open,20,I25,SAN FRANCISCO,I03,CARRASCAL,0.24854515940907576,0.24854515940907576,0,89,88,1,neutral
eva_adaptive_open,20,I25,SAN FRANCISCO,C071,BARROS ARANA,0.24263265222575167,0.24263265222575167,0,90,90,0,neutral
eva_adaptive_open,20,I25,SAN FRANCISCO,C082,CAUPOLICAN,0.24201028797730914,0.24201028797730914,0,91,91,0,neutral
eva_adaptive_open,20,I25,SAN FRANCISCO,C080,PARAGUAY,0.2404621201898296,0.3065842808037552,0.06612216061392562,92,49,43,complementarity_signal
eva_adaptive_open,20,I25,SAN FRANCISCO,C041,VISTA HERMOSA,0.23729046079619398,0.23729046079619398,0,93,92,1,neutral
eva_adaptive_open,20,I25,SAN FRANCISCO,C087,SALVADOR GUTIERREZ,0.23167583897026392,0.23167583897026392,0,94,93,1,neutral
eva_adaptive_open,20,I25,SAN FRANCISCO,C017,LA PARINACOTA,0.2279533954363316,0.2279533954363316,0,95,94,1,neutral
eva_adaptive_open,20,I25,SAN FRANCISCO,C051,JOSE MIGUEL INFANTE - DOMINGO STA MARIA,0.22770327755636682,0.22770327755636682,0,96,95,1,neutral
eva_adaptive_open,20,I25,SAN FRANCISCO,C008,EL CERRO,0.22664145134727998,0.22664145134727998,0,97,96,1,neutral
eva_adaptive_open,20,I25,SAN FRANCISCO,C055,ARTURO PRAT,0.22407331213030995,0.22407331213030995,0,98,97,1,neutral
eva_adaptive_open,20,I25,SAN FRANCISCO,C036,RIO REFUGIO - SALAR SURIRE,0.22368469062682966,0.22368469062682966,0,99,98,1,neutral
eva_adaptive_open,20,I25,SAN FRANCISCO,C077,RICARDO VIAL,0.22334495183243977,0.22334495183243977,0,100,99,1,neutral
eva_adaptive_open,20,I25,SAN FRANCISCO,C045,PORTO ALEGRE,0.2070448874311994,0.2070448874311994,0,101,100,1,neutral
eva_adaptive_open,20,I25,SAN FRANCISCO,C018,LA PRIMAVERA,0.18729403797436894,0.18729403797436894,0,102,101,1,neutral
eva_adaptive_open,20,I25,SAN FRANCISCO,C016,JUANITA,0.18668961975965365,0.18668961975965365,0,103,102,1,neutral
eva_adaptive_open,20,I25,SAN FRANCISCO,C025,LOS DURAZNOS,0.17779517513220938,0.17779517513220938,0,104,103,1,neutral
eva_adaptive_open,20,I25,SAN FRANCISCO,C073,LOS MORROS,0.16537203853610075,0.16537203853610075,0,105,104,1,neutral
eva_adaptive_open,21,I09,GENERAL VELASQUEZ,EP-I33,LA CHIMBA,0.4333992278113977,0.4333992278113977,0,2,1,1,neutral
eva_adaptive_open,21,I09,GENERAL VELASQUEZ,I06,DIAGONAL ORIENTE,0.42079086394094195,0.42079086394094195,0,3,2,1,neutral
eva_adaptive_open,21,I09,GENERAL VELASQUEZ,I15,MARTINEZ DE ROZAS,0.4148837713854609,0.4148837713854609,0,4,3,1,neutral
eva_adaptive_open,21,I09,GENERAL VELASQUEZ,C086,LA ESTRELLA,0.40582174457529135,0.40582174457529135,0,5,4,1,neutral
eva_adaptive_open,21,I09,GENERAL VELASQUEZ,C089,J J PEREZ,0.3968492429716954,0.3968492429716954,0,6,5,1,neutral
eva_adaptive_open,21,I09,GENERAL VELASQUEZ,I24,RADAL,0.3941541431777698,0.3941541431777698,0,7,6,1,neutral
eva_adaptive_open,21,I09,GENERAL VELASQUEZ,I29,SANTA ROSA,0.3900683432225069,0.3900683432225069,0,8,7,1,neutral
eva_adaptive_open,21,I09,GENERAL VELASQUEZ,C070,MENDOZA (EX-CORONEL ROBLES),0.3888760372762755,0.3888760372762755,0,9,8,1,neutral
eva_adaptive_open,21,I09,GENERAL VELASQUEZ,I13,LO ESPEJO-RIQUELME,0.3773915727764398,0.3452231117284989,-0.03216846104794091,10,22,-12,substitution_signal
eva_adaptive_open,21,I09,GENERAL VELASQUEZ,C060,ROJAS MAGALLANES,0.377217962582887,0.377217962582887,0,11,9,2,neutral
eva_adaptive_open,21,I09,GENERAL VELASQUEZ,I05,DIAGONAL JOSE MARIA CARO,0.37629945365668416,0.37629945365668416,0,12,10,2,neutral
eva_adaptive_open,21,I09,GENERAL VELASQUEZ,I32,EINSTEIN,0.3746380343850449,0.3746380343850449,0,13,11,2,neutral
eva_adaptive_open,21,I09,GENERAL VELASQUEZ,I17,MATUCANA,0.3714683760149567,0.3714683760149567,0,14,12,2,neutral
eva_adaptive_open,21,I09,GENERAL VELASQUEZ,I14,LO OVALLE,0.36857227813239,0.3440689243043107,-0.024503353828079333,15,24,-9,substitution_signal
eva_adaptive_open,21,I09,GENERAL VELASQUEZ,C006,DOMINGO TOCORNAL,0.36750452488804514,0.36750452488804514,0,16,13,3,neutral
eva_adaptive_open,21,I09,GENERAL VELASQUEZ,C054,VICTORIA,0.3665618678064444,0.3665618678064444,0,17,14,3,neutral
eva_adaptive_open,21,I09,GENERAL VELASQUEZ,C053,CONDELL,0.365804896518357,0.365804896518357,0,18,15,3,neutral
eva_adaptive_open,21,I09,GENERAL VELASQUEZ,C063,LONGITUDINAL,0.3582564854774885,0.3582564854774885,0,19,16,3,neutral
eva_adaptive_open,21,I09,GENERAL VELASQUEZ,C056,TEMUCO - TORO MAZOTTE,0.35677635060669255,0.35677635060669255,0,20,17,3,neutral
eva_adaptive_open,21,I09,GENERAL VELASQUEZ,I02,CARLOS VALDOVINOS,0.35528620955926693,0.35528620955926693,0,21,18,3,neutral
eva_adaptive_open,21,I09,GENERAL VELASQUEZ,I08,GENERAL OSCAR BONILLA,0.3534852174985045,0.3534852174985045,0,22,19,3,neutral
eva_adaptive_open,21,I09,GENERAL VELASQUEZ,C083,ORIENTAL-LAS PARCELAS,0.35096605726932234,0.35096605726932234,0,23,20,3,neutral
eva_adaptive_open,21,I09,GENERAL VELASQUEZ,C014,JOSE DOMINGO CAÑAS,0.3453428032423394,0.3453428032423394,0,24,21,3,neutral
eva_adaptive_open,21,I09,GENERAL VELASQUEZ,C035,PRODIVENCIA,0.34424095963098794,0.34424095963098794,0,25,23,2,neutral
eva_adaptive_open,21,I09,GENERAL VELASQUEZ,C011,EYZAGUIRRE,0.3437616552822007,0.3437616552822007,0,26,25,1,neutral
eva_adaptive_open,21,I09,GENERAL VELASQUEZ,C049,FEDERICO ERRÁZURIZ (EX SERRANO),0.34191679647195344,0.34191679647195344,0,27,26,1,neutral
eva_adaptive_open,21,I09,GENERAL VELASQUEZ,C072,COVADONGA,0.34184299216241604,0.34184299216241604,0,28,27,1,neutral
eva_adaptive_open,21,I09,GENERAL VELASQUEZ,C081,SAN GREGORIO - DIEGO MEZA,0.33963084464003285,0.33963084464003285,0,29,28,1,neutral
eva_adaptive_open,21,I09,GENERAL VELASQUEZ,C057,PADRE VICENTE IRARRAZABAL - MANUEL CHACON,0.33451933997214295,0.33451933997214295,0,30,29,1,neutral
eva_adaptive_open,21,I09,GENERAL VELASQUEZ,C029,MARIA ELENA,0.33369142766625387,0.33369142766625387,0,31,30,1,neutral
eva_adaptive_open,21,I09,GENERAL VELASQUEZ,C043,NEPTUNO,0.33367397332944054,0.33367397332944054,0,32,31,1,neutral
eva_adaptive_open,21,I09,GENERAL VELASQUEZ,C061,EL PINAR,0.3314808748748323,0.3314808748748323,0,33,32,1,neutral
eva_adaptive_open,21,I09,GENERAL VELASQUEZ,C058,ANTONIO EBNER-BARROS ARANA,0.32780814449325085,0.32780814449325085,0,34,33,1,neutral
eva_adaptive_open,21,I09,GENERAL VELASQUEZ,I07,EL GUANACO,0.3235831019219907,0.3235831019219907,0,35,34,1,neutral
eva_adaptive_open,21,I09,GENERAL VELASQUEZ,C047,VIOLETA PARRA,0.32192692159440883,0.32192692159440883,0,36,35,1,neutral
eva_adaptive_open,21,I09,GENERAL VELASQUEZ,C032,OBISPO MANUEL UMAÑA,0.32156060149077254,0.32156060149077254,0,37,36,1,neutral
eva_adaptive_open,21,I09,GENERAL VELASQUEZ,C007,EDUARDO CASTILLO VELASCO,0.3209682481807713,0.3209682481807713,0,38,37,1,neutral
eva_adaptive_open,21,I09,GENERAL VELASQUEZ,I18,NUEVA IMPERIAL,0.31746948982985224,0.31746948982985224,0,39,38,1,neutral
eva_adaptive_open,21,I09,GENERAL VELASQUEZ,C024,LOS ARRAYANES - LOS COPIHUES,0.3164169532190636,0.3164169532190636,0,40,39,1,neutral
eva_adaptive_open,21,I09,GENERAL VELASQUEZ,C40,VICUÑA MACKENNA - SAN MARTIN,0.3163360869516046,0.3163360869516046,0,41,40,1,neutral
eva_adaptive_open,21,I09,GENERAL VELASQUEZ,C074,URETA COX,0.31449957814869145,0.31449957814869145,0,42,41,1,neutral
eva_adaptive_open,21,I09,GENERAL VELASQUEZ,C001,SAN EUGENIO,0.31315225632030524,0.31315225632030524,0,43,42,1,neutral
eva_adaptive_open,21,I09,GENERAL VELASQUEZ,C005,CORONEL ALEJANDRO SEPULVEDA,0.3106497256836105,0.3106497256836105,0,44,43,1,neutral
eva_adaptive_open,21,I09,GENERAL VELASQUEZ,C033,OBSERVATORIO,0.3084648310861465,0.3084648310861465,0,45,44,1,neutral
eva_adaptive_open,21,I09,GENERAL VELASQUEZ,C050,MAR DE DRAKE,0.30811479039196454,0.30811479039196454,0,46,45,1,neutral
eva_adaptive_open,21,I09,GENERAL VELASQUEZ,I31,FERNANDEZ ALBANO,0.3067365280286479,0.3067365280286479,0,47,46,1,neutral
eva_adaptive_open,21,I09,GENERAL VELASQUEZ,C023,AVENIDA DORSAL,0.3066800306129391,0.3066800306129391,0,48,47,1,neutral
eva_adaptive_open,21,I09,GENERAL VELASQUEZ,C080,PARAGUAY,0.3065842808037552,0.3065842808037552,0,49,48,1,neutral
eva_adaptive_open,21,I09,GENERAL VELASQUEZ,C088,ÑUBLE,0.3063521640095162,0.3063521640095162,0,50,49,1,neutral
eva_adaptive_open,21,I09,GENERAL VELASQUEZ,C034,PEDRO LEON UGALDE,0.3059054946388892,0.3059054946388892,0,51,50,1,neutral
eva_adaptive_open,21,I09,GENERAL VELASQUEZ,C028,MADRID,0.3057705925608732,0.3057705925608732,0,52,51,1,neutral
eva_adaptive_open,21,I09,GENERAL VELASQUEZ,C020,LATINOAMERICA - PINTOR MURILLO - FRANCISCO TOLEDO,0.3053874986899725,0.3053874986899725,0,53,52,1,neutral
eva_adaptive_open,21,I09,GENERAL VELASQUEZ,C019,LAS HIJUELAS SUR - LIBERTADOR BERNARDO OHIGGINS,0.3046576882387051,0.3046576882387051,0,54,53,1,neutral
eva_adaptive_open,21,I09,GENERAL VELASQUEZ,C015,JOSE MANUEL GUZMAN,0.3038738968969849,0.3038738968969849,0,55,54,1,neutral
eva_adaptive_open,21,I09,GENERAL VELASQUEZ,C030,MAULE,0.30333268447544404,0.30333268447544404,0,56,55,1,neutral
eva_adaptive_open,21,I09,GENERAL VELASQUEZ,C037,SAN ALFONSO,0.3032697592490899,0.3032697592490899,0,57,56,1,neutral
eva_adaptive_open,21,I09,GENERAL VELASQUEZ,C042,PRINCIPE DE GALES,0.3015275299366899,0.3015275299366899,0,58,57,1,neutral
eva_adaptive_open,21,I09,GENERAL VELASQUEZ,C076,ISLA DECEPCION,0.3008300476650675,0.3008300476650675,0,59,58,1,neutral
eva_adaptive_open,21,I09,GENERAL VELASQUEZ,C084,EL PINO - UNO SUR,0.30047126787027795,0.30047126787027795,0,60,59,1,neutral
eva_adaptive_open,21,I09,GENERAL VELASQUEZ,C003,CONCHA Y TORO,0.29879828061632957,0.29879828061632957,0,61,60,1,neutral
eva_adaptive_open,21,I09,GENERAL VELASQUEZ,C039,TUPUNGATO,0.2972177850899593,0.2972177850899593,0,62,61,1,neutral
eva_adaptive_open,21,I09,GENERAL VELASQUEZ,C064,SILVA CARVALLO - SANTA ELENA,0.29671303455212084,0.29671303455212084,0,63,62,1,neutral
eva_adaptive_open,21,I09,GENERAL VELASQUEZ,C026,LOS MAITENES,0.29619911153987877,0.29619911153987877,0,64,63,1,neutral
eva_adaptive_open,21,I09,GENERAL VELASQUEZ,C038,TALCAHUANO - SANTA INES - LOS EDILES,0.29573880114313694,0.29573880114313694,0,65,64,1,neutral
eva_adaptive_open,21,I09,GENERAL VELASQUEZ,C031,NECOCHEA,0.2942204983522875,0.2942204983522875,0,66,65,1,neutral
eva_adaptive_open,21,I09,GENERAL VELASQUEZ,C065,NUEVA SAN MARTIN,0.29384044783423063,0.29384044783423063,0,67,66,1,neutral
eva_adaptive_open,21,I09,GENERAL VELASQUEZ,C079,LAS AMERICAS,0.2935581354089318,0.2935581354089318,0,68,67,1,neutral
eva_adaptive_open,21,I09,GENERAL VELASQUEZ,C044,LOS CERRILLOS,0.2931210475714493,0.2931210475714493,0,69,68,1,neutral
eva_adaptive_open,21,I09,GENERAL VELASQUEZ,C013,HEROES DE LA CONCEPCION,0.29161502323158384,0.29161502323158384,0,70,69,1,neutral
eva_adaptive_open,21,I09,GENERAL VELASQUEZ,C004,CONSISTORIAL,0.29093172378697835,0.29093172378697835,0,71,70,1,neutral
eva_adaptive_open,21,I09,GENERAL VELASQUEZ,C027,LOS PRESIDENTES,0.2903073892430075,0.2903073892430075,0,72,71,1,neutral
eva_adaptive_open,21,I09,GENERAL VELASQUEZ,C090,SANTO DOMINGO,0.2900617837756913,0.2900617837756913,0,73,72,1,neutral
eva_adaptive_open,21,I09,GENERAL VELASQUEZ,I23,PETERSEN - VICUÑA MACKENNA,0.28720997267232284,0.28720997267232284,0,74,73,1,neutral
eva_adaptive_open,21,I09,GENERAL VELASQUEZ,C022,LLANURA  - EL DESIERTO,0.2832694397879176,0.2832694397879176,0,75,74,1,neutral
eva_adaptive_open,21,I09,GENERAL VELASQUEZ,C046,EUCALIPTOS,0.28018177357498764,0.28018177357498764,0,76,75,1,neutral
eva_adaptive_open,21,I09,GENERAL VELASQUEZ,I28,SANTA RAQUEL,0.2776962274862046,0.2776962274862046,0,77,76,1,neutral
eva_adaptive_open,21,I09,GENERAL VELASQUEZ,C052,BAQUEDANO - POSTALES ORIENTE,0.2725119994529144,0.2725119994529144,0,78,77,1,neutral
eva_adaptive_open,21,I09,GENERAL VELASQUEZ,C078,WALDO TAFF,0.2640982140605202,0.2640982140605202,0,79,78,1,neutral
eva_adaptive_open,21,I09,GENERAL VELASQUEZ,C010,ESQ BLANCA - ALBERTO LLONA,0.26262962253258254,0.26262962253258254,0,80,79,1,neutral
eva_adaptive_open,21,I09,GENERAL VELASQUEZ,C069,LOS OLMOS,0.2594151168255869,0.2594151168255869,0,81,80,1,neutral
eva_adaptive_open,21,I09,GENERAL VELASQUEZ,C009,EL ROSAL - SANTA ELENA,0.258292338870139,0.258292338870139,0,82,81,1,neutral
eva_adaptive_open,21,I09,GENERAL VELASQUEZ,C002,CAPITAN IGNACIO CARRERA PINTO,0.2546555618818747,0.2546555618818747,0,83,82,1,neutral
eva_adaptive_open,21,I09,GENERAL VELASQUEZ,C048,GENERAL ARRIAGADA,0.2517348978903142,0.2517348978903142,0,84,83,1,neutral
eva_adaptive_open,21,I09,GENERAL VELASQUEZ,C085,LOS LIBERTADORES,0.25151437825336925,0.25151437825336925,0,85,84,1,neutral
eva_adaptive_open,21,I09,GENERAL VELASQUEZ,C062,CORONA SUECA,0.2513511863347979,0.2513511863347979,0,86,85,1,neutral
eva_adaptive_open,21,I09,GENERAL VELASQUEZ,C012,GABRIELA ORIENTE,0.2504161476776965,0.2504161476776965,0,87,86,1,neutral
eva_adaptive_open,21,I09,GENERAL VELASQUEZ,I03,CARRASCAL,0.24854515940907576,0.24854515940907576,0,88,87,1,neutral
eva_adaptive_open,21,I09,GENERAL VELASQUEZ,C021,LAUTARO,0.24315278721380412,0.24315278721380412,0,89,88,1,neutral
eva_adaptive_open,21,I09,GENERAL VELASQUEZ,C071,BARROS ARANA,0.24263265222575167,0.24263265222575167,0,90,89,1,neutral
eva_adaptive_open,21,I09,GENERAL VELASQUEZ,C082,CAUPOLICAN,0.24201028797730914,0.24201028797730914,0,91,90,1,neutral
eva_adaptive_open,21,I09,GENERAL VELASQUEZ,C041,VISTA HERMOSA,0.23729046079619398,0.23729046079619398,0,92,91,1,neutral
eva_adaptive_open,21,I09,GENERAL VELASQUEZ,C087,SALVADOR GUTIERREZ,0.23167583897026392,0.23167583897026392,0,93,92,1,neutral
eva_adaptive_open,21,I09,GENERAL VELASQUEZ,C017,LA PARINACOTA,0.2279533954363316,0.2279533954363316,0,94,93,1,neutral
eva_adaptive_open,21,I09,GENERAL VELASQUEZ,C051,JOSE MIGUEL INFANTE - DOMINGO STA MARIA,0.22770327755636682,0.22770327755636682,0,95,94,1,neutral
eva_adaptive_open,21,I09,GENERAL VELASQUEZ,C008,EL CERRO,0.22664145134727998,0.22664145134727998,0,96,95,1,neutral
eva_adaptive_open,21,I09,GENERAL VELASQUEZ,C055,ARTURO PRAT,0.22407331213030995,0.22407331213030995,0,97,96,1,neutral
eva_adaptive_open,21,I09,GENERAL VELASQUEZ,C036,RIO REFUGIO - SALAR SURIRE,0.22368469062682966,0.22368469062682966,0,98,97,1,neutral
eva_adaptive_open,21,I09,GENERAL VELASQUEZ,C077,RICARDO VIAL,0.22334495183243977,0.22334495183243977,0,99,98,1,neutral
eva_adaptive_open,21,I09,GENERAL VELASQUEZ,C045,PORTO ALEGRE,0.2070448874311994,0.2070448874311994,0,100,99,1,neutral
eva_adaptive_open,21,I09,GENERAL VELASQUEZ,C018,LA PRIMAVERA,0.18729403797436894,0.18729403797436894,0,101,100,1,neutral
eva_adaptive_open,21,I09,GENERAL VELASQUEZ,C016,JUANITA,0.18668961975965365,0.18668961975965365,0,102,101,1,neutral
eva_adaptive_open,21,I09,GENERAL VELASQUEZ,C025,LOS DURAZNOS,0.17779517513220938,0.17779517513220938,0,103,102,1,neutral
eva_adaptive_open,21,I09,GENERAL VELASQUEZ,C073,LOS MORROS,0.16537203853610075,0.16537203853610075,0,104,103,1,neutral
eva_adaptive_open,22,EP-I33,LA CHIMBA,I06,DIAGONAL ORIENTE,0.42079086394094195,0.42079086394094195,0,2,3,-1,neutral
eva_adaptive_open,22,EP-I33,LA CHIMBA,I15,MARTINEZ DE ROZAS,0.4148837713854609,0.4148837713854609,0,3,5,-2,neutral
eva_adaptive_open,22,EP-I33,LA CHIMBA,C086,LA ESTRELLA,0.40582174457529135,0.49707937215384324,0.09125762757855188,4,1,3,complementarity_signal
eva_adaptive_open,22,EP-I33,LA CHIMBA,C089,J J PEREZ,0.3968492429716954,0.3968492429716954,0,5,6,-1,neutral
eva_adaptive_open,22,EP-I33,LA CHIMBA,I24,RADAL,0.3941541431777698,0.3941541431777698,0,6,7,-1,neutral
eva_adaptive_open,22,EP-I33,LA CHIMBA,I29,SANTA ROSA,0.3900683432225069,0.3900683432225069,0,7,8,-1,neutral
eva_adaptive_open,22,EP-I33,LA CHIMBA,C070,MENDOZA (EX-CORONEL ROBLES),0.3888760372762755,0.3832790223509024,-0.005597014925373123,8,9,-1,substitution_signal
eva_adaptive_open,22,EP-I33,LA CHIMBA,C060,ROJAS MAGALLANES,0.377217962582887,0.377217962582887,0,9,10,-1,neutral
eva_adaptive_open,22,EP-I33,LA CHIMBA,I05,DIAGONAL JOSE MARIA CARO,0.37629945365668416,0.37070243873131103,-0.005597014925373123,10,12,-2,substitution_signal
eva_adaptive_open,22,EP-I33,LA CHIMBA,I32,EINSTEIN,0.3746380343850449,0.3690410194596717,-0.005597014925373178,11,13,-2,substitution_signal
eva_adaptive_open,22,EP-I33,LA CHIMBA,I17,MATUCANA,0.3714683760149567,0.3714683760149567,0,12,11,1,neutral
eva_adaptive_open,22,EP-I33,LA CHIMBA,C006,DOMINGO TOCORNAL,0.36750452488804514,0.36750452488804514,0,13,14,-1,neutral
eva_adaptive_open,22,EP-I33,LA CHIMBA,C054,VICTORIA,0.3665618678064444,0.3665618678064444,0,14,15,-1,neutral
eva_adaptive_open,22,EP-I33,LA CHIMBA,C053,CONDELL,0.365804896518357,0.3602078815929839,-0.005597014925373123,15,16,-1,substitution_signal
eva_adaptive_open,22,EP-I33,LA CHIMBA,C063,LONGITUDINAL,0.3582564854774885,0.3526594705521154,-0.005597014925373123,16,19,-3,substitution_signal
eva_adaptive_open,22,EP-I33,LA CHIMBA,C056,TEMUCO - TORO MAZOTTE,0.35677635060669255,0.3511793356813194,-0.005597014925373123,17,20,-3,substitution_signal
eva_adaptive_open,22,EP-I33,LA CHIMBA,I02,CARLOS VALDOVINOS,0.35528620955926693,0.35528620955926693,0,18,17,1,neutral
eva_adaptive_open,22,EP-I33,LA CHIMBA,I08,GENERAL OSCAR BONILLA,0.3534852174985045,0.3534852174985045,0,19,18,1,neutral
eva_adaptive_open,22,EP-I33,LA CHIMBA,C083,ORIENTAL-LAS PARCELAS,0.35096605726932234,0.35096605726932234,0,20,21,-1,neutral
eva_adaptive_open,22,EP-I33,LA CHIMBA,C014,JOSE DOMINGO CAÑAS,0.3453428032423394,0.3453428032423394,0,21,22,-1,neutral
eva_adaptive_open,22,EP-I33,LA CHIMBA,I13,LO ESPEJO-RIQUELME,0.3452231117284989,0.3452231117284989,0,22,23,-1,neutral
eva_adaptive_open,22,EP-I33,LA CHIMBA,C035,PRODIVENCIA,0.34424095963098794,0.3386439447056148,-0.005597014925373123,23,28,-5,substitution_signal
eva_adaptive_open,22,EP-I33,LA CHIMBA,I14,LO OVALLE,0.3440689243043107,0.3440689243043107,0,24,24,0,neutral
eva_adaptive_open,22,EP-I33,LA CHIMBA,C011,EYZAGUIRRE,0.3437616552822007,0.3437616552822007,0,25,25,0,neutral
eva_adaptive_open,22,EP-I33,LA CHIMBA,C049,FEDERICO ERRÁZURIZ (EX SERRANO),0.34191679647195344,0.3363197815465803,-0.005597014925373123,26,29,-3,substitution_signal
eva_adaptive_open,22,EP-I33,LA CHIMBA,C072,COVADONGA,0.34184299216241604,0.34184299216241604,0,27,26,1,neutral
eva_adaptive_open,22,EP-I33,LA CHIMBA,C081,SAN GREGORIO - DIEGO MEZA,0.33963084464003285,0.33963084464003285,0,28,27,1,neutral
eva_adaptive_open,22,EP-I33,LA CHIMBA,C057,PADRE VICENTE IRARRAZABAL - MANUEL CHACON,0.33451933997214295,0.3289223250467698,-0.005597014925373123,29,32,-3,substitution_signal
eva_adaptive_open,22,EP-I33,LA CHIMBA,C029,MARIA ELENA,0.33369142766625387,0.32809441274088075,-0.005597014925373123,30,33,-3,substitution_signal
eva_adaptive_open,22,EP-I33,LA CHIMBA,C043,NEPTUNO,0.33367397332944054,0.33367397332944054,0,31,30,1,neutral
eva_adaptive_open,22,EP-I33,LA CHIMBA,C061,EL PINAR,0.3314808748748323,0.3314808748748323,0,32,31,1,neutral
eva_adaptive_open,22,EP-I33,LA CHIMBA,C058,ANTONIO EBNER-BARROS ARANA,0.32780814449325085,0.32780814449325085,0,33,34,-1,neutral
eva_adaptive_open,22,EP-I33,LA CHIMBA,I07,EL GUANACO,0.3235831019219907,0.324739680651957,0.0011565787299663288,34,35,-1,complementarity_signal
eva_adaptive_open,22,EP-I33,LA CHIMBA,C047,VIOLETA PARRA,0.32192692159440883,0.32192692159440883,0,35,36,-1,neutral
eva_adaptive_open,22,EP-I33,LA CHIMBA,C032,OBISPO MANUEL UMAÑA,0.32156060149077254,0.3159635865653994,-0.005597014925373123,36,41,-5,substitution_signal
eva_adaptive_open,22,EP-I33,LA CHIMBA,C007,EDUARDO CASTILLO VELASCO,0.3209682481807713,0.3209682481807713,0,37,37,0,neutral
eva_adaptive_open,22,EP-I33,LA CHIMBA,I18,NUEVA IMPERIAL,0.31746948982985224,0.31746948982985224,0,38,38,0,neutral
eva_adaptive_open,22,EP-I33,LA CHIMBA,C024,LOS ARRAYANES - LOS COPIHUES,0.3164169532190636,0.3164169532190636,0,39,39,0,neutral
eva_adaptive_open,22,EP-I33,LA CHIMBA,C40,VICUÑA MACKENNA - SAN MARTIN,0.3163360869516046,0.3163360869516046,0,40,40,0,neutral
eva_adaptive_open,22,EP-I33,LA CHIMBA,C074,URETA COX,0.31449957814869145,0.31449957814869145,0,41,42,-1,neutral
eva_adaptive_open,22,EP-I33,LA CHIMBA,C001,SAN EUGENIO,0.31315225632030524,0.31315225632030524,0,42,43,-1,neutral
eva_adaptive_open,22,EP-I33,LA CHIMBA,C005,CORONEL ALEJANDRO SEPULVEDA,0.3106497256836105,0.3106497256836105,0,43,44,-1,neutral
eva_adaptive_open,22,EP-I33,LA CHIMBA,C033,OBSERVATORIO,0.3084648310861465,0.3084648310861465,0,44,45,-1,neutral
eva_adaptive_open,22,EP-I33,LA CHIMBA,C050,MAR DE DRAKE,0.30811479039196454,0.30811479039196454,0,45,46,-1,neutral
eva_adaptive_open,22,EP-I33,LA CHIMBA,I31,FERNANDEZ ALBANO,0.3067365280286479,0.3067365280286479,0,46,47,-1,neutral
eva_adaptive_open,22,EP-I33,LA CHIMBA,C023,AVENIDA DORSAL,0.3066800306129391,0.3066800306129391,0,47,48,-1,neutral
eva_adaptive_open,22,EP-I33,LA CHIMBA,C080,PARAGUAY,0.3065842808037552,0.3065842808037552,0,48,49,-1,neutral
eva_adaptive_open,22,EP-I33,LA CHIMBA,C088,ÑUBLE,0.3063521640095162,0.3063521640095162,0,49,50,-1,neutral
eva_adaptive_open,22,EP-I33,LA CHIMBA,C034,PEDRO LEON UGALDE,0.3059054946388892,0.3059054946388892,0,50,51,-1,neutral
eva_adaptive_open,22,EP-I33,LA CHIMBA,C028,MADRID,0.3057705925608732,0.3057705925608732,0,51,52,-1,neutral
eva_adaptive_open,22,EP-I33,LA CHIMBA,C020,LATINOAMERICA - PINTOR MURILLO - FRANCISCO TOLEDO,0.3053874986899725,0.3053874986899725,0,52,53,-1,neutral
eva_adaptive_open,22,EP-I33,LA CHIMBA,C019,LAS HIJUELAS SUR - LIBERTADOR BERNARDO OHIGGINS,0.3046576882387051,0.3046576882387051,0,53,54,-1,neutral
eva_adaptive_open,22,EP-I33,LA CHIMBA,C015,JOSE MANUEL GUZMAN,0.3038738968969849,0.3038738968969849,0,54,55,-1,neutral
eva_adaptive_open,22,EP-I33,LA CHIMBA,C030,MAULE,0.30333268447544404,0.30333268447544404,0,55,56,-1,neutral
eva_adaptive_open,22,EP-I33,LA CHIMBA,C037,SAN ALFONSO,0.3032697592490899,0.3032697592490899,0,56,57,-1,neutral
eva_adaptive_open,22,EP-I33,LA CHIMBA,C042,PRINCIPE DE GALES,0.3015275299366899,0.3015275299366899,0,57,58,-1,neutral
eva_adaptive_open,22,EP-I33,LA CHIMBA,C076,ISLA DECEPCION,0.3008300476650675,0.3008300476650675,0,58,59,-1,neutral
eva_adaptive_open,22,EP-I33,LA CHIMBA,C084,EL PINO - UNO SUR,0.30047126787027795,0.30047126787027795,0,59,60,-1,neutral
eva_adaptive_open,22,EP-I33,LA CHIMBA,C003,CONCHA Y TORO,0.29879828061632957,0.29879828061632957,0,60,61,-1,neutral
eva_adaptive_open,22,EP-I33,LA CHIMBA,C039,TUPUNGATO,0.2972177850899593,0.2972177850899593,0,61,62,-1,neutral
eva_adaptive_open,22,EP-I33,LA CHIMBA,C064,SILVA CARVALLO - SANTA ELENA,0.29671303455212084,0.29671303455212084,0,62,63,-1,neutral
eva_adaptive_open,22,EP-I33,LA CHIMBA,C026,LOS MAITENES,0.29619911153987877,0.29619911153987877,0,63,64,-1,neutral
eva_adaptive_open,22,EP-I33,LA CHIMBA,C038,TALCAHUANO - SANTA INES - LOS EDILES,0.29573880114313694,0.29573880114313694,0,64,65,-1,neutral
eva_adaptive_open,22,EP-I33,LA CHIMBA,C031,NECOCHEA,0.2942204983522875,0.2942204983522875,0,65,66,-1,neutral
eva_adaptive_open,22,EP-I33,LA CHIMBA,C065,NUEVA SAN MARTIN,0.29384044783423063,0.29384044783423063,0,66,67,-1,neutral
eva_adaptive_open,22,EP-I33,LA CHIMBA,C079,LAS AMERICAS,0.2935581354089318,0.2935581354089318,0,67,68,-1,neutral
eva_adaptive_open,22,EP-I33,LA CHIMBA,C044,LOS CERRILLOS,0.2931210475714493,0.2931210475714493,0,68,69,-1,neutral
eva_adaptive_open,22,EP-I33,LA CHIMBA,C013,HEROES DE LA CONCEPCION,0.29161502323158384,0.29161502323158384,0,69,70,-1,neutral
eva_adaptive_open,22,EP-I33,LA CHIMBA,C004,CONSISTORIAL,0.29093172378697835,0.29093172378697835,0,70,71,-1,neutral
eva_adaptive_open,22,EP-I33,LA CHIMBA,C027,LOS PRESIDENTES,0.2903073892430075,0.2903073892430075,0,71,72,-1,neutral
eva_adaptive_open,22,EP-I33,LA CHIMBA,C090,SANTO DOMINGO,0.2900617837756913,0.2900617837756913,0,72,73,-1,neutral
eva_adaptive_open,22,EP-I33,LA CHIMBA,I23,PETERSEN - VICUÑA MACKENNA,0.28720997267232284,0.28720997267232284,0,73,74,-1,neutral
eva_adaptive_open,22,EP-I33,LA CHIMBA,C022,LLANURA  - EL DESIERTO,0.2832694397879176,0.2832694397879176,0,74,75,-1,neutral
eva_adaptive_open,22,EP-I33,LA CHIMBA,C046,EUCALIPTOS,0.28018177357498764,0.28018177357498764,0,75,76,-1,neutral
eva_adaptive_open,22,EP-I33,LA CHIMBA,I28,SANTA RAQUEL,0.2776962274862046,0.2776962274862046,0,76,77,-1,neutral
eva_adaptive_open,22,EP-I33,LA CHIMBA,C052,BAQUEDANO - POSTALES ORIENTE,0.2725119994529144,0.2725119994529144,0,77,78,-1,neutral
eva_adaptive_open,22,EP-I33,LA CHIMBA,C078,WALDO TAFF,0.2640982140605202,0.2640982140605202,0,78,79,-1,neutral
eva_adaptive_open,22,EP-I33,LA CHIMBA,C010,ESQ BLANCA - ALBERTO LLONA,0.26262962253258254,0.26262962253258254,0,79,80,-1,neutral
eva_adaptive_open,22,EP-I33,LA CHIMBA,C069,LOS OLMOS,0.2594151168255869,0.2594151168255869,0,80,81,-1,neutral
eva_adaptive_open,22,EP-I33,LA CHIMBA,C009,EL ROSAL - SANTA ELENA,0.258292338870139,0.258292338870139,0,81,82,-1,neutral
eva_adaptive_open,22,EP-I33,LA CHIMBA,C002,CAPITAN IGNACIO CARRERA PINTO,0.2546555618818747,0.2546555618818747,0,82,83,-1,neutral
eva_adaptive_open,22,EP-I33,LA CHIMBA,C048,GENERAL ARRIAGADA,0.2517348978903142,0.2517348978903142,0,83,84,-1,neutral
eva_adaptive_open,22,EP-I33,LA CHIMBA,C085,LOS LIBERTADORES,0.25151437825336925,0.25151437825336925,0,84,85,-1,neutral
eva_adaptive_open,22,EP-I33,LA CHIMBA,C062,CORONA SUECA,0.2513511863347979,0.2513511863347979,0,85,86,-1,neutral
eva_adaptive_open,22,EP-I33,LA CHIMBA,C012,GABRIELA ORIENTE,0.2504161476776965,0.2504161476776965,0,86,87,-1,neutral
eva_adaptive_open,22,EP-I33,LA CHIMBA,I03,CARRASCAL,0.24854515940907576,0.24854515940907576,0,87,88,-1,neutral
eva_adaptive_open,22,EP-I33,LA CHIMBA,C021,LAUTARO,0.24315278721380412,0.24315278721380412,0,88,89,-1,neutral
eva_adaptive_open,22,EP-I33,LA CHIMBA,C071,BARROS ARANA,0.24263265222575167,0.24263265222575167,0,89,90,-1,neutral
eva_adaptive_open,22,EP-I33,LA CHIMBA,C082,CAUPOLICAN,0.24201028797730914,0.4155589571947977,0.17354866921748854,90,4,86,complementarity_signal
eva_adaptive_open,22,EP-I33,LA CHIMBA,C041,VISTA HERMOSA,0.23729046079619398,0.23729046079619398,0,91,91,0,neutral
eva_adaptive_open,22,EP-I33,LA CHIMBA,C087,SALVADOR GUTIERREZ,0.23167583897026392,0.23167583897026392,0,92,92,0,neutral
eva_adaptive_open,22,EP-I33,LA CHIMBA,C017,LA PARINACOTA,0.2279533954363316,0.2279533954363316,0,93,93,0,neutral
eva_adaptive_open,22,EP-I33,LA CHIMBA,C051,JOSE MIGUEL INFANTE - DOMINGO STA MARIA,0.22770327755636682,0.42708821338120667,0.19938493582483985,94,2,92,complementarity_signal
eva_adaptive_open,22,EP-I33,LA CHIMBA,C008,EL CERRO,0.22664145134727998,0.22664145134727998,0,95,94,1,neutral
eva_adaptive_open,22,EP-I33,LA CHIMBA,C055,ARTURO PRAT,0.22407331213030995,0.22407331213030995,0,96,95,1,neutral
eva_adaptive_open,22,EP-I33,LA CHIMBA,C036,RIO REFUGIO - SALAR SURIRE,0.22368469062682966,0.22368469062682966,0,97,96,1,neutral
eva_adaptive_open,22,EP-I33,LA CHIMBA,C077,RICARDO VIAL,0.22334495183243977,0.22334495183243977,0,98,97,1,neutral
eva_adaptive_open,22,EP-I33,LA CHIMBA,C045,PORTO ALEGRE,0.2070448874311994,0.2070448874311994,0,99,98,1,neutral
eva_adaptive_open,22,EP-I33,LA CHIMBA,C018,LA PRIMAVERA,0.18729403797436894,0.18729403797436894,0,100,99,1,neutral
eva_adaptive_open,22,EP-I33,LA CHIMBA,C016,JUANITA,0.18668961975965365,0.18668961975965365,0,101,100,1,neutral
eva_adaptive_open,22,EP-I33,LA CHIMBA,C025,LOS DURAZNOS,0.17779517513220938,0.17779517513220938,0,102,101,1,neutral
eva_adaptive_open,22,EP-I33,LA CHIMBA,C073,LOS MORROS,0.16537203853610075,0.16537203853610075,0,103,102,1,neutral
eva_adaptive_open,23,C086,LA ESTRELLA,C051,JOSE MIGUEL INFANTE - DOMINGO STA MARIA,0.42708821338120667,0.36225545913485363,-0.06483275424635304,2,21,-19,substitution_signal
eva_adaptive_open,23,C086,LA ESTRELLA,I06,DIAGONAL ORIENTE,0.42079086394094195,0.4431789236424345,0.022388059701492546,3,1,2,complementarity_signal
eva_adaptive_open,23,C086,LA ESTRELLA,C082,CAUPOLICAN,0.4155589571947977,0.3343157551872506,-0.08124320200754709,4,33,-29,substitution_signal
eva_adaptive_open,23,C086,LA ESTRELLA,I15,MARTINEZ DE ROZAS,0.4148837713854609,0.4148837713854609,0,5,4,1,neutral
eva_adaptive_open,23,C086,LA ESTRELLA,C089,J J PEREZ,0.3968492429716954,0.42483431759856105,0.02798507462686567,6,2,4,complementarity_signal
eva_adaptive_open,23,C086,LA ESTRELLA,I24,RADAL,0.3941541431777698,0.4154031421910538,0.021248999013283976,7,3,4,complementarity_signal
eva_adaptive_open,23,C086,LA ESTRELLA,I29,SANTA ROSA,0.3900683432225069,0.41245640292399943,0.022388059701492546,8,5,3,complementarity_signal
eva_adaptive_open,23,C086,LA ESTRELLA,C070,MENDOZA (EX-CORONEL ROBLES),0.3832790223509024,0.4050205586776194,0.021741536326716993,9,6,3,complementarity_signal
eva_adaptive_open,23,C086,LA ESTRELLA,C060,ROJAS MAGALLANES,0.377217962582887,0.3996060222843795,0.022388059701492546,10,7,3,complementarity_signal
eva_adaptive_open,23,C086,LA ESTRELLA,I17,MATUCANA,0.3714683760149567,0.38825942079107606,0.016791044776119368,11,13,-2,complementarity_signal
eva_adaptive_open,23,C086,LA ESTRELLA,I05,DIAGONAL JOSE MARIA CARO,0.37070243873131103,0.39309133143635283,0.022388892705041796,12,9,3,complementarity_signal
eva_adaptive_open,23,C086,LA ESTRELLA,I32,EINSTEIN,0.3690410194596717,0.39142907916116426,0.022388059701492546,13,11,2,complementarity_signal
eva_adaptive_open,23,C086,LA ESTRELLA,C006,DOMINGO TOCORNAL,0.36750452488804514,0.38429556966416456,0.016791044776119424,14,16,-2,complementarity_signal
eva_adaptive_open,23,C086,LA ESTRELLA,C054,VICTORIA,0.3665618678064444,0.3889499275079369,0.02238805970149249,15,12,3,complementarity_signal
eva_adaptive_open,23,C086,LA ESTRELLA,C053,CONDELL,0.3602078815929839,0.3937899711452227,0.03358208955223879,16,8,8,complementarity_signal
eva_adaptive_open,23,C086,LA ESTRELLA,I02,CARLOS VALDOVINOS,0.35528620955926693,0.35528620955926693,0,17,25,-8,neutral
eva_adaptive_open,23,C086,LA ESTRELLA,I08,GENERAL OSCAR BONILLA,0.3534852174985045,0.38725473284935025,0.03376951535084577,18,14,4,complementarity_signal
eva_adaptive_open,23,C086,LA ESTRELLA,C063,LONGITUDINAL,0.3526594705521154,0.38639150074323975,0.03373203019112436,19,15,4,complementarity_signal
eva_adaptive_open,23,C086,LA ESTRELLA,C056,TEMUCO - TORO MAZOTTE,0.3511793356813194,0.3791644103081851,0.02798507462686567,20,17,3,complementarity_signal
eva_adaptive_open,23,C086,LA ESTRELLA,C083,ORIENTAL-LAS PARCELAS,0.35096605726932234,0.3733541169708149,0.022388059701492546,21,18,3,complementarity_signal
eva_adaptive_open,23,C086,LA ESTRELLA,C014,JOSE DOMINGO CAÑAS,0.3453428032423394,0.3453428032423394,0,22,29,-7,neutral
eva_adaptive_open,23,C086,LA ESTRELLA,I13,LO ESPEJO-RIQUELME,0.3452231117284989,0.3452231117284989,0,23,30,-7,neutral
eva_adaptive_open,23,C086,LA ESTRELLA,I14,LO OVALLE,0.3440689243043107,0.3440689243043107,0,24,31,-7,neutral
eva_adaptive_open,23,C086,LA ESTRELLA,C011,EYZAGUIRRE,0.3437616552822007,0.354955685132947,0.011194029850746301,25,26,-1,complementarity_signal
eva_adaptive_open,23,C086,LA ESTRELLA,C072,COVADONGA,0.34184299216241604,0.3530370220131623,0.011194029850746245,26,28,-2,complementarity_signal
eva_adaptive_open,23,C086,LA ESTRELLA,C081,SAN GREGORIO - DIEGO MEZA,0.33963084464003285,0.3620189043415254,0.022388059701492546,27,22,5,complementarity_signal
eva_adaptive_open,23,C086,LA ESTRELLA,C035,PRODIVENCIA,0.3386439447056148,0.3722260342578536,0.03358208955223879,28,19,9,complementarity_signal
eva_adaptive_open,23,C086,LA ESTRELLA,C049,FEDERICO ERRÁZURIZ (EX SERRANO),0.3363197815465803,0.37007513583708684,0.03375535429050652,29,20,9,complementarity_signal
eva_adaptive_open,23,C086,LA ESTRELLA,C043,NEPTUNO,0.33367397332944054,0.33367397332944054,0,30,35,-5,neutral
eva_adaptive_open,23,C086,LA ESTRELLA,C061,EL PINAR,0.3314808748748323,0.35386893457632485,0.022388059701492546,31,27,4,complementarity_signal
eva_adaptive_open,23,C086,LA ESTRELLA,C057,PADRE VICENTE IRARRAZABAL - MANUEL CHACON,0.3289223250467698,0.3569073996736355,0.02798507462686567,32,23,9,complementarity_signal
eva_adaptive_open,23,C086,LA ESTRELLA,C029,MARIA ELENA,0.32809441274088075,0.35607948736774636,0.027985074626865614,33,24,9,complementarity_signal
eva_adaptive_open,23,C086,LA ESTRELLA,C058,ANTONIO EBNER-BARROS ARANA,0.32780814449325085,0.32780814449325085,0,34,36,-2,neutral
eva_adaptive_open,23,C086,LA ESTRELLA,I07,EL GUANACO,0.324739680651957,0.324739680651957,0,35,37,-2,neutral
eva_adaptive_open,23,C086,LA ESTRELLA,C047,VIOLETA PARRA,0.32192692159440883,0.32192692159440883,0,36,38,-2,neutral
eva_adaptive_open,23,C086,LA ESTRELLA,C007,EDUARDO CASTILLO VELASCO,0.3209682481807713,0.3209682481807713,0,37,39,-2,neutral
eva_adaptive_open,23,C086,LA ESTRELLA,I18,NUEVA IMPERIAL,0.31746948982985224,0.33426053460597166,0.016791044776119424,38,34,4,complementarity_signal
eva_adaptive_open,23,C086,LA ESTRELLA,C024,LOS ARRAYANES - LOS COPIHUES,0.3164169532190636,0.3164169532190636,0,39,42,-3,neutral
eva_adaptive_open,23,C086,LA ESTRELLA,C40,VICUÑA MACKENNA - SAN MARTIN,0.3163360869516046,0.3163360869516046,0,40,43,-3,neutral
eva_adaptive_open,23,C086,LA ESTRELLA,C032,OBISPO MANUEL UMAÑA,0.3159635865653994,0.3439486611922651,0.02798507462686567,41,32,9,complementarity_signal
eva_adaptive_open,23,C086,LA ESTRELLA,C074,URETA COX,0.31449957814869145,0.31449957814869145,0,42,44,-2,neutral
eva_adaptive_open,23,C086,LA ESTRELLA,C001,SAN EUGENIO,0.31315225632030524,0.31315225632030524,0,43,45,-2,neutral
eva_adaptive_open,23,C086,LA ESTRELLA,C005,CORONEL ALEJANDRO SEPULVEDA,0.3106497256836105,0.3106497256836105,0,44,46,-2,neutral
eva_adaptive_open,23,C086,LA ESTRELLA,C033,OBSERVATORIO,0.3084648310861465,0.3084648310861465,0,45,47,-2,neutral
eva_adaptive_open,23,C086,LA ESTRELLA,C050,MAR DE DRAKE,0.30811479039196454,0.30811479039196454,0,46,48,-2,neutral
eva_adaptive_open,23,C086,LA ESTRELLA,I31,FERNANDEZ ALBANO,0.3067365280286479,0.3067365280286479,0,47,49,-2,neutral
eva_adaptive_open,23,C086,LA ESTRELLA,C023,AVENIDA DORSAL,0.3066800306129391,0.3066800306129391,0,48,50,-2,neutral
eva_adaptive_open,23,C086,LA ESTRELLA,C080,PARAGUAY,0.3065842808037552,0.3065842808037552,0,49,51,-2,neutral
eva_adaptive_open,23,C086,LA ESTRELLA,C088,ÑUBLE,0.3063521640095162,0.3063521640095162,0,50,52,-2,neutral
eva_adaptive_open,23,C086,LA ESTRELLA,C034,PEDRO LEON UGALDE,0.3059054946388892,0.3059054946388892,0,51,53,-2,neutral
eva_adaptive_open,23,C086,LA ESTRELLA,C028,MADRID,0.3057705925608732,0.3057705925608732,0,52,54,-2,neutral
eva_adaptive_open,23,C086,LA ESTRELLA,C020,LATINOAMERICA - PINTOR MURILLO - FRANCISCO TOLEDO,0.3053874986899725,0.3053874986899725,0,53,55,-2,neutral
eva_adaptive_open,23,C086,LA ESTRELLA,C019,LAS HIJUELAS SUR - LIBERTADOR BERNARDO OHIGGINS,0.3046576882387051,0.3046576882387051,0,54,56,-2,neutral
eva_adaptive_open,23,C086,LA ESTRELLA,C015,JOSE MANUEL GUZMAN,0.3038738968969849,0.3207182539002636,0.016844357003278687,55,40,15,complementarity_signal
eva_adaptive_open,23,C086,LA ESTRELLA,C030,MAULE,0.30333268447544404,0.30333268447544404,0,56,58,-2,neutral
eva_adaptive_open,23,C086,LA ESTRELLA,C037,SAN ALFONSO,0.3032697592490899,0.3032697592490899,0,57,59,-2,neutral
eva_adaptive_open,23,C086,LA ESTRELLA,C042,PRINCIPE DE GALES,0.3015275299366899,0.3015275299366899,0,58,60,-2,neutral
eva_adaptive_open,23,C086,LA ESTRELLA,C076,ISLA DECEPCION,0.3008300476650675,0.3008300476650675,0,59,61,-2,neutral
eva_adaptive_open,23,C086,LA ESTRELLA,C084,EL PINO - UNO SUR,0.30047126787027795,0.30047126787027795,0,60,62,-2,neutral
eva_adaptive_open,23,C086,LA ESTRELLA,C003,CONCHA Y TORO,0.29879828061632957,0.3043952955417027,0.005597014925373123,61,57,4,complementarity_signal
eva_adaptive_open,23,C086,LA ESTRELLA,C039,TUPUNGATO,0.2972177850899593,0.2972177850899593,0,62,63,-1,neutral
eva_adaptive_open,23,C086,LA ESTRELLA,C064,SILVA CARVALLO - SANTA ELENA,0.29671303455212084,0.29671303455212084,0,63,64,-1,neutral
eva_adaptive_open,23,C086,LA ESTRELLA,C026,LOS MAITENES,0.29619911153987877,0.31867213760340646,0.02247302606352769,64,41,23,complementarity_signal
eva_adaptive_open,23,C086,LA ESTRELLA,C038,TALCAHUANO - SANTA INES - LOS EDILES,0.29573880114313694,0.29573880114313694,0,65,65,0,neutral
eva_adaptive_open,23,C086,LA ESTRELLA,C031,NECOCHEA,0.2942204983522875,0.2942204983522875,0,66,66,0,neutral
eva_adaptive_open,23,C086,LA ESTRELLA,C065,NUEVA SAN MARTIN,0.29384044783423063,0.29384044783423063,0,67,67,0,neutral
eva_adaptive_open,23,C086,LA ESTRELLA,C079,LAS AMERICAS,0.2935581354089318,0.2935581354089318,0,68,68,0,neutral
eva_adaptive_open,23,C086,LA ESTRELLA,C044,LOS CERRILLOS,0.2931210475714493,0.2931210475714493,0,69,69,0,neutral
eva_adaptive_open,23,C086,LA ESTRELLA,C013,HEROES DE LA CONCEPCION,0.29161502323158384,0.29161502323158384,0,70,70,0,neutral
eva_adaptive_open,23,C086,LA ESTRELLA,C004,CONSISTORIAL,0.29093172378697835,0.29093172378697835,0,71,71,0,neutral
eva_adaptive_open,23,C086,LA ESTRELLA,C027,LOS PRESIDENTES,0.2903073892430075,0.2903073892430075,0,72,72,0,neutral
eva_adaptive_open,23,C086,LA ESTRELLA,C090,SANTO DOMINGO,0.2900617837756913,0.2900617837756913,0,73,73,0,neutral
eva_adaptive_open,23,C086,LA ESTRELLA,I23,PETERSEN - VICUÑA MACKENNA,0.28720997267232284,0.392473780071136,0.10526380739881314,74,10,64,complementarity_signal
eva_adaptive_open,23,C086,LA ESTRELLA,C022,LLANURA  - EL DESIERTO,0.2832694397879176,0.2832694397879176,0,75,75,0,neutral
eva_adaptive_open,23,C086,LA ESTRELLA,C046,EUCALIPTOS,0.28018177357498764,0.28018177357498764,0,76,76,0,neutral
eva_adaptive_open,23,C086,LA ESTRELLA,I28,SANTA RAQUEL,0.2776962274862046,0.2776962274862046,0,77,77,0,neutral
eva_adaptive_open,23,C086,LA ESTRELLA,C052,BAQUEDANO - POSTALES ORIENTE,0.2725119994529144,0.2725119994529144,0,78,79,-1,neutral
eva_adaptive_open,23,C086,LA ESTRELLA,C078,WALDO TAFF,0.2640982140605202,0.2640982140605202,0,79,80,-1,neutral
eva_adaptive_open,23,C086,LA ESTRELLA,C010,ESQ BLANCA - ALBERTO LLONA,0.26262962253258254,0.2850176822340751,0.022388059701492546,80,74,6,complementarity_signal
eva_adaptive_open,23,C086,LA ESTRELLA,C069,LOS OLMOS,0.2594151168255869,0.2594151168255869,0,81,81,0,neutral
eva_adaptive_open,23,C086,LA ESTRELLA,C009,EL ROSAL - SANTA ELENA,0.258292338870139,0.258292338870139,0,82,82,0,neutral
eva_adaptive_open,23,C086,LA ESTRELLA,C002,CAPITAN IGNACIO CARRERA PINTO,0.2546555618818747,0.2546555618818747,0,83,83,0,neutral
eva_adaptive_open,23,C086,LA ESTRELLA,C048,GENERAL ARRIAGADA,0.2517348978903142,0.2517348978903142,0,84,84,0,neutral
eva_adaptive_open,23,C086,LA ESTRELLA,C085,LOS LIBERTADORES,0.25151437825336925,0.2739024379548618,0.022388059701492546,85,78,7,complementarity_signal
eva_adaptive_open,23,C086,LA ESTRELLA,C062,CORONA SUECA,0.2513511863347979,0.2513511863347979,0,86,85,1,neutral
eva_adaptive_open,23,C086,LA ESTRELLA,C012,GABRIELA ORIENTE,0.2504161476776965,0.2504161476776965,0,87,86,1,neutral
eva_adaptive_open,23,C086,LA ESTRELLA,I03,CARRASCAL,0.24854515940907576,0.24854515940907576,0,88,87,1,neutral
eva_adaptive_open,23,C086,LA ESTRELLA,C021,LAUTARO,0.24315278721380412,0.24315278721380412,0,89,88,1,neutral
eva_adaptive_open,23,C086,LA ESTRELLA,C071,BARROS ARANA,0.24263265222575167,0.24263265222575167,0,90,89,1,neutral
eva_adaptive_open,23,C086,LA ESTRELLA,C041,VISTA HERMOSA,0.23729046079619398,0.23729046079619398,0,91,91,0,neutral
eva_adaptive_open,23,C086,LA ESTRELLA,C087,SALVADOR GUTIERREZ,0.23167583897026392,0.24225656888983763,0.010580729919573706,92,90,2,complementarity_signal
eva_adaptive_open,23,C086,LA ESTRELLA,C017,LA PARINACOTA,0.2279533954363316,0.2279533954363316,0,93,92,1,neutral
eva_adaptive_open,23,C086,LA ESTRELLA,C008,EL CERRO,0.22664145134727998,0.22664145134727998,0,94,93,1,neutral
eva_adaptive_open,23,C086,LA ESTRELLA,C055,ARTURO PRAT,0.22407331213030995,0.22407331213030995,0,95,94,1,neutral
eva_adaptive_open,23,C086,LA ESTRELLA,C036,RIO REFUGIO - SALAR SURIRE,0.22368469062682966,0.22368469062682966,0,96,95,1,neutral
eva_adaptive_open,23,C086,LA ESTRELLA,C077,RICARDO VIAL,0.22334495183243977,0.22334495183243977,0,97,96,1,neutral
eva_adaptive_open,23,C086,LA ESTRELLA,C045,PORTO ALEGRE,0.2070448874311994,0.21264190235657252,0.005597014925373123,98,97,1,complementarity_signal
eva_adaptive_open,23,C086,LA ESTRELLA,C018,LA PRIMAVERA,0.18729403797436894,0.18729403797436894,0,99,98,1,neutral
eva_adaptive_open,23,C086,LA ESTRELLA,C016,JUANITA,0.18668961975965365,0.18668961975965365,0,100,99,1,neutral
eva_adaptive_open,23,C086,LA ESTRELLA,C025,LOS DURAZNOS,0.17779517513220938,0.17779517513220938,0,101,100,1,neutral
eva_adaptive_open,23,C086,LA ESTRELLA,C073,LOS MORROS,0.16537203853610075,0.16537203853610075,0,102,101,1,neutral
eva_adaptive_open,24,I06,DIAGONAL ORIENTE,C089,J J PEREZ,0.42483431759856105,0.42483431759856105,0,2,1,1,neutral
eva_adaptive_open,24,I06,DIAGONAL ORIENTE,I24,RADAL,0.4154031421910538,0.4154031421910538,0,3,2,1,neutral
eva_adaptive_open,24,I06,DIAGONAL ORIENTE,I15,MARTINEZ DE ROZAS,0.4148837713854609,0.4148837713854609,0,4,3,1,neutral
eva_adaptive_open,24,I06,DIAGONAL ORIENTE,I29,SANTA ROSA,0.41245640292399943,0.41245640292399943,0,5,4,1,neutral
eva_adaptive_open,24,I06,DIAGONAL ORIENTE,C070,MENDOZA (EX-CORONEL ROBLES),0.4050205586776194,0.4050205586776194,0,6,5,1,neutral
eva_adaptive_open,24,I06,DIAGONAL ORIENTE,C060,ROJAS MAGALLANES,0.3996060222843795,0.3996060222843795,0,7,6,1,neutral
eva_adaptive_open,24,I06,DIAGONAL ORIENTE,C053,CONDELL,0.3937899711452227,0.3881929562198495,-0.005597014925373178,8,12,-4,substitution_signal
eva_adaptive_open,24,I06,DIAGONAL ORIENTE,I05,DIAGONAL JOSE MARIA CARO,0.39309133143635283,0.39309133143635283,0,9,7,2,neutral
eva_adaptive_open,24,I06,DIAGONAL ORIENTE,I23,PETERSEN - VICUÑA MACKENNA,0.392473780071136,0.392473780071136,0,10,8,2,neutral
eva_adaptive_open,24,I06,DIAGONAL ORIENTE,I32,EINSTEIN,0.39142907916116426,0.39142907916116426,0,11,9,2,neutral
eva_adaptive_open,24,I06,DIAGONAL ORIENTE,C054,VICTORIA,0.3889499275079369,0.3889499275079369,0,12,10,2,neutral
eva_adaptive_open,24,I06,DIAGONAL ORIENTE,I17,MATUCANA,0.38825942079107606,0.38825942079107606,0,13,11,2,neutral
eva_adaptive_open,24,I06,DIAGONAL ORIENTE,I08,GENERAL OSCAR BONILLA,0.38725473284935025,0.38725473284935025,0,14,13,1,neutral
eva_adaptive_open,24,I06,DIAGONAL ORIENTE,C063,LONGITUDINAL,0.38639150074323975,0.38639150074323975,0,15,14,1,neutral
eva_adaptive_open,24,I06,DIAGONAL ORIENTE,C006,DOMINGO TOCORNAL,0.38429556966416456,0.38429556966416456,0,16,15,1,neutral
eva_adaptive_open,24,I06,DIAGONAL ORIENTE,C056,TEMUCO - TORO MAZOTTE,0.3791644103081851,0.3791644103081851,0,17,16,1,neutral
eva_adaptive_open,24,I06,DIAGONAL ORIENTE,C083,ORIENTAL-LAS PARCELAS,0.3733541169708149,0.3251273232241672,-0.04822679374664768,18,35,-17,substitution_signal
eva_adaptive_open,24,I06,DIAGONAL ORIENTE,C035,PRODIVENCIA,0.3722260342578536,0.3722260342578536,0,19,17,2,neutral
eva_adaptive_open,24,I06,DIAGONAL ORIENTE,C049,FEDERICO ERRÁZURIZ (EX SERRANO),0.37007513583708684,0.37007513583708684,0,20,18,2,neutral
eva_adaptive_open,24,I06,DIAGONAL ORIENTE,C051,JOSE MIGUEL INFANTE - DOMINGO STA MARIA,0.36225545913485363,0.36225545913485363,0,21,19,2,neutral
eva_adaptive_open,24,I06,DIAGONAL ORIENTE,C081,SAN GREGORIO - DIEGO MEZA,0.3620189043415254,0.3620189043415254,0,22,20,2,neutral
eva_adaptive_open,24,I06,DIAGONAL ORIENTE,C057,PADRE VICENTE IRARRAZABAL - MANUEL CHACON,0.3569073996736355,0.3569073996736355,0,23,21,2,neutral
eva_adaptive_open,24,I06,DIAGONAL ORIENTE,C029,MARIA ELENA,0.35607948736774636,0.35607948736774636,0,24,22,2,neutral
eva_adaptive_open,24,I06,DIAGONAL ORIENTE,I02,CARLOS VALDOVINOS,0.35528620955926693,0.35528620955926693,0,25,23,2,neutral
eva_adaptive_open,24,I06,DIAGONAL ORIENTE,C011,EYZAGUIRRE,0.354955685132947,0.354955685132947,0,26,24,2,neutral
eva_adaptive_open,24,I06,DIAGONAL ORIENTE,C061,EL PINAR,0.35386893457632485,0.35386893457632485,0,27,25,2,neutral
eva_adaptive_open,24,I06,DIAGONAL ORIENTE,C072,COVADONGA,0.3530370220131623,0.3530370220131623,0,28,26,2,neutral
eva_adaptive_open,24,I06,DIAGONAL ORIENTE,C014,JOSE DOMINGO CAÑAS,0.3453428032423394,0.3453428032423394,0,29,27,2,neutral
eva_adaptive_open,24,I06,DIAGONAL ORIENTE,I13,LO ESPEJO-RIQUELME,0.3452231117284989,0.3452231117284989,0,30,28,2,neutral
eva_adaptive_open,24,I06,DIAGONAL ORIENTE,I14,LO OVALLE,0.3440689243043107,0.3440689243043107,0,31,29,2,neutral
eva_adaptive_open,24,I06,DIAGONAL ORIENTE,C032,OBISPO MANUEL UMAÑA,0.3439486611922651,0.3439486611922651,0,32,30,2,neutral
eva_adaptive_open,24,I06,DIAGONAL ORIENTE,C082,CAUPOLICAN,0.3343157551872506,0.3343157551872506,0,33,31,2,neutral
eva_adaptive_open,24,I06,DIAGONAL ORIENTE,I18,NUEVA IMPERIAL,0.33426053460597166,0.33426053460597166,0,34,32,2,neutral
eva_adaptive_open,24,I06,DIAGONAL ORIENTE,C043,NEPTUNO,0.33367397332944054,0.33367397332944054,0,35,33,2,neutral
eva_adaptive_open,24,I06,DIAGONAL ORIENTE,C058,ANTONIO EBNER-BARROS ARANA,0.32780814449325085,0.32780814449325085,0,36,34,2,neutral
eva_adaptive_open,24,I06,DIAGONAL ORIENTE,I07,EL GUANACO,0.324739680651957,0.324739680651957,0,37,36,1,neutral
eva_adaptive_open,24,I06,DIAGONAL ORIENTE,C047,VIOLETA PARRA,0.32192692159440883,0.32192692159440883,0,38,37,1,neutral
eva_adaptive_open,24,I06,DIAGONAL ORIENTE,C007,EDUARDO CASTILLO VELASCO,0.3209682481807713,0.32135377442409346,0.0003855262433221651,39,38,1,complementarity_signal
eva_adaptive_open,24,I06,DIAGONAL ORIENTE,C015,JOSE MANUEL GUZMAN,0.3207182539002636,0.3207182539002636,0,40,39,1,neutral
eva_adaptive_open,24,I06,DIAGONAL ORIENTE,C026,LOS MAITENES,0.31867213760340646,0.31867213760340646,0,41,40,1,neutral
eva_adaptive_open,24,I06,DIAGONAL ORIENTE,C024,LOS ARRAYANES - LOS COPIHUES,0.3164169532190636,0.3164169532190636,0,42,41,1,neutral
eva_adaptive_open,24,I06,DIAGONAL ORIENTE,C40,VICUÑA MACKENNA - SAN MARTIN,0.3163360869516046,0.3163360869516046,0,43,42,1,neutral
eva_adaptive_open,24,I06,DIAGONAL ORIENTE,C074,URETA COX,0.31449957814869145,0.31449957814869145,0,44,43,1,neutral
eva_adaptive_open,24,I06,DIAGONAL ORIENTE,C001,SAN EUGENIO,0.31315225632030524,0.31315225632030524,0,45,44,1,neutral
eva_adaptive_open,24,I06,DIAGONAL ORIENTE,C005,CORONEL ALEJANDRO SEPULVEDA,0.3106497256836105,0.3106497256836105,0,46,45,1,neutral
eva_adaptive_open,24,I06,DIAGONAL ORIENTE,C033,OBSERVATORIO,0.3084648310861465,0.3084648310861465,0,47,46,1,neutral
eva_adaptive_open,24,I06,DIAGONAL ORIENTE,C050,MAR DE DRAKE,0.30811479039196454,0.30811479039196454,0,48,47,1,neutral
eva_adaptive_open,24,I06,DIAGONAL ORIENTE,I31,FERNANDEZ ALBANO,0.3067365280286479,0.3067365280286479,0,49,48,1,neutral
eva_adaptive_open,24,I06,DIAGONAL ORIENTE,C023,AVENIDA DORSAL,0.3066800306129391,0.3066800306129391,0,50,49,1,neutral
eva_adaptive_open,24,I06,DIAGONAL ORIENTE,C080,PARAGUAY,0.3065842808037552,0.3065842808037552,0,51,50,1,neutral
eva_adaptive_open,24,I06,DIAGONAL ORIENTE,C088,ÑUBLE,0.3063521640095162,0.3063521640095162,0,52,51,1,neutral
eva_adaptive_open,24,I06,DIAGONAL ORIENTE,C034,PEDRO LEON UGALDE,0.3059054946388892,0.3059054946388892,0,53,52,1,neutral
eva_adaptive_open,24,I06,DIAGONAL ORIENTE,C028,MADRID,0.3057705925608732,0.3057705925608732,0,54,53,1,neutral
eva_adaptive_open,24,I06,DIAGONAL ORIENTE,C020,LATINOAMERICA - PINTOR MURILLO - FRANCISCO TOLEDO,0.3053874986899725,0.3053874986899725,0,55,54,1,neutral
eva_adaptive_open,24,I06,DIAGONAL ORIENTE,C019,LAS HIJUELAS SUR - LIBERTADOR BERNARDO OHIGGINS,0.3046576882387051,0.3046576882387051,0,56,55,1,neutral
eva_adaptive_open,24,I06,DIAGONAL ORIENTE,C003,CONCHA Y TORO,0.3043952955417027,0.3043952955417027,0,57,56,1,neutral
eva_adaptive_open,24,I06,DIAGONAL ORIENTE,C030,MAULE,0.30333268447544404,0.30333268447544404,0,58,57,1,neutral
eva_adaptive_open,24,I06,DIAGONAL ORIENTE,C037,SAN ALFONSO,0.3032697592490899,0.3032697592490899,0,59,58,1,neutral
eva_adaptive_open,24,I06,DIAGONAL ORIENTE,C042,PRINCIPE DE GALES,0.3015275299366899,0.3015275299366899,0,60,59,1,neutral
eva_adaptive_open,24,I06,DIAGONAL ORIENTE,C076,ISLA DECEPCION,0.3008300476650675,0.3008300476650675,0,61,60,1,neutral
eva_adaptive_open,24,I06,DIAGONAL ORIENTE,C084,EL PINO - UNO SUR,0.30047126787027795,0.30047126787027795,0,62,61,1,neutral
eva_adaptive_open,24,I06,DIAGONAL ORIENTE,C039,TUPUNGATO,0.2972177850899593,0.2972177850899593,0,63,62,1,neutral
eva_adaptive_open,24,I06,DIAGONAL ORIENTE,C064,SILVA CARVALLO - SANTA ELENA,0.29671303455212084,0.29671303455212084,0,64,63,1,neutral
eva_adaptive_open,24,I06,DIAGONAL ORIENTE,C038,TALCAHUANO - SANTA INES - LOS EDILES,0.29573880114313694,0.29573880114313694,0,65,64,1,neutral
eva_adaptive_open,24,I06,DIAGONAL ORIENTE,C031,NECOCHEA,0.2942204983522875,0.2942204983522875,0,66,65,1,neutral
eva_adaptive_open,24,I06,DIAGONAL ORIENTE,C065,NUEVA SAN MARTIN,0.29384044783423063,0.29384044783423063,0,67,66,1,neutral
eva_adaptive_open,24,I06,DIAGONAL ORIENTE,C079,LAS AMERICAS,0.2935581354089318,0.2935581354089318,0,68,67,1,neutral
eva_adaptive_open,24,I06,DIAGONAL ORIENTE,C044,LOS CERRILLOS,0.2931210475714493,0.2931210475714493,0,69,68,1,neutral
eva_adaptive_open,24,I06,DIAGONAL ORIENTE,C013,HEROES DE LA CONCEPCION,0.29161502323158384,0.29161502323158384,0,70,69,1,neutral
eva_adaptive_open,24,I06,DIAGONAL ORIENTE,C004,CONSISTORIAL,0.29093172378697835,0.29093172378697835,0,71,70,1,neutral
eva_adaptive_open,24,I06,DIAGONAL ORIENTE,C027,LOS PRESIDENTES,0.2903073892430075,0.2903073892430075,0,72,71,1,neutral
eva_adaptive_open,24,I06,DIAGONAL ORIENTE,C090,SANTO DOMINGO,0.2900617837756913,0.2900617837756913,0,73,72,1,neutral
eva_adaptive_open,24,I06,DIAGONAL ORIENTE,C010,ESQ BLANCA - ALBERTO LLONA,0.2850176822340751,0.2850176822340751,0,74,73,1,neutral
eva_adaptive_open,24,I06,DIAGONAL ORIENTE,C022,LLANURA  - EL DESIERTO,0.2832694397879176,0.2832694397879176,0,75,74,1,neutral
eva_adaptive_open,24,I06,DIAGONAL ORIENTE,C046,EUCALIPTOS,0.28018177357498764,0.28018177357498764,0,76,75,1,neutral
eva_adaptive_open,24,I06,DIAGONAL ORIENTE,I28,SANTA RAQUEL,0.2776962274862046,0.2776962274862046,0,77,76,1,neutral
eva_adaptive_open,24,I06,DIAGONAL ORIENTE,C085,LOS LIBERTADORES,0.2739024379548618,0.2739024379548618,0,78,77,1,neutral
eva_adaptive_open,24,I06,DIAGONAL ORIENTE,C052,BAQUEDANO - POSTALES ORIENTE,0.2725119994529144,0.2725119994529144,0,79,78,1,neutral
eva_adaptive_open,24,I06,DIAGONAL ORIENTE,C078,WALDO TAFF,0.2640982140605202,0.2640982140605202,0,80,79,1,neutral
eva_adaptive_open,24,I06,DIAGONAL ORIENTE,C069,LOS OLMOS,0.2594151168255869,0.2594151168255869,0,81,80,1,neutral
eva_adaptive_open,24,I06,DIAGONAL ORIENTE,C009,EL ROSAL - SANTA ELENA,0.258292338870139,0.258292338870139,0,82,81,1,neutral
eva_adaptive_open,24,I06,DIAGONAL ORIENTE,C002,CAPITAN IGNACIO CARRERA PINTO,0.2546555618818747,0.2546555618818747,0,83,82,1,neutral
eva_adaptive_open,24,I06,DIAGONAL ORIENTE,C048,GENERAL ARRIAGADA,0.2517348978903142,0.2517348978903142,0,84,83,1,neutral
eva_adaptive_open,24,I06,DIAGONAL ORIENTE,C062,CORONA SUECA,0.2513511863347979,0.2513511863347979,0,85,84,1,neutral
eva_adaptive_open,24,I06,DIAGONAL ORIENTE,C012,GABRIELA ORIENTE,0.2504161476776965,0.2504161476776965,0,86,85,1,neutral
eva_adaptive_open,24,I06,DIAGONAL ORIENTE,I03,CARRASCAL,0.24854515940907576,0.24854515940907576,0,87,86,1,neutral
eva_adaptive_open,24,I06,DIAGONAL ORIENTE,C021,LAUTARO,0.24315278721380412,0.24315278721380412,0,88,87,1,neutral
eva_adaptive_open,24,I06,DIAGONAL ORIENTE,C071,BARROS ARANA,0.24263265222575167,0.24263265222575167,0,89,88,1,neutral
eva_adaptive_open,24,I06,DIAGONAL ORIENTE,C087,SALVADOR GUTIERREZ,0.24225656888983763,0.24225656888983763,0,90,89,1,neutral
eva_adaptive_open,24,I06,DIAGONAL ORIENTE,C041,VISTA HERMOSA,0.23729046079619398,0.23729046079619398,0,91,90,1,neutral
eva_adaptive_open,24,I06,DIAGONAL ORIENTE,C017,LA PARINACOTA,0.2279533954363316,0.2279533954363316,0,92,91,1,neutral
eva_adaptive_open,24,I06,DIAGONAL ORIENTE,C008,EL CERRO,0.22664145134727998,0.22664145134727998,0,93,92,1,neutral
eva_adaptive_open,24,I06,DIAGONAL ORIENTE,C055,ARTURO PRAT,0.22407331213030995,0.22407331213030995,0,94,93,1,neutral
eva_adaptive_open,24,I06,DIAGONAL ORIENTE,C036,RIO REFUGIO - SALAR SURIRE,0.22368469062682966,0.22368469062682966,0,95,94,1,neutral
eva_adaptive_open,24,I06,DIAGONAL ORIENTE,C077,RICARDO VIAL,0.22334495183243977,0.22334495183243977,0,96,95,1,neutral
eva_adaptive_open,24,I06,DIAGONAL ORIENTE,C045,PORTO ALEGRE,0.21264190235657252,0.21264190235657252,0,97,96,1,neutral
eva_adaptive_open,24,I06,DIAGONAL ORIENTE,C018,LA PRIMAVERA,0.18729403797436894,0.18729403797436894,0,98,97,1,neutral
eva_adaptive_open,24,I06,DIAGONAL ORIENTE,C016,JUANITA,0.18668961975965365,0.18668961975965365,0,99,98,1,neutral
eva_adaptive_open,24,I06,DIAGONAL ORIENTE,C025,LOS DURAZNOS,0.17779517513220938,0.17779517513220938,0,100,99,1,neutral
eva_adaptive_open,24,I06,DIAGONAL ORIENTE,C073,LOS MORROS,0.16537203853610075,0.16537203853610075,0,101,100,1,neutral
eva_adaptive_open,25,C089,J J PEREZ,I24,RADAL,0.4154031421910538,0.4154031421910538,0,2,2,0,neutral
eva_adaptive_open,25,C089,J J PEREZ,I15,MARTINEZ DE ROZAS,0.4148837713854609,0.4148837713854609,0,3,3,0,neutral
eva_adaptive_open,25,C089,J J PEREZ,I29,SANTA ROSA,0.41245640292399943,0.41245640292399943,0,4,4,0,neutral
eva_adaptive_open,25,C089,J J PEREZ,C070,MENDOZA (EX-CORONEL ROBLES),0.4050205586776194,0.4050205586776194,0,5,5,0,neutral
eva_adaptive_open,25,C089,J J PEREZ,C060,ROJAS MAGALLANES,0.3996060222843795,0.3996060222843795,0,6,6,0,neutral
eva_adaptive_open,25,C089,J J PEREZ,I05,DIAGONAL JOSE MARIA CARO,0.39309133143635283,0.39309133143635283,0,7,7,0,neutral
eva_adaptive_open,25,C089,J J PEREZ,I23,PETERSEN - VICUÑA MACKENNA,0.392473780071136,0.392473780071136,0,8,8,0,neutral
eva_adaptive_open,25,C089,J J PEREZ,I32,EINSTEIN,0.39142907916116426,0.39142907916116426,0,9,9,0,neutral
eva_adaptive_open,25,C089,J J PEREZ,C054,VICTORIA,0.3889499275079369,0.30195101422376497,-0.08699891328417192,10,56,-46,substitution_signal
eva_adaptive_open,25,C089,J J PEREZ,I17,MATUCANA,0.38825942079107606,0.38825942079107606,0,11,11,0,neutral
eva_adaptive_open,25,C089,J J PEREZ,C053,CONDELL,0.3881929562198495,0.38857848246317167,0.0003855262433221651,12,10,2,complementarity_signal
eva_adaptive_open,25,C089,J J PEREZ,I08,GENERAL OSCAR BONILLA,0.38725473284935025,0.38725473284935025,0,13,12,1,neutral
eva_adaptive_open,25,C089,J J PEREZ,C063,LONGITUDINAL,0.38639150074323975,0.38639150074323975,0,14,13,1,neutral
eva_adaptive_open,25,C089,J J PEREZ,C006,DOMINGO TOCORNAL,0.38429556966416456,0.38429556966416456,0,15,14,1,neutral
eva_adaptive_open,25,C089,J J PEREZ,C056,TEMUCO - TORO MAZOTTE,0.3791644103081851,0.3791644103081851,0,16,15,1,neutral
eva_adaptive_open,25,C089,J J PEREZ,C035,PRODIVENCIA,0.3722260342578536,0.3722260342578536,0,17,16,1,neutral
eva_adaptive_open,25,C089,J J PEREZ,C049,FEDERICO ERRÁZURIZ (EX SERRANO),0.37007513583708684,0.37007513583708684,0,18,17,1,neutral
eva_adaptive_open,25,C089,J J PEREZ,C051,JOSE MIGUEL INFANTE - DOMINGO STA MARIA,0.36225545913485363,0.36225545913485363,0,19,18,1,neutral
eva_adaptive_open,25,C089,J J PEREZ,C081,SAN GREGORIO - DIEGO MEZA,0.3620189043415254,0.3620189043415254,0,20,19,1,neutral
eva_adaptive_open,25,C089,J J PEREZ,C057,PADRE VICENTE IRARRAZABAL - MANUEL CHACON,0.3569073996736355,0.3569073996736355,0,21,20,1,neutral
eva_adaptive_open,25,C089,J J PEREZ,C029,MARIA ELENA,0.35607948736774636,0.35607948736774636,0,22,21,1,neutral
eva_adaptive_open,25,C089,J J PEREZ,I02,CARLOS VALDOVINOS,0.35528620955926693,0.35528620955926693,0,23,22,1,neutral
eva_adaptive_open,25,C089,J J PEREZ,C011,EYZAGUIRRE,0.354955685132947,0.297330981511338,-0.057624703621608986,24,61,-37,substitution_signal
eva_adaptive_open,25,C089,J J PEREZ,C061,EL PINAR,0.35386893457632485,0.35386893457632485,0,25,23,2,neutral
eva_adaptive_open,25,C089,J J PEREZ,C072,COVADONGA,0.3530370220131623,0.29579784463487546,-0.05723917737828682,26,64,-38,substitution_signal
eva_adaptive_open,25,C089,J J PEREZ,C014,JOSE DOMINGO CAÑAS,0.3453428032423394,0.3453428032423394,0,27,24,3,neutral
eva_adaptive_open,25,C089,J J PEREZ,I13,LO ESPEJO-RIQUELME,0.3452231117284989,0.3452231117284989,0,28,25,3,neutral
eva_adaptive_open,25,C089,J J PEREZ,I14,LO OVALLE,0.3440689243043107,0.3440689243043107,0,29,26,3,neutral
eva_adaptive_open,25,C089,J J PEREZ,C032,OBISPO MANUEL UMAÑA,0.3439486611922651,0.3439486611922651,0,30,27,3,neutral
eva_adaptive_open,25,C089,J J PEREZ,C082,CAUPOLICAN,0.3343157551872506,0.3343157551872506,0,31,28,3,neutral
eva_adaptive_open,25,C089,J J PEREZ,I18,NUEVA IMPERIAL,0.33426053460597166,0.33426053460597166,0,32,29,3,neutral
eva_adaptive_open,25,C089,J J PEREZ,C043,NEPTUNO,0.33367397332944054,0.33367397332944054,0,33,30,3,neutral
eva_adaptive_open,25,C089,J J PEREZ,C058,ANTONIO EBNER-BARROS ARANA,0.32780814449325085,0.32780814449325085,0,34,31,3,neutral
eva_adaptive_open,25,C089,J J PEREZ,C083,ORIENTAL-LAS PARCELAS,0.3251273232241672,0.3251273232241672,0,35,32,3,neutral
eva_adaptive_open,25,C089,J J PEREZ,I07,EL GUANACO,0.324739680651957,0.324739680651957,0,36,33,3,neutral
eva_adaptive_open,25,C089,J J PEREZ,C047,VIOLETA PARRA,0.32192692159440883,0.32192692159440883,0,37,34,3,neutral
eva_adaptive_open,25,C089,J J PEREZ,C007,EDUARDO CASTILLO VELASCO,0.32135377442409346,0.32135377442409346,0,38,35,3,neutral
eva_adaptive_open,25,C089,J J PEREZ,C015,JOSE MANUEL GUZMAN,0.3207182539002636,0.3207182539002636,0,39,36,3,neutral
eva_adaptive_open,25,C089,J J PEREZ,C026,LOS MAITENES,0.31867213760340646,0.31867213760340646,0,40,37,3,neutral
eva_adaptive_open,25,C089,J J PEREZ,C024,LOS ARRAYANES - LOS COPIHUES,0.3164169532190636,0.3164169532190636,0,41,38,3,neutral
eva_adaptive_open,25,C089,J J PEREZ,C40,VICUÑA MACKENNA - SAN MARTIN,0.3163360869516046,0.3163360869516046,0,42,39,3,neutral
eva_adaptive_open,25,C089,J J PEREZ,C074,URETA COX,0.31449957814869145,0.31449957814869145,0,43,40,3,neutral
eva_adaptive_open,25,C089,J J PEREZ,C001,SAN EUGENIO,0.31315225632030524,0.31315225632030524,0,44,41,3,neutral
eva_adaptive_open,25,C089,J J PEREZ,C005,CORONEL ALEJANDRO SEPULVEDA,0.3106497256836105,0.3106497256836105,0,45,42,3,neutral
eva_adaptive_open,25,C089,J J PEREZ,C033,OBSERVATORIO,0.3084648310861465,0.3084648310861465,0,46,43,3,neutral
eva_adaptive_open,25,C089,J J PEREZ,C050,MAR DE DRAKE,0.30811479039196454,0.30811479039196454,0,47,44,3,neutral
eva_adaptive_open,25,C089,J J PEREZ,I31,FERNANDEZ ALBANO,0.3067365280286479,0.3067365280286479,0,48,45,3,neutral
eva_adaptive_open,25,C089,J J PEREZ,C023,AVENIDA DORSAL,0.3066800306129391,0.3066800306129391,0,49,46,3,neutral
eva_adaptive_open,25,C089,J J PEREZ,C080,PARAGUAY,0.3065842808037552,0.3065842808037552,0,50,47,3,neutral
eva_adaptive_open,25,C089,J J PEREZ,C088,ÑUBLE,0.3063521640095162,0.3063521640095162,0,51,48,3,neutral
eva_adaptive_open,25,C089,J J PEREZ,C034,PEDRO LEON UGALDE,0.3059054946388892,0.3059054946388892,0,52,49,3,neutral
eva_adaptive_open,25,C089,J J PEREZ,C028,MADRID,0.3057705925608732,0.3057705925608732,0,53,50,3,neutral
eva_adaptive_open,25,C089,J J PEREZ,C020,LATINOAMERICA - PINTOR MURILLO - FRANCISCO TOLEDO,0.3053874986899725,0.3053874986899725,0,54,51,3,neutral
eva_adaptive_open,25,C089,J J PEREZ,C019,LAS HIJUELAS SUR - LIBERTADOR BERNARDO OHIGGINS,0.3046576882387051,0.3046576882387051,0,55,52,3,neutral
eva_adaptive_open,25,C089,J J PEREZ,C003,CONCHA Y TORO,0.3043952955417027,0.3043952955417027,0,56,53,3,neutral
eva_adaptive_open,25,C089,J J PEREZ,C030,MAULE,0.30333268447544404,0.30333268447544404,0,57,54,3,neutral
eva_adaptive_open,25,C089,J J PEREZ,C037,SAN ALFONSO,0.3032697592490899,0.3032697592490899,0,58,55,3,neutral
eva_adaptive_open,25,C089,J J PEREZ,C042,PRINCIPE DE GALES,0.3015275299366899,0.3015275299366899,0,59,57,2,neutral
eva_adaptive_open,25,C089,J J PEREZ,C076,ISLA DECEPCION,0.3008300476650675,0.3008300476650675,0,60,58,2,neutral
eva_adaptive_open,25,C089,J J PEREZ,C084,EL PINO - UNO SUR,0.30047126787027795,0.30047126787027795,0,61,59,2,neutral
eva_adaptive_open,25,C089,J J PEREZ,C039,TUPUNGATO,0.2972177850899593,0.2972177850899593,0,62,62,0,neutral
eva_adaptive_open,25,C089,J J PEREZ,C064,SILVA CARVALLO - SANTA ELENA,0.29671303455212084,0.29671303455212084,0,63,63,0,neutral
eva_adaptive_open,25,C089,J J PEREZ,C038,TALCAHUANO - SANTA INES - LOS EDILES,0.29573880114313694,0.29573880114313694,0,64,65,-1,neutral
eva_adaptive_open,25,C089,J J PEREZ,C031,NECOCHEA,0.2942204983522875,0.2942204983522875,0,65,66,-1,neutral
eva_adaptive_open,25,C089,J J PEREZ,C065,NUEVA SAN MARTIN,0.29384044783423063,0.29384044783423063,0,66,67,-1,neutral
eva_adaptive_open,25,C089,J J PEREZ,C079,LAS AMERICAS,0.2935581354089318,0.2935581354089318,0,67,68,-1,neutral
eva_adaptive_open,25,C089,J J PEREZ,C044,LOS CERRILLOS,0.2931210475714493,0.2931210475714493,0,68,69,-1,neutral
eva_adaptive_open,25,C089,J J PEREZ,C013,HEROES DE LA CONCEPCION,0.29161502323158384,0.29161502323158384,0,69,70,-1,neutral
eva_adaptive_open,25,C089,J J PEREZ,C004,CONSISTORIAL,0.29093172378697835,0.29093172378697835,0,70,71,-1,neutral
eva_adaptive_open,25,C089,J J PEREZ,C027,LOS PRESIDENTES,0.2903073892430075,0.2903073892430075,0,71,72,-1,neutral
eva_adaptive_open,25,C089,J J PEREZ,C090,SANTO DOMINGO,0.2900617837756913,0.2900617837756913,0,72,73,-1,neutral
eva_adaptive_open,25,C089,J J PEREZ,C010,ESQ BLANCA - ALBERTO LLONA,0.2850176822340751,0.2850176822340751,0,73,74,-1,neutral
eva_adaptive_open,25,C089,J J PEREZ,C022,LLANURA  - EL DESIERTO,0.2832694397879176,0.2832694397879176,0,74,75,-1,neutral
eva_adaptive_open,25,C089,J J PEREZ,C046,EUCALIPTOS,0.28018177357498764,0.4510300184987758,0.17084824492378814,75,1,74,complementarity_signal
eva_adaptive_open,25,C089,J J PEREZ,I28,SANTA RAQUEL,0.2776962274862046,0.2776962274862046,0,76,76,0,neutral
eva_adaptive_open,25,C089,J J PEREZ,C085,LOS LIBERTADORES,0.2739024379548618,0.2739024379548618,0,77,77,0,neutral
eva_adaptive_open,25,C089,J J PEREZ,C052,BAQUEDANO - POSTALES ORIENTE,0.2725119994529144,0.2725119994529144,0,78,78,0,neutral
eva_adaptive_open,25,C089,J J PEREZ,C078,WALDO TAFF,0.2640982140605202,0.2640982140605202,0,79,79,0,neutral
eva_adaptive_open,25,C089,J J PEREZ,C069,LOS OLMOS,0.2594151168255869,0.2594151168255869,0,80,80,0,neutral
eva_adaptive_open,25,C089,J J PEREZ,C009,EL ROSAL - SANTA ELENA,0.258292338870139,0.258292338870139,0,81,81,0,neutral
eva_adaptive_open,25,C089,J J PEREZ,C002,CAPITAN IGNACIO CARRERA PINTO,0.2546555618818747,0.2546555618818747,0,82,82,0,neutral
eva_adaptive_open,25,C089,J J PEREZ,C048,GENERAL ARRIAGADA,0.2517348978903142,0.2517348978903142,0,83,83,0,neutral
eva_adaptive_open,25,C089,J J PEREZ,C062,CORONA SUECA,0.2513511863347979,0.2513511863347979,0,84,84,0,neutral
eva_adaptive_open,25,C089,J J PEREZ,C012,GABRIELA ORIENTE,0.2504161476776965,0.2504161476776965,0,85,85,0,neutral
eva_adaptive_open,25,C089,J J PEREZ,I03,CARRASCAL,0.24854515940907576,0.24854515940907576,0,86,86,0,neutral
eva_adaptive_open,25,C089,J J PEREZ,C021,LAUTARO,0.24315278721380412,0.24315278721380412,0,87,87,0,neutral
eva_adaptive_open,25,C089,J J PEREZ,C071,BARROS ARANA,0.24263265222575167,0.2430181784690738,0.00038552624332213736,88,88,0,complementarity_signal
eva_adaptive_open,25,C089,J J PEREZ,C087,SALVADOR GUTIERREZ,0.24225656888983763,0.24225656888983763,0,89,89,0,neutral
eva_adaptive_open,25,C089,J J PEREZ,C041,VISTA HERMOSA,0.23729046079619398,0.23729046079619398,0,90,90,0,neutral
eva_adaptive_open,25,C089,J J PEREZ,C017,LA PARINACOTA,0.2279533954363316,0.2279533954363316,0,91,91,0,neutral
eva_adaptive_open,25,C089,J J PEREZ,C008,EL CERRO,0.22664145134727998,0.22664145134727998,0,92,92,0,neutral
eva_adaptive_open,25,C089,J J PEREZ,C055,ARTURO PRAT,0.22407331213030995,0.2977673419810562,0.07369402985074625,93,60,33,complementarity_signal
eva_adaptive_open,25,C089,J J PEREZ,C036,RIO REFUGIO - SALAR SURIRE,0.22368469062682966,0.22368469062682966,0,94,93,1,neutral
eva_adaptive_open,25,C089,J J PEREZ,C077,RICARDO VIAL,0.22334495183243977,0.22334495183243977,0,95,94,1,neutral
eva_adaptive_open,25,C089,J J PEREZ,C045,PORTO ALEGRE,0.21264190235657252,0.21264190235657252,0,96,95,1,neutral
eva_adaptive_open,25,C089,J J PEREZ,C018,LA PRIMAVERA,0.18729403797436894,0.18729403797436894,0,97,96,1,neutral
eva_adaptive_open,25,C089,J J PEREZ,C016,JUANITA,0.18668961975965365,0.18668961975965365,0,98,97,1,neutral
eva_adaptive_open,25,C089,J J PEREZ,C025,LOS DURAZNOS,0.17779517513220938,0.17779517513220938,0,99,98,1,neutral
eva_adaptive_open,25,C089,J J PEREZ,C073,LOS MORROS,0.16537203853610075,0.16537203853610075,0,100,99,1,neutral
eva_adaptive_open,26,C046,EUCALIPTOS,I24,RADAL,0.4154031421910538,0.4154031421910538,0,2,2,0,neutral
eva_adaptive_open,26,C046,EUCALIPTOS,I15,MARTINEZ DE ROZAS,0.4148837713854609,0.4148837713854609,0,3,3,0,neutral
eva_adaptive_open,26,C046,EUCALIPTOS,I29,SANTA ROSA,0.41245640292399943,0.41245640292399943,0,4,4,0,neutral
eva_adaptive_open,26,C046,EUCALIPTOS,C070,MENDOZA (EX-CORONEL ROBLES),0.4050205586776194,0.4050205586776194,0,5,5,0,neutral
eva_adaptive_open,26,C046,EUCALIPTOS,C060,ROJAS MAGALLANES,0.3996060222843795,0.3996060222843795,0,6,6,0,neutral
eva_adaptive_open,26,C046,EUCALIPTOS,I05,DIAGONAL JOSE MARIA CARO,0.39309133143635283,0.39309133143635283,0,7,7,0,neutral
eva_adaptive_open,26,C046,EUCALIPTOS,I23,PETERSEN - VICUÑA MACKENNA,0.392473780071136,0.392473780071136,0,8,8,0,neutral
eva_adaptive_open,26,C046,EUCALIPTOS,I32,EINSTEIN,0.39142907916116426,0.39142907916116426,0,9,9,0,neutral
eva_adaptive_open,26,C046,EUCALIPTOS,C053,CONDELL,0.38857848246317167,0.38857848246317167,0,10,10,0,neutral
eva_adaptive_open,26,C046,EUCALIPTOS,I17,MATUCANA,0.38825942079107606,0.38825942079107606,0,11,11,0,neutral
eva_adaptive_open,26,C046,EUCALIPTOS,I08,GENERAL OSCAR BONILLA,0.38725473284935025,0.38725473284935025,0,12,12,0,neutral
eva_adaptive_open,26,C046,EUCALIPTOS,C063,LONGITUDINAL,0.38639150074323975,0.38639150074323975,0,13,13,0,neutral
eva_adaptive_open,26,C046,EUCALIPTOS,C006,DOMINGO TOCORNAL,0.38429556966416456,0.38429556966416456,0,14,14,0,neutral
eva_adaptive_open,26,C046,EUCALIPTOS,C056,TEMUCO - TORO MAZOTTE,0.3791644103081851,0.3791644103081851,0,15,15,0,neutral
eva_adaptive_open,26,C046,EUCALIPTOS,C035,PRODIVENCIA,0.3722260342578536,0.3722260342578536,0,16,16,0,neutral
eva_adaptive_open,26,C046,EUCALIPTOS,C049,FEDERICO ERRÁZURIZ (EX SERRANO),0.37007513583708684,0.37007513583708684,0,17,17,0,neutral
eva_adaptive_open,26,C046,EUCALIPTOS,C051,JOSE MIGUEL INFANTE - DOMINGO STA MARIA,0.36225545913485363,0.36225545913485363,0,18,18,0,neutral
eva_adaptive_open,26,C046,EUCALIPTOS,C081,SAN GREGORIO - DIEGO MEZA,0.3620189043415254,0.3620189043415254,0,19,19,0,neutral
eva_adaptive_open,26,C046,EUCALIPTOS,C057,PADRE VICENTE IRARRAZABAL - MANUEL CHACON,0.3569073996736355,0.3569073996736355,0,20,20,0,neutral
eva_adaptive_open,26,C046,EUCALIPTOS,C029,MARIA ELENA,0.35607948736774636,0.35607948736774636,0,21,21,0,neutral
eva_adaptive_open,26,C046,EUCALIPTOS,I02,CARLOS VALDOVINOS,0.35528620955926693,0.35528620955926693,0,22,22,0,neutral
eva_adaptive_open,26,C046,EUCALIPTOS,C061,EL PINAR,0.35386893457632485,0.35386893457632485,0,23,23,0,neutral
eva_adaptive_open,26,C046,EUCALIPTOS,C014,JOSE DOMINGO CAÑAS,0.3453428032423394,0.3453428032423394,0,24,24,0,neutral
eva_adaptive_open,26,C046,EUCALIPTOS,I13,LO ESPEJO-RIQUELME,0.3452231117284989,0.3452231117284989,0,25,25,0,neutral
eva_adaptive_open,26,C046,EUCALIPTOS,I14,LO OVALLE,0.3440689243043107,0.3440689243043107,0,26,26,0,neutral
eva_adaptive_open,26,C046,EUCALIPTOS,C032,OBISPO MANUEL UMAÑA,0.3439486611922651,0.3439486611922651,0,27,27,0,neutral
eva_adaptive_open,26,C046,EUCALIPTOS,C082,CAUPOLICAN,0.3343157551872506,0.3343157551872506,0,28,28,0,neutral
eva_adaptive_open,26,C046,EUCALIPTOS,I18,NUEVA IMPERIAL,0.33426053460597166,0.33426053460597166,0,29,29,0,neutral
eva_adaptive_open,26,C046,EUCALIPTOS,C043,NEPTUNO,0.33367397332944054,0.33367397332944054,0,30,30,0,neutral
eva_adaptive_open,26,C046,EUCALIPTOS,C058,ANTONIO EBNER-BARROS ARANA,0.32780814449325085,0.32780814449325085,0,31,31,0,neutral
eva_adaptive_open,26,C046,EUCALIPTOS,C083,ORIENTAL-LAS PARCELAS,0.3251273232241672,0.3251273232241672,0,32,32,0,neutral
eva_adaptive_open,26,C046,EUCALIPTOS,I07,EL GUANACO,0.324739680651957,0.324739680651957,0,33,33,0,neutral
eva_adaptive_open,26,C046,EUCALIPTOS,C047,VIOLETA PARRA,0.32192692159440883,0.32192692159440883,0,34,34,0,neutral
eva_adaptive_open,26,C046,EUCALIPTOS,C007,EDUARDO CASTILLO VELASCO,0.32135377442409346,0.32135377442409346,0,35,35,0,neutral
eva_adaptive_open,26,C046,EUCALIPTOS,C015,JOSE MANUEL GUZMAN,0.3207182539002636,0.3207182539002636,0,36,36,0,neutral
eva_adaptive_open,26,C046,EUCALIPTOS,C026,LOS MAITENES,0.31867213760340646,0.31867213760340646,0,37,37,0,neutral
eva_adaptive_open,26,C046,EUCALIPTOS,C024,LOS ARRAYANES - LOS COPIHUES,0.3164169532190636,0.3164169532190636,0,38,38,0,neutral
eva_adaptive_open,26,C046,EUCALIPTOS,C40,VICUÑA MACKENNA - SAN MARTIN,0.3163360869516046,0.3163360869516046,0,39,39,0,neutral
eva_adaptive_open,26,C046,EUCALIPTOS,C074,URETA COX,0.31449957814869145,0.31449957814869145,0,40,40,0,neutral
eva_adaptive_open,26,C046,EUCALIPTOS,C001,SAN EUGENIO,0.31315225632030524,0.31315225632030524,0,41,41,0,neutral
eva_adaptive_open,26,C046,EUCALIPTOS,C005,CORONEL ALEJANDRO SEPULVEDA,0.3106497256836105,0.3106497256836105,0,42,42,0,neutral
eva_adaptive_open,26,C046,EUCALIPTOS,C033,OBSERVATORIO,0.3084648310861465,0.3084648310861465,0,43,43,0,neutral
eva_adaptive_open,26,C046,EUCALIPTOS,C050,MAR DE DRAKE,0.30811479039196454,0.30811479039196454,0,44,44,0,neutral
eva_adaptive_open,26,C046,EUCALIPTOS,I31,FERNANDEZ ALBANO,0.3067365280286479,0.3067365280286479,0,45,45,0,neutral
eva_adaptive_open,26,C046,EUCALIPTOS,C023,AVENIDA DORSAL,0.3066800306129391,0.3066800306129391,0,46,46,0,neutral
eva_adaptive_open,26,C046,EUCALIPTOS,C080,PARAGUAY,0.3065842808037552,0.3065842808037552,0,47,47,0,neutral
eva_adaptive_open,26,C046,EUCALIPTOS,C088,ÑUBLE,0.3063521640095162,0.3063521640095162,0,48,48,0,neutral
eva_adaptive_open,26,C046,EUCALIPTOS,C034,PEDRO LEON UGALDE,0.3059054946388892,0.3059054946388892,0,49,49,0,neutral
eva_adaptive_open,26,C046,EUCALIPTOS,C028,MADRID,0.3057705925608732,0.3057705925608732,0,50,50,0,neutral
eva_adaptive_open,26,C046,EUCALIPTOS,C020,LATINOAMERICA - PINTOR MURILLO - FRANCISCO TOLEDO,0.3053874986899725,0.3053874986899725,0,51,51,0,neutral
eva_adaptive_open,26,C046,EUCALIPTOS,C019,LAS HIJUELAS SUR - LIBERTADOR BERNARDO OHIGGINS,0.3046576882387051,0.3046576882387051,0,52,52,0,neutral
eva_adaptive_open,26,C046,EUCALIPTOS,C003,CONCHA Y TORO,0.3043952955417027,0.3043952955417027,0,53,53,0,neutral
eva_adaptive_open,26,C046,EUCALIPTOS,C030,MAULE,0.30333268447544404,0.30333268447544404,0,54,54,0,neutral
eva_adaptive_open,26,C046,EUCALIPTOS,C037,SAN ALFONSO,0.3032697592490899,0.3032697592490899,0,55,55,0,neutral
eva_adaptive_open,26,C046,EUCALIPTOS,C054,VICTORIA,0.30195101422376497,0.30233654046708713,0.0003855262433221651,56,56,0,complementarity_signal
eva_adaptive_open,26,C046,EUCALIPTOS,C042,PRINCIPE DE GALES,0.3015275299366899,0.3015275299366899,0,57,57,0,neutral
eva_adaptive_open,26,C046,EUCALIPTOS,C076,ISLA DECEPCION,0.3008300476650675,0.3008300476650675,0,58,58,0,neutral
eva_adaptive_open,26,C046,EUCALIPTOS,C084,EL PINO - UNO SUR,0.30047126787027795,0.30047126787027795,0,59,59,0,neutral
eva_adaptive_open,26,C046,EUCALIPTOS,C055,ARTURO PRAT,0.2977673419810562,0.2977673419810562,0,60,61,-1,neutral
eva_adaptive_open,26,C046,EUCALIPTOS,C011,EYZAGUIRRE,0.297330981511338,0.297330981511338,0,61,62,-1,neutral
eva_adaptive_open,26,C046,EUCALIPTOS,C039,TUPUNGATO,0.2972177850899593,0.2972177850899593,0,62,63,-1,neutral
eva_adaptive_open,26,C046,EUCALIPTOS,C064,SILVA CARVALLO - SANTA ELENA,0.29671303455212084,0.29671303455212084,0,63,64,-1,neutral
eva_adaptive_open,26,C046,EUCALIPTOS,C072,COVADONGA,0.29579784463487546,0.29579784463487546,0,64,65,-1,neutral
eva_adaptive_open,26,C046,EUCALIPTOS,C038,TALCAHUANO - SANTA INES - LOS EDILES,0.29573880114313694,0.29573880114313694,0,65,66,-1,neutral
eva_adaptive_open,26,C046,EUCALIPTOS,C031,NECOCHEA,0.2942204983522875,0.2942204983522875,0,66,67,-1,neutral
eva_adaptive_open,26,C046,EUCALIPTOS,C065,NUEVA SAN MARTIN,0.29384044783423063,0.29384044783423063,0,67,68,-1,neutral
eva_adaptive_open,26,C046,EUCALIPTOS,C079,LAS AMERICAS,0.2935581354089318,0.2935581354089318,0,68,69,-1,neutral
eva_adaptive_open,26,C046,EUCALIPTOS,C044,LOS CERRILLOS,0.2931210475714493,0.2931210475714493,0,69,70,-1,neutral
eva_adaptive_open,26,C046,EUCALIPTOS,C013,HEROES DE LA CONCEPCION,0.29161502323158384,0.29161502323158384,0,70,71,-1,neutral
eva_adaptive_open,26,C046,EUCALIPTOS,C004,CONSISTORIAL,0.29093172378697835,0.29093172378697835,0,71,72,-1,neutral
eva_adaptive_open,26,C046,EUCALIPTOS,C027,LOS PRESIDENTES,0.2903073892430075,0.2903073892430075,0,72,73,-1,neutral
eva_adaptive_open,26,C046,EUCALIPTOS,C090,SANTO DOMINGO,0.2900617837756913,0.2900617837756913,0,73,74,-1,neutral
eva_adaptive_open,26,C046,EUCALIPTOS,C010,ESQ BLANCA - ALBERTO LLONA,0.2850176822340751,0.2850176822340751,0,74,75,-1,neutral
eva_adaptive_open,26,C046,EUCALIPTOS,C022,LLANURA  - EL DESIERTO,0.2832694397879176,0.2832694397879176,0,75,76,-1,neutral
eva_adaptive_open,26,C046,EUCALIPTOS,I28,SANTA RAQUEL,0.2776962274862046,0.2776962274862046,0,76,77,-1,neutral
eva_adaptive_open,26,C046,EUCALIPTOS,C085,LOS LIBERTADORES,0.2739024379548618,0.2739024379548618,0,77,78,-1,neutral
eva_adaptive_open,26,C046,EUCALIPTOS,C052,BAQUEDANO - POSTALES ORIENTE,0.2725119994529144,0.45398736918438526,0.18147536973147088,78,1,77,complementarity_signal
eva_adaptive_open,26,C046,EUCALIPTOS,C078,WALDO TAFF,0.2640982140605202,0.2640982140605202,0,79,79,0,neutral
eva_adaptive_open,26,C046,EUCALIPTOS,C069,LOS OLMOS,0.2594151168255869,0.2594151168255869,0,80,80,0,neutral
eva_adaptive_open,26,C046,EUCALIPTOS,C009,EL ROSAL - SANTA ELENA,0.258292338870139,0.258292338870139,0,81,81,0,neutral
eva_adaptive_open,26,C046,EUCALIPTOS,C002,CAPITAN IGNACIO CARRERA PINTO,0.2546555618818747,0.2546555618818747,0,82,82,0,neutral
eva_adaptive_open,26,C046,EUCALIPTOS,C048,GENERAL ARRIAGADA,0.2517348978903142,0.2517348978903142,0,83,83,0,neutral
eva_adaptive_open,26,C046,EUCALIPTOS,C062,CORONA SUECA,0.2513511863347979,0.2513511863347979,0,84,84,0,neutral
eva_adaptive_open,26,C046,EUCALIPTOS,C012,GABRIELA ORIENTE,0.2504161476776965,0.2504161476776965,0,85,85,0,neutral
eva_adaptive_open,26,C046,EUCALIPTOS,I03,CARRASCAL,0.24854515940907576,0.24854515940907576,0,86,86,0,neutral
eva_adaptive_open,26,C046,EUCALIPTOS,C021,LAUTARO,0.24315278721380412,0.24315278721380412,0,87,87,0,neutral
eva_adaptive_open,26,C046,EUCALIPTOS,C071,BARROS ARANA,0.2430181784690738,0.29937385396612726,0.05635567549705345,88,60,28,complementarity_signal
eva_adaptive_open,26,C046,EUCALIPTOS,C087,SALVADOR GUTIERREZ,0.24225656888983763,0.24225656888983763,0,89,88,1,neutral
eva_adaptive_open,26,C046,EUCALIPTOS,C041,VISTA HERMOSA,0.23729046079619398,0.23729046079619398,0,90,89,1,neutral
eva_adaptive_open,26,C046,EUCALIPTOS,C017,LA PARINACOTA,0.2279533954363316,0.2279533954363316,0,91,90,1,neutral
eva_adaptive_open,26,C046,EUCALIPTOS,C008,EL CERRO,0.22664145134727998,0.22664145134727998,0,92,91,1,neutral
eva_adaptive_open,26,C046,EUCALIPTOS,C036,RIO REFUGIO - SALAR SURIRE,0.22368469062682966,0.22368469062682966,0,93,92,1,neutral
eva_adaptive_open,26,C046,EUCALIPTOS,C077,RICARDO VIAL,0.22334495183243977,0.22334495183243977,0,94,93,1,neutral
eva_adaptive_open,26,C046,EUCALIPTOS,C045,PORTO ALEGRE,0.21264190235657252,0.21264190235657252,0,95,94,1,neutral
eva_adaptive_open,26,C046,EUCALIPTOS,C018,LA PRIMAVERA,0.18729403797436894,0.18729403797436894,0,96,95,1,neutral
eva_adaptive_open,26,C046,EUCALIPTOS,C016,JUANITA,0.18668961975965365,0.18668961975965365,0,97,96,1,neutral
eva_adaptive_open,26,C046,EUCALIPTOS,C025,LOS DURAZNOS,0.17779517513220938,0.17779517513220938,0,98,97,1,neutral
eva_adaptive_open,26,C046,EUCALIPTOS,C073,LOS MORROS,0.16537203853610075,0.16537203853610075,0,99,98,1,neutral
eva_adaptive_open,27,C052,BAQUEDANO - POSTALES ORIENTE,I24,RADAL,0.4154031421910538,0.4154031421910538,0,2,3,-1,neutral
eva_adaptive_open,27,C052,BAQUEDANO - POSTALES ORIENTE,I15,MARTINEZ DE ROZAS,0.4148837713854609,0.4148837713854609,0,3,4,-1,neutral
eva_adaptive_open,27,C052,BAQUEDANO - POSTALES ORIENTE,I29,SANTA ROSA,0.41245640292399943,0.41245640292399943,0,4,5,-1,neutral
eva_adaptive_open,27,C052,BAQUEDANO - POSTALES ORIENTE,C070,MENDOZA (EX-CORONEL ROBLES),0.4050205586776194,0.4050205586776194,0,5,6,-1,neutral
eva_adaptive_open,27,C052,BAQUEDANO - POSTALES ORIENTE,C060,ROJAS MAGALLANES,0.3996060222843795,0.3996060222843795,0,6,7,-1,neutral
eva_adaptive_open,27,C052,BAQUEDANO - POSTALES ORIENTE,I05,DIAGONAL JOSE MARIA CARO,0.39309133143635283,0.39309133143635283,0,7,8,-1,neutral
eva_adaptive_open,27,C052,BAQUEDANO - POSTALES ORIENTE,I23,PETERSEN - VICUÑA MACKENNA,0.392473780071136,0.392473780071136,0,8,9,-1,neutral
eva_adaptive_open,27,C052,BAQUEDANO - POSTALES ORIENTE,I32,EINSTEIN,0.39142907916116426,0.39142907916116426,0,9,10,-1,neutral
eva_adaptive_open,27,C052,BAQUEDANO - POSTALES ORIENTE,C053,CONDELL,0.38857848246317167,0.2912491237459163,-0.09732935871725534,10,71,-61,substitution_signal
eva_adaptive_open,27,C052,BAQUEDANO - POSTALES ORIENTE,I17,MATUCANA,0.38825942079107606,0.38825942079107606,0,11,11,0,neutral
eva_adaptive_open,27,C052,BAQUEDANO - POSTALES ORIENTE,I08,GENERAL OSCAR BONILLA,0.38725473284935025,0.38725473284935025,0,12,12,0,neutral
eva_adaptive_open,27,C052,BAQUEDANO - POSTALES ORIENTE,C063,LONGITUDINAL,0.38639150074323975,0.42326463507159795,0.036873134328358204,13,2,11,complementarity_signal
eva_adaptive_open,27,C052,BAQUEDANO - POSTALES ORIENTE,C006,DOMINGO TOCORNAL,0.38429556966416456,0.38429556966416456,0,14,13,1,neutral
eva_adaptive_open,27,C052,BAQUEDANO - POSTALES ORIENTE,C056,TEMUCO - TORO MAZOTTE,0.3791644103081851,0.3791644103081851,0,15,14,1,neutral
eva_adaptive_open,27,C052,BAQUEDANO - POSTALES ORIENTE,C035,PRODIVENCIA,0.3722260342578536,0.43939021336233125,0.06716417910447764,16,1,15,complementarity_signal
eva_adaptive_open,27,C052,BAQUEDANO - POSTALES ORIENTE,C049,FEDERICO ERRÁZURIZ (EX SERRANO),0.37007513583708684,0.37007513583708684,0,17,15,2,neutral
eva_adaptive_open,27,C052,BAQUEDANO - POSTALES ORIENTE,C051,JOSE MIGUEL INFANTE - DOMINGO STA MARIA,0.36225545913485363,0.36225545913485363,0,18,16,2,neutral
eva_adaptive_open,27,C052,BAQUEDANO - POSTALES ORIENTE,C081,SAN GREGORIO - DIEGO MEZA,0.3620189043415254,0.3620189043415254,0,19,17,2,neutral
eva_adaptive_open,27,C052,BAQUEDANO - POSTALES ORIENTE,C057,PADRE VICENTE IRARRAZABAL - MANUEL CHACON,0.3569073996736355,0.3569073996736355,0,20,18,2,neutral
eva_adaptive_open,27,C052,BAQUEDANO - POSTALES ORIENTE,C029,MARIA ELENA,0.35607948736774636,0.35607948736774636,0,21,19,2,neutral
eva_adaptive_open,27,C052,BAQUEDANO - POSTALES ORIENTE,I02,CARLOS VALDOVINOS,0.35528620955926693,0.35528620955926693,0,22,20,2,neutral
eva_adaptive_open,27,C052,BAQUEDANO - POSTALES ORIENTE,C061,EL PINAR,0.35386893457632485,0.35386893457632485,0,23,21,2,neutral
eva_adaptive_open,27,C052,BAQUEDANO - POSTALES ORIENTE,C014,JOSE DOMINGO CAÑAS,0.3453428032423394,0.3453428032423394,0,24,23,1,neutral
eva_adaptive_open,27,C052,BAQUEDANO - POSTALES ORIENTE,I13,LO ESPEJO-RIQUELME,0.3452231117284989,0.3452231117284989,0,25,24,1,neutral
eva_adaptive_open,27,C052,BAQUEDANO - POSTALES ORIENTE,I14,LO OVALLE,0.3440689243043107,0.3440689243043107,0,26,25,1,neutral
eva_adaptive_open,27,C052,BAQUEDANO - POSTALES ORIENTE,C032,OBISPO MANUEL UMAÑA,0.3439486611922651,0.3439486611922651,0,27,26,1,neutral
eva_adaptive_open,27,C052,BAQUEDANO - POSTALES ORIENTE,C082,CAUPOLICAN,0.3343157551872506,0.3343157551872506,0,28,27,1,neutral
eva_adaptive_open,27,C052,BAQUEDANO - POSTALES ORIENTE,I18,NUEVA IMPERIAL,0.33426053460597166,0.33426053460597166,0,29,28,1,neutral
eva_adaptive_open,27,C052,BAQUEDANO - POSTALES ORIENTE,C043,NEPTUNO,0.33367397332944054,0.33367397332944054,0,30,29,1,neutral
eva_adaptive_open,27,C052,BAQUEDANO - POSTALES ORIENTE,C058,ANTONIO EBNER-BARROS ARANA,0.32780814449325085,0.32780814449325085,0,31,30,1,neutral
eva_adaptive_open,27,C052,BAQUEDANO - POSTALES ORIENTE,C083,ORIENTAL-LAS PARCELAS,0.3251273232241672,0.3251273232241672,0,32,31,1,neutral
eva_adaptive_open,27,C052,BAQUEDANO - POSTALES ORIENTE,I07,EL GUANACO,0.324739680651957,0.324739680651957,0,33,32,1,neutral
eva_adaptive_open,27,C052,BAQUEDANO - POSTALES ORIENTE,C047,VIOLETA PARRA,0.32192692159440883,0.32192692159440883,0,34,33,1,neutral
eva_adaptive_open,27,C052,BAQUEDANO - POSTALES ORIENTE,C007,EDUARDO CASTILLO VELASCO,0.32135377442409346,0.32135377442409346,0,35,34,1,neutral
eva_adaptive_open,27,C052,BAQUEDANO - POSTALES ORIENTE,C015,JOSE MANUEL GUZMAN,0.3207182539002636,0.3207182539002636,0,36,36,0,neutral
eva_adaptive_open,27,C052,BAQUEDANO - POSTALES ORIENTE,C026,LOS MAITENES,0.31867213760340646,0.31867213760340646,0,37,37,0,neutral
eva_adaptive_open,27,C052,BAQUEDANO - POSTALES ORIENTE,C024,LOS ARRAYANES - LOS COPIHUES,0.3164169532190636,0.3164169532190636,0,38,38,0,neutral
eva_adaptive_open,27,C052,BAQUEDANO - POSTALES ORIENTE,C40,VICUÑA MACKENNA - SAN MARTIN,0.3163360869516046,0.3163360869516046,0,39,39,0,neutral
eva_adaptive_open,27,C052,BAQUEDANO - POSTALES ORIENTE,C074,URETA COX,0.31449957814869145,0.31449957814869145,0,40,40,0,neutral
eva_adaptive_open,27,C052,BAQUEDANO - POSTALES ORIENTE,C001,SAN EUGENIO,0.31315225632030524,0.31315225632030524,0,41,41,0,neutral
eva_adaptive_open,27,C052,BAQUEDANO - POSTALES ORIENTE,C005,CORONEL ALEJANDRO SEPULVEDA,0.3106497256836105,0.3106497256836105,0,42,42,0,neutral
eva_adaptive_open,27,C052,BAQUEDANO - POSTALES ORIENTE,C033,OBSERVATORIO,0.3084648310861465,0.3084648310861465,0,43,43,0,neutral
eva_adaptive_open,27,C052,BAQUEDANO - POSTALES ORIENTE,C050,MAR DE DRAKE,0.30811479039196454,0.3211446411382332,0.013029850746268667,44,35,9,complementarity_signal
eva_adaptive_open,27,C052,BAQUEDANO - POSTALES ORIENTE,I31,FERNANDEZ ALBANO,0.3067365280286479,0.3067365280286479,0,45,44,1,neutral
eva_adaptive_open,27,C052,BAQUEDANO - POSTALES ORIENTE,C023,AVENIDA DORSAL,0.3066800306129391,0.3066800306129391,0,46,45,1,neutral
eva_adaptive_open,27,C052,BAQUEDANO - POSTALES ORIENTE,C080,PARAGUAY,0.3065842808037552,0.3065842808037552,0,47,46,1,neutral
eva_adaptive_open,27,C052,BAQUEDANO - POSTALES ORIENTE,C088,ÑUBLE,0.3063521640095162,0.3063521640095162,0,48,47,1,neutral
eva_adaptive_open,27,C052,BAQUEDANO - POSTALES ORIENTE,C034,PEDRO LEON UGALDE,0.3059054946388892,0.3059054946388892,0,49,48,1,neutral
eva_adaptive_open,27,C052,BAQUEDANO - POSTALES ORIENTE,C028,MADRID,0.3057705925608732,0.3057705925608732,0,50,49,1,neutral
eva_adaptive_open,27,C052,BAQUEDANO - POSTALES ORIENTE,C020,LATINOAMERICA - PINTOR MURILLO - FRANCISCO TOLEDO,0.3053874986899725,0.3053874986899725,0,51,50,1,neutral
eva_adaptive_open,27,C052,BAQUEDANO - POSTALES ORIENTE,C019,LAS HIJUELAS SUR - LIBERTADOR BERNARDO OHIGGINS,0.3046576882387051,0.3046576882387051,0,52,51,1,neutral
eva_adaptive_open,27,C052,BAQUEDANO - POSTALES ORIENTE,C003,CONCHA Y TORO,0.3043952955417027,0.3043952955417027,0,53,52,1,neutral
eva_adaptive_open,27,C052,BAQUEDANO - POSTALES ORIENTE,C030,MAULE,0.30333268447544404,0.30333268447544404,0,54,53,1,neutral
eva_adaptive_open,27,C052,BAQUEDANO - POSTALES ORIENTE,C037,SAN ALFONSO,0.3032697592490899,0.3032697592490899,0,55,54,1,neutral
eva_adaptive_open,27,C052,BAQUEDANO - POSTALES ORIENTE,C054,VICTORIA,0.30233654046708713,0.30233654046708713,0,56,55,1,neutral
eva_adaptive_open,27,C052,BAQUEDANO - POSTALES ORIENTE,C042,PRINCIPE DE GALES,0.3015275299366899,0.3015275299366899,0,57,56,1,neutral
eva_adaptive_open,27,C052,BAQUEDANO - POSTALES ORIENTE,C076,ISLA DECEPCION,0.3008300476650675,0.3008300476650675,0,58,57,1,neutral
eva_adaptive_open,27,C052,BAQUEDANO - POSTALES ORIENTE,C084,EL PINO - UNO SUR,0.30047126787027795,0.30047126787027795,0,59,58,1,neutral
eva_adaptive_open,27,C052,BAQUEDANO - POSTALES ORIENTE,C071,BARROS ARANA,0.29937385396612726,0.29937385396612726,0,60,59,1,neutral
eva_adaptive_open,27,C052,BAQUEDANO - POSTALES ORIENTE,C055,ARTURO PRAT,0.2977673419810562,0.2977673419810562,0,61,60,1,neutral
eva_adaptive_open,27,C052,BAQUEDANO - POSTALES ORIENTE,C011,EYZAGUIRRE,0.297330981511338,0.297330981511338,0,62,61,1,neutral
eva_adaptive_open,27,C052,BAQUEDANO - POSTALES ORIENTE,C039,TUPUNGATO,0.2972177850899593,0.2972177850899593,0,63,62,1,neutral
eva_adaptive_open,27,C052,BAQUEDANO - POSTALES ORIENTE,C064,SILVA CARVALLO - SANTA ELENA,0.29671303455212084,0.29671303455212084,0,64,63,1,neutral
eva_adaptive_open,27,C052,BAQUEDANO - POSTALES ORIENTE,C072,COVADONGA,0.29579784463487546,0.29579784463487546,0,65,64,1,neutral
eva_adaptive_open,27,C052,BAQUEDANO - POSTALES ORIENTE,C038,TALCAHUANO - SANTA INES - LOS EDILES,0.29573880114313694,0.29573880114313694,0,66,65,1,neutral
eva_adaptive_open,27,C052,BAQUEDANO - POSTALES ORIENTE,C031,NECOCHEA,0.2942204983522875,0.2942204983522875,0,67,66,1,neutral
eva_adaptive_open,27,C052,BAQUEDANO - POSTALES ORIENTE,C065,NUEVA SAN MARTIN,0.29384044783423063,0.29384044783423063,0,68,67,1,neutral
eva_adaptive_open,27,C052,BAQUEDANO - POSTALES ORIENTE,C079,LAS AMERICAS,0.2935581354089318,0.2935581354089318,0,69,68,1,neutral
eva_adaptive_open,27,C052,BAQUEDANO - POSTALES ORIENTE,C044,LOS CERRILLOS,0.2931210475714493,0.2931210475714493,0,70,69,1,neutral
eva_adaptive_open,27,C052,BAQUEDANO - POSTALES ORIENTE,C013,HEROES DE LA CONCEPCION,0.29161502323158384,0.29161502323158384,0,71,70,1,neutral
eva_adaptive_open,27,C052,BAQUEDANO - POSTALES ORIENTE,C004,CONSISTORIAL,0.29093172378697835,0.29093172378697835,0,72,72,0,neutral
eva_adaptive_open,27,C052,BAQUEDANO - POSTALES ORIENTE,C027,LOS PRESIDENTES,0.2903073892430075,0.2903073892430075,0,73,73,0,neutral
eva_adaptive_open,27,C052,BAQUEDANO - POSTALES ORIENTE,C090,SANTO DOMINGO,0.2900617837756913,0.2900617837756913,0,74,74,0,neutral
eva_adaptive_open,27,C052,BAQUEDANO - POSTALES ORIENTE,C010,ESQ BLANCA - ALBERTO LLONA,0.2850176822340751,0.35218186133855267,0.06716417910447758,75,22,53,complementarity_signal
eva_adaptive_open,27,C052,BAQUEDANO - POSTALES ORIENTE,C022,LLANURA  - EL DESIERTO,0.2832694397879176,0.2832694397879176,0,76,75,1,neutral
eva_adaptive_open,27,C052,BAQUEDANO - POSTALES ORIENTE,I28,SANTA RAQUEL,0.2776962274862046,0.2776962274862046,0,77,76,1,neutral
eva_adaptive_open,27,C052,BAQUEDANO - POSTALES ORIENTE,C085,LOS LIBERTADORES,0.2739024379548618,0.2739024379548618,0,78,77,1,neutral
eva_adaptive_open,27,C052,BAQUEDANO - POSTALES ORIENTE,C078,WALDO TAFF,0.2640982140605202,0.2640982140605202,0,79,78,1,neutral
eva_adaptive_open,27,C052,BAQUEDANO - POSTALES ORIENTE,C069,LOS OLMOS,0.2594151168255869,0.2594151168255869,0,80,79,1,neutral
eva_adaptive_open,27,C052,BAQUEDANO - POSTALES ORIENTE,C009,EL ROSAL - SANTA ELENA,0.258292338870139,0.258292338870139,0,81,80,1,neutral
eva_adaptive_open,27,C052,BAQUEDANO - POSTALES ORIENTE,C002,CAPITAN IGNACIO CARRERA PINTO,0.2546555618818747,0.2546555618818747,0,82,81,1,neutral
eva_adaptive_open,27,C052,BAQUEDANO - POSTALES ORIENTE,C048,GENERAL ARRIAGADA,0.2517348978903142,0.2517348978903142,0,83,82,1,neutral
eva_adaptive_open,27,C052,BAQUEDANO - POSTALES ORIENTE,C062,CORONA SUECA,0.2513511863347979,0.2513511863347979,0,84,83,1,neutral
eva_adaptive_open,27,C052,BAQUEDANO - POSTALES ORIENTE,C012,GABRIELA ORIENTE,0.2504161476776965,0.2504161476776965,0,85,84,1,neutral
eva_adaptive_open,27,C052,BAQUEDANO - POSTALES ORIENTE,I03,CARRASCAL,0.24854515940907576,0.24854515940907576,0,86,85,1,neutral
eva_adaptive_open,27,C052,BAQUEDANO - POSTALES ORIENTE,C021,LAUTARO,0.24315278721380412,0.24315278721380412,0,87,86,1,neutral
eva_adaptive_open,27,C052,BAQUEDANO - POSTALES ORIENTE,C087,SALVADOR GUTIERREZ,0.24225656888983763,0.24225656888983763,0,88,87,1,neutral
eva_adaptive_open,27,C052,BAQUEDANO - POSTALES ORIENTE,C041,VISTA HERMOSA,0.23729046079619398,0.23729046079619398,0,89,88,1,neutral
eva_adaptive_open,27,C052,BAQUEDANO - POSTALES ORIENTE,C017,LA PARINACOTA,0.2279533954363316,0.2279533954363316,0,90,89,1,neutral
eva_adaptive_open,27,C052,BAQUEDANO - POSTALES ORIENTE,C008,EL CERRO,0.22664145134727998,0.22664145134727998,0,91,90,1,neutral
eva_adaptive_open,27,C052,BAQUEDANO - POSTALES ORIENTE,C036,RIO REFUGIO - SALAR SURIRE,0.22368469062682966,0.22368469062682966,0,92,91,1,neutral
eva_adaptive_open,27,C052,BAQUEDANO - POSTALES ORIENTE,C077,RICARDO VIAL,0.22334495183243977,0.22334495183243977,0,93,92,1,neutral
eva_adaptive_open,27,C052,BAQUEDANO - POSTALES ORIENTE,C045,PORTO ALEGRE,0.21264190235657252,0.21264190235657252,0,94,93,1,neutral
eva_adaptive_open,27,C052,BAQUEDANO - POSTALES ORIENTE,C018,LA PRIMAVERA,0.18729403797436894,0.18729403797436894,0,95,94,1,neutral
eva_adaptive_open,27,C052,BAQUEDANO - POSTALES ORIENTE,C016,JUANITA,0.18668961975965365,0.18668961975965365,0,96,95,1,neutral
eva_adaptive_open,27,C052,BAQUEDANO - POSTALES ORIENTE,C025,LOS DURAZNOS,0.17779517513220938,0.17779517513220938,0,97,96,1,neutral
eva_adaptive_open,27,C052,BAQUEDANO - POSTALES ORIENTE,C073,LOS MORROS,0.16537203853610075,0.16537203853610075,0,98,97,1,neutral
eva_adaptive_open,28,C035,PRODIVENCIA,C063,LONGITUDINAL,0.42326463507159795,0.42326463507159795,0,2,1,1,neutral
eva_adaptive_open,28,C035,PRODIVENCIA,I24,RADAL,0.4154031421910538,0.4154031421910538,0,3,2,1,neutral
eva_adaptive_open,28,C035,PRODIVENCIA,I15,MARTINEZ DE ROZAS,0.4148837713854609,0.4148837713854609,0,4,3,1,neutral
eva_adaptive_open,28,C035,PRODIVENCIA,I29,SANTA ROSA,0.41245640292399943,0.41245640292399943,0,5,4,1,neutral
eva_adaptive_open,28,C035,PRODIVENCIA,C070,MENDOZA (EX-CORONEL ROBLES),0.4050205586776194,0.4050205586776194,0,6,5,1,neutral
eva_adaptive_open,28,C035,PRODIVENCIA,C060,ROJAS MAGALLANES,0.3996060222843795,0.3996060222843795,0,7,6,1,neutral
eva_adaptive_open,28,C035,PRODIVENCIA,I05,DIAGONAL JOSE MARIA CARO,0.39309133143635283,0.39309133143635283,0,8,7,1,neutral
eva_adaptive_open,28,C035,PRODIVENCIA,I23,PETERSEN - VICUÑA MACKENNA,0.392473780071136,0.392473780071136,0,9,8,1,neutral
eva_adaptive_open,28,C035,PRODIVENCIA,I32,EINSTEIN,0.39142907916116426,0.39142907916116426,0,10,9,1,neutral
eva_adaptive_open,28,C035,PRODIVENCIA,I17,MATUCANA,0.38825942079107606,0.38825942079107606,0,11,10,1,neutral
eva_adaptive_open,28,C035,PRODIVENCIA,I08,GENERAL OSCAR BONILLA,0.38725473284935025,0.38725473284935025,0,12,11,1,neutral
eva_adaptive_open,28,C035,PRODIVENCIA,C006,DOMINGO TOCORNAL,0.38429556966416456,0.38429556966416456,0,13,12,1,neutral
eva_adaptive_open,28,C035,PRODIVENCIA,C056,TEMUCO - TORO MAZOTTE,0.3791644103081851,0.3791644103081851,0,14,13,1,neutral
eva_adaptive_open,28,C035,PRODIVENCIA,C049,FEDERICO ERRÁZURIZ (EX SERRANO),0.37007513583708684,0.37007513583708684,0,15,14,1,neutral
eva_adaptive_open,28,C035,PRODIVENCIA,C051,JOSE MIGUEL INFANTE - DOMINGO STA MARIA,0.36225545913485363,0.36225545913485363,0,16,15,1,neutral
eva_adaptive_open,28,C035,PRODIVENCIA,C081,SAN GREGORIO - DIEGO MEZA,0.3620189043415254,0.3620189043415254,0,17,16,1,neutral
eva_adaptive_open,28,C035,PRODIVENCIA,C057,PADRE VICENTE IRARRAZABAL - MANUEL CHACON,0.3569073996736355,0.3569073996736355,0,18,17,1,neutral
eva_adaptive_open,28,C035,PRODIVENCIA,C029,MARIA ELENA,0.35607948736774636,0.35607948736774636,0,19,18,1,neutral
eva_adaptive_open,28,C035,PRODIVENCIA,I02,CARLOS VALDOVINOS,0.35528620955926693,0.35528620955926693,0,20,19,1,neutral
eva_adaptive_open,28,C035,PRODIVENCIA,C061,EL PINAR,0.35386893457632485,0.35386893457632485,0,21,20,1,neutral
eva_adaptive_open,28,C035,PRODIVENCIA,C010,ESQ BLANCA - ALBERTO LLONA,0.35218186133855267,0.35218186133855267,0,22,21,1,neutral
eva_adaptive_open,28,C035,PRODIVENCIA,C014,JOSE DOMINGO CAÑAS,0.3453428032423394,0.3453428032423394,0,23,22,1,neutral
eva_adaptive_open,28,C035,PRODIVENCIA,I13,LO ESPEJO-RIQUELME,0.3452231117284989,0.3452231117284989,0,24,23,1,neutral
eva_adaptive_open,28,C035,PRODIVENCIA,I14,LO OVALLE,0.3440689243043107,0.3440689243043107,0,25,24,1,neutral
eva_adaptive_open,28,C035,PRODIVENCIA,C032,OBISPO MANUEL UMAÑA,0.3439486611922651,0.3439486611922651,0,26,25,1,neutral
eva_adaptive_open,28,C035,PRODIVENCIA,C082,CAUPOLICAN,0.3343157551872506,0.3343157551872506,0,27,26,1,neutral
eva_adaptive_open,28,C035,PRODIVENCIA,I18,NUEVA IMPERIAL,0.33426053460597166,0.33426053460597166,0,28,27,1,neutral
eva_adaptive_open,28,C035,PRODIVENCIA,C043,NEPTUNO,0.33367397332944054,0.33367397332944054,0,29,28,1,neutral
eva_adaptive_open,28,C035,PRODIVENCIA,C058,ANTONIO EBNER-BARROS ARANA,0.32780814449325085,0.32780814449325085,0,30,29,1,neutral
eva_adaptive_open,28,C035,PRODIVENCIA,C083,ORIENTAL-LAS PARCELAS,0.3251273232241672,0.3251273232241672,0,31,30,1,neutral
eva_adaptive_open,28,C035,PRODIVENCIA,I07,EL GUANACO,0.324739680651957,0.324739680651957,0,32,31,1,neutral
eva_adaptive_open,28,C035,PRODIVENCIA,C047,VIOLETA PARRA,0.32192692159440883,0.32192692159440883,0,33,32,1,neutral
eva_adaptive_open,28,C035,PRODIVENCIA,C007,EDUARDO CASTILLO VELASCO,0.32135377442409346,0.32135377442409346,0,34,33,1,neutral
eva_adaptive_open,28,C035,PRODIVENCIA,C050,MAR DE DRAKE,0.3211446411382332,0.3211446411382332,0,35,34,1,neutral
eva_adaptive_open,28,C035,PRODIVENCIA,C015,JOSE MANUEL GUZMAN,0.3207182539002636,0.3207182539002636,0,36,35,1,neutral
eva_adaptive_open,28,C035,PRODIVENCIA,C026,LOS MAITENES,0.31867213760340646,0.31867213760340646,0,37,36,1,neutral
eva_adaptive_open,28,C035,PRODIVENCIA,C024,LOS ARRAYANES - LOS COPIHUES,0.3164169532190636,0.3164169532190636,0,38,37,1,neutral
eva_adaptive_open,28,C035,PRODIVENCIA,C40,VICUÑA MACKENNA - SAN MARTIN,0.3163360869516046,0.3163360869516046,0,39,38,1,neutral
eva_adaptive_open,28,C035,PRODIVENCIA,C074,URETA COX,0.31449957814869145,0.31449957814869145,0,40,39,1,neutral
eva_adaptive_open,28,C035,PRODIVENCIA,C001,SAN EUGENIO,0.31315225632030524,0.31315225632030524,0,41,40,1,neutral
eva_adaptive_open,28,C035,PRODIVENCIA,C005,CORONEL ALEJANDRO SEPULVEDA,0.3106497256836105,0.3106497256836105,0,42,41,1,neutral
eva_adaptive_open,28,C035,PRODIVENCIA,C033,OBSERVATORIO,0.3084648310861465,0.3084648310861465,0,43,42,1,neutral
eva_adaptive_open,28,C035,PRODIVENCIA,I31,FERNANDEZ ALBANO,0.3067365280286479,0.3067365280286479,0,44,43,1,neutral
eva_adaptive_open,28,C035,PRODIVENCIA,C023,AVENIDA DORSAL,0.3066800306129391,0.3066800306129391,0,45,44,1,neutral
eva_adaptive_open,28,C035,PRODIVENCIA,C080,PARAGUAY,0.3065842808037552,0.3065842808037552,0,46,45,1,neutral
eva_adaptive_open,28,C035,PRODIVENCIA,C088,ÑUBLE,0.3063521640095162,0.3063521640095162,0,47,46,1,neutral
eva_adaptive_open,28,C035,PRODIVENCIA,C034,PEDRO LEON UGALDE,0.3059054946388892,0.3059054946388892,0,48,47,1,neutral
eva_adaptive_open,28,C035,PRODIVENCIA,C028,MADRID,0.3057705925608732,0.3057705925608732,0,49,48,1,neutral
eva_adaptive_open,28,C035,PRODIVENCIA,C020,LATINOAMERICA - PINTOR MURILLO - FRANCISCO TOLEDO,0.3053874986899725,0.3053874986899725,0,50,49,1,neutral
eva_adaptive_open,28,C035,PRODIVENCIA,C019,LAS HIJUELAS SUR - LIBERTADOR BERNARDO OHIGGINS,0.3046576882387051,0.3046576882387051,0,51,50,1,neutral
eva_adaptive_open,28,C035,PRODIVENCIA,C003,CONCHA Y TORO,0.3043952955417027,0.3043952955417027,0,52,51,1,neutral
eva_adaptive_open,28,C035,PRODIVENCIA,C030,MAULE,0.30333268447544404,0.30333268447544404,0,53,52,1,neutral
eva_adaptive_open,28,C035,PRODIVENCIA,C037,SAN ALFONSO,0.3032697592490899,0.3032697592490899,0,54,53,1,neutral
eva_adaptive_open,28,C035,PRODIVENCIA,C054,VICTORIA,0.30233654046708713,0.30233654046708713,0,55,54,1,neutral
eva_adaptive_open,28,C035,PRODIVENCIA,C042,PRINCIPE DE GALES,0.3015275299366899,0.3015275299366899,0,56,55,1,neutral
eva_adaptive_open,28,C035,PRODIVENCIA,C076,ISLA DECEPCION,0.3008300476650675,0.3008300476650675,0,57,56,1,neutral
eva_adaptive_open,28,C035,PRODIVENCIA,C084,EL PINO - UNO SUR,0.30047126787027795,0.30047126787027795,0,58,57,1,neutral
eva_adaptive_open,28,C035,PRODIVENCIA,C071,BARROS ARANA,0.29937385396612726,0.29937385396612726,0,59,58,1,neutral
eva_adaptive_open,28,C035,PRODIVENCIA,C055,ARTURO PRAT,0.2977673419810562,0.2977673419810562,0,60,59,1,neutral
eva_adaptive_open,28,C035,PRODIVENCIA,C011,EYZAGUIRRE,0.297330981511338,0.297330981511338,0,61,60,1,neutral
eva_adaptive_open,28,C035,PRODIVENCIA,C039,TUPUNGATO,0.2972177850899593,0.2972177850899593,0,62,61,1,neutral
eva_adaptive_open,28,C035,PRODIVENCIA,C064,SILVA CARVALLO - SANTA ELENA,0.29671303455212084,0.29671303455212084,0,63,62,1,neutral
eva_adaptive_open,28,C035,PRODIVENCIA,C072,COVADONGA,0.29579784463487546,0.29579784463487546,0,64,63,1,neutral
eva_adaptive_open,28,C035,PRODIVENCIA,C038,TALCAHUANO - SANTA INES - LOS EDILES,0.29573880114313694,0.29573880114313694,0,65,64,1,neutral
eva_adaptive_open,28,C035,PRODIVENCIA,C031,NECOCHEA,0.2942204983522875,0.2942204983522875,0,66,65,1,neutral
eva_adaptive_open,28,C035,PRODIVENCIA,C065,NUEVA SAN MARTIN,0.29384044783423063,0.29384044783423063,0,67,66,1,neutral
eva_adaptive_open,28,C035,PRODIVENCIA,C079,LAS AMERICAS,0.2935581354089318,0.2935581354089318,0,68,67,1,neutral
eva_adaptive_open,28,C035,PRODIVENCIA,C044,LOS CERRILLOS,0.2931210475714493,0.2931210475714493,0,69,68,1,neutral
eva_adaptive_open,28,C035,PRODIVENCIA,C013,HEROES DE LA CONCEPCION,0.29161502323158384,0.29161502323158384,0,70,69,1,neutral
eva_adaptive_open,28,C035,PRODIVENCIA,C053,CONDELL,0.2912491237459163,0.2912491237459163,0,71,70,1,neutral
eva_adaptive_open,28,C035,PRODIVENCIA,C004,CONSISTORIAL,0.29093172378697835,0.29093172378697835,0,72,71,1,neutral
eva_adaptive_open,28,C035,PRODIVENCIA,C027,LOS PRESIDENTES,0.2903073892430075,0.2903073892430075,0,73,72,1,neutral
eva_adaptive_open,28,C035,PRODIVENCIA,C090,SANTO DOMINGO,0.2900617837756913,0.2900617837756913,0,74,73,1,neutral
eva_adaptive_open,28,C035,PRODIVENCIA,C022,LLANURA  - EL DESIERTO,0.2832694397879176,0.2832694397879176,0,75,74,1,neutral
eva_adaptive_open,28,C035,PRODIVENCIA,I28,SANTA RAQUEL,0.2776962274862046,0.2776962274862046,0,76,75,1,neutral
eva_adaptive_open,28,C035,PRODIVENCIA,C085,LOS LIBERTADORES,0.2739024379548618,0.2739024379548618,0,77,76,1,neutral
eva_adaptive_open,28,C035,PRODIVENCIA,C078,WALDO TAFF,0.2640982140605202,0.2640982140605202,0,78,77,1,neutral
eva_adaptive_open,28,C035,PRODIVENCIA,C069,LOS OLMOS,0.2594151168255869,0.2594151168255869,0,79,78,1,neutral
eva_adaptive_open,28,C035,PRODIVENCIA,C009,EL ROSAL - SANTA ELENA,0.258292338870139,0.258292338870139,0,80,79,1,neutral
eva_adaptive_open,28,C035,PRODIVENCIA,C002,CAPITAN IGNACIO CARRERA PINTO,0.2546555618818747,0.2546555618818747,0,81,80,1,neutral
eva_adaptive_open,28,C035,PRODIVENCIA,C048,GENERAL ARRIAGADA,0.2517348978903142,0.2517348978903142,0,82,81,1,neutral
eva_adaptive_open,28,C035,PRODIVENCIA,C062,CORONA SUECA,0.2513511863347979,0.2513511863347979,0,83,82,1,neutral
eva_adaptive_open,28,C035,PRODIVENCIA,C012,GABRIELA ORIENTE,0.2504161476776965,0.2504161476776965,0,84,83,1,neutral
eva_adaptive_open,28,C035,PRODIVENCIA,I03,CARRASCAL,0.24854515940907576,0.24854515940907576,0,85,84,1,neutral
eva_adaptive_open,28,C035,PRODIVENCIA,C021,LAUTARO,0.24315278721380412,0.24315278721380412,0,86,85,1,neutral
eva_adaptive_open,28,C035,PRODIVENCIA,C087,SALVADOR GUTIERREZ,0.24225656888983763,0.24225656888983763,0,87,86,1,neutral
eva_adaptive_open,28,C035,PRODIVENCIA,C041,VISTA HERMOSA,0.23729046079619398,0.23729046079619398,0,88,87,1,neutral
eva_adaptive_open,28,C035,PRODIVENCIA,C017,LA PARINACOTA,0.2279533954363316,0.2279533954363316,0,89,88,1,neutral
eva_adaptive_open,28,C035,PRODIVENCIA,C008,EL CERRO,0.22664145134727998,0.22664145134727998,0,90,89,1,neutral
eva_adaptive_open,28,C035,PRODIVENCIA,C036,RIO REFUGIO - SALAR SURIRE,0.22368469062682966,0.22368469062682966,0,91,90,1,neutral
eva_adaptive_open,28,C035,PRODIVENCIA,C077,RICARDO VIAL,0.22334495183243977,0.22334495183243977,0,92,91,1,neutral
eva_adaptive_open,28,C035,PRODIVENCIA,C045,PORTO ALEGRE,0.21264190235657252,0.21264190235657252,0,93,92,1,neutral
eva_adaptive_open,28,C035,PRODIVENCIA,C018,LA PRIMAVERA,0.18729403797436894,0.18729403797436894,0,94,93,1,neutral
eva_adaptive_open,28,C035,PRODIVENCIA,C016,JUANITA,0.18668961975965365,0.18668961975965365,0,95,94,1,neutral
eva_adaptive_open,28,C035,PRODIVENCIA,C025,LOS DURAZNOS,0.17779517513220938,0.17779517513220938,0,96,95,1,neutral
eva_adaptive_open,28,C035,PRODIVENCIA,C073,LOS MORROS,0.16537203853610075,0.16537203853610075,0,97,96,1,neutral
eva_adaptive_open,29,C063,LONGITUDINAL,I24,RADAL,0.4154031421910538,0.4154031421910538,0,2,1,1,neutral
eva_adaptive_open,29,C063,LONGITUDINAL,I15,MARTINEZ DE ROZAS,0.4148837713854609,0.4148837713854609,0,3,2,1,neutral
eva_adaptive_open,29,C063,LONGITUDINAL,I29,SANTA ROSA,0.41245640292399943,0.41245640292399943,0,4,3,1,neutral
eva_adaptive_open,29,C063,LONGITUDINAL,C070,MENDOZA (EX-CORONEL ROBLES),0.4050205586776194,0.4050205586776194,0,5,4,1,neutral
eva_adaptive_open,29,C063,LONGITUDINAL,C060,ROJAS MAGALLANES,0.3996060222843795,0.3996060222843795,0,6,5,1,neutral
eva_adaptive_open,29,C063,LONGITUDINAL,I05,DIAGONAL JOSE MARIA CARO,0.39309133143635283,0.39309133143635283,0,7,6,1,neutral
eva_adaptive_open,29,C063,LONGITUDINAL,I23,PETERSEN - VICUÑA MACKENNA,0.392473780071136,0.392473780071136,0,8,7,1,neutral
eva_adaptive_open,29,C063,LONGITUDINAL,I32,EINSTEIN,0.39142907916116426,0.39142907916116426,0,9,8,1,neutral
eva_adaptive_open,29,C063,LONGITUDINAL,I17,MATUCANA,0.38825942079107606,0.38825942079107606,0,10,9,1,neutral
eva_adaptive_open,29,C063,LONGITUDINAL,I08,GENERAL OSCAR BONILLA,0.38725473284935025,0.38725473284935025,0,11,10,1,neutral
eva_adaptive_open,29,C063,LONGITUDINAL,C006,DOMINGO TOCORNAL,0.38429556966416456,0.38429556966416456,0,12,11,1,neutral
eva_adaptive_open,29,C063,LONGITUDINAL,C056,TEMUCO - TORO MAZOTTE,0.3791644103081851,0.3791644103081851,0,13,12,1,neutral
eva_adaptive_open,29,C063,LONGITUDINAL,C049,FEDERICO ERRÁZURIZ (EX SERRANO),0.37007513583708684,0.37007513583708684,0,14,13,1,neutral
eva_adaptive_open,29,C063,LONGITUDINAL,C051,JOSE MIGUEL INFANTE - DOMINGO STA MARIA,0.36225545913485363,0.36225545913485363,0,15,14,1,neutral
eva_adaptive_open,29,C063,LONGITUDINAL,C081,SAN GREGORIO - DIEGO MEZA,0.3620189043415254,0.3620189043415254,0,16,15,1,neutral
eva_adaptive_open,29,C063,LONGITUDINAL,C057,PADRE VICENTE IRARRAZABAL - MANUEL CHACON,0.3569073996736355,0.3569073996736355,0,17,17,0,neutral
eva_adaptive_open,29,C063,LONGITUDINAL,C029,MARIA ELENA,0.35607948736774636,0.35607948736774636,0,18,18,0,neutral
eva_adaptive_open,29,C063,LONGITUDINAL,I02,CARLOS VALDOVINOS,0.35528620955926693,0.35528620955926693,0,19,19,0,neutral
eva_adaptive_open,29,C063,LONGITUDINAL,C061,EL PINAR,0.35386893457632485,0.35386893457632485,0,20,20,0,neutral
eva_adaptive_open,29,C063,LONGITUDINAL,C010,ESQ BLANCA - ALBERTO LLONA,0.35218186133855267,0.2850176822340751,-0.06716417910447758,21,72,-51,substitution_signal
eva_adaptive_open,29,C063,LONGITUDINAL,C014,JOSE DOMINGO CAÑAS,0.3453428032423394,0.3453428032423394,0,22,21,1,neutral
eva_adaptive_open,29,C063,LONGITUDINAL,I13,LO ESPEJO-RIQUELME,0.3452231117284989,0.3452231117284989,0,23,22,1,neutral
eva_adaptive_open,29,C063,LONGITUDINAL,I14,LO OVALLE,0.3440689243043107,0.3440689243043107,0,24,23,1,neutral
eva_adaptive_open,29,C063,LONGITUDINAL,C032,OBISPO MANUEL UMAÑA,0.3439486611922651,0.3439486611922651,0,25,24,1,neutral
eva_adaptive_open,29,C063,LONGITUDINAL,C082,CAUPOLICAN,0.3343157551872506,0.3343157551872506,0,26,25,1,neutral
eva_adaptive_open,29,C063,LONGITUDINAL,I18,NUEVA IMPERIAL,0.33426053460597166,0.33426053460597166,0,27,26,1,neutral
eva_adaptive_open,29,C063,LONGITUDINAL,C043,NEPTUNO,0.33367397332944054,0.33367397332944054,0,28,27,1,neutral
eva_adaptive_open,29,C063,LONGITUDINAL,C058,ANTONIO EBNER-BARROS ARANA,0.32780814449325085,0.32780814449325085,0,29,28,1,neutral
eva_adaptive_open,29,C063,LONGITUDINAL,C083,ORIENTAL-LAS PARCELAS,0.3251273232241672,0.3251273232241672,0,30,29,1,neutral
eva_adaptive_open,29,C063,LONGITUDINAL,I07,EL GUANACO,0.324739680651957,0.324739680651957,0,31,30,1,neutral
eva_adaptive_open,29,C063,LONGITUDINAL,C047,VIOLETA PARRA,0.32192692159440883,0.32192692159440883,0,32,31,1,neutral
eva_adaptive_open,29,C063,LONGITUDINAL,C007,EDUARDO CASTILLO VELASCO,0.32135377442409346,0.32135377442409346,0,33,32,1,neutral
eva_adaptive_open,29,C063,LONGITUDINAL,C050,MAR DE DRAKE,0.3211446411382332,0.28463629848140226,-0.03650834265683095,34,73,-39,substitution_signal
eva_adaptive_open,29,C063,LONGITUDINAL,C015,JOSE MANUEL GUZMAN,0.3207182539002636,0.3207182539002636,0,35,33,2,neutral
eva_adaptive_open,29,C063,LONGITUDINAL,C026,LOS MAITENES,0.31867213760340646,0.31867213760340646,0,36,34,2,neutral
eva_adaptive_open,29,C063,LONGITUDINAL,C024,LOS ARRAYANES - LOS COPIHUES,0.3164169532190636,0.3164169532190636,0,37,35,2,neutral
eva_adaptive_open,29,C063,LONGITUDINAL,C40,VICUÑA MACKENNA - SAN MARTIN,0.3163360869516046,0.3163360869516046,0,38,36,2,neutral
eva_adaptive_open,29,C063,LONGITUDINAL,C074,URETA COX,0.31449957814869145,0.31449957814869145,0,39,37,2,neutral
eva_adaptive_open,29,C063,LONGITUDINAL,C001,SAN EUGENIO,0.31315225632030524,0.31315225632030524,0,40,39,1,neutral
eva_adaptive_open,29,C063,LONGITUDINAL,C005,CORONEL ALEJANDRO SEPULVEDA,0.3106497256836105,0.3106497256836105,0,41,40,1,neutral
eva_adaptive_open,29,C063,LONGITUDINAL,C033,OBSERVATORIO,0.3084648310861465,0.3084648310861465,0,42,41,1,neutral
eva_adaptive_open,29,C063,LONGITUDINAL,I31,FERNANDEZ ALBANO,0.3067365280286479,0.3067365280286479,0,43,42,1,neutral
eva_adaptive_open,29,C063,LONGITUDINAL,C023,AVENIDA DORSAL,0.3066800306129391,0.3066800306129391,0,44,43,1,neutral
eva_adaptive_open,29,C063,LONGITUDINAL,C080,PARAGUAY,0.3065842808037552,0.3065842808037552,0,45,44,1,neutral
eva_adaptive_open,29,C063,LONGITUDINAL,C088,ÑUBLE,0.3063521640095162,0.3063521640095162,0,46,45,1,neutral
eva_adaptive_open,29,C063,LONGITUDINAL,C034,PEDRO LEON UGALDE,0.3059054946388892,0.3059054946388892,0,47,46,1,neutral
eva_adaptive_open,29,C063,LONGITUDINAL,C028,MADRID,0.3057705925608732,0.3057705925608732,0,48,47,1,neutral
eva_adaptive_open,29,C063,LONGITUDINAL,C020,LATINOAMERICA - PINTOR MURILLO - FRANCISCO TOLEDO,0.3053874986899725,0.3053874986899725,0,49,48,1,neutral
eva_adaptive_open,29,C063,LONGITUDINAL,C019,LAS HIJUELAS SUR - LIBERTADOR BERNARDO OHIGGINS,0.3046576882387051,0.3046576882387051,0,50,49,1,neutral
eva_adaptive_open,29,C063,LONGITUDINAL,C003,CONCHA Y TORO,0.3043952955417027,0.3043952955417027,0,51,50,1,neutral
eva_adaptive_open,29,C063,LONGITUDINAL,C030,MAULE,0.30333268447544404,0.30333268447544404,0,52,51,1,neutral
eva_adaptive_open,29,C063,LONGITUDINAL,C037,SAN ALFONSO,0.3032697592490899,0.3032697592490899,0,53,52,1,neutral
eva_adaptive_open,29,C063,LONGITUDINAL,C054,VICTORIA,0.30233654046708713,0.30233654046708713,0,54,53,1,neutral
eva_adaptive_open,29,C063,LONGITUDINAL,C042,PRINCIPE DE GALES,0.3015275299366899,0.3015275299366899,0,55,54,1,neutral
eva_adaptive_open,29,C063,LONGITUDINAL,C076,ISLA DECEPCION,0.3008300476650675,0.3008300476650675,0,56,55,1,neutral
eva_adaptive_open,29,C063,LONGITUDINAL,C084,EL PINO - UNO SUR,0.30047126787027795,0.30047126787027795,0,57,56,1,neutral
eva_adaptive_open,29,C063,LONGITUDINAL,C071,BARROS ARANA,0.29937385396612726,0.29937385396612726,0,58,57,1,neutral
eva_adaptive_open,29,C063,LONGITUDINAL,C055,ARTURO PRAT,0.2977673419810562,0.2977673419810562,0,59,58,1,neutral
eva_adaptive_open,29,C063,LONGITUDINAL,C011,EYZAGUIRRE,0.297330981511338,0.297330981511338,0,60,59,1,neutral
eva_adaptive_open,29,C063,LONGITUDINAL,C039,TUPUNGATO,0.2972177850899593,0.2972177850899593,0,61,60,1,neutral
eva_adaptive_open,29,C063,LONGITUDINAL,C064,SILVA CARVALLO - SANTA ELENA,0.29671303455212084,0.29671303455212084,0,62,61,1,neutral
eva_adaptive_open,29,C063,LONGITUDINAL,C072,COVADONGA,0.29579784463487546,0.29579784463487546,0,63,62,1,neutral
eva_adaptive_open,29,C063,LONGITUDINAL,C038,TALCAHUANO - SANTA INES - LOS EDILES,0.29573880114313694,0.29573880114313694,0,64,63,1,neutral
eva_adaptive_open,29,C063,LONGITUDINAL,C031,NECOCHEA,0.2942204983522875,0.2942204983522875,0,65,64,1,neutral
eva_adaptive_open,29,C063,LONGITUDINAL,C065,NUEVA SAN MARTIN,0.29384044783423063,0.29384044783423063,0,66,65,1,neutral
eva_adaptive_open,29,C063,LONGITUDINAL,C079,LAS AMERICAS,0.2935581354089318,0.2935581354089318,0,67,66,1,neutral
eva_adaptive_open,29,C063,LONGITUDINAL,C044,LOS CERRILLOS,0.2931210475714493,0.2931210475714493,0,68,67,1,neutral
eva_adaptive_open,29,C063,LONGITUDINAL,C013,HEROES DE LA CONCEPCION,0.29161502323158384,0.29161502323158384,0,69,68,1,neutral
eva_adaptive_open,29,C063,LONGITUDINAL,C053,CONDELL,0.2912491237459163,0.35841330285039397,0.06716417910447764,70,16,54,complementarity_signal
eva_adaptive_open,29,C063,LONGITUDINAL,C004,CONSISTORIAL,0.29093172378697835,0.29093172378697835,0,71,69,2,neutral
eva_adaptive_open,29,C063,LONGITUDINAL,C027,LOS PRESIDENTES,0.2903073892430075,0.2903073892430075,0,72,70,2,neutral
eva_adaptive_open,29,C063,LONGITUDINAL,C090,SANTO DOMINGO,0.2900617837756913,0.2900617837756913,0,73,71,2,neutral
eva_adaptive_open,29,C063,LONGITUDINAL,C022,LLANURA  - EL DESIERTO,0.2832694397879176,0.2832694397879176,0,74,74,0,neutral
eva_adaptive_open,29,C063,LONGITUDINAL,I28,SANTA RAQUEL,0.2776962274862046,0.2776962274862046,0,75,75,0,neutral
eva_adaptive_open,29,C063,LONGITUDINAL,C085,LOS LIBERTADORES,0.2739024379548618,0.2739024379548618,0,76,76,0,neutral
eva_adaptive_open,29,C063,LONGITUDINAL,C078,WALDO TAFF,0.2640982140605202,0.2640982140605202,0,77,77,0,neutral
eva_adaptive_open,29,C063,LONGITUDINAL,C069,LOS OLMOS,0.2594151168255869,0.2594151168255869,0,78,78,0,neutral
eva_adaptive_open,29,C063,LONGITUDINAL,C009,EL ROSAL - SANTA ELENA,0.258292338870139,0.31426248812387036,0.05597014925373134,79,38,41,complementarity_signal
eva_adaptive_open,29,C063,LONGITUDINAL,C002,CAPITAN IGNACIO CARRERA PINTO,0.2546555618818747,0.2546555618818747,0,80,79,1,neutral
eva_adaptive_open,29,C063,LONGITUDINAL,C048,GENERAL ARRIAGADA,0.2517348978903142,0.2517348978903142,0,81,80,1,neutral
eva_adaptive_open,29,C063,LONGITUDINAL,C062,CORONA SUECA,0.2513511863347979,0.2513511863347979,0,82,81,1,neutral
eva_adaptive_open,29,C063,LONGITUDINAL,C012,GABRIELA ORIENTE,0.2504161476776965,0.2504161476776965,0,83,82,1,neutral
eva_adaptive_open,29,C063,LONGITUDINAL,I03,CARRASCAL,0.24854515940907576,0.24854515940907576,0,84,83,1,neutral
eva_adaptive_open,29,C063,LONGITUDINAL,C021,LAUTARO,0.24315278721380412,0.24315278721380412,0,85,84,1,neutral
eva_adaptive_open,29,C063,LONGITUDINAL,C087,SALVADOR GUTIERREZ,0.24225656888983763,0.24225656888983763,0,86,85,1,neutral
eva_adaptive_open,29,C063,LONGITUDINAL,C041,VISTA HERMOSA,0.23729046079619398,0.23729046079619398,0,87,86,1,neutral
eva_adaptive_open,29,C063,LONGITUDINAL,C017,LA PARINACOTA,0.2279533954363316,0.2279533954363316,0,88,87,1,neutral
eva_adaptive_open,29,C063,LONGITUDINAL,C008,EL CERRO,0.22664145134727998,0.22664145134727998,0,89,88,1,neutral
eva_adaptive_open,29,C063,LONGITUDINAL,C036,RIO REFUGIO - SALAR SURIRE,0.22368469062682966,0.22368469062682966,0,90,89,1,neutral
eva_adaptive_open,29,C063,LONGITUDINAL,C077,RICARDO VIAL,0.22334495183243977,0.22334495183243977,0,91,90,1,neutral
eva_adaptive_open,29,C063,LONGITUDINAL,C045,PORTO ALEGRE,0.21264190235657252,0.21264190235657252,0,92,91,1,neutral
eva_adaptive_open,29,C063,LONGITUDINAL,C018,LA PRIMAVERA,0.18729403797436894,0.18729403797436894,0,93,92,1,neutral
eva_adaptive_open,29,C063,LONGITUDINAL,C016,JUANITA,0.18668961975965365,0.18668961975965365,0,94,93,1,neutral
eva_adaptive_open,29,C063,LONGITUDINAL,C025,LOS DURAZNOS,0.17779517513220938,0.17779517513220938,0,95,94,1,neutral
eva_adaptive_open,29,C063,LONGITUDINAL,C073,LOS MORROS,0.16537203853610075,0.16537203853610075,0,96,95,1,neutral
eva_adaptive_open,30,I24,RADAL,I15,MARTINEZ DE ROZAS,0.4148837713854609,0.41604035011542734,0.0011565787299664398,2,2,0,complementarity_signal
eva_adaptive_open,30,I24,RADAL,I29,SANTA ROSA,0.41245640292399943,0.41245640292399943,0,3,3,0,neutral
eva_adaptive_open,30,I24,RADAL,C070,MENDOZA (EX-CORONEL ROBLES),0.4050205586776194,0.31428348334787637,-0.09073707532974301,4,37,-33,substitution_signal
eva_adaptive_open,30,I24,RADAL,C060,ROJAS MAGALLANES,0.3996060222843795,0.3996060222843795,0,5,4,1,neutral
eva_adaptive_open,30,I24,RADAL,I05,DIAGONAL JOSE MARIA CARO,0.39309133143635283,0.39309133143635283,0,6,5,1,neutral
eva_adaptive_open,30,I24,RADAL,I23,PETERSEN - VICUÑA MACKENNA,0.392473780071136,0.392473780071136,0,7,6,1,neutral
eva_adaptive_open,30,I24,RADAL,I32,EINSTEIN,0.39142907916116426,0.39142907916116426,0,8,7,1,neutral
eva_adaptive_open,30,I24,RADAL,I17,MATUCANA,0.38825942079107606,0.38825942079107606,0,9,8,1,neutral
eva_adaptive_open,30,I24,RADAL,I08,GENERAL OSCAR BONILLA,0.38725473284935025,0.38764025909267236,0.0003855262433221096,10,9,1,complementarity_signal
eva_adaptive_open,30,I24,RADAL,C006,DOMINGO TOCORNAL,0.38429556966416456,0.38429556966416456,0,11,10,1,neutral
eva_adaptive_open,30,I24,RADAL,C056,TEMUCO - TORO MAZOTTE,0.3791644103081851,0.3791644103081851,0,12,11,1,neutral
eva_adaptive_open,30,I24,RADAL,C049,FEDERICO ERRÁZURIZ (EX SERRANO),0.37007513583708684,0.37007513583708684,0,13,12,1,neutral
eva_adaptive_open,30,I24,RADAL,C051,JOSE MIGUEL INFANTE - DOMINGO STA MARIA,0.36225545913485363,0.36225545913485363,0,14,13,1,neutral
eva_adaptive_open,30,I24,RADAL,C081,SAN GREGORIO - DIEGO MEZA,0.3620189043415254,0.3620189043415254,0,15,14,1,neutral
eva_adaptive_open,30,I24,RADAL,C053,CONDELL,0.35841330285039397,0.35841330285039397,0,16,15,1,neutral
eva_adaptive_open,30,I24,RADAL,C057,PADRE VICENTE IRARRAZABAL - MANUEL CHACON,0.3569073996736355,0.3569073996736355,0,17,16,1,neutral
eva_adaptive_open,30,I24,RADAL,C029,MARIA ELENA,0.35607948736774636,0.35607948736774636,0,18,17,1,neutral
eva_adaptive_open,30,I24,RADAL,I02,CARLOS VALDOVINOS,0.35528620955926693,0.35528620955926693,0,19,18,1,neutral
eva_adaptive_open,30,I24,RADAL,C061,EL PINAR,0.35386893457632485,0.35386893457632485,0,20,19,1,neutral
eva_adaptive_open,30,I24,RADAL,C014,JOSE DOMINGO CAÑAS,0.3453428032423394,0.3453428032423394,0,21,20,1,neutral
eva_adaptive_open,30,I24,RADAL,I13,LO ESPEJO-RIQUELME,0.3452231117284989,0.3452231117284989,0,22,21,1,neutral
eva_adaptive_open,30,I24,RADAL,I14,LO OVALLE,0.3440689243043107,0.3440689243043107,0,23,22,1,neutral
eva_adaptive_open,30,I24,RADAL,C032,OBISPO MANUEL UMAÑA,0.3439486611922651,0.3439486611922651,0,24,23,1,neutral
eva_adaptive_open,30,I24,RADAL,C082,CAUPOLICAN,0.3343157551872506,0.3343157551872506,0,25,25,0,neutral
eva_adaptive_open,30,I24,RADAL,I18,NUEVA IMPERIAL,0.33426053460597166,0.33503158709261593,0.0007710524866442747,26,24,2,complementarity_signal
eva_adaptive_open,30,I24,RADAL,C043,NEPTUNO,0.33367397332944054,0.33367397332944054,0,27,26,1,neutral
eva_adaptive_open,30,I24,RADAL,C058,ANTONIO EBNER-BARROS ARANA,0.32780814449325085,0.32857919697989507,0.0007710524866442192,28,27,1,complementarity_signal
eva_adaptive_open,30,I24,RADAL,C083,ORIENTAL-LAS PARCELAS,0.3251273232241672,0.3251273232241672,0,29,28,1,neutral
eva_adaptive_open,30,I24,RADAL,I07,EL GUANACO,0.324739680651957,0.324739680651957,0,30,29,1,neutral
eva_adaptive_open,30,I24,RADAL,C047,VIOLETA PARRA,0.32192692159440883,0.32192692159440883,0,31,30,1,neutral
eva_adaptive_open,30,I24,RADAL,C007,EDUARDO CASTILLO VELASCO,0.32135377442409346,0.32135377442409346,0,32,31,1,neutral
eva_adaptive_open,30,I24,RADAL,C015,JOSE MANUEL GUZMAN,0.3207182539002636,0.3207182539002636,0,33,32,1,neutral
eva_adaptive_open,30,I24,RADAL,C026,LOS MAITENES,0.31867213760340646,0.31867213760340646,0,34,33,1,neutral
eva_adaptive_open,30,I24,RADAL,C024,LOS ARRAYANES - LOS COPIHUES,0.3164169532190636,0.3164169532190636,0,35,34,1,neutral
eva_adaptive_open,30,I24,RADAL,C40,VICUÑA MACKENNA - SAN MARTIN,0.3163360869516046,0.3163360869516046,0,36,35,1,neutral
eva_adaptive_open,30,I24,RADAL,C074,URETA COX,0.31449957814869145,0.31449957814869145,0,37,36,1,neutral
eva_adaptive_open,30,I24,RADAL,C009,EL ROSAL - SANTA ELENA,0.31426248812387036,0.31426248812387036,0,38,38,0,neutral
eva_adaptive_open,30,I24,RADAL,C001,SAN EUGENIO,0.31315225632030524,0.31315225632030524,0,39,39,0,neutral
eva_adaptive_open,30,I24,RADAL,C005,CORONEL ALEJANDRO SEPULVEDA,0.3106497256836105,0.3106497256836105,0,40,40,0,neutral
eva_adaptive_open,30,I24,RADAL,C033,OBSERVATORIO,0.3084648310861465,0.3084648310861465,0,41,41,0,neutral
eva_adaptive_open,30,I24,RADAL,I31,FERNANDEZ ALBANO,0.3067365280286479,0.3067365280286479,0,42,42,0,neutral
eva_adaptive_open,30,I24,RADAL,C023,AVENIDA DORSAL,0.3066800306129391,0.3066800306129391,0,43,43,0,neutral
eva_adaptive_open,30,I24,RADAL,C080,PARAGUAY,0.3065842808037552,0.3065842808037552,0,44,44,0,neutral
eva_adaptive_open,30,I24,RADAL,C088,ÑUBLE,0.3063521640095162,0.3063521640095162,0,45,45,0,neutral
eva_adaptive_open,30,I24,RADAL,C034,PEDRO LEON UGALDE,0.3059054946388892,0.3059054946388892,0,46,46,0,neutral
eva_adaptive_open,30,I24,RADAL,C028,MADRID,0.3057705925608732,0.3057705925608732,0,47,47,0,neutral
eva_adaptive_open,30,I24,RADAL,C020,LATINOAMERICA - PINTOR MURILLO - FRANCISCO TOLEDO,0.3053874986899725,0.3053874986899725,0,48,48,0,neutral
eva_adaptive_open,30,I24,RADAL,C019,LAS HIJUELAS SUR - LIBERTADOR BERNARDO OHIGGINS,0.3046576882387051,0.3046576882387051,0,49,49,0,neutral
eva_adaptive_open,30,I24,RADAL,C003,CONCHA Y TORO,0.3043952955417027,0.3043952955417027,0,50,50,0,neutral
eva_adaptive_open,30,I24,RADAL,C030,MAULE,0.30333268447544404,0.30333268447544404,0,51,51,0,neutral
eva_adaptive_open,30,I24,RADAL,C037,SAN ALFONSO,0.3032697592490899,0.3032697592490899,0,52,52,0,neutral
eva_adaptive_open,30,I24,RADAL,C054,VICTORIA,0.30233654046708713,0.30233654046708713,0,53,53,0,neutral
eva_adaptive_open,30,I24,RADAL,C042,PRINCIPE DE GALES,0.3015275299366899,0.3015275299366899,0,54,54,0,neutral
eva_adaptive_open,30,I24,RADAL,C076,ISLA DECEPCION,0.3008300476650675,0.3008300476650675,0,55,55,0,neutral
eva_adaptive_open,30,I24,RADAL,C084,EL PINO - UNO SUR,0.30047126787027795,0.30047126787027795,0,56,56,0,neutral
eva_adaptive_open,30,I24,RADAL,C071,BARROS ARANA,0.29937385396612726,0.29937385396612726,0,57,57,0,neutral
eva_adaptive_open,30,I24,RADAL,C055,ARTURO PRAT,0.2977673419810562,0.2977673419810562,0,58,58,0,neutral
eva_adaptive_open,30,I24,RADAL,C011,EYZAGUIRRE,0.297330981511338,0.297330981511338,0,59,59,0,neutral
eva_adaptive_open,30,I24,RADAL,C039,TUPUNGATO,0.2972177850899593,0.2972177850899593,0,60,60,0,neutral
eva_adaptive_open,30,I24,RADAL,C064,SILVA CARVALLO - SANTA ELENA,0.29671303455212084,0.29671303455212084,0,61,61,0,neutral
eva_adaptive_open,30,I24,RADAL,C072,COVADONGA,0.29579784463487546,0.29579784463487546,0,62,62,0,neutral
eva_adaptive_open,30,I24,RADAL,C038,TALCAHUANO - SANTA INES - LOS EDILES,0.29573880114313694,0.29573880114313694,0,63,63,0,neutral
eva_adaptive_open,30,I24,RADAL,C031,NECOCHEA,0.2942204983522875,0.2942204983522875,0,64,64,0,neutral
eva_adaptive_open,30,I24,RADAL,C065,NUEVA SAN MARTIN,0.29384044783423063,0.29384044783423063,0,65,65,0,neutral
eva_adaptive_open,30,I24,RADAL,C079,LAS AMERICAS,0.2935581354089318,0.2935581354089318,0,66,66,0,neutral
eva_adaptive_open,30,I24,RADAL,C044,LOS CERRILLOS,0.2931210475714493,0.2931210475714493,0,67,67,0,neutral
eva_adaptive_open,30,I24,RADAL,C013,HEROES DE LA CONCEPCION,0.29161502323158384,0.29161502323158384,0,68,68,0,neutral
eva_adaptive_open,30,I24,RADAL,C004,CONSISTORIAL,0.29093172378697835,0.29093172378697835,0,69,69,0,neutral
eva_adaptive_open,30,I24,RADAL,C027,LOS PRESIDENTES,0.2903073892430075,0.2903073892430075,0,70,70,0,neutral
eva_adaptive_open,30,I24,RADAL,C090,SANTO DOMINGO,0.2900617837756913,0.2900617837756913,0,71,71,0,neutral
eva_adaptive_open,30,I24,RADAL,C010,ESQ BLANCA - ALBERTO LLONA,0.2850176822340751,0.2850176822340751,0,72,72,0,neutral
eva_adaptive_open,30,I24,RADAL,C050,MAR DE DRAKE,0.28463629848140226,0.28463629848140226,0,73,73,0,neutral
eva_adaptive_open,30,I24,RADAL,C022,LLANURA  - EL DESIERTO,0.2832694397879176,0.2832694397879176,0,74,74,0,neutral
eva_adaptive_open,30,I24,RADAL,I28,SANTA RAQUEL,0.2776962274862046,0.2776962274862046,0,75,75,0,neutral
eva_adaptive_open,30,I24,RADAL,C085,LOS LIBERTADORES,0.2739024379548618,0.2739024379548618,0,76,76,0,neutral
eva_adaptive_open,30,I24,RADAL,C078,WALDO TAFF,0.2640982140605202,0.2640982140605202,0,77,77,0,neutral
eva_adaptive_open,30,I24,RADAL,C069,LOS OLMOS,0.2594151168255869,0.2594151168255869,0,78,78,0,neutral
eva_adaptive_open,30,I24,RADAL,C002,CAPITAN IGNACIO CARRERA PINTO,0.2546555618818747,0.2546555618818747,0,79,79,0,neutral
eva_adaptive_open,30,I24,RADAL,C048,GENERAL ARRIAGADA,0.2517348978903142,0.2517348978903142,0,80,80,0,neutral
eva_adaptive_open,30,I24,RADAL,C062,CORONA SUECA,0.2513511863347979,0.2513511863347979,0,81,81,0,neutral
eva_adaptive_open,30,I24,RADAL,C012,GABRIELA ORIENTE,0.2504161476776965,0.2504161476776965,0,82,82,0,neutral
eva_adaptive_open,30,I24,RADAL,I03,CARRASCAL,0.24854515940907576,0.438713701690571,0.19016854228149524,83,1,82,complementarity_signal
eva_adaptive_open,30,I24,RADAL,C021,LAUTARO,0.24315278721380412,0.24315278721380412,0,84,83,1,neutral
eva_adaptive_open,30,I24,RADAL,C087,SALVADOR GUTIERREZ,0.24225656888983763,0.24225656888983763,0,85,84,1,neutral
eva_adaptive_open,30,I24,RADAL,C041,VISTA HERMOSA,0.23729046079619398,0.23729046079619398,0,86,85,1,neutral
eva_adaptive_open,30,I24,RADAL,C017,LA PARINACOTA,0.2279533954363316,0.2279533954363316,0,87,86,1,neutral
eva_adaptive_open,30,I24,RADAL,C008,EL CERRO,0.22664145134727998,0.22664145134727998,0,88,87,1,neutral
eva_adaptive_open,30,I24,RADAL,C036,RIO REFUGIO - SALAR SURIRE,0.22368469062682966,0.22368469062682966,0,89,88,1,neutral
eva_adaptive_open,30,I24,RADAL,C077,RICARDO VIAL,0.22334495183243977,0.22334495183243977,0,90,89,1,neutral
eva_adaptive_open,30,I24,RADAL,C045,PORTO ALEGRE,0.21264190235657252,0.21264190235657252,0,91,90,1,neutral
eva_adaptive_open,30,I24,RADAL,C018,LA PRIMAVERA,0.18729403797436894,0.18729403797436894,0,92,91,1,neutral
eva_adaptive_open,30,I24,RADAL,C016,JUANITA,0.18668961975965365,0.18668961975965365,0,93,92,1,neutral
eva_adaptive_open,30,I24,RADAL,C025,LOS DURAZNOS,0.17779517513220938,0.17779517513220938,0,94,93,1,neutral
eva_adaptive_open,30,I24,RADAL,C073,LOS MORROS,0.16537203853610075,0.16537203853610075,0,95,94,1,neutral
