strategy,step,id,nombre,initial_rank,current_rank,delta_rank_improvement,initial_score,current_score,delta_score_vs_G0,selected_this_step,originally_in_fixed_topN
eva_adaptive_open,1,I12,LAS REJAS - SUIZA - DEPARTAMENTAL,1,1,0,0.6686769070660649,0.6686769070660649,0,true,true
eva_adaptive_open,1,I14,LO OVALLE,2,2,0,0.6371787956227899,0.6371787956227899,0,false,true
eva_adaptive_open,1,I26,SAN PABLO,3,3,0,0.6268373699221884,0.6268373699221884,0,false,true
eva_adaptive_open,1,I30,WALKER - HUALLE - AGUIRRE,4,4,0,0.5815413361963746,0.5815413361963746,0,false,true
eva_adaptive_open,1,C066,CUATRO PONIENTE,5,5,0,0.572487990377622,0.572487990377622,0,false,true
eva_adaptive_open,1,I11,JOSE JOAQUIN PEREZ,6,6,0,0.5721603338810728,0.5721603338810728,0,false,true
eva_adaptive_open,1,EP-ALAMEDA-T3,ALAMEDA TRAMO 3,7,7,0,0.558260973877864,0.558260973877864,0,false,true
eva_adaptive_open,1,I16,MATTA-VESPUCIO NORTE,8,8,0,0.5227107068074346,0.5227107068074346,0,false,true
eva_adaptive_open,1,I20,PAC - LO ESPEJO - EL BOSQUE,9,9,0,0.49632538126901565,0.49632538126901565,0,false,true
eva_adaptive_open,1,I15,MARTINEZ DE ROZAS,10,10,0,0.49042582216035796,0.49042582216035796,0,false,true
eva_adaptive_open,1,I01,BARÓN DE JURAS REALES,11,11,0,0.48687720322810635,0.48687720322810635,0,false,true
eva_adaptive_open,1,C068,SAN CARLOS,12,12,0,0.48156244324655567,0.48156244324655567,0,false,true
eva_adaptive_open,1,EP-I34,VICUÑA MACKENNA,13,13,0,0.4789418889773093,0.4789418889773093,0,false,true
eva_adaptive_open,1,I22,PEDRO FONTOVA,14,14,0,0.4728109936708254,0.4728109936708254,0,false,true
eva_adaptive_open,1,I09,GENERAL VELASQUEZ,15,15,0,0.45347011016300426,0.45347011016300426,0,false,true
eva_adaptive_open,1,I08,GENERAL OSCAR BONILLA,16,16,0,0.44379823929485906,0.44379823929485906,0,false,true
eva_adaptive_open,1,C006,DOMINGO TOCORNAL,17,17,0,0.44257795158972896,0.44257795158972896,0,false,true
eva_adaptive_open,1,I05,DIAGONAL JOSE MARIA CARO,18,18,0,0.43893681633352033,0.43893681633352033,0,false,true
eva_adaptive_open,1,EP-I10,GRAN AVENIDA,19,19,0,0.435180901694348,0.435180901694348,0,false,true
eva_adaptive_open,1,I21,PEDRO DE VALDIVIA,20,20,0,0.43141163724900483,0.43141163724900483,0,false,true
eva_adaptive_open,1,I07,EL GUANACO,21,21,0,0.42548756362861406,0.42548756362861406,0,false,true
eva_adaptive_open,1,I02,CARLOS VALDOVINOS,22,22,0,0.4243998641097862,0.4243998641097862,0,false,true
eva_adaptive_open,1,I29,SANTA ROSA,23,23,0,0.42297111297710543,0.42297111297710543,0,false,true
eva_adaptive_open,1,C060,ROJAS MAGALLANES,24,24,0,0.4219139986989199,0.4219139986989199,0,false,true
eva_adaptive_open,1,C057,PADRE VICENTE IRARRAZABAL - MANUEL CHACON,25,25,0,0.41723732777812184,0.41723732777812184,0,false,true
eva_adaptive_open,1,I24,RADAL,26,26,0,0.41533970570255174,0.41533970570255174,0,false,true
eva_adaptive_open,1,I19,PAC-LO ESPEJO-SN BDO,27,27,0,0.41460848628355157,0.41460848628355157,0,false,true
eva_adaptive_open,1,I10,GRAN AVENIDA,28,28,0,0.40682183317748805,0.40682183317748805,0,false,true
eva_adaptive_open,1,C058,ANTONIO EBNER-BARROS ARANA,29,29,0,0.40679457494201116,0.40679457494201116,0,false,true
eva_adaptive_open,1,EP-I33,LA CHIMBA,30,30,0,0.4043195865206677,0.4043195865206677,0,false,true
eva_adaptive_open,1,I06,DIAGONAL ORIENTE,31,31,0,0.40267663972498335,0.40267663972498335,0,false,false
eva_adaptive_open,1,I04,DEL FERROCARRIL,32,32,0,0.3940478916997146,0.3940478916997146,0,false,false
eva_adaptive_open,1,C081,SAN GREGORIO - DIEGO MEZA,33,33,0,0.38932341506856066,0.38932341506856066,0,false,false
eva_adaptive_open,1,C070,MENDOZA (EX-CORONEL ROBLES),34,34,0,0.387202115587132,0.387202115587132,0,false,false
eva_adaptive_open,1,C029,MARIA ELENA,35,35,0,0.3866330072050211,0.3866330072050211,0,false,false
eva_adaptive_open,1,C061,EL PINAR,36,36,0,0.38117344530336017,0.38117344530336017,0,false,false
eva_adaptive_open,1,C050,MAR DE DRAKE,37,37,0,0.3754671127887729,0.3754671127887729,0,false,false
eva_adaptive_open,1,C003,CONCHA Y TORO,38,38,0,0.3709576416282776,0.3709576416282776,0,false,false
eva_adaptive_open,1,C024,LOS ARRAYANES - LOS COPIHUES,39,39,0,0.369297779392275,0.369297779392275,0,false,false
eva_adaptive_open,1,C086,LA ESTRELLA,40,40,0,0.36814789692769634,0.36814789692769634,0,false,false
eva_adaptive_open,1,C032,OBISPO MANUEL UMAÑA,41,41,0,0.36167847000046166,0.36167847000046166,0,false,false
eva_adaptive_open,1,I27,SANTA CECILIA - NONATO COO,42,42,0,0.36006768212709356,0.36006768212709356,0,false,false
eva_adaptive_open,1,I25,SAN FRANCISCO,43,43,0,0.3566735624368237,0.3566735624368237,0,false,false
eva_adaptive_open,1,C044,LOS CERRILLOS,44,44,0,0.355273233150638,0.355273233150638,0,false,false
eva_adaptive_open,1,C043,NEPTUNO,45,45,0,0.35474887854437137,0.35474887854437137,0,false,false
eva_adaptive_open,1,I17,MATUCANA,46,46,0,0.3532790270795219,0.3532790270795219,0,false,false
eva_adaptive_open,1,C053,CONDELL,47,47,0,0.3532028448920026,0.3532028448920026,0,false,false
eva_adaptive_open,1,C023,AVENIDA DORSAL,48,48,0,0.34913804016037303,0.34913804016037303,0,false,false
eva_adaptive_open,1,C014,JOSE DOMINGO CAÑAS,49,49,0,0.3434151720257287,0.3434151720257287,0,false,false
eva_adaptive_open,1,C083,ORIENTAL-LAS PARCELAS,50,50,0,0.33400841178333013,0.33400841178333013,0,false,false
eva_adaptive_open,1,C078,WALDO TAFF,51,51,0,0.33255806783730496,0.33255806783730496,0,false,false
eva_adaptive_open,1,C001,SAN EUGENIO,52,52,0,0.3301050844306759,0.3301050844306759,0,false,false
eva_adaptive_open,1,C049,FEDERICO ERRÁZURIZ (EX SERRANO),53,53,0,0.32905890532348764,0.32905890532348764,0,false,false
eva_adaptive_open,1,I13,LO ESPEJO-RIQUELME,54,54,0,0.32833080195639963,0.32833080195639963,0,false,false
eva_adaptive_open,1,C041,VISTA HERMOSA,55,55,0,0.32433865422117386,0.32433865422117386,0,false,false
eva_adaptive_open,1,C007,EDUARDO CASTILLO VELASCO,56,56,0,0.3209682481807713,0.3209682481807713,0,false,false
eva_adaptive_open,1,C067,CARDENAL RAUL SILVA HENRIQUEZ,57,57,0,0.31744308727562154,0.31744308727562154,0,false,false
eva_adaptive_open,1,C074,URETA COX,58,58,0,0.31449957814869145,0.31449957814869145,0,false,false
eva_adaptive_open,1,C090,SANTO DOMINGO,59,59,0,0.3106717940498921,0.3106717940498921,0,false,false
eva_adaptive_open,1,C005,CORONEL ALEJANDRO SEPULVEDA,60,60,0,0.3106497256836105,0.3106497256836105,0,false,false
eva_adaptive_open,1,C088,ÑUBLE,61,61,0,0.30596663776619404,0.30596663776619404,0,false,false
eva_adaptive_open,1,C020,LATINOAMERICA - PINTOR MURILLO - FRANCISCO TOLEDO,62,62,0,0.3053874986899725,0.3053874986899725,0,false,false
eva_adaptive_open,1,C028,MADRID,63,63,0,0.3053850663175511,0.3053850663175511,0,false,false
eva_adaptive_open,1,C034,PEDRO LEON UGALDE,64,64,0,0.30513444215224494,0.30513444215224494,0,false,false
eva_adaptive_open,1,C037,SAN ALFONSO,65,65,0,0.3032697592490899,0.3032697592490899,0,false,false
eva_adaptive_open,1,C030,MAULE,66,66,0,0.30294715823212187,0.30294715823212187,0,false,false
eva_adaptive_open,1,C042,PRINCIPE DE GALES,67,67,0,0.3015275299366899,0.3015275299366899,0,false,false
eva_adaptive_open,1,C087,SALVADOR GUTIERREZ,68,68,0,0.2988400180747415,0.2988400180747415,0,false,false
eva_adaptive_open,1,I28,SANTA RAQUEL,69,69,0,0.2960140924026152,0.2960140924026152,0,false,false
eva_adaptive_open,1,C013,HEROES DE LA CONCEPCION,70,70,0,0.29161502323158384,0.29161502323158384,0,false,false
eva_adaptive_open,1,C027,LOS PRESIDENTES,71,71,0,0.2903073892430075,0.2903073892430075,0,false,false
eva_adaptive_open,1,I32,EINSTEIN,72,72,0,0.2891830343121434,0.2891830343121434,0,false,false
eva_adaptive_open,1,C004,CONSISTORIAL,73,73,0,0.28796525159755554,0.28796525159755554,0,false,false
eva_adaptive_open,1,I23,PETERSEN - VICUÑA MACKENNA,74,74,0,0.28720997267232284,0.28720997267232284,0,false,false
eva_adaptive_open,1,C063,LONGITUDINAL,75,75,0,0.28538182252354,0.28538182252354,0,false,false
eva_adaptive_open,1,C015,JOSE MANUEL GUZMAN,76,76,0,0.2845092001303485,0.2845092001303485,0,false,false
eva_adaptive_open,1,C046,EUCALIPTOS,77,77,0,0.2836213631052964,0.2836213631052964,0,false,false
eva_adaptive_open,1,C022,LLANURA  - EL DESIERTO,78,78,0,0.2832694397879176,0.2832694397879176,0,false,false
eva_adaptive_open,1,I18,NUEVA IMPERIAL,79,79,0,0.28249960315815087,0.28249960315815087,0,false,false
eva_adaptive_open,1,I31,FERNANDEZ ALBANO,80,80,0,0.27793271006427517,0.27793271006427517,0,false,false
eva_adaptive_open,1,C035,PRODIVENCIA,81,81,0,0.27556952254522565,0.27556952254522565,0,false,false
eva_adaptive_open,1,C052,BAQUEDANO - POSTALES ORIENTE,82,82,0,0.2725119994529144,0.2725119994529144,0,false,false
eva_adaptive_open,1,C062,CORONA SUECA,83,83,0,0.27233361403980005,0.27233361403980005,0,false,false
eva_adaptive_open,1,C089,J J PEREZ,84,84,0,0.26495488367176884,0.26495488367176884,0,false,false
eva_adaptive_open,1,C064,SILVA CARVALLO - SANTA ELENA,85,85,0,0.264928178794096,0.264928178794096,0,false,false
eva_adaptive_open,1,C047,VIOLETA PARRA,86,86,0,0.2648001936107111,0.2648001936107111,0,false,false
eva_adaptive_open,1,C079,LAS AMERICAS,87,87,0,0.26410913255677176,0.26410913255677176,0,false,false
eva_adaptive_open,1,C40,VICUÑA MACKENNA - SAN MARTIN,88,88,0,0.2599804114545511,0.2599804114545511,0,false,false
eva_adaptive_open,1,C011,EYZAGUIRRE,89,89,0,0.2597262361382782,0.2597262361382782,0,false,false
eva_adaptive_open,1,C069,LOS OLMOS,90,90,0,0.2594151168255869,0.2594151168255869,0,false,false
eva_adaptive_open,1,C065,NUEVA SAN MARTIN,91,91,0,0.2588125082913236,0.2588125082913236,0,false,false
eva_adaptive_open,1,C009,EL ROSAL - SANTA ELENA,92,92,0,0.258292338870139,0.258292338870139,0,false,false
eva_adaptive_open,1,C076,ISLA DECEPCION,93,93,0,0.25765035826791644,0.25765035826791644,0,false,false
eva_adaptive_open,1,C002,CAPITAN IGNACIO CARRERA PINTO,94,94,0,0.2546555618818747,0.2546555618818747,0,false,false
eva_adaptive_open,1,C048,GENERAL ARRIAGADA,95,95,0,0.2517348978903142,0.2517348978903142,0,false,false
eva_adaptive_open,1,C033,OBSERVATORIO,96,96,0,0.25172362934577086,0.25172362934577086,0,false,false
eva_adaptive_open,1,I03,CARRASCAL,97,97,0,0.24854515940907576,0.24854515940907576,0,false,false
eva_adaptive_open,1,C054,VICTORIA,98,98,0,0.24818166256108362,0.24818166256108362,0,false,false
eva_adaptive_open,1,C017,LA PARINACOTA,99,99,0,0.24787162646529243,0.24787162646529243,0,false,false
eva_adaptive_open,1,C056,TEMUCO - TORO MAZOTTE,100,100,0,0.2468166288620158,0.2468166288620158,0,false,false
eva_adaptive_open,1,C038,TALCAHUANO - SANTA INES - LOS EDILES,101,101,0,0.24550764665869662,0.24550764665869662,0,false,false
eva_adaptive_open,1,C026,LOS MAITENES,102,102,0,0.24476449972018605,0.24476449972018605,0,false,false
eva_adaptive_open,1,C031,NECOCHEA,103,103,0,0.24437487011116932,0.24437487011116932,0,false,false
eva_adaptive_open,1,C071,BARROS ARANA,104,104,0,0.2432718387690382,0.2432718387690382,0,false,false
eva_adaptive_open,1,C082,CAUPOLICAN,105,105,0,0.24201028797730914,0.24201028797730914,0,false,false
eva_adaptive_open,1,C080,PARAGUAY,106,106,0,0.2404621201898296,0.2404621201898296,0,false,false
eva_adaptive_open,1,C036,RIO REFUGIO - SALAR SURIRE,107,107,0,0.23882288406802515,0.23882288406802515,0,false,false
eva_adaptive_open,1,C077,RICARDO VIAL,108,108,0,0.23530100578344948,0.23530100578344948,0,false,false
eva_adaptive_open,1,C012,GABRIELA ORIENTE,109,109,0,0.23493763531224565,0.23493763531224565,0,false,false
eva_adaptive_open,1,C019,LAS HIJUELAS SUR - LIBERTADOR BERNARDO OHIGGINS,110,110,0,0.23151138733257812,0.23151138733257812,0,false,false
eva_adaptive_open,1,C051,JOSE MIGUEL INFANTE - DOMINGO STA MARIA,111,111,0,0.22770327755636682,0.22770327755636682,0,false,false
eva_adaptive_open,1,C008,EL CERRO,112,112,0,0.22664145134727998,0.22664145134727998,0,false,false
eva_adaptive_open,1,C039,TUPUNGATO,113,113,0,0.22275270275256875,0.22275270275256875,0,false,false
eva_adaptive_open,1,C072,COVADONGA,114,114,0,0.2222660174854263,0.2222660174854263,0,false,false
eva_adaptive_open,1,C010,ESQ BLANCA - ALBERTO LLONA,115,115,0,0.219488334536514,0.219488334536514,0,false,false
eva_adaptive_open,1,C084,EL PINO - UNO SUR,116,116,0,0.21625589427110412,0.21625589427110412,0,false,false
eva_adaptive_open,1,C021,LAUTARO,117,117,0,0.20904169103894277,0.20904169103894277,0,false,false
eva_adaptive_open,1,C055,ARTURO PRAT,118,118,0,0.1970214926913857,0.1970214926913857,0,false,false
eva_adaptive_open,1,C085,LOS LIBERTADORES,119,119,0,0.19011991189992178,0.19011991189992178,0,false,false
eva_adaptive_open,1,C018,LA PRIMAVERA,120,120,0,0.18728903995307272,0.18728903995307272,0,false,false
eva_adaptive_open,1,C045,PORTO ALEGRE,121,121,0,0.1789631843926075,0.1789631843926075,0,false,false
eva_adaptive_open,1,C025,LOS DURAZNOS,122,122,0,0.17773769788730326,0.17773769788730326,0,false,false
eva_adaptive_open,1,C073,LOS MORROS,123,123,0,0.16537203853610075,0.16537203853610075,0,false,false
eva_adaptive_open,1,C016,JUANITA,124,124,0,0.15869954711149178,0.15869954711149178,0,false,false
eva_adaptive_open,2,I26,SAN PABLO,3,1,2,0.6268373699221884,0.5863061971581027,-0.04053117276408569,true,true
eva_adaptive_open,2,I30,WALKER - HUALLE - AGUIRRE,4,2,2,0.5815413361963746,0.582167543325313,0.0006262071289383497,false,true
eva_adaptive_open,2,C066,CUATRO PONIENTE,5,3,2,0.572487990377622,0.572487990377622,0,false,true
eva_adaptive_open,2,I11,JOSE JOAQUIN PEREZ,6,4,2,0.5721603338810728,0.5587180957996021,-0.013442238081470714,false,true
eva_adaptive_open,2,I14,LO OVALLE,2,5,-3,0.6371787956227899,0.5302680841538587,-0.10691071146893116,false,true
eva_adaptive_open,2,I16,MATTA-VESPUCIO NORTE,8,6,2,0.5227107068074346,0.5227107068074346,0,false,true
eva_adaptive_open,2,I08,GENERAL OSCAR BONILLA,16,7,9,0.44379823929485906,0.5152019385572235,0.07140369926236445,false,true
eva_adaptive_open,2,I20,PAC - LO ESPEJO - EL BOSQUE,9,8,1,0.49632538126901565,0.503748125196464,0.007422743927448294,false,true
eva_adaptive_open,2,I04,DEL FERROCARRIL,32,9,23,0.3940478916997146,0.5026073146224199,0.10855942292270532,false,false
eva_adaptive_open,2,EP-ALAMEDA-T3,ALAMEDA TRAMO 3,7,10,-3,0.558260973877864,0.4902395477729498,-0.06802142610491418,false,true
eva_adaptive_open,2,I01,BARÓN DE JURAS REALES,11,11,0,0.48687720322810635,0.48687720322810635,0,false,true
eva_adaptive_open,2,C068,SAN CARLOS,12,12,0,0.48156244324655567,0.48156244324655567,0,false,true
eva_adaptive_open,2,EP-I34,VICUÑA MACKENNA,13,13,0,0.4789418889773093,0.4789418889773093,0,false,true
eva_adaptive_open,2,I22,PEDRO FONTOVA,14,14,0,0.4728109936708254,0.4728109936708254,0,false,true
eva_adaptive_open,2,EP-I10,GRAN AVENIDA,19,15,4,0.435180901694348,0.45002418527643756,0.014843283582089584,false,true
eva_adaptive_open,2,C006,DOMINGO TOCORNAL,17,16,1,0.44257795158972896,0.44257795158972896,0,false,true
eva_adaptive_open,2,I05,DIAGONAL JOSE MARIA CARO,18,17,1,0.43893681633352033,0.43893681633352033,0,false,true
eva_adaptive_open,2,I21,PEDRO DE VALDIVIA,20,18,2,0.43141163724900483,0.43198235096302845,0.0005707137140236185,false,true
eva_adaptive_open,2,I10,GRAN AVENIDA,28,19,9,0.40682183317748805,0.42885168392375667,0.02202985074626862,false,true
eva_adaptive_open,2,I07,EL GUANACO,21,20,1,0.42548756362861406,0.42548756362861406,0,false,true
eva_adaptive_open,2,I29,SANTA ROSA,23,21,2,0.42297111297710543,0.4235325573693767,0.0005614443922712931,false,true
eva_adaptive_open,2,I15,MARTINEZ DE ROZAS,10,22,-12,0.49042582216035796,0.42342407874800625,-0.06700174341235171,false,true
eva_adaptive_open,2,C060,ROJAS MAGALLANES,24,23,1,0.4219139986989199,0.42247939656875466,0.0005653978698347828,false,true
eva_adaptive_open,2,C023,AVENIDA DORSAL,48,24,24,0.34913804016037303,0.4198963414700359,0.07075830130966287,false,false
eva_adaptive_open,2,I19,PAC-LO ESPEJO-SN BDO,27,25,2,0.41460848628355157,0.41843348297957955,0.0038249966960279824,false,true
eva_adaptive_open,2,EP-I33,LA CHIMBA,30,26,4,0.4043195865206677,0.4043195865206677,0,false,true
eva_adaptive_open,2,I06,DIAGONAL ORIENTE,31,27,4,0.40267663972498335,0.40267663972498335,0,false,false
eva_adaptive_open,2,I24,RADAL,26,28,-2,0.41533970570255174,0.4019586400827961,-0.013381065619755661,false,true
eva_adaptive_open,2,C070,MENDOZA (EX-CORONEL ROBLES),34,29,5,0.387202115587132,0.3937720786581624,0.00656996307103036,false,false
eva_adaptive_open,2,C081,SAN GREGORIO - DIEGO MEZA,33,30,3,0.38932341506856066,0.3897582429213287,0.00043482785276804936,false,false
eva_adaptive_open,2,C029,MARIA ELENA,35,31,4,0.3866330072050211,0.3866330072050211,0,false,false
eva_adaptive_open,2,C061,EL PINAR,36,32,4,0.38117344530336017,0.38160827315612816,0.00043482785276799385,false,false
eva_adaptive_open,2,C050,MAR DE DRAKE,37,33,4,0.3754671127887729,0.3754671127887729,0,false,false
eva_adaptive_open,2,I09,GENERAL VELASQUEZ,15,34,-19,0.45347011016300426,0.37190485218797154,-0.08156525797503272,false,true
eva_adaptive_open,2,C003,CONCHA Y TORO,38,35,3,0.3709576416282776,0.3709576416282776,0,false,false
eva_adaptive_open,2,C086,LA ESTRELLA,40,36,4,0.36814789692769634,0.36814789692769634,0,false,false
eva_adaptive_open,2,C053,CONDELL,47,37,10,0.3532028448920026,0.3681132926531967,0.014910447761194101,false,false
eva_adaptive_open,2,I25,SAN FRANCISCO,43,38,5,0.3566735624368237,0.36278550273533117,0.006111940298507479,false,false
eva_adaptive_open,2,I27,SANTA CECILIA - NONATO COO,42,39,3,0.36006768212709356,0.36006768212709356,0,false,false
eva_adaptive_open,2,C057,PADRE VICENTE IRARRAZABAL - MANUEL CHACON,25,40,-15,0.41723732777812184,0.35926879818012003,-0.057968529598001806,false,true
eva_adaptive_open,2,I02,CARLOS VALDOVINOS,22,41,-19,0.4243998641097862,0.35451515707262266,-0.06988470703716354,false,true
eva_adaptive_open,2,I17,MATUCANA,46,42,4,0.3532790270795219,0.3536472146483408,0.0003681875688189007,false,false
eva_adaptive_open,2,C058,ANTONIO EBNER-BARROS ARANA,29,43,-14,0.40679457494201116,0.350997687135054,-0.05579688780695713,false,true
eva_adaptive_open,2,C044,LOS CERRILLOS,44,44,0,0.355273233150638,0.34964631946381725,-0.005626913686820778,false,false
eva_adaptive_open,2,C014,JOSE DOMINGO CAÑAS,49,45,4,0.3434151720257287,0.3434151720257287,0,false,false
eva_adaptive_open,2,C083,ORIENTAL-LAS PARCELAS,50,46,4,0.33400841178333013,0.33400841178333013,0,false,false
eva_adaptive_open,2,C001,SAN EUGENIO,52,47,5,0.3301050844306759,0.3301050844306759,0,false,false
eva_adaptive_open,2,C049,FEDERICO ERRÁZURIZ (EX SERRANO),53,48,5,0.32905890532348764,0.32905890532348764,0,false,false
eva_adaptive_open,2,I13,LO ESPEJO-RIQUELME,54,49,5,0.32833080195639963,0.32833080195639963,0,false,false
eva_adaptive_open,2,C007,EDUARDO CASTILLO VELASCO,56,50,6,0.3209682481807713,0.3209682481807713,0,false,false
eva_adaptive_open,2,C067,CARDENAL RAUL SILVA HENRIQUEZ,57,51,6,0.31744308727562154,0.31744308727562154,0,false,false
eva_adaptive_open,2,C074,URETA COX,58,52,6,0.31449957814869145,0.31449957814869145,0,false,false
eva_adaptive_open,2,C041,VISTA HERMOSA,55,53,2,0.32433865422117386,0.31412803040111625,-0.010210623820057607,false,false
eva_adaptive_open,2,C032,OBISPO MANUEL UMAÑA,41,54,-13,0.36167847000046166,0.31389417400550856,-0.0477842959949531,false,false
eva_adaptive_open,2,C090,SANTO DOMINGO,59,55,4,0.3106717940498921,0.3106717940498921,0,false,false
eva_adaptive_open,2,C005,CORONEL ALEJANDRO SEPULVEDA,60,56,4,0.3106497256836105,0.3106497256836105,0,false,false
eva_adaptive_open,2,C088,ÑUBLE,61,57,4,0.30596663776619404,0.30596663776619404,0,false,false
eva_adaptive_open,2,C020,LATINOAMERICA - PINTOR MURILLO - FRANCISCO TOLEDO,62,58,4,0.3053874986899725,0.3053874986899725,0,false,false
eva_adaptive_open,2,C028,MADRID,63,59,4,0.3053850663175511,0.3053850663175511,0,false,false
eva_adaptive_open,2,C034,PEDRO LEON UGALDE,64,60,4,0.30513444215224494,0.30513444215224494,0,false,false
eva_adaptive_open,2,C037,SAN ALFONSO,65,61,4,0.3032697592490899,0.3032697592490899,0,false,false
eva_adaptive_open,2,C030,MAULE,66,62,4,0.30294715823212187,0.30294715823212187,0,false,false
eva_adaptive_open,2,C042,PRINCIPE DE GALES,67,63,4,0.3015275299366899,0.3015275299366899,0,false,false
eva_adaptive_open,2,C087,SALVADOR GUTIERREZ,68,64,4,0.2988400180747415,0.2988400180747415,0,false,false
eva_adaptive_open,2,I28,SANTA RAQUEL,69,65,4,0.2960140924026152,0.2960140924026152,0,false,false
eva_adaptive_open,2,C078,WALDO TAFF,51,66,-15,0.33255806783730496,0.29534911261342445,-0.03720895522388051,false,false
eva_adaptive_open,2,C013,HEROES DE LA CONCEPCION,70,67,3,0.29161502323158384,0.29161502323158384,0,false,false
eva_adaptive_open,2,C024,LOS ARRAYANES - LOS COPIHUES,39,68,-29,0.369297779392275,0.2909815151341239,-0.07831626425815108,false,false
eva_adaptive_open,2,C004,CONSISTORIAL,73,69,4,0.28796525159755554,0.29093172378697835,0.0029664721894228085,false,false
eva_adaptive_open,2,C027,LOS PRESIDENTES,71,70,1,0.2903073892430075,0.2903073892430075,0,false,false
eva_adaptive_open,2,I32,EINSTEIN,72,71,1,0.2891830343121434,0.2891830343121434,0,false,false
eva_adaptive_open,2,C043,NEPTUNO,45,72,-27,0.35474887854437137,0.2875846994398938,-0.06716417910447758,false,false
eva_adaptive_open,2,I23,PETERSEN - VICUÑA MACKENNA,74,73,1,0.28720997267232284,0.28720997267232284,0,false,false
eva_adaptive_open,2,C063,LONGITUDINAL,75,74,1,0.28538182252354,0.28538182252354,0,false,false
eva_adaptive_open,2,C015,JOSE MANUEL GUZMAN,76,75,1,0.2845092001303485,0.2845092001303485,0,false,false
eva_adaptive_open,2,C046,EUCALIPTOS,77,76,1,0.2836213631052964,0.2836213631052964,0,false,false
eva_adaptive_open,2,C022,LLANURA  - EL DESIERTO,78,77,1,0.2832694397879176,0.2832694397879176,0,false,false
eva_adaptive_open,2,I31,FERNANDEZ ALBANO,80,78,2,0.27793271006427517,0.27793271006427517,0,false,false
eva_adaptive_open,2,C035,PRODIVENCIA,81,79,2,0.27556952254522565,0.27556952254522565,0,false,false
eva_adaptive_open,2,C052,BAQUEDANO - POSTALES ORIENTE,82,80,2,0.2725119994529144,0.2725119994529144,0,false,false
eva_adaptive_open,2,C062,CORONA SUECA,83,81,2,0.27233361403980005,0.27233361403980005,0,false,false
eva_adaptive_open,2,I18,NUEVA IMPERIAL,79,82,-3,0.28249960315815087,0.2713475180044774,-0.011152085153673497,false,false
eva_adaptive_open,2,C089,J J PEREZ,84,83,1,0.26495488367176884,0.26495488367176884,0,false,false
eva_adaptive_open,2,C064,SILVA CARVALLO - SANTA ELENA,85,84,1,0.264928178794096,0.264928178794096,0,false,false
eva_adaptive_open,2,C047,VIOLETA PARRA,86,85,1,0.2648001936107111,0.2648001936107111,0,false,false
eva_adaptive_open,2,C079,LAS AMERICAS,87,86,1,0.26410913255677176,0.264377359699667,0.00026822714289526095,false,false
eva_adaptive_open,2,C021,LAUTARO,117,87,30,0.20904169103894277,0.26431781044192787,0.0552761194029851,false,false
eva_adaptive_open,2,C40,VICUÑA MACKENNA - SAN MARTIN,88,88,0,0.2599804114545511,0.2599804114545511,0,false,false
eva_adaptive_open,2,C011,EYZAGUIRRE,89,89,0,0.2597262361382782,0.2597262361382782,0,false,false
eva_adaptive_open,2,C069,LOS OLMOS,90,90,0,0.2594151168255869,0.2594151168255869,0,false,false
eva_adaptive_open,2,C065,NUEVA SAN MARTIN,91,91,0,0.2588125082913236,0.2588125082913236,0,false,false
eva_adaptive_open,2,C009,EL ROSAL - SANTA ELENA,92,92,0,0.258292338870139,0.258292338870139,0,false,false
eva_adaptive_open,2,C002,CAPITAN IGNACIO CARRERA PINTO,94,93,1,0.2546555618818747,0.2546555618818747,0,false,false
eva_adaptive_open,2,C048,GENERAL ARRIAGADA,95,94,1,0.2517348978903142,0.2517348978903142,0,false,false
eva_adaptive_open,2,C033,OBSERVATORIO,96,95,1,0.25172362934577086,0.25172362934577086,0,false,false
eva_adaptive_open,2,I03,CARRASCAL,97,96,1,0.24854515940907576,0.24854515940907576,0,false,false
eva_adaptive_open,2,C054,VICTORIA,98,97,1,0.24818166256108362,0.24818166256108362,0,false,false
eva_adaptive_open,2,C017,LA PARINACOTA,99,98,1,0.24787162646529243,0.24787162646529243,0,false,false
eva_adaptive_open,2,C056,TEMUCO - TORO MAZOTTE,100,99,1,0.2468166288620158,0.2468166288620158,0,false,false
eva_adaptive_open,2,C076,ISLA DECEPCION,93,100,-7,0.25765035826791644,0.24485989841133612,-0.01279045985658031,false,false
eva_adaptive_open,2,C026,LOS MAITENES,102,101,1,0.24476449972018605,0.24476449972018605,0,false,false
eva_adaptive_open,2,C071,BARROS ARANA,104,102,2,0.2432718387690382,0.2432718387690382,0,false,false
eva_adaptive_open,2,C082,CAUPOLICAN,105,103,2,0.24201028797730914,0.24201028797730914,0,false,false
eva_adaptive_open,2,C080,PARAGUAY,106,104,2,0.2404621201898296,0.2404621201898296,0,false,false
eva_adaptive_open,2,C036,RIO REFUGIO - SALAR SURIRE,107,105,2,0.23882288406802515,0.23882288406802515,0,false,false
eva_adaptive_open,2,C077,RICARDO VIAL,108,106,2,0.23530100578344948,0.23530100578344948,0,false,false
eva_adaptive_open,2,C012,GABRIELA ORIENTE,109,107,2,0.23493763531224565,0.23493763531224565,0,false,false
eva_adaptive_open,2,C038,TALCAHUANO - SANTA INES - LOS EDILES,101,108,-7,0.24550764665869662,0.23435556150502312,-0.011152085153673497,false,false
eva_adaptive_open,2,C031,NECOCHEA,103,109,-6,0.24437487011116932,0.23322278495749582,-0.011152085153673497,false,false
eva_adaptive_open,2,C019,LAS HIJUELAS SUR - LIBERTADOR BERNARDO OHIGGINS,110,110,0,0.23151138733257812,0.23151138733257812,0,false,false
eva_adaptive_open,2,C051,JOSE MIGUEL INFANTE - DOMINGO STA MARIA,111,111,0,0.22770327755636682,0.22770327755636682,0,false,false
eva_adaptive_open,2,C008,EL CERRO,112,112,0,0.22664145134727998,0.22664145134727998,0,false,false
eva_adaptive_open,2,C039,TUPUNGATO,113,113,0,0.22275270275256875,0.22275270275256875,0,false,false
eva_adaptive_open,2,C072,COVADONGA,114,114,0,0.2222660174854263,0.2222660174854263,0,false,false
eva_adaptive_open,2,C010,ESQ BLANCA - ALBERTO LLONA,115,115,0,0.219488334536514,0.219488334536514,0,false,false
eva_adaptive_open,2,C084,EL PINO - UNO SUR,116,116,0,0.21625589427110412,0.21625589427110412,0,false,false
eva_adaptive_open,2,C055,ARTURO PRAT,118,117,1,0.1970214926913857,0.1970214926913857,0,false,false
eva_adaptive_open,2,C085,LOS LIBERTADORES,119,118,1,0.19011991189992178,0.19011991189992178,0,false,false
eva_adaptive_open,2,C018,LA PRIMAVERA,120,119,1,0.18728903995307272,0.18728903995307272,0,false,false
eva_adaptive_open,2,C045,PORTO ALEGRE,121,120,1,0.1789631843926075,0.1789631843926075,0,false,false
eva_adaptive_open,2,C025,LOS DURAZNOS,122,121,1,0.17773769788730326,0.17773769788730326,0,false,false
eva_adaptive_open,2,C073,LOS MORROS,123,122,1,0.16537203853610075,0.16537203853610075,0,false,false
eva_adaptive_open,2,C016,JUANITA,124,123,1,0.15869954711149178,0.15869954711149178,0,false,false
eva_adaptive_open,3,I11,JOSE JOAQUIN PEREZ,6,1,5,0.5721603338810728,0.6007075437890453,0.02854720990797255,true,true
eva_adaptive_open,3,I30,WALKER - HUALLE - AGUIRRE,4,2,2,0.5815413361963746,0.5765705283999397,-0.004970807796434884,false,true
eva_adaptive_open,3,C066,CUATRO PONIENTE,5,3,2,0.572487990377622,0.572487990377622,0,false,true
eva_adaptive_open,3,C049,FEDERICO ERRÁZURIZ (EX SERRANO),53,4,49,0.32905890532348764,0.5607503270744679,0.2316914217509803,false,false
eva_adaptive_open,3,I08,GENERAL OSCAR BONILLA,16,5,11,0.44379823929485906,0.5437077648793681,0.09990952558450905,false,true
eva_adaptive_open,3,I14,LO OVALLE,2,6,-4,0.6371787956227899,0.535283009526993,-0.10189578609579686,false,true
eva_adaptive_open,3,I16,MATTA-VESPUCIO NORTE,8,7,1,0.5227107068074346,0.5227107068074346,0,false,true
eva_adaptive_open,3,I20,PAC - LO ESPEJO - EL BOSQUE,9,8,1,0.49632538126901565,0.5080242445994491,0.011698863330433407,false,true
eva_adaptive_open,3,I04,DEL FERROCARRIL,32,9,23,0.3940478916997146,0.49701029969704674,0.10296240799733214,false,false
eva_adaptive_open,3,I01,BARÓN DE JURAS REALES,11,10,1,0.48687720322810635,0.48687720322810635,0,false,true
eva_adaptive_open,3,C068,SAN CARLOS,12,11,1,0.48156244324655567,0.48156244324655567,0,false,true
eva_adaptive_open,3,EP-ALAMEDA-T3,ALAMEDA TRAMO 3,7,12,-5,0.558260973877864,0.47967183355519394,-0.07858914032267006,false,true
eva_adaptive_open,3,EP-I34,VICUÑA MACKENNA,13,13,0,0.4789418889773093,0.4789418889773093,0,false,true
eva_adaptive_open,3,I22,PEDRO FONTOVA,14,14,0,0.4728109936708254,0.4728109936708254,0,false,true
eva_adaptive_open,3,EP-I10,GRAN AVENIDA,19,15,4,0.435180901694348,0.45002418527643756,0.014843283582089584,false,true
eva_adaptive_open,3,C006,DOMINGO TOCORNAL,17,16,1,0.44257795158972896,0.44257795158972896,0,false,true
eva_adaptive_open,3,I05,DIAGONAL JOSE MARIA CARO,18,17,1,0.43893681633352033,0.43333980140814715,-0.005597014925373178,false,true
eva_adaptive_open,3,I19,PAC-LO ESPEJO-SN BDO,27,18,9,0.41460848628355157,0.43253796059151983,0.017929474307968263,false,true
eva_adaptive_open,3,I10,GRAN AVENIDA,28,19,9,0.40682183317748805,0.42885168392375667,0.02202985074626862,false,true
eva_adaptive_open,3,I21,PEDRO DE VALDIVIA,20,20,0,0.43141163724900483,0.4263853360376553,-0.005026301211349504,false,true
eva_adaptive_open,3,I29,SANTA ROSA,23,21,2,0.42297111297710543,0.4235325573693767,0.0005614443922712931,false,true
eva_adaptive_open,3,I07,EL GUANACO,21,22,-1,0.42548756362861406,0.41989054870324094,-0.005597014925373123,false,true
eva_adaptive_open,3,C060,ROJAS MAGALLANES,24,23,1,0.4219139986989199,0.41688238164338154,-0.00503161705553834,false,true
eva_adaptive_open,3,I15,MARTINEZ DE ROZAS,10,24,-14,0.49042582216035796,0.4148837713854609,-0.07554205077489706,false,true
eva_adaptive_open,3,EP-I33,LA CHIMBA,30,25,5,0.4043195865206677,0.4043195865206677,0,false,true
eva_adaptive_open,3,I06,DIAGONAL ORIENTE,31,26,5,0.40267663972498335,0.40267663972498335,0,false,false
eva_adaptive_open,3,I09,GENERAL VELASQUEZ,15,27,-12,0.45347011016300426,0.39232276263573274,-0.06114734752727152,false,true
eva_adaptive_open,3,C081,SAN GREGORIO - DIEGO MEZA,33,28,5,0.38932341506856066,0.3897582429213287,0.00043482785276804936,false,false
eva_adaptive_open,3,I24,RADAL,26,29,-3,0.41533970570255174,0.38761087886284273,-0.02772882683970901,false,true
eva_adaptive_open,3,C029,MARIA ELENA,35,30,5,0.3866330072050211,0.3866330072050211,0,false,false
eva_adaptive_open,3,C061,EL PINAR,36,31,5,0.38117344530336017,0.38160827315612816,0.00043482785276799385,false,false
eva_adaptive_open,3,C070,MENDOZA (EX-CORONEL ROBLES),34,32,2,0.387202115587132,0.37358596308451614,-0.013616152502615886,false,false
eva_adaptive_open,3,C003,CONCHA Y TORO,38,33,5,0.3709576416282776,0.3709576416282776,0,false,false
eva_adaptive_open,3,C053,CONDELL,47,34,13,0.3532028448920026,0.3681132926531967,0.014910447761194101,false,false
eva_adaptive_open,3,I25,SAN FRANCISCO,43,35,8,0.3566735624368237,0.36278550273533117,0.006111940298507479,false,false
eva_adaptive_open,3,I27,SANTA CECILIA - NONATO COO,42,36,6,0.36006768212709356,0.36006768212709356,0,false,false
eva_adaptive_open,3,C086,LA ESTRELLA,40,37,3,0.36814789692769634,0.3579389417038158,-0.010208955223880545,false,false
eva_adaptive_open,3,I02,CARLOS VALDOVINOS,22,38,-16,0.4243998641097862,0.35451515707262266,-0.06988470703716354,false,true
eva_adaptive_open,3,I17,MATUCANA,46,39,7,0.3532790270795219,0.3544182671349851,0.0011392400554631754,false,false
eva_adaptive_open,3,C057,PADRE VICENTE IRARRAZABAL - MANUEL CHACON,25,40,-15,0.41723732777812184,0.3536717832547469,-0.06356554452337493,false,true
eva_adaptive_open,3,C044,LOS CERRILLOS,44,41,3,0.355273233150638,0.34964631946381725,-0.005626913686820778,false,false
eva_adaptive_open,3,C058,ANTONIO EBNER-BARROS ARANA,29,42,-13,0.40679457494201116,0.3461717246963252,-0.06062285024568598,false,true
eva_adaptive_open,3,I18,NUEVA IMPERIAL,79,43,36,0.28249960315815087,0.34394633098034916,0.06144672782219829,false,false
eva_adaptive_open,3,C014,JOSE DOMINGO CAÑAS,49,44,5,0.3434151720257287,0.3434151720257287,0,false,false
eva_adaptive_open,3,C083,ORIENTAL-LAS PARCELAS,50,45,5,0.33400841178333013,0.33400841178333013,0,false,false
eva_adaptive_open,3,C043,NEPTUNO,45,46,-1,0.35474887854437137,0.3307602721554096,-0.023988606388961775,false,false
eva_adaptive_open,3,C001,SAN EUGENIO,52,47,5,0.3301050844306759,0.3301050844306759,0,false,false
eva_adaptive_open,3,I13,LO ESPEJO-RIQUELME,54,48,6,0.32833080195639963,0.32833080195639963,0,false,false
eva_adaptive_open,3,C007,EDUARDO CASTILLO VELASCO,56,49,7,0.3209682481807713,0.3209682481807713,0,false,false
eva_adaptive_open,3,C050,MAR DE DRAKE,37,50,-13,0.3754671127887729,0.31891487398280277,-0.056552238805970156,false,false
eva_adaptive_open,3,C067,CARDENAL RAUL SILVA HENRIQUEZ,57,51,6,0.31744308727562154,0.31744308727562154,0,false,false
eva_adaptive_open,3,C024,LOS ARRAYANES - LOS COPIHUES,39,52,-13,0.369297779392275,0.3164169532190636,-0.05288082617321138,false,false
eva_adaptive_open,3,C074,URETA COX,58,53,5,0.31449957814869145,0.31449957814869145,0,false,false
eva_adaptive_open,3,C015,JOSE MANUEL GUZMAN,76,54,22,0.2845092001303485,0.3126826686368105,0.028173468506461963,false,false
eva_adaptive_open,3,C090,SANTO DOMINGO,59,55,4,0.3106717940498921,0.3118283727798585,0.0011565787299663843,false,false
eva_adaptive_open,3,C005,CORONEL ALEJANDRO SEPULVEDA,60,56,4,0.3106497256836105,0.3106497256836105,0,false,false
eva_adaptive_open,3,C032,OBISPO MANUEL UMAÑA,41,57,-16,0.36167847000046166,0.3082971590801354,-0.053381310920326275,false,false
eva_adaptive_open,3,C088,ÑUBLE,61,58,3,0.30596663776619404,0.30596663776619404,0,false,false
eva_adaptive_open,3,C020,LATINOAMERICA - PINTOR MURILLO - FRANCISCO TOLEDO,62,59,3,0.3053874986899725,0.3053874986899725,0,false,false
eva_adaptive_open,3,C028,MADRID,63,60,3,0.3053850663175511,0.3053850663175511,0,false,false
eva_adaptive_open,3,C034,PEDRO LEON UGALDE,64,61,3,0.30513444215224494,0.30513444215224494,0,false,false
eva_adaptive_open,3,C023,AVENIDA DORSAL,48,62,-14,0.34913804016037303,0.3037663294389082,-0.04537171072146484,false,false
eva_adaptive_open,3,C041,VISTA HERMOSA,55,63,-8,0.32433865422117386,0.30344837588485296,-0.0208902783363209,false,false
eva_adaptive_open,3,C037,SAN ALFONSO,65,64,1,0.3032697592490899,0.3032697592490899,0,false,false
eva_adaptive_open,3,C030,MAULE,66,65,1,0.30294715823212187,0.30294715823212187,0,false,false
eva_adaptive_open,3,C042,PRINCIPE DE GALES,67,66,1,0.3015275299366899,0.3015275299366899,0,false,false
eva_adaptive_open,3,C087,SALVADOR GUTIERREZ,68,67,1,0.2988400180747415,0.2988400180747415,0,false,false
eva_adaptive_open,3,C039,TUPUNGATO,113,68,45,0.22275270275256875,0.2972177850899593,0.07446508233739052,false,false
eva_adaptive_open,3,I28,SANTA RAQUEL,69,69,0,0.2960140924026152,0.2960140924026152,0,false,false
eva_adaptive_open,3,C031,NECOCHEA,103,70,33,0.24437487011116932,0.2942204983522875,0.049845628241118156,false,false
eva_adaptive_open,3,C038,TALCAHUANO - SANTA INES - LOS EDILES,101,71,30,0.24550764665869662,0.29282509996910594,0.04731745331040932,false,false
eva_adaptive_open,3,C013,HEROES DE LA CONCEPCION,70,72,-2,0.29161502323158384,0.29161502323158384,0,false,false
eva_adaptive_open,3,C004,CONSISTORIAL,73,73,0,0.28796525159755554,0.29093172378697835,0.0029664721894228085,false,false
eva_adaptive_open,3,C027,LOS PRESIDENTES,71,74,-3,0.2903073892430075,0.2903073892430075,0,false,false
eva_adaptive_open,3,I23,PETERSEN - VICUÑA MACKENNA,74,75,-1,0.28720997267232284,0.28720997267232284,0,false,false
eva_adaptive_open,3,C063,LONGITUDINAL,75,76,-1,0.28538182252354,0.28538182252354,0,false,false
eva_adaptive_open,3,C046,EUCALIPTOS,77,77,0,0.2836213631052964,0.2836213631052964,0,false,false
eva_adaptive_open,3,I32,EINSTEIN,72,78,-6,0.2891830343121434,0.2835860193867703,-0.005597014925373123,false,false
eva_adaptive_open,3,C022,LLANURA  - EL DESIERTO,78,79,-1,0.2832694397879176,0.2832694397879176,0,false,false
eva_adaptive_open,3,I31,FERNANDEZ ALBANO,80,80,0,0.27793271006427517,0.27793271006427517,0,false,false
eva_adaptive_open,3,C035,PRODIVENCIA,81,81,0,0.27556952254522565,0.27556952254522565,0,false,false
eva_adaptive_open,3,C052,BAQUEDANO - POSTALES ORIENTE,82,82,0,0.2725119994529144,0.2725119994529144,0,false,false
eva_adaptive_open,3,C026,LOS MAITENES,102,83,19,0.24476449972018605,0.26662966416212264,0.02186516444193659,false,false
eva_adaptive_open,3,C089,J J PEREZ,84,84,0,0.26495488367176884,0.26495488367176884,0,false,false
eva_adaptive_open,3,C064,SILVA CARVALLO - SANTA ELENA,85,85,0,0.264928178794096,0.264928178794096,0,false,false
eva_adaptive_open,3,C047,VIOLETA PARRA,86,86,0,0.2648001936107111,0.2648001936107111,0,false,false
eva_adaptive_open,3,C079,LAS AMERICAS,87,87,0,0.26410913255677176,0.264377359699667,0.00026822714289526095,false,false
eva_adaptive_open,3,C021,LAUTARO,117,88,29,0.20904169103894277,0.26431781044192787,0.0552761194029851,false,false
eva_adaptive_open,3,C078,WALDO TAFF,51,89,-38,0.33255806783730496,0.2640982140605202,-0.06845985377678476,false,false
eva_adaptive_open,3,C40,VICUÑA MACKENNA - SAN MARTIN,88,90,-2,0.2599804114545511,0.2599804114545511,0,false,false
eva_adaptive_open,3,C011,EYZAGUIRRE,89,91,-2,0.2597262361382782,0.2597262361382782,0,false,false
eva_adaptive_open,3,C069,LOS OLMOS,90,92,-2,0.2594151168255869,0.2594151168255869,0,false,false
eva_adaptive_open,3,C065,NUEVA SAN MARTIN,91,93,-2,0.2588125082913236,0.2588125082913236,0,false,false
eva_adaptive_open,3,C009,EL ROSAL - SANTA ELENA,92,94,-2,0.258292338870139,0.258292338870139,0,false,false
eva_adaptive_open,3,C002,CAPITAN IGNACIO CARRERA PINTO,94,95,-1,0.2546555618818747,0.2546555618818747,0,false,false
eva_adaptive_open,3,C048,GENERAL ARRIAGADA,95,96,-1,0.2517348978903142,0.2517348978903142,0,false,false
eva_adaptive_open,3,C033,OBSERVATORIO,96,97,-1,0.25172362934577086,0.25172362934577086,0,false,false
eva_adaptive_open,3,C062,CORONA SUECA,83,98,-15,0.27233361403980005,0.2513511863347979,-0.020982427705002138,false,false
eva_adaptive_open,3,I03,CARRASCAL,97,99,-2,0.24854515940907576,0.24854515940907576,0,false,false
eva_adaptive_open,3,C054,VICTORIA,98,100,-2,0.24818166256108362,0.24818166256108362,0,false,false
eva_adaptive_open,3,C017,LA PARINACOTA,99,101,-2,0.24787162646529243,0.24787162646529243,0,false,false
eva_adaptive_open,3,C056,TEMUCO - TORO MAZOTTE,100,102,-2,0.2468166288620158,0.2468166288620158,0,false,false
eva_adaptive_open,3,C076,ISLA DECEPCION,93,103,-10,0.25765035826791644,0.24485989841133612,-0.01279045985658031,false,false
eva_adaptive_open,3,C071,BARROS ARANA,104,104,0,0.2432718387690382,0.2432718387690382,0,false,false
eva_adaptive_open,3,C082,CAUPOLICAN,105,105,0,0.24201028797730914,0.24201028797730914,0,false,false
eva_adaptive_open,3,C080,PARAGUAY,106,106,0,0.2404621201898296,0.2404621201898296,0,false,false
eva_adaptive_open,3,C036,RIO REFUGIO - SALAR SURIRE,107,107,0,0.23882288406802515,0.23882288406802515,0,false,false
eva_adaptive_open,3,C012,GABRIELA ORIENTE,109,108,1,0.23493763531224565,0.23493763531224565,0,false,false
eva_adaptive_open,3,C019,LAS HIJUELAS SUR - LIBERTADOR BERNARDO OHIGGINS,110,109,1,0.23151138733257812,0.23151138733257812,0,false,false
eva_adaptive_open,3,C051,JOSE MIGUEL INFANTE - DOMINGO STA MARIA,111,110,1,0.22770327755636682,0.22770327755636682,0,false,false
eva_adaptive_open,3,C008,EL CERRO,112,111,1,0.22664145134727998,0.22664145134727998,0,false,false
eva_adaptive_open,3,C077,RICARDO VIAL,108,112,-4,0.23530100578344948,0.22334495183243977,-0.01195605395100971,false,false
eva_adaptive_open,3,C072,COVADONGA,114,113,1,0.2222660174854263,0.2222660174854263,0,false,false
eva_adaptive_open,3,C010,ESQ BLANCA - ALBERTO LLONA,115,114,1,0.219488334536514,0.219488334536514,0,false,false
eva_adaptive_open,3,C084,EL PINO - UNO SUR,116,115,1,0.21625589427110412,0.21625589427110412,0,false,false
eva_adaptive_open,3,C055,ARTURO PRAT,118,116,2,0.1970214926913857,0.1970214926913857,0,false,false
eva_adaptive_open,3,C085,LOS LIBERTADORES,119,117,2,0.19011991189992178,0.19011991189992178,0,false,false
eva_adaptive_open,3,C018,LA PRIMAVERA,120,118,2,0.18728903995307272,0.18728903995307272,0,false,false
eva_adaptive_open,3,C045,PORTO ALEGRE,121,119,2,0.1789631843926075,0.1789631843926075,0,false,false
eva_adaptive_open,3,C025,LOS DURAZNOS,122,120,2,0.17773769788730326,0.17773769788730326,0,false,false
eva_adaptive_open,3,C073,LOS MORROS,123,121,2,0.16537203853610075,0.16537203853610075,0,false,false
eva_adaptive_open,3,C016,JUANITA,124,122,2,0.15869954711149178,0.15869954711149178,0,false,false
eva_adaptive_open,4,I30,WALKER - HUALLE - AGUIRRE,4,1,3,0.5815413361963746,0.5933615731760592,0.011820236979684595,true,true
eva_adaptive_open,4,C066,CUATRO PONIENTE,5,2,3,0.572487990377622,0.572487990377622,0,false,true
eva_adaptive_open,4,I14,LO OVALLE,2,3,-1,0.6371787956227899,0.5419104498429295,-0.09526834577986043,false,true
eva_adaptive_open,4,I16,MATTA-VESPUCIO NORTE,8,4,4,0.5227107068074346,0.5227107068074346,0,false,true
eva_adaptive_open,4,I20,PAC - LO ESPEJO - EL BOSQUE,9,5,4,0.49632538126901565,0.5200154588469367,0.02369007757792102,false,true
eva_adaptive_open,4,I04,DEL FERROCARRIL,32,6,26,0.3940478916997146,0.5123560192378234,0.11830812753810876,false,false
eva_adaptive_open,4,EP-ALAMEDA-T3,ALAMEDA TRAMO 3,7,7,0,0.558260973877864,0.4949992270178846,-0.06326174685997937,false,true
eva_adaptive_open,4,I01,BARÓN DE JURAS REALES,11,8,3,0.48687720322810635,0.4929090460062476,0.006031842778141228,false,true
eva_adaptive_open,4,C068,SAN CARLOS,12,9,3,0.48156244324655567,0.48156244324655567,0,false,true
eva_adaptive_open,4,I22,PEDRO FONTOVA,14,10,4,0.4728109936708254,0.47895195991393325,0.006140966243107837,false,true
eva_adaptive_open,4,EP-I34,VICUÑA MACKENNA,13,11,2,0.4789418889773093,0.4789418889773093,0,false,true
eva_adaptive_open,4,EP-I10,GRAN AVENIDA,19,12,7,0.435180901694348,0.45002418527643756,0.014843283582089584,false,true
eva_adaptive_open,4,I05,DIAGONAL JOSE MARIA CARO,18,13,5,0.43893681633352033,0.4451852400344961,0.00624842370097578,false,true
eva_adaptive_open,4,C006,DOMINGO TOCORNAL,17,14,3,0.44257795158972896,0.44257795158972896,0,false,true
eva_adaptive_open,4,I19,PAC-LO ESPEJO-SN BDO,27,15,12,0.41460848628355157,0.4386106205435798,0.02400213426002823,false,true
eva_adaptive_open,4,I21,PEDRO DE VALDIVIA,20,16,4,0.43141163724900483,0.4377484656089225,0.006336828359917668,false,true
eva_adaptive_open,4,I10,GRAN AVENIDA,28,17,11,0.40682183317748805,0.42885168392375667,0.02202985074626862,false,true
eva_adaptive_open,4,C060,ROJAS MAGALLANES,24,18,6,0.4219139986989199,0.42807641149412784,0.006162412795207961,false,true
eva_adaptive_open,4,I07,EL GUANACO,21,19,2,0.42548756362861406,0.42580826999511917,0.000320706366505108,false,true
eva_adaptive_open,4,I29,SANTA ROSA,23,20,3,0.42297111297710543,0.4236225217527081,0.0006514087756026576,false,true
eva_adaptive_open,4,I08,GENERAL OSCAR BONILLA,16,21,-5,0.44379823929485906,0.4199035352376331,-0.02389470405722599,false,true
eva_adaptive_open,4,I15,MARTINEZ DE ROZAS,10,22,-12,0.49042582216035796,0.4148837713854609,-0.07554205077489706,false,true
eva_adaptive_open,4,EP-I33,LA CHIMBA,30,23,7,0.4043195865206677,0.40472276023855985,0.00040317371789216905,false,true
eva_adaptive_open,4,I06,DIAGONAL ORIENTE,31,24,7,0.40267663972498335,0.40267663972498335,0,false,false
eva_adaptive_open,4,I09,GENERAL VELASQUEZ,15,25,-10,0.45347011016300426,0.39820549777853775,-0.055264612384466505,false,true
eva_adaptive_open,4,C081,SAN GREGORIO - DIEGO MEZA,33,26,7,0.38932341506856066,0.38984820730466,0.0005247922360993584,false,false
eva_adaptive_open,4,C029,MARIA ELENA,35,27,8,0.3866330072050211,0.3866330072050211,0,false,false
eva_adaptive_open,4,C061,EL PINAR,36,28,8,0.38117344530336017,0.38169823753945953,0.0005247922360993584,false,false
eva_adaptive_open,4,I24,RADAL,26,29,-3,0.41533970570255174,0.37833718310344283,-0.03700252259910891,false,true
eva_adaptive_open,4,C003,CONCHA Y TORO,38,30,8,0.3709576416282776,0.3709576416282776,0,false,false
eva_adaptive_open,4,C053,CONDELL,47,31,16,0.3532028448920026,0.3681132926531967,0.014910447761194101,false,false
eva_adaptive_open,4,C057,PADRE VICENTE IRARRAZABAL - MANUEL CHACON,25,32,-7,0.41723732777812184,0.3666742638111625,-0.05056306396695931,false,true
eva_adaptive_open,4,C070,MENDOZA (EX-CORONEL ROBLES),34,33,1,0.387202115587132,0.3651544687715181,-0.02204764681561394,false,false
eva_adaptive_open,4,I25,SAN FRANCISCO,43,34,9,0.3566735624368237,0.36278550273533117,0.006111940298507479,false,false
eva_adaptive_open,4,I17,MATUCANA,46,35,11,0.3532790270795219,0.3601410655963122,0.006862038516790292,false,false
eva_adaptive_open,4,I27,SANTA CECILIA - NONATO COO,42,36,6,0.36006768212709356,0.36006768212709356,0,false,false
eva_adaptive_open,4,C086,LA ESTRELLA,40,37,3,0.36814789692769634,0.35999187568236085,-0.008156021245335487,false,false
eva_adaptive_open,4,C058,ANTONIO EBNER-BARROS ARANA,29,38,-9,0.40679457494201116,0.3591982079556389,-0.04759636698637226,false,true
eva_adaptive_open,4,C044,LOS CERRILLOS,44,39,5,0.355273233150638,0.3557672936217404,0.0004940604711023977,false,false
eva_adaptive_open,4,I02,CARLOS VALDOVINOS,22,40,-18,0.4243998641097862,0.35451515707262266,-0.06988470703716354,false,true
eva_adaptive_open,4,I18,NUEVA IMPERIAL,79,41,38,0.28249960315815087,0.35003815001404454,0.06753854685589367,false,false
eva_adaptive_open,4,C014,JOSE DOMINGO CAÑAS,49,42,7,0.3434151720257287,0.3434151720257287,0,false,false
eva_adaptive_open,4,C083,ORIENTAL-LAS PARCELAS,50,43,7,0.33400841178333013,0.33400841178333013,0,false,false
eva_adaptive_open,4,C043,NEPTUNO,45,44,1,0.35474887854437137,0.331278400363114,-0.02347047818125736,false,false
eva_adaptive_open,4,C001,SAN EUGENIO,52,45,7,0.3301050844306759,0.3301050844306759,0,false,false
eva_adaptive_open,4,I13,LO ESPEJO-RIQUELME,54,46,8,0.32833080195639963,0.32833080195639963,0,false,false
eva_adaptive_open,4,C007,EDUARDO CASTILLO VELASCO,56,47,9,0.3209682481807713,0.3209682481807713,0,false,false
eva_adaptive_open,4,C032,OBISPO MANUEL UMAÑA,41,48,-7,0.36167847000046166,0.3208506507234438,-0.04082781927701784,false,false
eva_adaptive_open,4,C050,MAR DE DRAKE,37,49,-12,0.3754671127887729,0.31960219452393557,-0.05586491826483736,false,false
eva_adaptive_open,4,C067,CARDENAL RAUL SILVA HENRIQUEZ,57,50,7,0.31744308727562154,0.31744308727562154,0,false,false
eva_adaptive_open,4,C041,VISTA HERMOSA,55,51,4,0.32433865422117386,0.31732884218229823,-0.007009812038875629,false,false
eva_adaptive_open,4,C024,LOS ARRAYANES - LOS COPIHUES,39,52,-13,0.369297779392275,0.3164169532190636,-0.05288082617321138,false,false
eva_adaptive_open,4,C074,URETA COX,58,53,5,0.31449957814869145,0.31449957814869145,0,false,false
eva_adaptive_open,4,C090,SANTO DOMINGO,59,54,5,0.3106717940498921,0.31219739335222674,0.001525599302334646,false,false
eva_adaptive_open,4,C005,CORONEL ALEJANDRO SEPULVEDA,60,55,5,0.3106497256836105,0.3106497256836105,0,false,false
eva_adaptive_open,4,C088,ÑUBLE,61,56,5,0.30596663776619404,0.30596663776619404,0,false,false
eva_adaptive_open,4,C020,LATINOAMERICA - PINTOR MURILLO - FRANCISCO TOLEDO,62,57,5,0.3053874986899725,0.3053874986899725,0,false,false
eva_adaptive_open,4,C028,MADRID,63,58,5,0.3053850663175511,0.3053850663175511,0,false,false
eva_adaptive_open,4,C034,PEDRO LEON UGALDE,64,59,5,0.30513444215224494,0.30513444215224494,0,false,false
eva_adaptive_open,4,C023,AVENIDA DORSAL,48,60,-12,0.34913804016037303,0.3042844576466126,-0.044853582513760426,false,false
eva_adaptive_open,4,C037,SAN ALFONSO,65,61,4,0.3032697592490899,0.3032697592490899,0,false,false
eva_adaptive_open,4,C030,MAULE,66,62,4,0.30294715823212187,0.30294715823212187,0,false,false
eva_adaptive_open,4,C049,FEDERICO ERRÁZURIZ (EX SERRANO),53,63,-10,0.32905890532348764,0.3020754541725971,-0.026983451150890514,false,false
eva_adaptive_open,4,C042,PRINCIPE DE GALES,67,64,3,0.3015275299366899,0.3015275299366899,0,false,false
eva_adaptive_open,4,C039,TUPUNGATO,113,65,48,0.22275270275256875,0.2972177850899593,0.07446508233739052,false,false
eva_adaptive_open,4,I28,SANTA RAQUEL,69,66,3,0.2960140924026152,0.2960140924026152,0,false,false
eva_adaptive_open,4,C031,NECOCHEA,103,67,36,0.24437487011116932,0.2942204983522875,0.049845628241118156,false,false
eva_adaptive_open,4,C038,TALCAHUANO - SANTA INES - LOS EDILES,101,68,33,0.24550764665869662,0.2933432281768104,0.04783558151811379,false,false
eva_adaptive_open,4,C015,JOSE MANUEL GUZMAN,76,69,7,0.2845092001303485,0.2925490854889885,0.008039885358639975,false,false
eva_adaptive_open,4,C013,HEROES DE LA CONCEPCION,70,70,0,0.29161502323158384,0.29161502323158384,0,false,false
eva_adaptive_open,4,C004,CONSISTORIAL,73,71,2,0.28796525159755554,0.29093172378697835,0.0029664721894228085,false,false
eva_adaptive_open,4,C027,LOS PRESIDENTES,71,72,-1,0.2903073892430075,0.2903073892430075,0,false,false
eva_adaptive_open,4,I32,EINSTEIN,72,73,-1,0.2891830343121434,0.2892355135357534,0.00005247922360995805,false,false
eva_adaptive_open,4,I23,PETERSEN - VICUÑA MACKENNA,74,74,0,0.28720997267232284,0.28720997267232284,0,false,false
eva_adaptive_open,4,C063,LONGITUDINAL,75,75,0,0.28538182252354,0.28538182252354,0,false,false
eva_adaptive_open,4,C046,EUCALIPTOS,77,76,1,0.2836213631052964,0.2836213631052964,0,false,false
eva_adaptive_open,4,C022,LLANURA  - EL DESIERTO,78,77,1,0.2832694397879176,0.2832694397879176,0,false,false
eva_adaptive_open,4,I31,FERNANDEZ ALBANO,80,78,2,0.27793271006427517,0.27793271006427517,0,false,false
eva_adaptive_open,4,C035,PRODIVENCIA,81,79,2,0.27556952254522565,0.27556952254522565,0,false,false
eva_adaptive_open,4,C026,LOS MAITENES,102,80,22,0.24476449972018605,0.2734936774860785,0.028729177765892455,false,false
eva_adaptive_open,4,C052,BAQUEDANO - POSTALES ORIENTE,82,81,1,0.2725119994529144,0.2725119994529144,0,false,false
eva_adaptive_open,4,C089,J J PEREZ,84,82,2,0.26495488367176884,0.26495488367176884,0,false,false
eva_adaptive_open,4,C064,SILVA CARVALLO - SANTA ELENA,85,83,2,0.264928178794096,0.264928178794096,0,false,false
eva_adaptive_open,4,C047,VIOLETA PARRA,86,84,2,0.2648001936107111,0.2648001936107111,0,false,false
eva_adaptive_open,4,C079,LAS AMERICAS,87,85,2,0.26410913255677176,0.2644298389232769,0.0003207063665051635,false,false
eva_adaptive_open,4,C021,LAUTARO,117,86,31,0.20904169103894277,0.26431781044192787,0.0552761194029851,false,false
eva_adaptive_open,4,C078,WALDO TAFF,51,87,-36,0.33255806783730496,0.2640982140605202,-0.06845985377678476,false,false
eva_adaptive_open,4,C40,VICUÑA MACKENNA - SAN MARTIN,88,88,0,0.2599804114545511,0.2599804114545511,0,false,false
eva_adaptive_open,4,C011,EYZAGUIRRE,89,89,0,0.2597262361382782,0.2597262361382782,0,false,false
eva_adaptive_open,4,C069,LOS OLMOS,90,90,0,0.2594151168255869,0.2594151168255869,0,false,false
eva_adaptive_open,4,C065,NUEVA SAN MARTIN,91,91,0,0.2588125082913236,0.2588125082913236,0,false,false
eva_adaptive_open,4,C009,EL ROSAL - SANTA ELENA,92,92,0,0.258292338870139,0.258292338870139,0,false,false
eva_adaptive_open,4,C002,CAPITAN IGNACIO CARRERA PINTO,94,93,1,0.2546555618818747,0.2546555618818747,0,false,false
eva_adaptive_open,4,C056,TEMUCO - TORO MAZOTTE,100,94,6,0.2468166288620158,0.25241364378738895,0.0055970149253731505,false,false
eva_adaptive_open,4,C048,GENERAL ARRIAGADA,95,95,0,0.2517348978903142,0.2517348978903142,0,false,false
eva_adaptive_open,4,C033,OBSERVATORIO,96,96,0,0.25172362934577086,0.25172362934577086,0,false,false
eva_adaptive_open,4,C062,CORONA SUECA,83,97,-14,0.27233361403980005,0.2513511863347979,-0.020982427705002138,false,false
eva_adaptive_open,4,I03,CARRASCAL,97,98,-1,0.24854515940907576,0.24854515940907576,0,false,false
eva_adaptive_open,4,C054,VICTORIA,98,99,-1,0.24818166256108362,0.24818166256108362,0,false,false
eva_adaptive_open,4,C017,LA PARINACOTA,99,100,-1,0.24787162646529243,0.24787162646529243,0,false,false
eva_adaptive_open,4,C076,ISLA DECEPCION,93,101,-8,0.25765035826791644,0.24485989841133612,-0.01279045985658031,false,false
eva_adaptive_open,4,C071,BARROS ARANA,104,102,2,0.2432718387690382,0.2432718387690382,0,false,false
eva_adaptive_open,4,C082,CAUPOLICAN,105,103,2,0.24201028797730914,0.24201028797730914,0,false,false
eva_adaptive_open,4,C080,PARAGUAY,106,104,2,0.2404621201898296,0.2404621201898296,0,false,false
eva_adaptive_open,4,C012,GABRIELA ORIENTE,109,105,4,0.23493763531224565,0.23493763531224565,0,false,false
eva_adaptive_open,4,C087,SALVADOR GUTIERREZ,68,106,-38,0.2988400180747415,0.23167583897026392,-0.06716417910447756,false,false
eva_adaptive_open,4,C019,LAS HIJUELAS SUR - LIBERTADOR BERNARDO OHIGGINS,110,107,3,0.23151138733257812,0.23151138733257812,0,false,false
eva_adaptive_open,4,C051,JOSE MIGUEL INFANTE - DOMINGO STA MARIA,111,108,3,0.22770327755636682,0.22770327755636682,0,false,false
eva_adaptive_open,4,C008,EL CERRO,112,109,3,0.22664145134727998,0.22664145134727998,0,false,false
eva_adaptive_open,4,C036,RIO REFUGIO - SALAR SURIRE,107,110,-3,0.23882288406802515,0.22368469062682966,-0.015138193441195491,false,false
eva_adaptive_open,4,C077,RICARDO VIAL,108,111,-3,0.23530100578344948,0.22334495183243977,-0.01195605395100971,false,false
eva_adaptive_open,4,C072,COVADONGA,114,112,2,0.2222660174854263,0.2222660174854263,0,false,false
eva_adaptive_open,4,C010,ESQ BLANCA - ALBERTO LLONA,115,113,2,0.219488334536514,0.219488334536514,0,false,false
eva_adaptive_open,4,C084,EL PINO - UNO SUR,116,114,2,0.21625589427110412,0.21625589427110412,0,false,false
eva_adaptive_open,4,C055,ARTURO PRAT,118,115,3,0.1970214926913857,0.1970214926913857,0,false,false
eva_adaptive_open,4,C085,LOS LIBERTADORES,119,116,3,0.19011991189992178,0.19011991189992178,0,false,false
eva_adaptive_open,4,C018,LA PRIMAVERA,120,117,3,0.18728903995307272,0.18728903995307272,0,false,false
eva_adaptive_open,4,C045,PORTO ALEGRE,121,118,3,0.1789631843926075,0.1789631843926075,0,false,false
eva_adaptive_open,4,C025,LOS DURAZNOS,122,119,3,0.17773769788730326,0.17773769788730326,0,false,false
eva_adaptive_open,4,C073,LOS MORROS,123,120,3,0.16537203853610075,0.16537203853610075,0,false,false
eva_adaptive_open,4,C016,JUANITA,124,121,3,0.15869954711149178,0.15869954711149178,0,false,false
eva_adaptive_open,5,C066,CUATRO PONIENTE,5,1,4,0.572487990377622,0.572487990377622,0,true,true
eva_adaptive_open,5,I14,LO OVALLE,2,2,0,0.6371787956227899,0.5479931058375819,-0.08918568978520802,false,true
eva_adaptive_open,5,C067,CARDENAL RAUL SILVA HENRIQUEZ,57,3,54,0.31744308727562154,0.5434807753199901,0.22603768804436852,false,false
eva_adaptive_open,5,I20,PAC - LO ESPEJO - EL BOSQUE,9,4,5,0.49632538126901565,0.5259498402098023,0.029624458940786635,false,true
eva_adaptive_open,5,I16,MATTA-VESPUCIO NORTE,8,5,3,0.5227107068074346,0.5227107068074346,0,false,true
eva_adaptive_open,5,I04,DEL FERROCARRIL,32,6,26,0.3940478916997146,0.5179530341631965,0.12390514246348189,false,false
eva_adaptive_open,5,EP-ALAMEDA-T3,ALAMEDA TRAMO 3,7,7,0,0.558260973877864,0.5005962419432577,-0.057664731934606306,false,true
eva_adaptive_open,5,I01,BARÓN DE JURAS REALES,11,8,3,0.48687720322810635,0.4929090460062476,0.006031842778141228,false,true
eva_adaptive_open,5,I22,PEDRO FONTOVA,14,9,5,0.4728109936708254,0.47895195991393325,0.006140966243107837,false,true
eva_adaptive_open,5,EP-I34,VICUÑA MACKENNA,13,10,3,0.4789418889773093,0.4789418889773093,0,false,true
eva_adaptive_open,5,C068,SAN CARLOS,12,11,1,0.48156244324655567,0.4739728910077497,-0.007589552238805974,false,true
eva_adaptive_open,5,EP-I10,GRAN AVENIDA,19,12,7,0.435180901694348,0.45002418527643756,0.014843283582089584,false,true
eva_adaptive_open,5,I05,DIAGONAL JOSE MARIA CARO,18,13,5,0.43893681633352033,0.4451852400344961,0.00624842370097578,false,true
eva_adaptive_open,5,I19,PAC-LO ESPEJO-SN BDO,27,14,13,0.41460848628355157,0.4386106205435798,0.02400213426002823,false,true
eva_adaptive_open,5,I21,PEDRO DE VALDIVIA,20,15,5,0.43141163724900483,0.43779519616824303,0.006383558919238197,false,true
eva_adaptive_open,5,C006,DOMINGO TOCORNAL,17,16,1,0.44257795158972896,0.43451825009719164,-0.008059701492537319,false,true
eva_adaptive_open,5,I07,EL GUANACO,21,17,4,0.42548756362861406,0.43140528492049235,0.005917721291878286,false,true
eva_adaptive_open,5,I29,SANTA ROSA,23,18,5,0.42297111297710543,0.42943111957961977,0.006460006602514334,false,true
eva_adaptive_open,5,I10,GRAN AVENIDA,28,19,9,0.40682183317748805,0.42885168392375667,0.02202985074626862,false,true
eva_adaptive_open,5,I08,GENERAL OSCAR BONILLA,16,20,-4,0.44379823929485906,0.42550055016300625,-0.018297689131852812,false,true
eva_adaptive_open,5,I15,MARTINEZ DE ROZAS,10,21,-11,0.49042582216035796,0.4148837713854609,-0.07554205077489706,false,true
eva_adaptive_open,5,EP-I33,LA CHIMBA,30,22,8,0.4043195865206677,0.40472276023855985,0.00040317371789216905,false,true
eva_adaptive_open,5,I06,DIAGONAL ORIENTE,31,23,8,0.40267663972498335,0.4027599400799197,0.00008330035493636645,false,false
eva_adaptive_open,5,I09,GENERAL VELASQUEZ,15,24,-9,0.45347011016300426,0.39820549777853775,-0.055264612384466505,false,true
eva_adaptive_open,5,C081,SAN GREGORIO - DIEGO MEZA,33,25,8,0.38932341506856066,0.3899248436312015,0.0006014285626408378,false,false
eva_adaptive_open,5,C061,EL PINAR,36,26,10,0.38117344530336017,0.38177487386600095,0.0006014285626407823,false,false
eva_adaptive_open,5,I24,RADAL,26,27,-1,0.41533970570255174,0.37833718310344283,-0.03700252259910891,false,true
eva_adaptive_open,5,C029,MARIA ELENA,35,28,7,0.3866330072050211,0.37575241019009575,-0.01088059701492533,false,false
eva_adaptive_open,5,C070,MENDOZA (EX-CORONEL ROBLES),34,29,5,0.387202115587132,0.3707514836968912,-0.01645063189024082,false,false
eva_adaptive_open,5,C053,CONDELL,47,30,17,0.3532028448920026,0.3681132926531967,0.014910447761194101,false,false
eva_adaptive_open,5,C057,PADRE VICENTE IRARRAZABAL - MANUEL CHACON,25,31,-6,0.41723732777812184,0.3666742638111625,-0.05056306396695931,false,true
eva_adaptive_open,5,C086,LA ESTRELLA,40,32,8,0.36814789692769634,0.36558889060773403,-0.002559006319962309,false,false
eva_adaptive_open,5,I25,SAN FRANCISCO,43,33,10,0.3566735624368237,0.36278550273533117,0.006111940298507479,false,false
eva_adaptive_open,5,C003,CONCHA Y TORO,38,34,4,0.3709576416282776,0.36195764162827765,-0.008999999999999952,false,false
eva_adaptive_open,5,I17,MATUCANA,46,35,11,0.3532790270795219,0.3601410655963122,0.006862038516790292,false,false
eva_adaptive_open,5,I27,SANTA CECILIA - NONATO COO,42,36,6,0.36006768212709356,0.36006768212709356,0,false,false
eva_adaptive_open,5,C058,ANTONIO EBNER-BARROS ARANA,29,37,-8,0.40679457494201116,0.3591982079556389,-0.04759636698637226,false,true
eva_adaptive_open,5,C044,LOS CERRILLOS,44,38,6,0.355273233150638,0.3557672936217404,0.0004940604711023977,false,false
eva_adaptive_open,5,I02,CARLOS VALDOVINOS,22,39,-17,0.4243998641097862,0.35451515707262266,-0.06988470703716354,false,true
eva_adaptive_open,5,I18,NUEVA IMPERIAL,79,40,39,0.28249960315815087,0.35003815001404454,0.06753854685589367,false,false
eva_adaptive_open,5,C014,JOSE DOMINGO CAÑAS,49,41,8,0.3434151720257287,0.3434151720257287,0,false,false
eva_adaptive_open,5,C083,ORIENTAL-LAS PARCELAS,50,42,8,0.33400841178333013,0.3340917121382666,0.00008330035493647747,false,false
eva_adaptive_open,5,C043,NEPTUNO,45,43,2,0.35474887854437137,0.331278400363114,-0.02347047818125736,false,false
eva_adaptive_open,5,C001,SAN EUGENIO,52,44,8,0.3301050844306759,0.3301050844306759,0,false,false
eva_adaptive_open,5,I13,LO ESPEJO-RIQUELME,54,45,9,0.32833080195639963,0.32833080195639963,0,false,false
eva_adaptive_open,5,C007,EDUARDO CASTILLO VELASCO,56,46,10,0.3209682481807713,0.3209682481807713,0,false,false
eva_adaptive_open,5,C032,OBISPO MANUEL UMAÑA,41,47,-6,0.36167847000046166,0.3208506507234438,-0.04082781927701784,false,false
eva_adaptive_open,5,C050,MAR DE DRAKE,37,48,-11,0.3754671127887729,0.31960219452393557,-0.05586491826483736,false,false
eva_adaptive_open,5,C041,VISTA HERMOSA,55,49,6,0.32433865422117386,0.31732884218229823,-0.007009812038875629,false,false
eva_adaptive_open,5,C024,LOS ARRAYANES - LOS COPIHUES,39,50,-11,0.369297779392275,0.3164169532190636,-0.05288082617321138,false,false
eva_adaptive_open,5,C074,URETA COX,58,51,7,0.31449957814869145,0.31449957814869145,0,false,false
eva_adaptive_open,5,C090,SANTO DOMINGO,59,52,7,0.3106717940498921,0.31219739335222674,0.001525599302334646,false,false
eva_adaptive_open,5,C005,CORONEL ALEJANDRO SEPULVEDA,60,53,7,0.3106497256836105,0.3106497256836105,0,false,false
eva_adaptive_open,5,C088,ÑUBLE,61,54,7,0.30596663776619404,0.30596663776619404,0,false,false
eva_adaptive_open,5,C020,LATINOAMERICA - PINTOR MURILLO - FRANCISCO TOLEDO,62,55,7,0.3053874986899725,0.3053874986899725,0,false,false
eva_adaptive_open,5,C028,MADRID,63,56,7,0.3053850663175511,0.3053850663175511,0,false,false
eva_adaptive_open,5,C034,PEDRO LEON UGALDE,64,57,7,0.30513444215224494,0.30513444215224494,0,false,false
eva_adaptive_open,5,C023,AVENIDA DORSAL,48,58,-10,0.34913804016037303,0.3042844576466126,-0.044853582513760426,false,false
eva_adaptive_open,5,C037,SAN ALFONSO,65,59,6,0.3032697592490899,0.3032697592490899,0,false,false
eva_adaptive_open,5,C030,MAULE,66,60,6,0.30294715823212187,0.30294715823212187,0,false,false
eva_adaptive_open,5,C049,FEDERICO ERRÁZURIZ (EX SERRANO),53,61,-8,0.32905890532348764,0.3020754541725971,-0.026983451150890514,false,false
eva_adaptive_open,5,C042,PRINCIPE DE GALES,67,62,5,0.3015275299366899,0.3015275299366899,0,false,false
eva_adaptive_open,5,C015,JOSE MANUEL GUZMAN,76,63,13,0.2845092001303485,0.2981461004143616,0.013636900284013098,false,false
eva_adaptive_open,5,C039,TUPUNGATO,113,64,49,0.22275270275256875,0.2972177850899593,0.07446508233739052,false,false
eva_adaptive_open,5,C031,NECOCHEA,103,65,38,0.24437487011116932,0.2942204983522875,0.049845628241118156,false,false
eva_adaptive_open,5,C038,TALCAHUANO - SANTA INES - LOS EDILES,101,66,35,0.24550764665869662,0.2933432281768104,0.04783558151811379,false,false
eva_adaptive_open,5,C013,HEROES DE LA CONCEPCION,70,67,3,0.29161502323158384,0.29161502323158384,0,false,false
eva_adaptive_open,5,C004,CONSISTORIAL,73,68,5,0.28796525159755554,0.29093172378697835,0.0029664721894228085,false,false
eva_adaptive_open,5,C027,LOS PRESIDENTES,71,69,2,0.2903073892430075,0.2903073892430075,0,false,false
eva_adaptive_open,5,I32,EINSTEIN,72,70,2,0.2891830343121434,0.2892355135357534,0.00005247922360995805,false,false
eva_adaptive_open,5,I28,SANTA RAQUEL,69,71,-2,0.2960140924026152,0.2874774442364143,-0.008536648166200922,false,false
eva_adaptive_open,5,C060,ROJAS MAGALLANES,24,72,-48,0.4219139986989199,0.28736167748139896,-0.13455232121752092,false,true
eva_adaptive_open,5,I23,PETERSEN - VICUÑA MACKENNA,74,73,1,0.28720997267232284,0.28720997267232284,0,false,false
eva_adaptive_open,5,C063,LONGITUDINAL,75,74,1,0.28538182252354,0.28538182252354,0,false,false
eva_adaptive_open,5,C046,EUCALIPTOS,77,75,2,0.2836213631052964,0.2836213631052964,0,false,false
eva_adaptive_open,5,C022,LLANURA  - EL DESIERTO,78,76,2,0.2832694397879176,0.2832694397879176,0,false,false
eva_adaptive_open,5,I31,FERNANDEZ ALBANO,80,77,3,0.27793271006427517,0.27793271006427517,0,false,false
eva_adaptive_open,5,C035,PRODIVENCIA,81,78,3,0.27556952254522565,0.27556952254522565,0,false,false
eva_adaptive_open,5,C026,LOS MAITENES,102,79,23,0.24476449972018605,0.2734936774860785,0.028729177765892455,false,false
eva_adaptive_open,5,C052,BAQUEDANO - POSTALES ORIENTE,82,80,2,0.2725119994529144,0.2725119994529144,0,false,false
eva_adaptive_open,5,C089,J J PEREZ,84,81,3,0.26495488367176884,0.26495488367176884,0,false,false
eva_adaptive_open,5,C064,SILVA CARVALLO - SANTA ELENA,85,82,3,0.264928178794096,0.264928178794096,0,false,false
eva_adaptive_open,5,C047,VIOLETA PARRA,86,83,3,0.2648001936107111,0.2648001936107111,0,false,false
eva_adaptive_open,5,C079,LAS AMERICAS,87,84,3,0.26410913255677176,0.2644298389232769,0.0003207063665051635,false,false
eva_adaptive_open,5,C021,LAUTARO,117,85,32,0.20904169103894277,0.26431781044192787,0.0552761194029851,false,false
eva_adaptive_open,5,C078,WALDO TAFF,51,86,-35,0.33255806783730496,0.2640982140605202,-0.06845985377678476,false,false
eva_adaptive_open,5,C40,VICUÑA MACKENNA - SAN MARTIN,88,87,1,0.2599804114545511,0.2599804114545511,0,false,false
eva_adaptive_open,5,C011,EYZAGUIRRE,89,88,1,0.2597262361382782,0.2597262361382782,0,false,false
eva_adaptive_open,5,C069,LOS OLMOS,90,89,1,0.2594151168255869,0.2594151168255869,0,false,false
eva_adaptive_open,5,C065,NUEVA SAN MARTIN,91,90,1,0.2588125082913236,0.2588125082913236,0,false,false
eva_adaptive_open,5,C009,EL ROSAL - SANTA ELENA,92,91,1,0.258292338870139,0.258292338870139,0,false,false
eva_adaptive_open,5,C002,CAPITAN IGNACIO CARRERA PINTO,94,92,2,0.2546555618818747,0.2546555618818747,0,false,false
eva_adaptive_open,5,C056,TEMUCO - TORO MAZOTTE,100,93,7,0.2468166288620158,0.25241364378738895,0.0055970149253731505,false,false
eva_adaptive_open,5,C048,GENERAL ARRIAGADA,95,94,1,0.2517348978903142,0.2517348978903142,0,false,false
eva_adaptive_open,5,C033,OBSERVATORIO,96,95,1,0.25172362934577086,0.25172362934577086,0,false,false
eva_adaptive_open,5,C062,CORONA SUECA,83,96,-13,0.27233361403980005,0.2513511863347979,-0.020982427705002138,false,false
eva_adaptive_open,5,I03,CARRASCAL,97,97,0,0.24854515940907576,0.24854515940907576,0,false,false
eva_adaptive_open,5,C054,VICTORIA,98,98,0,0.24818166256108362,0.24818166256108362,0,false,false
eva_adaptive_open,5,C017,LA PARINACOTA,99,99,0,0.24787162646529243,0.24787162646529243,0,false,false
eva_adaptive_open,5,C076,ISLA DECEPCION,93,100,-7,0.25765035826791644,0.24485989841133612,-0.01279045985658031,false,false
eva_adaptive_open,5,C071,BARROS ARANA,104,101,3,0.2432718387690382,0.2432718387690382,0,false,false
eva_adaptive_open,5,C082,CAUPOLICAN,105,102,3,0.24201028797730914,0.24201028797730914,0,false,false
eva_adaptive_open,5,C080,PARAGUAY,106,103,3,0.2404621201898296,0.2404621201898296,0,false,false
eva_adaptive_open,5,C012,GABRIELA ORIENTE,109,104,5,0.23493763531224565,0.23493763531224565,0,false,false
eva_adaptive_open,5,C087,SALVADOR GUTIERREZ,68,105,-37,0.2988400180747415,0.23167583897026392,-0.06716417910447756,false,false
eva_adaptive_open,5,C019,LAS HIJUELAS SUR - LIBERTADOR BERNARDO OHIGGINS,110,106,4,0.23151138733257812,0.23151138733257812,0,false,false
eva_adaptive_open,5,C051,JOSE MIGUEL INFANTE - DOMINGO STA MARIA,111,107,4,0.22770327755636682,0.22770327755636682,0,false,false
eva_adaptive_open,5,C008,EL CERRO,112,108,4,0.22664145134727998,0.22664145134727998,0,false,false
eva_adaptive_open,5,C036,RIO REFUGIO - SALAR SURIRE,107,109,-2,0.23882288406802515,0.22368469062682966,-0.015138193441195491,false,false
eva_adaptive_open,5,C077,RICARDO VIAL,108,110,-2,0.23530100578344948,0.22334495183243977,-0.01195605395100971,false,false
eva_adaptive_open,5,C072,COVADONGA,114,111,3,0.2222660174854263,0.2222660174854263,0,false,false
eva_adaptive_open,5,C010,ESQ BLANCA - ALBERTO LLONA,115,112,3,0.219488334536514,0.219488334536514,0,false,false
eva_adaptive_open,5,C084,EL PINO - UNO SUR,116,113,3,0.21625589427110412,0.21625589427110412,0,false,false
eva_adaptive_open,5,C055,ARTURO PRAT,118,114,4,0.1970214926913857,0.1970214926913857,0,false,false
eva_adaptive_open,5,C085,LOS LIBERTADORES,119,115,4,0.19011991189992178,0.19011991189992178,0,false,false
eva_adaptive_open,5,C018,LA PRIMAVERA,120,116,4,0.18728903995307272,0.18728903995307272,0,false,false
eva_adaptive_open,5,C045,PORTO ALEGRE,121,117,4,0.1789631843926075,0.1789631843926075,0,false,false
eva_adaptive_open,5,C025,LOS DURAZNOS,122,118,4,0.17773769788730326,0.17773769788730326,0,false,false
eva_adaptive_open,5,C073,LOS MORROS,123,119,4,0.16537203853610075,0.16537203853610075,0,false,false
eva_adaptive_open,5,C016,JUANITA,124,120,4,0.15869954711149178,0.15869954711149178,0,false,false
eva_adaptive_open,6,C067,CARDENAL RAUL SILVA HENRIQUEZ,57,1,56,0.31744308727562154,0.552346446961781,0.2349033596861595,true,false
eva_adaptive_open,6,I14,LO OVALLE,2,2,0,0.6371787956227899,0.5479931058375819,-0.08918568978520802,false,true
eva_adaptive_open,6,I20,PAC - LO ESPEJO - EL BOSQUE,9,3,6,0.49632538126901565,0.5323976014038322,0.036072220134816535,false,true
eva_adaptive_open,6,I04,DEL FERROCARRIL,32,4,28,0.3940478916997146,0.529001447475123,0.1349535557754084,false,false
eva_adaptive_open,6,I16,MATTA-VESPUCIO NORTE,8,5,3,0.5227107068074346,0.5227107068074346,0,false,true
eva_adaptive_open,6,I01,BARÓN DE JURAS REALES,11,6,5,0.48687720322810635,0.4929090460062476,0.006031842778141228,false,true
eva_adaptive_open,6,EP-ALAMEDA-T3,ALAMEDA TRAMO 3,7,7,0,0.558260973877864,0.483469376271616,-0.07479159760624798,false,true
eva_adaptive_open,6,I22,PEDRO FONTOVA,14,8,6,0.4728109936708254,0.47895195991393325,0.006140966243107837,false,true
eva_adaptive_open,6,EP-I34,VICUÑA MACKENNA,13,9,4,0.4789418889773093,0.4789418889773093,0,false,true
eva_adaptive_open,6,C068,SAN CARLOS,12,10,2,0.48156244324655567,0.4749803536943168,-0.006582089552238879,false,true
eva_adaptive_open,6,EP-I10,GRAN AVENIDA,19,11,8,0.435180901694348,0.4611062748286764,0.02592537313432841,false,true
eva_adaptive_open,6,I10,GRAN AVENIDA,28,12,16,0.40682183317748805,0.4522248182521148,0.045402985074626756,false,true
eva_adaptive_open,6,I05,DIAGONAL JOSE MARIA CARO,18,13,5,0.43893681633352033,0.4451852400344961,0.00624842370097578,false,true
eva_adaptive_open,6,I19,PAC-LO ESPEJO-SN BDO,27,14,13,0.41460848628355157,0.4386106205435798,0.02400213426002823,false,true
eva_adaptive_open,6,I21,PEDRO DE VALDIVIA,20,15,5,0.43141163724900483,0.43779519616824303,0.006383558919238197,false,true
eva_adaptive_open,6,C006,DOMINGO TOCORNAL,17,16,1,0.44257795158972896,0.4356600411419678,-0.006917910447761133,false,true
eva_adaptive_open,6,I07,EL GUANACO,21,17,4,0.42548756362861406,0.43140528492049235,0.005917721291878286,false,true
eva_adaptive_open,6,I29,SANTA ROSA,23,18,5,0.42297111297710543,0.42943111957961977,0.006460006602514334,false,true
eva_adaptive_open,6,I15,MARTINEZ DE ROZAS,10,19,-9,0.49042582216035796,0.4148837713854609,-0.07554205077489706,false,true
eva_adaptive_open,6,EP-I33,LA CHIMBA,30,20,10,0.4043195865206677,0.40472276023855985,0.00040317371789216905,false,true
eva_adaptive_open,6,I06,DIAGONAL ORIENTE,31,21,10,0.40267663972498335,0.4027599400799197,0.00008330035493636645,false,false
eva_adaptive_open,6,I08,GENERAL OSCAR BONILLA,16,22,-6,0.44379823929485906,0.40105278896897634,-0.04274545032588273,false,true
eva_adaptive_open,6,I09,GENERAL VELASQUEZ,15,23,-8,0.45347011016300426,0.39820549777853775,-0.055264612384466505,false,true
eva_adaptive_open,6,C081,SAN GREGORIO - DIEGO MEZA,33,24,9,0.38932341506856066,0.3899248436312015,0.0006014285626408378,false,false
eva_adaptive_open,6,I27,SANTA CECILIA - NONATO COO,42,25,17,0.36006768212709356,0.3880527567539592,0.02798507462686567,false,false
eva_adaptive_open,6,I13,LO ESPEJO-RIQUELME,54,26,28,0.32833080195639963,0.3820621452399818,0.053731343283582145,false,false
eva_adaptive_open,6,C061,EL PINAR,36,27,9,0.38117344530336017,0.38177487386600095,0.0006014285626407823,false,false
eva_adaptive_open,6,C053,CONDELL,47,28,19,0.3532028448920026,0.3789938896681221,0.025791044776119487,false,false
eva_adaptive_open,6,I24,RADAL,26,29,-3,0.41533970570255174,0.37833718310344283,-0.03700252259910891,false,true
eva_adaptive_open,6,C029,MARIA ELENA,35,30,5,0.3866330072050211,0.37696136541397635,-0.009671641791044738,false,false
eva_adaptive_open,6,I25,SAN FRANCISCO,43,31,12,0.3566735624368237,0.3713825176607043,0.014708955223880604,false,false
eva_adaptive_open,6,C070,MENDOZA (EX-CORONEL ROBLES),34,32,2,0.387202115587132,0.3707514836968912,-0.01645063189024082,false,false
eva_adaptive_open,6,C057,PADRE VICENTE IRARRAZABAL - MANUEL CHACON,25,33,-8,0.41723732777812184,0.3666742638111625,-0.05056306396695931,false,true
eva_adaptive_open,6,C086,LA ESTRELLA,40,34,6,0.36814789692769634,0.36558889060773403,-0.002559006319962309,false,false
eva_adaptive_open,6,C003,CONCHA Y TORO,38,35,3,0.3709576416282776,0.3632337610312627,-0.007723880597014898,false,false
eva_adaptive_open,6,I17,MATUCANA,46,36,10,0.3532790270795219,0.3601410655963122,0.006862038516790292,false,false
eva_adaptive_open,6,C058,ANTONIO EBNER-BARROS ARANA,29,37,-8,0.40679457494201116,0.3591982079556389,-0.04759636698637226,false,true
eva_adaptive_open,6,I02,CARLOS VALDOVINOS,22,38,-16,0.4243998641097862,0.35451515707262266,-0.06988470703716354,false,true
eva_adaptive_open,6,I18,NUEVA IMPERIAL,79,39,40,0.28249960315815087,0.35003815001404454,0.06753854685589367,false,false
eva_adaptive_open,6,C014,JOSE DOMINGO CAÑAS,49,40,9,0.3434151720257287,0.3434151720257287,0,false,false
eva_adaptive_open,6,C083,ORIENTAL-LAS PARCELAS,50,41,9,0.33400841178333013,0.3340917121382666,0.00008330035493647747,false,false
eva_adaptive_open,6,C044,LOS CERRILLOS,44,42,2,0.355273233150638,0.33131953242771056,-0.023953700722927462,false,false
eva_adaptive_open,6,C043,NEPTUNO,45,43,2,0.35474887854437137,0.331278400363114,-0.02347047818125736,false,false
eva_adaptive_open,6,C001,SAN EUGENIO,52,44,8,0.3301050844306759,0.3301050844306759,0,false,false
eva_adaptive_open,6,C007,EDUARDO CASTILLO VELASCO,56,45,11,0.3209682481807713,0.3209682481807713,0,false,false
eva_adaptive_open,6,C032,OBISPO MANUEL UMAÑA,41,46,-5,0.36167847000046166,0.3208506507234438,-0.04082781927701784,false,false
eva_adaptive_open,6,C024,LOS ARRAYANES - LOS COPIHUES,39,47,-8,0.369297779392275,0.3164169532190636,-0.05288082617321138,false,false
eva_adaptive_open,6,C074,URETA COX,58,48,10,0.31449957814869145,0.31449957814869145,0,false,false
eva_adaptive_open,6,C090,SANTO DOMINGO,59,49,10,0.3106717940498921,0.31219739335222674,0.001525599302334646,false,false
eva_adaptive_open,6,C005,CORONEL ALEJANDRO SEPULVEDA,60,50,10,0.3106497256836105,0.3106497256836105,0,false,false
eva_adaptive_open,6,C050,MAR DE DRAKE,37,51,-14,0.3754671127887729,0.3080499557179654,-0.06741715707080753,false,false
eva_adaptive_open,6,C088,ÑUBLE,61,52,9,0.30596663776619404,0.30596663776619404,0,false,false
eva_adaptive_open,6,C020,LATINOAMERICA - PINTOR MURILLO - FRANCISCO TOLEDO,62,53,9,0.3053874986899725,0.3053874986899725,0,false,false
eva_adaptive_open,6,C028,MADRID,63,54,9,0.3053850663175511,0.3053850663175511,0,false,false
eva_adaptive_open,6,C034,PEDRO LEON UGALDE,64,55,9,0.30513444215224494,0.30513444215224494,0,false,false
eva_adaptive_open,6,C023,AVENIDA DORSAL,48,56,-8,0.34913804016037303,0.3042844576466126,-0.044853582513760426,false,false
eva_adaptive_open,6,C037,SAN ALFONSO,65,57,8,0.3032697592490899,0.3032697592490899,0,false,false
eva_adaptive_open,6,C030,MAULE,66,58,8,0.30294715823212187,0.30294715823212187,0,false,false
eva_adaptive_open,6,C049,FEDERICO ERRÁZURIZ (EX SERRANO),53,59,-6,0.32905890532348764,0.3020754541725971,-0.026983451150890514,false,false
eva_adaptive_open,6,C042,PRINCIPE DE GALES,67,60,7,0.3015275299366899,0.3015275299366899,0,false,false
eva_adaptive_open,6,C015,JOSE MANUEL GUZMAN,76,61,15,0.2845092001303485,0.2981461004143616,0.013636900284013098,false,false
eva_adaptive_open,6,C039,TUPUNGATO,113,62,51,0.22275270275256875,0.2972177850899593,0.07446508233739052,false,false
eva_adaptive_open,6,C064,SILVA CARVALLO - SANTA ELENA,85,63,22,0.264928178794096,0.29671303455212084,0.03178485575802481,false,false
eva_adaptive_open,6,C031,NECOCHEA,103,64,39,0.24437487011116932,0.2942204983522875,0.049845628241118156,false,false
eva_adaptive_open,6,C065,NUEVA SAN MARTIN,91,65,26,0.2588125082913236,0.29384044783423063,0.03502793954290706,false,false
eva_adaptive_open,6,C038,TALCAHUANO - SANTA INES - LOS EDILES,101,66,35,0.24550764665869662,0.2933432281768104,0.04783558151811379,false,false
eva_adaptive_open,6,C013,HEROES DE LA CONCEPCION,70,67,3,0.29161502323158384,0.29161502323158384,0,false,false
eva_adaptive_open,6,C004,CONSISTORIAL,73,68,5,0.28796525159755554,0.29093172378697835,0.0029664721894228085,false,false
eva_adaptive_open,6,C027,LOS PRESIDENTES,71,69,2,0.2903073892430075,0.2903073892430075,0,false,false
eva_adaptive_open,6,I32,EINSTEIN,72,70,2,0.2891830343121434,0.2892355135357534,0.00005247922360995805,false,false
eva_adaptive_open,6,I28,SANTA RAQUEL,69,71,-2,0.2960140924026152,0.2874774442364143,-0.008536648166200922,false,false
eva_adaptive_open,6,C060,ROJAS MAGALLANES,24,72,-48,0.4219139986989199,0.28736167748139896,-0.13455232121752092,false,true
eva_adaptive_open,6,I23,PETERSEN - VICUÑA MACKENNA,74,73,1,0.28720997267232284,0.28720997267232284,0,false,false
eva_adaptive_open,6,C063,LONGITUDINAL,75,74,1,0.28538182252354,0.28538182252354,0,false,false
eva_adaptive_open,6,C046,EUCALIPTOS,77,75,2,0.2836213631052964,0.2836213631052964,0,false,false
eva_adaptive_open,6,C084,EL PINO - UNO SUR,116,76,40,0.21625589427110412,0.2834200733755817,0.06716417910447761,false,false
eva_adaptive_open,6,C022,LLANURA  - EL DESIERTO,78,77,1,0.2832694397879176,0.2832694397879176,0,false,false
eva_adaptive_open,6,C041,VISTA HERMOSA,55,78,-23,0.32433865422117386,0.2826721257643878,-0.041666528456786034,false,false
eva_adaptive_open,6,I31,FERNANDEZ ALBANO,80,79,1,0.27793271006427517,0.27793271006427517,0,false,false
eva_adaptive_open,6,C035,PRODIVENCIA,81,80,1,0.27556952254522565,0.27556952254522565,0,false,false
eva_adaptive_open,6,C026,LOS MAITENES,102,81,21,0.24476449972018605,0.2734936774860785,0.028729177765892455,false,false
eva_adaptive_open,6,C052,BAQUEDANO - POSTALES ORIENTE,82,82,0,0.2725119994529144,0.2725119994529144,0,false,false
eva_adaptive_open,6,C089,J J PEREZ,84,83,1,0.26495488367176884,0.26495488367176884,0,false,false
eva_adaptive_open,6,C047,VIOLETA PARRA,86,84,2,0.2648001936107111,0.2648001936107111,0,false,false
eva_adaptive_open,6,C079,LAS AMERICAS,87,85,2,0.26410913255677176,0.2644298389232769,0.0003207063665051635,false,false
eva_adaptive_open,6,C021,LAUTARO,117,86,31,0.20904169103894277,0.26431781044192787,0.0552761194029851,false,false
eva_adaptive_open,6,C078,WALDO TAFF,51,87,-36,0.33255806783730496,0.2640982140605202,-0.06845985377678476,false,false
eva_adaptive_open,6,C012,GABRIELA ORIENTE,109,88,21,0.23493763531224565,0.2629227099391113,0.02798507462686567,false,false
eva_adaptive_open,6,C40,VICUÑA MACKENNA - SAN MARTIN,88,89,-1,0.2599804114545511,0.2599804114545511,0,false,false
eva_adaptive_open,6,C011,EYZAGUIRRE,89,90,-1,0.2597262361382782,0.2597262361382782,0,false,false
eva_adaptive_open,6,C069,LOS OLMOS,90,91,-1,0.2594151168255869,0.2594151168255869,0,false,false
eva_adaptive_open,6,C009,EL ROSAL - SANTA ELENA,92,92,0,0.258292338870139,0.258292338870139,0,false,false
eva_adaptive_open,6,C002,CAPITAN IGNACIO CARRERA PINTO,94,93,1,0.2546555618818747,0.2546555618818747,0,false,false
eva_adaptive_open,6,C056,TEMUCO - TORO MAZOTTE,100,94,6,0.2468166288620158,0.25241364378738895,0.0055970149253731505,false,false
eva_adaptive_open,6,C048,GENERAL ARRIAGADA,95,95,0,0.2517348978903142,0.2517348978903142,0,false,false
eva_adaptive_open,6,C033,OBSERVATORIO,96,96,0,0.25172362934577086,0.25172362934577086,0,false,false
eva_adaptive_open,6,C062,CORONA SUECA,83,97,-14,0.27233361403980005,0.2513511863347979,-0.020982427705002138,false,false
eva_adaptive_open,6,I03,CARRASCAL,97,98,-1,0.24854515940907576,0.24854515940907576,0,false,false
eva_adaptive_open,6,C054,VICTORIA,98,99,-1,0.24818166256108362,0.24818166256108362,0,false,false
eva_adaptive_open,6,C017,LA PARINACOTA,99,100,-1,0.24787162646529243,0.24787162646529243,0,false,false
eva_adaptive_open,6,C076,ISLA DECEPCION,93,101,-8,0.25765035826791644,0.24485989841133612,-0.01279045985658031,false,false
eva_adaptive_open,6,C071,BARROS ARANA,104,102,2,0.2432718387690382,0.2432718387690382,0,false,false
eva_adaptive_open,6,C082,CAUPOLICAN,105,103,2,0.24201028797730914,0.24201028797730914,0,false,false
eva_adaptive_open,6,C080,PARAGUAY,106,104,2,0.2404621201898296,0.2404621201898296,0,false,false
eva_adaptive_open,6,C010,ESQ BLANCA - ALBERTO LLONA,115,105,10,0.219488334536514,0.238468098274494,0.018979763737979993,false,false
eva_adaptive_open,6,C087,SALVADOR GUTIERREZ,68,106,-38,0.2988400180747415,0.23167583897026392,-0.06716417910447756,false,false
eva_adaptive_open,6,C019,LAS HIJUELAS SUR - LIBERTADOR BERNARDO OHIGGINS,110,107,3,0.23151138733257812,0.23151138733257812,0,false,false
eva_adaptive_open,6,C051,JOSE MIGUEL INFANTE - DOMINGO STA MARIA,111,108,3,0.22770327755636682,0.22770327755636682,0,false,false
eva_adaptive_open,6,C008,EL CERRO,112,109,3,0.22664145134727998,0.22664145134727998,0,false,false
eva_adaptive_open,6,C036,RIO REFUGIO - SALAR SURIRE,107,110,-3,0.23882288406802515,0.22368469062682966,-0.015138193441195491,false,false
eva_adaptive_open,6,C077,RICARDO VIAL,108,111,-3,0.23530100578344948,0.22334495183243977,-0.01195605395100971,false,false
eva_adaptive_open,6,C072,COVADONGA,114,112,2,0.2222660174854263,0.2222660174854263,0,false,false
eva_adaptive_open,6,C045,PORTO ALEGRE,121,113,8,0.1789631843926075,0.20694825901947317,0.02798507462686567,false,false
eva_adaptive_open,6,C055,ARTURO PRAT,118,114,4,0.1970214926913857,0.1970214926913857,0,false,false
eva_adaptive_open,6,C085,LOS LIBERTADORES,119,115,4,0.19011991189992178,0.19011991189992178,0,false,false
eva_adaptive_open,6,C018,LA PRIMAVERA,120,116,4,0.18728903995307272,0.18728903995307272,0,false,false
eva_adaptive_open,6,C016,JUANITA,124,117,7,0.15869954711149178,0.18668462173835745,0.02798507462686567,false,false
eva_adaptive_open,6,C025,LOS DURAZNOS,122,118,4,0.17773769788730326,0.17773769788730326,0,false,false
eva_adaptive_open,6,C073,LOS MORROS,123,119,4,0.16537203853610075,0.16537203853610075,0,false,false
eva_adaptive_open,7,I20,PAC - LO ESPEJO - EL BOSQUE,9,1,8,0.49632538126901565,0.5536853063056181,0.05735992503660242,true,true
eva_adaptive_open,7,I14,LO OVALLE,2,2,0,0.6371787956227899,0.5534212047176278,-0.0837575909051621,false,true
eva_adaptive_open,7,I19,PAC-LO ESPEJO-SN BDO,27,3,24,0.41460848628355157,0.5387182160664462,0.12410972978289464,false,true
eva_adaptive_open,7,C068,SAN CARLOS,12,4,8,0.48156244324655567,0.5342570467163614,0.052694603469805756,false,true
eva_adaptive_open,7,I16,MATTA-VESPUCIO NORTE,8,5,3,0.5227107068074346,0.5227107068074346,0,false,true
eva_adaptive_open,7,I04,DEL FERROCARRIL,32,6,26,0.3940478916997146,0.5066133877736304,0.1125654960739158,false,false
eva_adaptive_open,7,EP-I10,GRAN AVENIDA,19,7,12,0.435180901694348,0.49105847990441054,0.05587757821006256,false,true
eva_adaptive_open,7,I01,BARÓN DE JURAS REALES,11,8,3,0.48687720322810635,0.48731203108087445,0.00043482785276810487,false,true
eva_adaptive_open,7,C006,DOMINGO TOCORNAL,17,9,8,0.44257795158972896,0.48502559385648286,0.042447642266753904,false,true
eva_adaptive_open,7,EP-I34,VICUÑA MACKENNA,13,10,3,0.4789418889773093,0.4789418889773093,0,false,true
eva_adaptive_open,7,I10,GRAN AVENIDA,28,11,17,0.40682183317748805,0.4764397478628878,0.06961791468539974,false,true
eva_adaptive_open,7,I22,PEDRO FONTOVA,14,12,2,0.4728109936708254,0.4733549449885601,0.0005439513177347144,false,true
eva_adaptive_open,7,EP-ALAMEDA-T3,ALAMEDA TRAMO 3,7,13,-6,0.558260973877864,0.47227534642086966,-0.08598562745699434,false,true
eva_adaptive_open,7,I21,PEDRO DE VALDIVIA,20,14,6,0.43141163724900483,0.44812771238917154,0.01671607514016671,false,true
eva_adaptive_open,7,I29,SANTA ROSA,23,15,8,0.42297111297710543,0.44036234221367543,0.017391229236569994,false,true
eva_adaptive_open,7,I05,DIAGONAL JOSE MARIA CARO,18,16,2,0.43893681633352033,0.43399121018374986,-0.004945606149770465,false,true
eva_adaptive_open,7,I09,GENERAL VELASQUEZ,15,17,-2,0.45347011016300426,0.4312541947388523,-0.022215915424151966,false,true
eva_adaptive_open,7,C029,MARIA ELENA,35,18,17,0.3866330072050211,0.42328545966999387,0.036652452464972785,false,false
eva_adaptive_open,7,I07,EL GUANACO,21,19,2,0.42548756362861406,0.42021125506974605,-0.005276308558868015,false,true
eva_adaptive_open,7,I15,MARTINEZ DE ROZAS,10,20,-10,0.49042582216035796,0.4148837713854609,-0.07554205077489706,false,true
eva_adaptive_open,7,I13,LO ESPEJO-RIQUELME,54,21,33,0.32833080195639963,0.40800471618112705,0.07967391422472742,false,false
eva_adaptive_open,7,C003,CONCHA Y TORO,38,22,16,0.3709576416282776,0.4062676624815603,0.03531002085328272,false,false
eva_adaptive_open,7,EP-I33,LA CHIMBA,30,23,7,0.4043195865206677,0.40472276023855985,0.00040317371789216905,false,true
eva_adaptive_open,7,I06,DIAGONAL ORIENTE,31,24,7,0.40267663972498335,0.4027599400799197,0.00008330035493636645,false,false
eva_adaptive_open,7,C053,CONDELL,47,25,22,0.3532028448920026,0.40040463577274116,0.04720179088073856,false,false
eva_adaptive_open,7,C081,SAN GREGORIO - DIEGO MEZA,33,26,7,0.38932341506856066,0.3899248436312015,0.0006014285626408378,false,false
eva_adaptive_open,7,I08,GENERAL OSCAR BONILLA,16,27,-11,0.44379823929485906,0.3898587591182301,-0.05393948017662897,false,true
eva_adaptive_open,7,I27,SANTA CECILIA - NONATO COO,42,28,14,0.36006768212709356,0.3880527567539592,0.02798507462686567,false,false
eva_adaptive_open,7,C061,EL PINAR,36,29,7,0.38117344530336017,0.38177487386600095,0.0006014285626407823,false,false
eva_adaptive_open,7,I25,SAN FRANCISCO,43,30,13,0.3566735624368237,0.3791047112539496,0.022431148817125934,false,false
eva_adaptive_open,7,I24,RADAL,26,31,-5,0.41533970570255174,0.3727401681780697,-0.042599537524482034,false,true
eva_adaptive_open,7,C070,MENDOZA (EX-CORONEL ROBLES),34,32,2,0.387202115587132,0.35955745384614496,-0.027644661740987064,false,false
eva_adaptive_open,7,C057,PADRE VICENTE IRARRAZABAL - MANUEL CHACON,25,33,-8,0.41723732777812184,0.3554802339604163,-0.061757093817705555,false,true
eva_adaptive_open,7,I17,MATUCANA,46,34,12,0.3532790270795219,0.354544050670939,0.0012650235914171137,false,false
eva_adaptive_open,7,I02,CARLOS VALDOVINOS,22,35,-13,0.4243998641097862,0.35451515707262266,-0.06988470703716354,false,true
eva_adaptive_open,7,C086,LA ESTRELLA,40,36,4,0.36814789692769634,0.35439486075698773,-0.01375303617070861,false,false
eva_adaptive_open,7,C058,ANTONIO EBNER-BARROS ARANA,29,37,-8,0.40679457494201116,0.35360119303026577,-0.053193381911745385,false,true
eva_adaptive_open,7,I18,NUEVA IMPERIAL,79,38,41,0.28249960315815087,0.3444411350886714,0.061941531930520544,false,false
eva_adaptive_open,7,C014,JOSE DOMINGO CAÑAS,49,39,10,0.3434151720257287,0.3434151720257287,0,false,false
eva_adaptive_open,7,C083,ORIENTAL-LAS PARCELAS,50,40,10,0.33400841178333013,0.3340917121382666,0.00008330035493647747,false,false
eva_adaptive_open,7,C043,NEPTUNO,45,41,4,0.35474887854437137,0.331278400363114,-0.02347047818125736,false,false
eva_adaptive_open,7,C001,SAN EUGENIO,52,42,10,0.3301050844306759,0.3301050844306759,0,false,false
eva_adaptive_open,7,C044,LOS CERRILLOS,44,43,1,0.355273233150638,0.32572251750233744,-0.029550715648300585,false,false
eva_adaptive_open,7,C007,EDUARDO CASTILLO VELASCO,56,44,12,0.3209682481807713,0.3209682481807713,0,false,false
eva_adaptive_open,7,C024,LOS ARRAYANES - LOS COPIHUES,39,45,-6,0.369297779392275,0.3164169532190636,-0.05288082617321138,false,false
eva_adaptive_open,7,C40,VICUÑA MACKENNA - SAN MARTIN,88,46,42,0.2599804114545511,0.3163360869516046,0.0563556754970535,false,false
eva_adaptive_open,7,C032,OBISPO MANUEL UMAÑA,41,47,-6,0.36167847000046166,0.31525363579807064,-0.04642483420239102,false,false
eva_adaptive_open,7,C074,URETA COX,58,48,10,0.31449957814869145,0.31449957814869145,0,false,false
eva_adaptive_open,7,C090,SANTO DOMINGO,59,49,10,0.3106717940498921,0.31219739335222674,0.001525599302334646,false,false
eva_adaptive_open,7,C005,CORONEL ALEJANDRO SEPULVEDA,60,50,10,0.3106497256836105,0.3106497256836105,0,false,false
eva_adaptive_open,7,C050,MAR DE DRAKE,37,51,-14,0.3754671127887729,0.3080499557179654,-0.06741715707080753,false,false
eva_adaptive_open,7,C088,ÑUBLE,61,52,9,0.30596663776619404,0.30596663776619404,0,false,false
eva_adaptive_open,7,C020,LATINOAMERICA - PINTOR MURILLO - FRANCISCO TOLEDO,62,53,9,0.3053874986899725,0.3053874986899725,0,false,false
eva_adaptive_open,7,C028,MADRID,63,54,9,0.3053850663175511,0.3053850663175511,0,false,false
eva_adaptive_open,7,C034,PEDRO LEON UGALDE,64,55,9,0.30513444215224494,0.30513444215224494,0,false,false
eva_adaptive_open,7,C023,AVENIDA DORSAL,48,56,-8,0.34913804016037303,0.3042844576466126,-0.044853582513760426,false,false
eva_adaptive_open,7,C037,SAN ALFONSO,65,57,8,0.3032697592490899,0.3032697592490899,0,false,false
eva_adaptive_open,7,C030,MAULE,66,58,8,0.30294715823212187,0.30294715823212187,0,false,false
eva_adaptive_open,7,C042,PRINCIPE DE GALES,67,59,8,0.3015275299366899,0.3015275299366899,0,false,false
eva_adaptive_open,7,C039,TUPUNGATO,113,60,53,0.22275270275256875,0.2972177850899593,0.07446508233739052,false,false
eva_adaptive_open,7,C064,SILVA CARVALLO - SANTA ELENA,85,61,24,0.264928178794096,0.29671303455212084,0.03178485575802481,false,false
eva_adaptive_open,7,C049,FEDERICO ERRÁZURIZ (EX SERRANO),53,62,-9,0.32905890532348764,0.296478439247224,-0.03258046607626364,false,false
eva_adaptive_open,7,C031,NECOCHEA,103,63,40,0.24437487011116932,0.2942204983522875,0.049845628241118156,false,false
eva_adaptive_open,7,C065,NUEVA SAN MARTIN,91,64,27,0.2588125082913236,0.29384044783423063,0.03502793954290706,false,false
eva_adaptive_open,7,C038,TALCAHUANO - SANTA INES - LOS EDILES,101,65,36,0.24550764665869662,0.2933432281768104,0.04783558151811379,false,false
eva_adaptive_open,7,C015,JOSE MANUEL GUZMAN,76,66,10,0.2845092001303485,0.2925490854889885,0.008039885358639975,false,false
eva_adaptive_open,7,C013,HEROES DE LA CONCEPCION,70,67,3,0.29161502323158384,0.29161502323158384,0,false,false
eva_adaptive_open,7,C004,CONSISTORIAL,73,68,5,0.28796525159755554,0.29093172378697835,0.0029664721894228085,false,false
eva_adaptive_open,7,C027,LOS PRESIDENTES,71,69,2,0.2903073892430075,0.2903073892430075,0,false,false
eva_adaptive_open,7,C060,ROJAS MAGALLANES,24,70,-46,0.4219139986989199,0.28736167748139896,-0.13455232121752092,false,true
eva_adaptive_open,7,I23,PETERSEN - VICUÑA MACKENNA,74,71,3,0.28720997267232284,0.28720997267232284,0,false,false
eva_adaptive_open,7,C063,LONGITUDINAL,75,72,3,0.28538182252354,0.28538182252354,0,false,false
eva_adaptive_open,7,C084,EL PINO - UNO SUR,116,73,43,0.21625589427110412,0.2841847706338979,0.0679288763627938,false,false
eva_adaptive_open,7,I32,EINSTEIN,72,74,-2,0.2891830343121434,0.2836384986103802,-0.00554453570176322,false,false
eva_adaptive_open,7,C046,EUCALIPTOS,77,75,2,0.2836213631052964,0.2836213631052964,0,false,false
eva_adaptive_open,7,C022,LLANURA  - EL DESIERTO,78,76,2,0.2832694397879176,0.2832694397879176,0,false,false
eva_adaptive_open,7,I31,FERNANDEZ ALBANO,80,77,3,0.27793271006427517,0.27793271006427517,0,false,false
eva_adaptive_open,7,I28,SANTA RAQUEL,69,78,-9,0.2960140924026152,0.2776962274862046,-0.01831786491641063,false,false
eva_adaptive_open,7,C041,VISTA HERMOSA,55,79,-24,0.32433865422117386,0.2770751108390147,-0.04726354338215916,false,false
eva_adaptive_open,7,C035,PRODIVENCIA,81,80,1,0.27556952254522565,0.27556952254522565,0,false,false
eva_adaptive_open,7,C026,LOS MAITENES,102,81,21,0.24476449972018605,0.2734936774860785,0.028729177765892455,false,false
eva_adaptive_open,7,C052,BAQUEDANO - POSTALES ORIENTE,82,82,0,0.2725119994529144,0.2725119994529144,0,false,false
eva_adaptive_open,7,C089,J J PEREZ,84,83,1,0.26495488367176884,0.26495488367176884,0,false,false
eva_adaptive_open,7,C021,LAUTARO,117,84,33,0.20904169103894277,0.26485009970997153,0.055808408671028764,false,false
eva_adaptive_open,7,C047,VIOLETA PARRA,86,85,1,0.2648001936107111,0.2648001936107111,0,false,false
eva_adaptive_open,7,C079,LAS AMERICAS,87,86,1,0.26410913255677176,0.2644298389232769,0.0003207063665051635,false,false
eva_adaptive_open,7,C078,WALDO TAFF,51,87,-36,0.33255806783730496,0.2640982140605202,-0.06845985377678476,false,false
eva_adaptive_open,7,C012,GABRIELA ORIENTE,109,88,21,0.23493763531224565,0.2629227099391113,0.02798507462686567,false,false
eva_adaptive_open,7,C011,EYZAGUIRRE,89,89,0,0.2597262361382782,0.2597262361382782,0,false,false
eva_adaptive_open,7,C069,LOS OLMOS,90,90,0,0.2594151168255869,0.2594151168255869,0,false,false
eva_adaptive_open,7,C009,EL ROSAL - SANTA ELENA,92,91,1,0.258292338870139,0.258292338870139,0,false,false
eva_adaptive_open,7,C002,CAPITAN IGNACIO CARRERA PINTO,94,92,2,0.2546555618818747,0.2546555618818747,0,false,false
eva_adaptive_open,7,C056,TEMUCO - TORO MAZOTTE,100,93,7,0.2468166288620158,0.25241364378738895,0.0055970149253731505,false,false
eva_adaptive_open,7,C048,GENERAL ARRIAGADA,95,94,1,0.2517348978903142,0.2517348978903142,0,false,false
eva_adaptive_open,7,C033,OBSERVATORIO,96,95,1,0.25172362934577086,0.25172362934577086,0,false,false
eva_adaptive_open,7,C062,CORONA SUECA,83,96,-13,0.27233361403980005,0.2513511863347979,-0.020982427705002138,false,false
eva_adaptive_open,7,I03,CARRASCAL,97,97,0,0.24854515940907576,0.24854515940907576,0,false,false
eva_adaptive_open,7,C054,VICTORIA,98,98,0,0.24818166256108362,0.24818166256108362,0,false,false
eva_adaptive_open,7,C017,LA PARINACOTA,99,99,0,0.24787162646529243,0.24787162646529243,0,false,false
eva_adaptive_open,7,C076,ISLA DECEPCION,93,100,-7,0.25765035826791644,0.24485989841133612,-0.01279045985658031,false,false
eva_adaptive_open,7,C071,BARROS ARANA,104,101,3,0.2432718387690382,0.2432718387690382,0,false,false
eva_adaptive_open,7,C082,CAUPOLICAN,105,102,3,0.24201028797730914,0.24201028797730914,0,false,false
eva_adaptive_open,7,C080,PARAGUAY,106,103,3,0.2404621201898296,0.2404621201898296,0,false,false
eva_adaptive_open,7,C010,ESQ BLANCA - ALBERTO LLONA,115,104,11,0.219488334536514,0.238468098274494,0.018979763737979993,false,false
eva_adaptive_open,7,C087,SALVADOR GUTIERREZ,68,105,-37,0.2988400180747415,0.23167583897026392,-0.06716417910447756,false,false
eva_adaptive_open,7,C019,LAS HIJUELAS SUR - LIBERTADOR BERNARDO OHIGGINS,110,106,4,0.23151138733257812,0.23151138733257812,0,false,false
eva_adaptive_open,7,C051,JOSE MIGUEL INFANTE - DOMINGO STA MARIA,111,107,4,0.22770327755636682,0.22770327755636682,0,false,false
eva_adaptive_open,7,C008,EL CERRO,112,108,4,0.22664145134727998,0.22664145134727998,0,false,false
eva_adaptive_open,7,C036,RIO REFUGIO - SALAR SURIRE,107,109,-2,0.23882288406802515,0.22368469062682966,-0.015138193441195491,false,false
eva_adaptive_open,7,C077,RICARDO VIAL,108,110,-2,0.23530100578344948,0.22334495183243977,-0.01195605395100971,false,false
eva_adaptive_open,7,C072,COVADONGA,114,111,3,0.2222660174854263,0.2222660174854263,0,false,false
eva_adaptive_open,7,C045,PORTO ALEGRE,121,112,9,0.1789631843926075,0.20701989732471845,0.028056712932110955,false,false
eva_adaptive_open,7,C055,ARTURO PRAT,118,113,5,0.1970214926913857,0.1970214926913857,0,false,false
eva_adaptive_open,7,C085,LOS LIBERTADORES,119,114,5,0.19011991189992178,0.19011991189992178,0,false,false
eva_adaptive_open,7,C018,LA PRIMAVERA,120,115,5,0.18728903995307272,0.1872923719672702,0.0000033320141974713113,false,false
eva_adaptive_open,7,C016,JUANITA,124,116,8,0.15869954711149178,0.1866879537525549,0.027988406641063113,false,false
eva_adaptive_open,7,C025,LOS DURAZNOS,122,117,5,0.17773769788730326,0.1777801810683208,0.000042483181017544114,false,false
eva_adaptive_open,7,C073,LOS MORROS,123,118,5,0.16537203853610075,0.16537203853610075,0,false,false
eva_adaptive_open,8,C068,SAN CARLOS,12,1,11,0.48156244324655567,0.5391152556715854,0.05755281242502969,true,true
eva_adaptive_open,8,I16,MATTA-VESPUCIO NORTE,8,2,6,0.5227107068074346,0.5227107068074346,0,false,true
eva_adaptive_open,8,I19,PAC-LO ESPEJO-SN BDO,27,3,24,0.41460848628355157,0.5188816673527895,0.10427318106923794,false,true
eva_adaptive_open,8,I04,DEL FERROCARRIL,32,4,28,0.3940478916997146,0.5098314313652615,0.11578353966554694,false,false
eva_adaptive_open,8,EP-I10,GRAN AVENIDA,19,5,14,0.435180901694348,0.49906450061870844,0.06388359892436046,false,true
eva_adaptive_open,8,C006,DOMINGO TOCORNAL,17,6,11,0.44257795158972896,0.48988380281170674,0.04730585122197778,false,true
eva_adaptive_open,8,I01,BARÓN DE JURAS REALES,11,7,4,0.48687720322810635,0.48731203108087445,0.00043482785276810487,false,true
eva_adaptive_open,8,EP-I34,VICUÑA MACKENNA,13,8,5,0.4789418889773093,0.4789418889773093,0,false,true
eva_adaptive_open,8,I22,PEDRO FONTOVA,14,9,5,0.4728109936708254,0.4733549449885601,0.0005439513177347144,false,true
eva_adaptive_open,8,EP-ALAMEDA-T3,ALAMEDA TRAMO 3,7,10,-3,0.558260973877864,0.47227534642086966,-0.08598562745699434,false,true
eva_adaptive_open,8,I14,LO OVALLE,2,11,-9,0.6371787956227899,0.4661006249699735,-0.17107817065281639,false,true
eva_adaptive_open,8,I10,GRAN AVENIDA,28,12,16,0.40682183317748805,0.45148426271820313,0.04466242954071509,false,true
eva_adaptive_open,8,I21,PEDRO DE VALDIVIA,20,13,7,0.43141163724900483,0.44812771238917154,0.01671607514016671,false,true
eva_adaptive_open,8,I29,SANTA ROSA,23,14,9,0.42297111297710543,0.44036234221367543,0.017391229236569994,false,true
eva_adaptive_open,8,I05,DIAGONAL JOSE MARIA CARO,18,15,3,0.43893681633352033,0.439588225109123,0.0006514087756026576,false,true
eva_adaptive_open,8,C029,MARIA ELENA,35,16,19,0.3866330072050211,0.42247948952074016,0.035846482315719075,false,false
eva_adaptive_open,8,I07,EL GUANACO,21,17,4,0.42548756362861406,0.42021125506974605,-0.005276308558868015,false,true
eva_adaptive_open,8,I15,MARTINEZ DE ROZAS,10,18,-8,0.49042582216035796,0.4148837713854609,-0.07554205077489706,false,true
eva_adaptive_open,8,C053,CONDELL,47,19,28,0.3532028448920026,0.41073067387457984,0.057527828982577245,false,false
eva_adaptive_open,8,C003,CONCHA Y TORO,38,20,18,0.3709576416282776,0.4054616923323066,0.03450405070402901,false,false
eva_adaptive_open,8,EP-I33,LA CHIMBA,30,21,9,0.4043195865206677,0.40472276023855985,0.00040317371789216905,false,true
eva_adaptive_open,8,I06,DIAGONAL ORIENTE,31,22,9,0.40267663972498335,0.4027599400799197,0.00008330035493636645,false,false
eva_adaptive_open,8,I09,GENERAL VELASQUEZ,15,23,-8,0.45347011016300426,0.3993165510777786,-0.05415355908522568,false,true
eva_adaptive_open,8,I25,SAN FRANCISCO,43,24,19,0.3566735624368237,0.3960956158804257,0.039422053443602,false,false
eva_adaptive_open,8,C081,SAN GREGORIO - DIEGO MEZA,33,25,8,0.38932341506856066,0.3899248436312015,0.0006014285626408378,false,false
eva_adaptive_open,8,I08,GENERAL OSCAR BONILLA,16,26,-10,0.44379823929485906,0.3898587591182301,-0.05393948017662897,false,true
eva_adaptive_open,8,I27,SANTA CECILIA - NONATO COO,42,27,15,0.36006768212709356,0.3880527567539592,0.02798507462686567,false,false
eva_adaptive_open,8,I13,LO ESPEJO-RIQUELME,54,28,26,0.32833080195639963,0.3822347980328709,0.05390399607647128,false,false
eva_adaptive_open,8,C061,EL PINAR,36,29,7,0.38117344530336017,0.38177487386600095,0.0006014285626407823,false,false
eva_adaptive_open,8,I24,RADAL,26,30,-4,0.41533970570255174,0.3727401681780697,-0.042599537524482034,false,true
eva_adaptive_open,8,C057,PADRE VICENTE IRARRAZABAL - MANUEL CHACON,25,31,-6,0.41723732777812184,0.3610772488857894,-0.05616007889233243,false,true
eva_adaptive_open,8,C070,MENDOZA (EX-CORONEL ROBLES),34,32,2,0.387202115587132,0.35955745384614496,-0.027644661740987064,false,false
eva_adaptive_open,8,I02,CARLOS VALDOVINOS,22,33,-11,0.4243998641097862,0.35528620955926693,-0.06911365455051927,false,true
eva_adaptive_open,8,I17,MATUCANA,46,34,12,0.3532790270795219,0.354544050670939,0.0012650235914171137,false,false
eva_adaptive_open,8,C086,LA ESTRELLA,40,35,5,0.36814789692769634,0.35439486075698773,-0.01375303617070861,false,false
eva_adaptive_open,8,C058,ANTONIO EBNER-BARROS ARANA,29,36,-7,0.40679457494201116,0.35360119303026577,-0.053193381911745385,false,true
eva_adaptive_open,8,I18,NUEVA IMPERIAL,79,37,42,0.28249960315815087,0.3444411350886714,0.061941531930520544,false,false
eva_adaptive_open,8,C014,JOSE DOMINGO CAÑAS,49,38,11,0.3434151720257287,0.3434151720257287,0,false,false
eva_adaptive_open,8,C083,ORIENTAL-LAS PARCELAS,50,39,11,0.33400841178333013,0.3340917121382666,0.00008330035493647747,false,false
eva_adaptive_open,8,C043,NEPTUNO,45,40,5,0.35474887854437137,0.331278400363114,-0.02347047818125736,false,false
eva_adaptive_open,8,C001,SAN EUGENIO,52,41,11,0.3301050844306759,0.3301050844306759,0,false,false
eva_adaptive_open,8,C044,LOS CERRILLOS,44,42,2,0.355273233150638,0.32572251750233744,-0.029550715648300585,false,false
eva_adaptive_open,8,C007,EDUARDO CASTILLO VELASCO,56,43,13,0.3209682481807713,0.3209682481807713,0,false,false
eva_adaptive_open,8,C024,LOS ARRAYANES - LOS COPIHUES,39,44,-5,0.369297779392275,0.3164169532190636,-0.05288082617321138,false,false
eva_adaptive_open,8,C40,VICUÑA MACKENNA - SAN MARTIN,88,45,43,0.2599804114545511,0.3163360869516046,0.0563556754970535,false,false
eva_adaptive_open,8,C032,OBISPO MANUEL UMAÑA,41,46,-5,0.36167847000046166,0.31525363579807064,-0.04642483420239102,false,false
eva_adaptive_open,8,C074,URETA COX,58,47,11,0.31449957814869145,0.31449957814869145,0,false,false
eva_adaptive_open,8,C090,SANTO DOMINGO,59,48,11,0.3106717940498921,0.31219739335222674,0.001525599302334646,false,false
eva_adaptive_open,8,C005,CORONEL ALEJANDRO SEPULVEDA,60,49,11,0.3106497256836105,0.3106497256836105,0,false,false
eva_adaptive_open,8,C050,MAR DE DRAKE,37,50,-13,0.3754671127887729,0.3080499557179654,-0.06741715707080753,false,false
eva_adaptive_open,8,C088,ÑUBLE,61,51,10,0.30596663776619404,0.30596663776619404,0,false,false
eva_adaptive_open,8,C020,LATINOAMERICA - PINTOR MURILLO - FRANCISCO TOLEDO,62,52,10,0.3053874986899725,0.3053874986899725,0,false,false
eva_adaptive_open,8,C028,MADRID,63,53,10,0.3053850663175511,0.3053850663175511,0,false,false
eva_adaptive_open,8,C034,PEDRO LEON UGALDE,64,54,10,0.30513444215224494,0.30513444215224494,0,false,false
eva_adaptive_open,8,C023,AVENIDA DORSAL,48,55,-7,0.34913804016037303,0.3042844576466126,-0.044853582513760426,false,false
eva_adaptive_open,8,C037,SAN ALFONSO,65,56,9,0.3032697592490899,0.3032697592490899,0,false,false
eva_adaptive_open,8,C030,MAULE,66,57,9,0.30294715823212187,0.30294715823212187,0,false,false
eva_adaptive_open,8,C042,PRINCIPE DE GALES,67,58,9,0.3015275299366899,0.3015275299366899,0,false,false
eva_adaptive_open,8,C039,TUPUNGATO,113,59,54,0.22275270275256875,0.2972177850899593,0.07446508233739052,false,false
eva_adaptive_open,8,C064,SILVA CARVALLO - SANTA ELENA,85,60,25,0.264928178794096,0.29671303455212084,0.03178485575802481,false,false
eva_adaptive_open,8,C049,FEDERICO ERRÁZURIZ (EX SERRANO),53,61,-8,0.32905890532348764,0.296478439247224,-0.03258046607626364,false,false
eva_adaptive_open,8,C031,NECOCHEA,103,62,41,0.24437487011116932,0.2942204983522875,0.049845628241118156,false,false
eva_adaptive_open,8,C065,NUEVA SAN MARTIN,91,63,28,0.2588125082913236,0.29384044783423063,0.03502793954290706,false,false
eva_adaptive_open,8,C038,TALCAHUANO - SANTA INES - LOS EDILES,101,64,37,0.24550764665869662,0.2933432281768104,0.04783558151811379,false,false
eva_adaptive_open,8,C015,JOSE MANUEL GUZMAN,76,65,11,0.2845092001303485,0.2925490854889885,0.008039885358639975,false,false
eva_adaptive_open,8,C013,HEROES DE LA CONCEPCION,70,66,4,0.29161502323158384,0.29161502323158384,0,false,false
eva_adaptive_open,8,C004,CONSISTORIAL,73,67,6,0.28796525159755554,0.29093172378697835,0.0029664721894228085,false,false
eva_adaptive_open,8,C027,LOS PRESIDENTES,71,68,3,0.2903073892430075,0.2903073892430075,0,false,false
eva_adaptive_open,8,I32,EINSTEIN,72,69,3,0.2891830343121434,0.2892355135357534,0.00005247922360995805,false,false
eva_adaptive_open,8,C060,ROJAS MAGALLANES,24,70,-46,0.4219139986989199,0.28736167748139896,-0.13455232121752092,false,true
eva_adaptive_open,8,I23,PETERSEN - VICUÑA MACKENNA,74,71,3,0.28720997267232284,0.28720997267232284,0,false,false
eva_adaptive_open,8,C063,LONGITUDINAL,75,72,3,0.28538182252354,0.28538182252354,0,false,false
eva_adaptive_open,8,C046,EUCALIPTOS,77,73,4,0.2836213631052964,0.2836213631052964,0,false,false
eva_adaptive_open,8,C022,LLANURA  - EL DESIERTO,78,74,4,0.2832694397879176,0.2832694397879176,0,false,false
eva_adaptive_open,8,I31,FERNANDEZ ALBANO,80,75,5,0.27793271006427517,0.27793271006427517,0,false,false
eva_adaptive_open,8,I28,SANTA RAQUEL,69,76,-7,0.2960140924026152,0.2776962274862046,-0.01831786491641063,false,false
eva_adaptive_open,8,C041,VISTA HERMOSA,55,77,-22,0.32433865422117386,0.2770751108390147,-0.04726354338215916,false,false
eva_adaptive_open,8,C035,PRODIVENCIA,81,78,3,0.27556952254522565,0.27556952254522565,0,false,false
eva_adaptive_open,8,C026,LOS MAITENES,102,79,23,0.24476449972018605,0.2734936774860785,0.028729177765892455,false,false
eva_adaptive_open,8,C052,BAQUEDANO - POSTALES ORIENTE,82,80,2,0.2725119994529144,0.2725119994529144,0,false,false
eva_adaptive_open,8,C089,J J PEREZ,84,81,3,0.26495488367176884,0.26495488367176884,0,false,false
eva_adaptive_open,8,C021,LAUTARO,117,82,35,0.20904169103894277,0.26491757299747,0.05587588195852722,false,false
eva_adaptive_open,8,C047,VIOLETA PARRA,86,83,3,0.2648001936107111,0.2648001936107111,0,false,false
eva_adaptive_open,8,C079,LAS AMERICAS,87,84,3,0.26410913255677176,0.2644298389232769,0.0003207063665051635,false,false
eva_adaptive_open,8,C078,WALDO TAFF,51,85,-34,0.33255806783730496,0.2640982140605202,-0.06845985377678476,false,false
eva_adaptive_open,8,C012,GABRIELA ORIENTE,109,86,23,0.23493763531224565,0.2629227099391113,0.02798507462686567,false,false
eva_adaptive_open,8,C011,EYZAGUIRRE,89,87,2,0.2597262361382782,0.2597262361382782,0,false,false
eva_adaptive_open,8,C069,LOS OLMOS,90,88,2,0.2594151168255869,0.2594151168255869,0,false,false
eva_adaptive_open,8,C009,EL ROSAL - SANTA ELENA,92,89,3,0.258292338870139,0.258292338870139,0,false,false
eva_adaptive_open,8,C002,CAPITAN IGNACIO CARRERA PINTO,94,90,4,0.2546555618818747,0.2546555618818747,0,false,false
eva_adaptive_open,8,C056,TEMUCO - TORO MAZOTTE,100,91,9,0.2468166288620158,0.25241364378738895,0.0055970149253731505,false,false
eva_adaptive_open,8,C048,GENERAL ARRIAGADA,95,92,3,0.2517348978903142,0.2517348978903142,0,false,false
eva_adaptive_open,8,C033,OBSERVATORIO,96,93,3,0.25172362934577086,0.25172362934577086,0,false,false
eva_adaptive_open,8,C062,CORONA SUECA,83,94,-11,0.27233361403980005,0.2513511863347979,-0.020982427705002138,false,false
eva_adaptive_open,8,I03,CARRASCAL,97,95,2,0.24854515940907576,0.24854515940907576,0,false,false
eva_adaptive_open,8,C054,VICTORIA,98,96,2,0.24818166256108362,0.24818166256108362,0,false,false
eva_adaptive_open,8,C017,LA PARINACOTA,99,97,2,0.24787162646529243,0.24787162646529243,0,false,false
eva_adaptive_open,8,C076,ISLA DECEPCION,93,98,-5,0.25765035826791644,0.24485989841133612,-0.01279045985658031,false,false
eva_adaptive_open,8,C071,BARROS ARANA,104,99,5,0.2432718387690382,0.2432718387690382,0,false,false
eva_adaptive_open,8,C082,CAUPOLICAN,105,100,5,0.24201028797730914,0.24201028797730914,0,false,false
eva_adaptive_open,8,C080,PARAGUAY,106,101,5,0.2404621201898296,0.2404621201898296,0,false,false
eva_adaptive_open,8,C010,ESQ BLANCA - ALBERTO LLONA,115,102,13,0.219488334536514,0.238468098274494,0.018979763737979993,false,false
eva_adaptive_open,8,C087,SALVADOR GUTIERREZ,68,103,-35,0.2988400180747415,0.23167583897026392,-0.06716417910447756,false,false
eva_adaptive_open,8,C019,LAS HIJUELAS SUR - LIBERTADOR BERNARDO OHIGGINS,110,104,6,0.23151138733257812,0.23151138733257812,0,false,false
eva_adaptive_open,8,C051,JOSE MIGUEL INFANTE - DOMINGO STA MARIA,111,105,6,0.22770327755636682,0.22770327755636682,0,false,false
eva_adaptive_open,8,C008,EL CERRO,112,106,6,0.22664145134727998,0.22664145134727998,0,false,false
eva_adaptive_open,8,C036,RIO REFUGIO - SALAR SURIRE,107,107,0,0.23882288406802515,0.22368469062682966,-0.015138193441195491,false,false
eva_adaptive_open,8,C077,RICARDO VIAL,108,108,0,0.23530100578344948,0.22334495183243977,-0.01195605395100971,false,false
eva_adaptive_open,8,C072,COVADONGA,114,109,5,0.2222660174854263,0.2222660174854263,0,false,false
eva_adaptive_open,8,C084,EL PINO - UNO SUR,116,110,6,0.21625589427110412,0.2172071843244779,0.0009512900533737711,false,false
eva_adaptive_open,8,C045,PORTO ALEGRE,121,111,10,0.1789631843926075,0.20701989732471845,0.028056712932110955,false,false
eva_adaptive_open,8,C055,ARTURO PRAT,118,112,6,0.1970214926913857,0.1970214926913857,0,false,false
eva_adaptive_open,8,C085,LOS LIBERTADORES,119,113,6,0.19011991189992178,0.19011991189992178,0,false,false
eva_adaptive_open,8,C018,LA PRIMAVERA,120,114,6,0.18728903995307272,0.1872923719672702,0.0000033320141974713113,false,false
eva_adaptive_open,8,C016,JUANITA,124,115,9,0.15869954711149178,0.1866879537525549,0.027988406641063113,false,false
eva_adaptive_open,8,C025,LOS DURAZNOS,122,116,6,0.17773769788730326,0.1777801810683208,0.000042483181017544114,false,false
eva_adaptive_open,8,C073,LOS MORROS,123,117,6,0.16537203853610075,0.16537203853610075,0,false,false
eva_adaptive_open,9,I16,MATTA-VESPUCIO NORTE,8,1,7,0.5227107068074346,0.5227107068074346,0,true,true
eva_adaptive_open,9,I04,DEL FERROCARRIL,32,2,30,0.3940478916997146,0.5210254612160078,0.1269775695162932,false,false
eva_adaptive_open,9,I19,PAC-LO ESPEJO-SN BDO,27,3,24,0.41460848628355157,0.5178169182859244,0.10320843200237279,false,true
eva_adaptive_open,9,EP-I10,GRAN AVENIDA,19,4,15,0.435180901694348,0.4981125248539002,0.0629316231595522,false,true
eva_adaptive_open,9,I01,BARÓN DE JURAS REALES,11,5,6,0.48687720322810635,0.4929090460062476,0.006031842778141228,false,true
eva_adaptive_open,9,EP-I34,VICUÑA MACKENNA,13,6,7,0.4789418889773093,0.4789418889773093,0,false,true
eva_adaptive_open,9,EP-ALAMEDA-T3,ALAMEDA TRAMO 3,7,7,0,0.558260973877864,0.4778723613462428,-0.08038861253162122,false,true
eva_adaptive_open,9,I22,PEDRO FONTOVA,14,8,6,0.4728109936708254,0.4733549449885601,0.0005439513177347144,false,true
eva_adaptive_open,9,I14,LO OVALLE,2,9,-7,0.6371787956227899,0.47169763989534663,-0.16548115572744326,false,true
eva_adaptive_open,9,I21,PEDRO DE VALDIVIA,20,10,10,0.43141163724900483,0.4715844753185828,0.04017283806957794,false,true
eva_adaptive_open,9,I10,GRAN AVENIDA,28,11,17,0.40682183317748805,0.45708127764357626,0.05025944446608821,false,true
eva_adaptive_open,9,I29,SANTA ROSA,23,12,11,0.42297111297710543,0.44036234221367543,0.017391229236569994,false,true
eva_adaptive_open,9,I05,DIAGONAL JOSE MARIA CARO,18,13,5,0.43893681633352033,0.439588225109123,0.0006514087756026576,false,true
eva_adaptive_open,9,I07,EL GUANACO,21,14,7,0.42548756362861406,0.42580826999511917,0.000320706366505108,false,true
eva_adaptive_open,9,I15,MARTINEZ DE ROZAS,10,15,-5,0.49042582216035796,0.4148837713854609,-0.07554205077489706,false,true
eva_adaptive_open,9,C053,CONDELL,47,16,31,0.3532028448920026,0.4090390591360729,0.055836214244070315,false,false
eva_adaptive_open,9,EP-I33,LA CHIMBA,30,17,13,0.4043195865206677,0.40472276023855985,0.00040317371789216905,false,true
eva_adaptive_open,9,I06,DIAGONAL ORIENTE,31,18,13,0.40267663972498335,0.4027599400799197,0.00008330035493636645,false,false
eva_adaptive_open,9,I09,GENERAL VELASQUEZ,15,19,-4,0.45347011016300426,0.3993165510777786,-0.05415355908522568,false,true
eva_adaptive_open,9,I25,SAN FRANCISCO,43,20,23,0.3566735624368237,0.39624472351576184,0.039571161078938155,false,false
eva_adaptive_open,9,I08,GENERAL OSCAR BONILLA,16,21,-5,0.44379823929485906,0.3954557740436032,-0.04834246525125585,false,true
eva_adaptive_open,9,I27,SANTA CECILIA - NONATO COO,42,22,20,0.36006768212709356,0.39522263538354363,0.03515495325645007,false,false
eva_adaptive_open,9,C081,SAN GREGORIO - DIEGO MEZA,33,23,10,0.38932341506856066,0.3899248436312015,0.0006014285626408378,false,false
eva_adaptive_open,9,I13,LO ESPEJO-RIQUELME,54,24,30,0.32833080195639963,0.38783181295824404,0.059501011001844406,false,false
eva_adaptive_open,9,C061,EL PINAR,36,25,11,0.38117344530336017,0.38177487386600095,0.0006014285626407823,false,false
eva_adaptive_open,9,I24,RADAL,26,26,0,0.41533970570255174,0.3727401681780697,-0.042599537524482034,false,true
eva_adaptive_open,9,C070,MENDOZA (EX-CORONEL ROBLES),34,27,7,0.387202115587132,0.3651544687715181,-0.02204764681561394,false,false
eva_adaptive_open,9,C057,PADRE VICENTE IRARRAZABAL - MANUEL CHACON,25,28,-3,0.41723732777812184,0.3610772488857894,-0.05616007889233243,false,true
eva_adaptive_open,9,C086,LA ESTRELLA,40,29,11,0.36814789692769634,0.35999187568236085,-0.008156021245335487,false,false
eva_adaptive_open,9,I02,CARLOS VALDOVINOS,22,30,-8,0.4243998641097862,0.35528620955926693,-0.06911365455051927,false,true
eva_adaptive_open,9,C060,ROJAS MAGALLANES,24,31,-7,0.4219139986989199,0.3547107833738353,-0.06720321532508455,false,true
eva_adaptive_open,9,I17,MATUCANA,46,32,14,0.3532790270795219,0.354544050670939,0.0012650235914171137,false,false
eva_adaptive_open,9,C058,ANTONIO EBNER-BARROS ARANA,29,33,-4,0.40679457494201116,0.35360119303026577,-0.053193381911745385,false,true
eva_adaptive_open,9,I18,NUEVA IMPERIAL,79,34,45,0.28249960315815087,0.35003815001404454,0.06753854685589367,false,false
eva_adaptive_open,9,C014,JOSE DOMINGO CAÑAS,49,35,14,0.3434151720257287,0.3434151720257287,0,false,false
eva_adaptive_open,9,C083,ORIENTAL-LAS PARCELAS,50,36,14,0.33400841178333013,0.3340917121382666,0.00008330035493647747,false,false
eva_adaptive_open,9,C044,LOS CERRILLOS,44,37,7,0.355273233150638,0.33131953242771056,-0.023953700722927462,false,false
eva_adaptive_open,9,C043,NEPTUNO,45,38,7,0.35474887854437137,0.331278400363114,-0.02347047818125736,false,false
eva_adaptive_open,9,C001,SAN EUGENIO,52,39,13,0.3301050844306759,0.3301050844306759,0,false,false
eva_adaptive_open,9,C007,EDUARDO CASTILLO VELASCO,56,40,16,0.3209682481807713,0.3209682481807713,0,false,false
eva_adaptive_open,9,C024,LOS ARRAYANES - LOS COPIHUES,39,41,-2,0.369297779392275,0.3164169532190636,-0.05288082617321138,false,false
eva_adaptive_open,9,C40,VICUÑA MACKENNA - SAN MARTIN,88,42,46,0.2599804114545511,0.3163360869516046,0.0563556754970535,false,false
eva_adaptive_open,9,C032,OBISPO MANUEL UMAÑA,41,43,-2,0.36167847000046166,0.31525363579807064,-0.04642483420239102,false,false
eva_adaptive_open,9,C074,URETA COX,58,44,14,0.31449957814869145,0.31449957814869145,0,false,false
eva_adaptive_open,9,C090,SANTO DOMINGO,59,45,14,0.3106717940498921,0.31219739335222674,0.001525599302334646,false,false
eva_adaptive_open,9,C005,CORONEL ALEJANDRO SEPULVEDA,60,46,14,0.3106497256836105,0.3106497256836105,0,false,false
eva_adaptive_open,9,C050,MAR DE DRAKE,37,47,-10,0.3754671127887729,0.3080499557179654,-0.06741715707080753,false,false
eva_adaptive_open,9,C088,ÑUBLE,61,48,13,0.30596663776619404,0.30596663776619404,0,false,false
eva_adaptive_open,9,C029,MARIA ELENA,35,49,-14,0.3866330072050211,0.3055255912691762,-0.08110741593584486,false,false
eva_adaptive_open,9,C020,LATINOAMERICA - PINTOR MURILLO - FRANCISCO TOLEDO,62,50,12,0.3053874986899725,0.3053874986899725,0,false,false
eva_adaptive_open,9,C028,MADRID,63,51,12,0.3053850663175511,0.3053850663175511,0,false,false
eva_adaptive_open,9,C034,PEDRO LEON UGALDE,64,52,12,0.30513444215224494,0.30513444215224494,0,false,false
eva_adaptive_open,9,C023,AVENIDA DORSAL,48,53,-5,0.34913804016037303,0.3042844576466126,-0.044853582513760426,false,false
eva_adaptive_open,9,C037,SAN ALFONSO,65,54,11,0.3032697592490899,0.3032697592490899,0,false,false
eva_adaptive_open,9,C030,MAULE,66,55,11,0.30294715823212187,0.30294715823212187,0,false,false
eva_adaptive_open,9,C049,FEDERICO ERRÁZURIZ (EX SERRANO),53,56,-3,0.32905890532348764,0.3020754541725971,-0.026983451150890514,false,false
eva_adaptive_open,9,C042,PRINCIPE DE GALES,67,57,10,0.3015275299366899,0.3015275299366899,0,false,false
eva_adaptive_open,9,C039,TUPUNGATO,113,58,55,0.22275270275256875,0.2972177850899593,0.07446508233739052,false,false
eva_adaptive_open,9,C064,SILVA CARVALLO - SANTA ELENA,85,59,26,0.264928178794096,0.29671303455212084,0.03178485575802481,false,false
eva_adaptive_open,9,C031,NECOCHEA,103,60,43,0.24437487011116932,0.2942204983522875,0.049845628241118156,false,false
eva_adaptive_open,9,C065,NUEVA SAN MARTIN,91,61,30,0.2588125082913236,0.29384044783423063,0.03502793954290706,false,false
eva_adaptive_open,9,C038,TALCAHUANO - SANTA INES - LOS EDILES,101,62,39,0.24550764665869662,0.2933432281768104,0.04783558151811379,false,false
eva_adaptive_open,9,C015,JOSE MANUEL GUZMAN,76,63,13,0.2845092001303485,0.2925490854889885,0.008039885358639975,false,false
eva_adaptive_open,9,C013,HEROES DE LA CONCEPCION,70,64,6,0.29161502323158384,0.29161502323158384,0,false,false
eva_adaptive_open,9,C004,CONSISTORIAL,73,65,8,0.28796525159755554,0.29093172378697835,0.0029664721894228085,false,false
eva_adaptive_open,9,C027,LOS PRESIDENTES,71,66,5,0.2903073892430075,0.2903073892430075,0,false,false
eva_adaptive_open,9,I32,EINSTEIN,72,67,5,0.2891830343121434,0.2892355135357534,0.00005247922360995805,false,false
eva_adaptive_open,9,I23,PETERSEN - VICUÑA MACKENNA,74,68,6,0.28720997267232284,0.28720997267232284,0,false,false
eva_adaptive_open,9,C063,LONGITUDINAL,75,69,6,0.28538182252354,0.28538182252354,0,false,false
eva_adaptive_open,9,C046,EUCALIPTOS,77,70,7,0.2836213631052964,0.2836213631052964,0,false,false
eva_adaptive_open,9,C022,LLANURA  - EL DESIERTO,78,71,7,0.2832694397879176,0.2832694397879176,0,false,false
eva_adaptive_open,9,C041,VISTA HERMOSA,55,72,-17,0.32433865422117386,0.2826721257643878,-0.041666528456786034,false,false
eva_adaptive_open,9,I31,FERNANDEZ ALBANO,80,73,7,0.27793271006427517,0.27793271006427517,0,false,false
eva_adaptive_open,9,I28,SANTA RAQUEL,69,74,-5,0.2960140924026152,0.2776962274862046,-0.01831786491641063,false,false
eva_adaptive_open,9,C035,PRODIVENCIA,81,75,6,0.27556952254522565,0.27556952254522565,0,false,false
eva_adaptive_open,9,C026,LOS MAITENES,102,76,26,0.24476449972018605,0.2734936774860785,0.028729177765892455,false,false
eva_adaptive_open,9,C052,BAQUEDANO - POSTALES ORIENTE,82,77,5,0.2725119994529144,0.2725119994529144,0,false,false
eva_adaptive_open,9,C021,LAUTARO,117,78,39,0.20904169103894277,0.26497171822817867,0.0559300271892359,false,false
eva_adaptive_open,9,C089,J J PEREZ,84,79,5,0.26495488367176884,0.26495488367176884,0,false,false
eva_adaptive_open,9,C047,VIOLETA PARRA,86,80,6,0.2648001936107111,0.2648001936107111,0,false,false
eva_adaptive_open,9,C079,LAS AMERICAS,87,81,6,0.26410913255677176,0.2644298389232769,0.0003207063665051635,false,false
eva_adaptive_open,9,C078,WALDO TAFF,51,82,-31,0.33255806783730496,0.2640982140605202,-0.06845985377678476,false,false
eva_adaptive_open,9,C011,EYZAGUIRRE,89,83,6,0.2597262361382782,0.2597262361382782,0,false,false
eva_adaptive_open,9,C069,LOS OLMOS,90,84,6,0.2594151168255869,0.2594151168255869,0,false,false
eva_adaptive_open,9,C009,EL ROSAL - SANTA ELENA,92,85,7,0.258292338870139,0.258292338870139,0,false,false
eva_adaptive_open,9,C002,CAPITAN IGNACIO CARRERA PINTO,94,86,8,0.2546555618818747,0.2546555618818747,0,false,false
eva_adaptive_open,9,C056,TEMUCO - TORO MAZOTTE,100,87,13,0.2468166288620158,0.25241364378738895,0.0055970149253731505,false,false
eva_adaptive_open,9,C048,GENERAL ARRIAGADA,95,88,7,0.2517348978903142,0.2517348978903142,0,false,false
eva_adaptive_open,9,C033,OBSERVATORIO,96,89,7,0.25172362934577086,0.25172362934577086,0,false,false
eva_adaptive_open,9,C062,CORONA SUECA,83,90,-7,0.27233361403980005,0.2513511863347979,-0.020982427705002138,false,false
eva_adaptive_open,9,I03,CARRASCAL,97,91,6,0.24854515940907576,0.24854515940907576,0,false,false
eva_adaptive_open,9,C054,VICTORIA,98,92,6,0.24818166256108362,0.24818166256108362,0,false,false
eva_adaptive_open,9,C017,LA PARINACOTA,99,93,6,0.24787162646529243,0.24787162646529243,0,false,false
eva_adaptive_open,9,C076,ISLA DECEPCION,93,94,-1,0.25765035826791644,0.24485989841133612,-0.01279045985658031,false,false
eva_adaptive_open,9,C071,BARROS ARANA,104,95,9,0.2432718387690382,0.2432718387690382,0,false,false
eva_adaptive_open,9,C082,CAUPOLICAN,105,96,9,0.24201028797730914,0.24201028797730914,0,false,false
eva_adaptive_open,9,C080,PARAGUAY,106,97,9,0.2404621201898296,0.2404621201898296,0,false,false
eva_adaptive_open,9,C010,ESQ BLANCA - ALBERTO LLONA,115,98,17,0.219488334536514,0.238468098274494,0.018979763737979993,false,false
eva_adaptive_open,9,C003,CONCHA Y TORO,38,99,-61,0.3709576416282776,0.2369033164688023,-0.1340543251594753,false,false
eva_adaptive_open,9,C087,SALVADOR GUTIERREZ,68,100,-32,0.2988400180747415,0.23167583897026392,-0.06716417910447756,false,false
eva_adaptive_open,9,C019,LAS HIJUELAS SUR - LIBERTADOR BERNARDO OHIGGINS,110,101,9,0.23151138733257812,0.23151138733257812,0,false,false
eva_adaptive_open,9,C051,JOSE MIGUEL INFANTE - DOMINGO STA MARIA,111,102,9,0.22770327755636682,0.22770327755636682,0,false,false
eva_adaptive_open,9,C006,DOMINGO TOCORNAL,17,103,-86,0.44257795158972896,0.22666482265658192,-0.21591312893314704,false,true
eva_adaptive_open,9,C008,EL CERRO,112,104,8,0.22664145134727998,0.22664145134727998,0,false,false
eva_adaptive_open,9,C036,RIO REFUGIO - SALAR SURIRE,107,105,2,0.23882288406802515,0.22368469062682966,-0.015138193441195491,false,false
eva_adaptive_open,9,C077,RICARDO VIAL,108,106,2,0.23530100578344948,0.22334495183243977,-0.01195605395100971,false,false
eva_adaptive_open,9,C084,EL PINO - UNO SUR,116,107,9,0.21625589427110412,0.22280419924985104,0.006548304978746922,false,false
eva_adaptive_open,9,C072,COVADONGA,114,108,6,0.2222660174854263,0.2222660174854263,0,false,false
eva_adaptive_open,9,C012,GABRIELA ORIENTE,109,109,0,0.23493763531224565,0.21531535671348234,-0.01962227859876331,false,false
eva_adaptive_open,9,C045,PORTO ALEGRE,121,110,11,0.1789631843926075,0.20703155937440956,0.028068374981802063,false,false
eva_adaptive_open,9,C055,ARTURO PRAT,118,111,7,0.1970214926913857,0.1970214926913857,0,false,false
eva_adaptive_open,9,C085,LOS LIBERTADORES,119,112,7,0.19011991189992178,0.19011991189992178,0,false,false
eva_adaptive_open,9,C018,LA PRIMAVERA,120,113,7,0.18728903995307272,0.18729320497081958,0.000004165017746859956,false,false
eva_adaptive_open,9,C016,JUANITA,124,114,10,0.15869954711149178,0.18668878675610429,0.0279892396446125,false,false
eva_adaptive_open,9,C025,LOS DURAZNOS,122,115,7,0.17773769788730326,0.1777876781002651,0.000049980212961847625,false,false
eva_adaptive_open,9,C073,LOS MORROS,123,116,7,0.16537203853610075,0.16537203853610075,0,false,false
eva_adaptive_open,10,I22,PEDRO FONTOVA,14,1,13,0.4728109936708254,0.6247029669832711,0.1518919733124457,true,true
eva_adaptive_open,10,I01,BARÓN DE JURAS REALES,11,2,9,0.48687720322810635,0.5585305031119108,0.07165329988380442,false,true
eva_adaptive_open,10,I04,DEL FERROCARRIL,32,3,29,0.3940478916997146,0.5210254612160078,0.1269775695162932,false,false
eva_adaptive_open,10,I19,PAC-LO ESPEJO-SN BDO,27,4,23,0.41460848628355157,0.5178169182859244,0.10320843200237279,false,true
eva_adaptive_open,10,EP-I10,GRAN AVENIDA,19,5,14,0.435180901694348,0.4981125248539002,0.0629316231595522,false,true
eva_adaptive_open,10,I07,EL GUANACO,21,6,15,0.42548756362861406,0.486529969417416,0.061042405788801934,false,true
eva_adaptive_open,10,EP-I34,VICUÑA MACKENNA,13,7,6,0.4789418889773093,0.4789418889773093,0,false,true
eva_adaptive_open,10,EP-ALAMEDA-T3,ALAMEDA TRAMO 3,7,8,-1,0.558260973877864,0.4778723613462428,-0.08038861253162122,false,true
eva_adaptive_open,10,I14,LO OVALLE,2,9,-7,0.6371787956227899,0.47169763989534663,-0.16548115572744326,false,true
eva_adaptive_open,10,I21,PEDRO DE VALDIVIA,20,10,10,0.43141163724900483,0.4715844753185828,0.04017283806957794,false,true
eva_adaptive_open,10,I10,GRAN AVENIDA,28,11,17,0.40682183317748805,0.45708127764357626,0.05025944446608821,false,true
eva_adaptive_open,10,I29,SANTA ROSA,23,12,11,0.42297111297710543,0.44036234221367543,0.017391229236569994,false,true
eva_adaptive_open,10,I05,DIAGONAL JOSE MARIA CARO,18,13,5,0.43893681633352033,0.4252898724353918,-0.013646943898128538,false,true
eva_adaptive_open,10,I15,MARTINEZ DE ROZAS,10,14,-4,0.49042582216035796,0.4148837713854609,-0.07554205077489706,false,true
eva_adaptive_open,10,C053,CONDELL,47,15,32,0.3532028448920026,0.4090390591360729,0.055836214244070315,false,false
eva_adaptive_open,10,EP-I33,LA CHIMBA,30,16,14,0.4043195865206677,0.40472276023855985,0.00040317371789216905,false,true
eva_adaptive_open,10,I06,DIAGONAL ORIENTE,31,17,14,0.40267663972498335,0.4027599400799197,0.00008330035493636645,false,false
eva_adaptive_open,10,I09,GENERAL VELASQUEZ,15,18,-3,0.45347011016300426,0.3993165510777786,-0.05415355908522568,false,true
eva_adaptive_open,10,I25,SAN FRANCISCO,43,19,24,0.3566735624368237,0.39624472351576184,0.039571161078938155,false,false
eva_adaptive_open,10,I08,GENERAL OSCAR BONILLA,16,20,-4,0.44379823929485906,0.3954557740436032,-0.04834246525125585,false,true
eva_adaptive_open,10,I27,SANTA CECILIA - NONATO COO,42,21,21,0.36006768212709356,0.39522263538354363,0.03515495325645007,false,false
eva_adaptive_open,10,C081,SAN GREGORIO - DIEGO MEZA,33,22,11,0.38932341506856066,0.3899248436312015,0.0006014285626408378,false,false
eva_adaptive_open,10,I13,LO ESPEJO-RIQUELME,54,23,31,0.32833080195639963,0.38783181295824404,0.059501011001844406,false,false
eva_adaptive_open,10,C061,EL PINAR,36,24,12,0.38117344530336017,0.38177487386600095,0.0006014285626407823,false,false
eva_adaptive_open,10,I24,RADAL,26,25,1,0.41533970570255174,0.3727401681780697,-0.042599537524482034,false,true
eva_adaptive_open,10,C070,MENDOZA (EX-CORONEL ROBLES),34,26,8,0.387202115587132,0.3651544687715181,-0.02204764681561394,false,false
eva_adaptive_open,10,C057,PADRE VICENTE IRARRAZABAL - MANUEL CHACON,25,27,-2,0.41723732777812184,0.3610772488857894,-0.05616007889233243,false,true
eva_adaptive_open,10,C086,LA ESTRELLA,40,28,12,0.36814789692769634,0.35999187568236085,-0.008156021245335487,false,false
eva_adaptive_open,10,I02,CARLOS VALDOVINOS,22,29,-7,0.4243998641097862,0.35528620955926693,-0.06911365455051927,false,true
eva_adaptive_open,10,C060,ROJAS MAGALLANES,24,30,-6,0.4219139986989199,0.3547107833738353,-0.06720321532508455,false,true
eva_adaptive_open,10,I17,MATUCANA,46,31,15,0.3532790270795219,0.354544050670939,0.0012650235914171137,false,false
eva_adaptive_open,10,C058,ANTONIO EBNER-BARROS ARANA,29,32,-3,0.40679457494201116,0.35360119303026577,-0.053193381911745385,false,true
eva_adaptive_open,10,I18,NUEVA IMPERIAL,79,33,46,0.28249960315815087,0.35003815001404454,0.06753854685589367,false,false
eva_adaptive_open,10,C014,JOSE DOMINGO CAÑAS,49,34,15,0.3434151720257287,0.3434151720257287,0,false,false
eva_adaptive_open,10,C083,ORIENTAL-LAS PARCELAS,50,35,15,0.33400841178333013,0.3340917121382666,0.00008330035493647747,false,false
eva_adaptive_open,10,C044,LOS CERRILLOS,44,36,8,0.355273233150638,0.33131953242771056,-0.023953700722927462,false,false
eva_adaptive_open,10,C043,NEPTUNO,45,37,8,0.35474887854437137,0.331278400363114,-0.02347047818125736,false,false
eva_adaptive_open,10,C001,SAN EUGENIO,52,38,14,0.3301050844306759,0.3301050844306759,0,false,false
eva_adaptive_open,10,C007,EDUARDO CASTILLO VELASCO,56,39,17,0.3209682481807713,0.3209682481807713,0,false,false
eva_adaptive_open,10,C024,LOS ARRAYANES - LOS COPIHUES,39,40,-1,0.369297779392275,0.3164169532190636,-0.05288082617321138,false,false
eva_adaptive_open,10,C40,VICUÑA MACKENNA - SAN MARTIN,88,41,47,0.2599804114545511,0.3163360869516046,0.0563556754970535,false,false
eva_adaptive_open,10,C032,OBISPO MANUEL UMAÑA,41,42,-1,0.36167847000046166,0.31525363579807064,-0.04642483420239102,false,false
eva_adaptive_open,10,C074,URETA COX,58,43,15,0.31449957814869145,0.31449957814869145,0,false,false
eva_adaptive_open,10,C090,SANTO DOMINGO,59,44,15,0.3106717940498921,0.31219739335222674,0.001525599302334646,false,false
eva_adaptive_open,10,C005,CORONEL ALEJANDRO SEPULVEDA,60,45,15,0.3106497256836105,0.3106497256836105,0,false,false
eva_adaptive_open,10,C050,MAR DE DRAKE,37,46,-9,0.3754671127887729,0.3080499557179654,-0.06741715707080753,false,false
eva_adaptive_open,10,C088,ÑUBLE,61,47,14,0.30596663776619404,0.30596663776619404,0,false,false
eva_adaptive_open,10,C029,MARIA ELENA,35,48,-13,0.3866330072050211,0.3055255912691762,-0.08110741593584486,false,false
eva_adaptive_open,10,C020,LATINOAMERICA - PINTOR MURILLO - FRANCISCO TOLEDO,62,49,13,0.3053874986899725,0.3053874986899725,0,false,false
eva_adaptive_open,10,C028,MADRID,63,50,13,0.3053850663175511,0.3053850663175511,0,false,false
eva_adaptive_open,10,C034,PEDRO LEON UGALDE,64,51,13,0.30513444215224494,0.30513444215224494,0,false,false
eva_adaptive_open,10,C023,AVENIDA DORSAL,48,52,-4,0.34913804016037303,0.3042844576466126,-0.044853582513760426,false,false
eva_adaptive_open,10,C037,SAN ALFONSO,65,53,12,0.3032697592490899,0.3032697592490899,0,false,false
eva_adaptive_open,10,C030,MAULE,66,54,12,0.30294715823212187,0.30294715823212187,0,false,false
eva_adaptive_open,10,C049,FEDERICO ERRÁZURIZ (EX SERRANO),53,55,-2,0.32905890532348764,0.3020754541725971,-0.026983451150890514,false,false
eva_adaptive_open,10,C042,PRINCIPE DE GALES,67,56,11,0.3015275299366899,0.3015275299366899,0,false,false
eva_adaptive_open,10,C039,TUPUNGATO,113,57,56,0.22275270275256875,0.2972177850899593,0.07446508233739052,false,false
eva_adaptive_open,10,C064,SILVA CARVALLO - SANTA ELENA,85,58,27,0.264928178794096,0.29671303455212084,0.03178485575802481,false,false
eva_adaptive_open,10,C031,NECOCHEA,103,59,44,0.24437487011116932,0.2942204983522875,0.049845628241118156,false,false
eva_adaptive_open,10,C065,NUEVA SAN MARTIN,91,60,31,0.2588125082913236,0.29384044783423063,0.03502793954290706,false,false
eva_adaptive_open,10,C038,TALCAHUANO - SANTA INES - LOS EDILES,101,61,40,0.24550764665869662,0.2933432281768104,0.04783558151811379,false,false
eva_adaptive_open,10,C015,JOSE MANUEL GUZMAN,76,62,14,0.2845092001303485,0.2925490854889885,0.008039885358639975,false,false
eva_adaptive_open,10,C013,HEROES DE LA CONCEPCION,70,63,7,0.29161502323158384,0.29161502323158384,0,false,false
eva_adaptive_open,10,C004,CONSISTORIAL,73,64,9,0.28796525159755554,0.29093172378697835,0.0029664721894228085,false,false
eva_adaptive_open,10,C027,LOS PRESIDENTES,71,65,6,0.2903073892430075,0.2903073892430075,0,false,false
eva_adaptive_open,10,I32,EINSTEIN,72,66,6,0.2891830343121434,0.2892355135357534,0.00005247922360995805,false,false
eva_adaptive_open,10,I23,PETERSEN - VICUÑA MACKENNA,74,67,7,0.28720997267232284,0.28720997267232284,0,false,false
eva_adaptive_open,10,C063,LONGITUDINAL,75,68,7,0.28538182252354,0.28538182252354,0,false,false
eva_adaptive_open,10,C046,EUCALIPTOS,77,69,8,0.2836213631052964,0.2836213631052964,0,false,false
eva_adaptive_open,10,C022,LLANURA  - EL DESIERTO,78,70,8,0.2832694397879176,0.2832694397879176,0,false,false
eva_adaptive_open,10,C041,VISTA HERMOSA,55,71,-16,0.32433865422117386,0.2826721257643878,-0.041666528456786034,false,false
eva_adaptive_open,10,I31,FERNANDEZ ALBANO,80,72,8,0.27793271006427517,0.27793271006427517,0,false,false
eva_adaptive_open,10,I28,SANTA RAQUEL,69,73,-4,0.2960140924026152,0.2776962274862046,-0.01831786491641063,false,false
eva_adaptive_open,10,C035,PRODIVENCIA,81,74,7,0.27556952254522565,0.27556952254522565,0,false,false
eva_adaptive_open,10,C026,LOS MAITENES,102,75,27,0.24476449972018605,0.2734936774860785,0.028729177765892455,false,false
eva_adaptive_open,10,C052,BAQUEDANO - POSTALES ORIENTE,82,76,6,0.2725119994529144,0.2725119994529144,0,false,false
eva_adaptive_open,10,C021,LAUTARO,117,77,40,0.20904169103894277,0.26497171822817867,0.0559300271892359,false,false
eva_adaptive_open,10,C089,J J PEREZ,84,78,6,0.26495488367176884,0.26495488367176884,0,false,false
eva_adaptive_open,10,C047,VIOLETA PARRA,86,79,7,0.2648001936107111,0.2648001936107111,0,false,false
eva_adaptive_open,10,C079,LAS AMERICAS,87,80,7,0.26410913255677176,0.2644298389232769,0.0003207063665051635,false,false
eva_adaptive_open,10,C078,WALDO TAFF,51,81,-30,0.33255806783730496,0.2640982140605202,-0.06845985377678476,false,false
eva_adaptive_open,10,C011,EYZAGUIRRE,89,82,7,0.2597262361382782,0.2597262361382782,0,false,false
eva_adaptive_open,10,C069,LOS OLMOS,90,83,7,0.2594151168255869,0.2594151168255869,0,false,false
eva_adaptive_open,10,C009,EL ROSAL - SANTA ELENA,92,84,8,0.258292338870139,0.258292338870139,0,false,false
eva_adaptive_open,10,C002,CAPITAN IGNACIO CARRERA PINTO,94,85,9,0.2546555618818747,0.2546555618818747,0,false,false
eva_adaptive_open,10,C056,TEMUCO - TORO MAZOTTE,100,86,14,0.2468166288620158,0.25241364378738895,0.0055970149253731505,false,false
eva_adaptive_open,10,C048,GENERAL ARRIAGADA,95,87,8,0.2517348978903142,0.2517348978903142,0,false,false
eva_adaptive_open,10,C033,OBSERVATORIO,96,88,8,0.25172362934577086,0.25172362934577086,0,false,false
eva_adaptive_open,10,C062,CORONA SUECA,83,89,-6,0.27233361403980005,0.2513511863347979,-0.020982427705002138,false,false
eva_adaptive_open,10,I03,CARRASCAL,97,90,7,0.24854515940907576,0.24854515940907576,0,false,false
eva_adaptive_open,10,C054,VICTORIA,98,91,7,0.24818166256108362,0.24818166256108362,0,false,false
eva_adaptive_open,10,C076,ISLA DECEPCION,93,92,1,0.25765035826791644,0.24485989841133612,-0.01279045985658031,false,false
eva_adaptive_open,10,C071,BARROS ARANA,104,93,11,0.2432718387690382,0.2432718387690382,0,false,false
eva_adaptive_open,10,C082,CAUPOLICAN,105,94,11,0.24201028797730914,0.24201028797730914,0,false,false
eva_adaptive_open,10,C080,PARAGUAY,106,95,11,0.2404621201898296,0.2404621201898296,0,false,false
eva_adaptive_open,10,C010,ESQ BLANCA - ALBERTO LLONA,115,96,19,0.219488334536514,0.238468098274494,0.018979763737979993,false,false
eva_adaptive_open,10,C003,CONCHA Y TORO,38,97,-59,0.3709576416282776,0.2369033164688023,-0.1340543251594753,false,false
eva_adaptive_open,10,C087,SALVADOR GUTIERREZ,68,98,-30,0.2988400180747415,0.23167583897026392,-0.06716417910447756,false,false
eva_adaptive_open,10,C019,LAS HIJUELAS SUR - LIBERTADOR BERNARDO OHIGGINS,110,99,11,0.23151138733257812,0.23151138733257812,0,false,false
eva_adaptive_open,10,C017,LA PARINACOTA,99,100,-1,0.24787162646529243,0.2279533954363316,-0.019918231028960814,false,false
eva_adaptive_open,10,C051,JOSE MIGUEL INFANTE - DOMINGO STA MARIA,111,101,10,0.22770327755636682,0.22770327755636682,0,false,false
eva_adaptive_open,10,C085,LOS LIBERTADORES,119,102,17,0.19011991189992178,0.2268347257875762,0.036714813887654435,false,false
eva_adaptive_open,10,C006,DOMINGO TOCORNAL,17,103,-86,0.44257795158972896,0.22666482265658192,-0.21591312893314704,false,true
eva_adaptive_open,10,C008,EL CERRO,112,104,8,0.22664145134727998,0.22664145134727998,0,false,false
eva_adaptive_open,10,C036,RIO REFUGIO - SALAR SURIRE,107,105,2,0.23882288406802515,0.22368469062682966,-0.015138193441195491,false,false
eva_adaptive_open,10,C077,RICARDO VIAL,108,106,2,0.23530100578344948,0.22334495183243977,-0.01195605395100971,false,false
eva_adaptive_open,10,C084,EL PINO - UNO SUR,116,107,9,0.21625589427110412,0.22280419924985104,0.006548304978746922,false,false
eva_adaptive_open,10,C072,COVADONGA,114,108,6,0.2222660174854263,0.2222660174854263,0,false,false
eva_adaptive_open,10,C012,GABRIELA ORIENTE,109,109,0,0.23493763531224565,0.21531535671348234,-0.01962227859876331,false,false
eva_adaptive_open,10,C045,PORTO ALEGRE,121,110,11,0.1789631843926075,0.20703155937440956,0.028068374981802063,false,false
eva_adaptive_open,10,C055,ARTURO PRAT,118,111,7,0.1970214926913857,0.1970214926913857,0,false,false
eva_adaptive_open,10,C018,LA PRIMAVERA,120,112,8,0.18728903995307272,0.18729320497081958,0.000004165017746859956,false,false
eva_adaptive_open,10,C016,JUANITA,124,113,11,0.15869954711149178,0.18668878675610429,0.0279892396446125,false,false
eva_adaptive_open,10,C025,LOS DURAZNOS,122,114,8,0.17773769788730326,0.1777876781002651,0.000049980212961847625,false,false
eva_adaptive_open,10,C073,LOS MORROS,123,115,8,0.16537203853610075,0.16537203853610075,0,false,false
eva_adaptive_open,11,I19,PAC-LO ESPEJO-SN BDO,27,1,26,0.41460848628355157,0.5623691570918944,0.14776067080834282,true,true
eva_adaptive_open,11,EP-I10,GRAN AVENIDA,19,2,17,0.435180901694348,0.5480602860479299,0.11287938435358191,false,true
eva_adaptive_open,11,I04,DEL FERROCARRIL,32,3,29,0.3940478916997146,0.5400931046925391,0.14604521299282452,false,false
eva_adaptive_open,11,I21,PEDRO DE VALDIVIA,20,4,16,0.43141163724900483,0.5029612851149096,0.07154964786590473,false,true
eva_adaptive_open,11,EP-ALAMEDA-T3,ALAMEDA TRAMO 3,7,5,2,0.558260973877864,0.49028174337551134,-0.06797923050235266,false,true
eva_adaptive_open,11,I14,LO OVALLE,2,6,-4,0.6371787956227899,0.48334065865920006,-0.15383813696358983,false,true
eva_adaptive_open,11,EP-I34,VICUÑA MACKENNA,13,7,6,0.4789418889773093,0.4789418889773093,0,false,true
eva_adaptive_open,11,I10,GRAN AVENIDA,28,8,20,0.40682183317748805,0.463027321056133,0.05620548787864493,false,true
eva_adaptive_open,11,I27,SANTA CECILIA - NONATO COO,42,9,33,0.36006768212709356,0.45786442642831976,0.0977967443012262,false,false
eva_adaptive_open,11,C053,CONDELL,47,10,37,0.3532028448920026,0.45412861137487887,0.10092576648287627,false,false
eva_adaptive_open,11,I29,SANTA ROSA,23,11,12,0.42297111297710543,0.44036234221367543,0.017391229236569994,false,true
eva_adaptive_open,11,I01,BARÓN DE JURAS REALES,11,12,-1,0.48687720322810635,0.4162838396375211,-0.07059336359058527,false,true
eva_adaptive_open,11,I15,MARTINEZ DE ROZAS,10,13,-3,0.49042582216035796,0.4148837713854609,-0.07554205077489706,false,true
eva_adaptive_open,11,EP-I33,LA CHIMBA,30,14,16,0.4043195865206677,0.4110111681099052,0.006691581589237494,false,true
eva_adaptive_open,11,I08,GENERAL OSCAR BONILLA,16,15,1,0.44379823929485906,0.4075111295643919,-0.03628710973046717,false,true
eva_adaptive_open,11,I25,SAN FRANCISCO,43,16,27,0.3566735624368237,0.4074387533665081,0.0507651909296844,false,false
eva_adaptive_open,11,I09,GENERAL VELASQUEZ,15,17,-2,0.45347011016300426,0.40491356600315176,-0.0485565441598525,false,true
eva_adaptive_open,11,I06,DIAGONAL ORIENTE,31,18,13,0.40267663972498335,0.4027599400799197,0.00008330035493636645,false,false
eva_adaptive_open,11,C081,SAN GREGORIO - DIEGO MEZA,33,19,14,0.38932341506856066,0.3899248436312015,0.0006014285626408378,false,false
eva_adaptive_open,11,I13,LO ESPEJO-RIQUELME,54,20,34,0.32833080195639963,0.38783181295824404,0.059501011001844406,false,false
eva_adaptive_open,11,I24,RADAL,26,21,5,0.41533970570255174,0.3844814813607481,-0.03085822434180363,false,true
eva_adaptive_open,11,C061,EL PINAR,36,22,14,0.38117344530336017,0.38177487386600095,0.0006014285626407823,false,false
eva_adaptive_open,11,C057,PADRE VICENTE IRARRAZABAL - MANUEL CHACON,25,23,2,0.41723732777812184,0.37306679712617835,-0.044170530651943485,false,true
eva_adaptive_open,11,C070,MENDOZA (EX-CORONEL ROBLES),34,24,10,0.387202115587132,0.3713562442737295,-0.015845871313402538,false,false
eva_adaptive_open,11,C086,LA ESTRELLA,40,25,15,0.36814789692769634,0.3665160235581761,-0.0016318733695202536,false,false
eva_adaptive_open,11,C058,ANTONIO EBNER-BARROS ARANA,29,26,3,0.40679457494201116,0.3654366356140224,-0.04135793932798876,false,true
eva_adaptive_open,11,I17,MATUCANA,46,27,19,0.3532790270795219,0.3601985428412183,0.006919515761696415,false,false
eva_adaptive_open,11,I02,CARLOS VALDOVINOS,22,28,-6,0.4243998641097862,0.35528620955926693,-0.06911365455051927,false,true
eva_adaptive_open,11,C060,ROJAS MAGALLANES,24,29,-5,0.4219139986989199,0.3547107833738353,-0.06720321532508455,false,true
eva_adaptive_open,11,I18,NUEVA IMPERIAL,79,30,49,0.28249960315815087,0.3502780550362614,0.06777845187811055,false,false
eva_adaptive_open,11,C014,JOSE DOMINGO CAÑAS,49,31,18,0.3434151720257287,0.3434151720257287,0,false,false
eva_adaptive_open,11,I05,DIAGONAL JOSE MARIA CARO,18,32,-14,0.43893681633352033,0.34018754163266324,-0.09874927470085709,false,true
eva_adaptive_open,11,C044,LOS CERRILLOS,44,33,11,0.355273233150638,0.33711396919428294,-0.018159263956355087,false,false
eva_adaptive_open,11,C083,ORIENTAL-LAS PARCELAS,50,34,16,0.33400841178333013,0.3340917121382666,0.00008330035493647747,false,false
eva_adaptive_open,11,C043,NEPTUNO,45,35,10,0.35474887854437137,0.3313883568316301,-0.023360521712741278,false,false
eva_adaptive_open,11,C001,SAN EUGENIO,52,36,16,0.3301050844306759,0.3301050844306759,0,false,false
eva_adaptive_open,11,C032,OBISPO MANUEL UMAÑA,41,37,4,0.36167847000046166,0.3270299351298225,-0.03464853487063918,false,false
eva_adaptive_open,11,I07,EL GUANACO,21,38,-17,0.42548756362861406,0.32242652319202425,-0.10306104043658981,false,true
eva_adaptive_open,11,C007,EDUARDO CASTILLO VELASCO,56,39,17,0.3209682481807713,0.3209682481807713,0,false,false
eva_adaptive_open,11,C090,SANTO DOMINGO,59,40,19,0.3106717940498921,0.31797600305136126,0.007304209001469164,false,false
eva_adaptive_open,11,C024,LOS ARRAYANES - LOS COPIHUES,39,41,-2,0.369297779392275,0.3164169532190636,-0.05288082617321138,false,false
eva_adaptive_open,11,C40,VICUÑA MACKENNA - SAN MARTIN,88,42,46,0.2599804114545511,0.3163360869516046,0.0563556754970535,false,false
eva_adaptive_open,11,C074,URETA COX,58,43,15,0.31449957814869145,0.31449957814869145,0,false,false
eva_adaptive_open,11,C029,MARIA ELENA,35,44,-9,0.3866330072050211,0.31112260619454934,-0.07551040101047174,false,false
eva_adaptive_open,11,C005,CORONEL ALEJANDRO SEPULVEDA,60,45,15,0.3106497256836105,0.3106497256836105,0,false,false
eva_adaptive_open,11,C050,MAR DE DRAKE,37,46,-9,0.3754671127887729,0.3080499557179654,-0.06741715707080753,false,false
eva_adaptive_open,11,C049,FEDERICO ERRÁZURIZ (EX SERRANO),53,47,6,0.32905890532348764,0.30793819723021737,-0.02112070809327027,false,false
eva_adaptive_open,11,C088,ÑUBLE,61,48,13,0.30596663776619404,0.30596663776619404,0,false,false
eva_adaptive_open,11,C020,LATINOAMERICA - PINTOR MURILLO - FRANCISCO TOLEDO,62,49,13,0.3053874986899725,0.3053874986899725,0,false,false
eva_adaptive_open,11,C028,MADRID,63,50,13,0.3053850663175511,0.3053850663175511,0,false,false
eva_adaptive_open,11,C034,PEDRO LEON UGALDE,64,51,13,0.30513444215224494,0.30513444215224494,0,false,false
eva_adaptive_open,11,C023,AVENIDA DORSAL,48,52,-4,0.34913804016037303,0.30439441411512863,-0.0447436260452444,false,false
eva_adaptive_open,11,C037,SAN ALFONSO,65,53,12,0.3032697592490899,0.3032697592490899,0,false,false
eva_adaptive_open,11,C030,MAULE,66,54,12,0.30294715823212187,0.30294715823212187,0,false,false
eva_adaptive_open,11,C042,PRINCIPE DE GALES,67,55,12,0.3015275299366899,0.3015275299366899,0,false,false
eva_adaptive_open,11,C015,JOSE MANUEL GUZMAN,76,56,20,0.2845092001303485,0.2982069096734652,0.013697709543116665,false,false
eva_adaptive_open,11,C039,TUPUNGATO,113,57,56,0.22275270275256875,0.2972177850899593,0.07446508233739052,false,false
eva_adaptive_open,11,C064,SILVA CARVALLO - SANTA ELENA,85,58,27,0.264928178794096,0.29671303455212084,0.03178485575802481,false,false
eva_adaptive_open,11,C031,NECOCHEA,103,59,44,0.24437487011116932,0.2942204983522875,0.049845628241118156,false,false
eva_adaptive_open,11,C065,NUEVA SAN MARTIN,91,60,31,0.2588125082913236,0.29384044783423063,0.03502793954290706,false,false
eva_adaptive_open,11,C006,DOMINGO TOCORNAL,17,61,-44,0.44257795158972896,0.2938290017610595,-0.14874894982866943,false,true
eva_adaptive_open,11,C038,TALCAHUANO - SANTA INES - LOS EDILES,101,62,39,0.24550764665869662,0.2934531846453265,0.04794553798662987,false,false
eva_adaptive_open,11,C013,HEROES DE LA CONCEPCION,70,63,7,0.29161502323158384,0.29161502323158384,0,false,false
eva_adaptive_open,11,C004,CONSISTORIAL,73,64,9,0.28796525159755554,0.29093172378697835,0.0029664721894228085,false,false
eva_adaptive_open,11,C027,LOS PRESIDENTES,71,65,6,0.2903073892430075,0.2903073892430075,0,false,false
eva_adaptive_open,11,I32,EINSTEIN,72,66,6,0.2891830343121434,0.28952623177448145,0.0003431974623380185,false,false
eva_adaptive_open,11,C041,VISTA HERMOSA,55,67,-12,0.32433865422117386,0.28884308013527277,-0.035495574085901094,false,false
eva_adaptive_open,11,C003,CONCHA Y TORO,38,68,-30,0.3709576416282776,0.2875451075135784,-0.08341253411469918,false,false
eva_adaptive_open,11,I23,PETERSEN - VICUÑA MACKENNA,74,69,5,0.28720997267232284,0.28720997267232284,0,false,false
eva_adaptive_open,11,C063,LONGITUDINAL,75,70,5,0.28538182252354,0.28538182252354,0,false,false
eva_adaptive_open,11,C046,EUCALIPTOS,77,71,6,0.2836213631052964,0.2836213631052964,0,false,false
eva_adaptive_open,11,C022,LLANURA  - EL DESIERTO,78,72,6,0.2832694397879176,0.2832694397879176,0,false,false
eva_adaptive_open,11,C012,GABRIELA ORIENTE,109,73,36,0.23493763531224565,0.2824795358179599,0.047541900505714274,false,false
eva_adaptive_open,11,I31,FERNANDEZ ALBANO,80,74,6,0.27793271006427517,0.27793271006427517,0,false,false
eva_adaptive_open,11,I28,SANTA RAQUEL,69,75,-6,0.2960140924026152,0.2776962274862046,-0.01831786491641063,false,false
eva_adaptive_open,11,C035,PRODIVENCIA,81,76,5,0.27556952254522565,0.27556952254522565,0,false,false
eva_adaptive_open,11,C026,LOS MAITENES,102,77,25,0.24476449972018605,0.273625292046878,0.028860792326691975,false,false
eva_adaptive_open,11,C052,BAQUEDANO - POSTALES ORIENTE,82,78,4,0.2725119994529144,0.2725119994529144,0,false,false
eva_adaptive_open,11,C021,LAUTARO,117,79,38,0.20904169103894277,0.26497171822817867,0.0559300271892359,false,false
eva_adaptive_open,11,C089,J J PEREZ,84,80,4,0.26495488367176884,0.26495488367176884,0,false,false
eva_adaptive_open,11,C047,VIOLETA PARRA,86,81,5,0.2648001936107111,0.2648001936107111,0,false,false
eva_adaptive_open,11,C079,LAS AMERICAS,87,82,5,0.26410913255677176,0.2644498310084617,0.00034069845168993584,false,false
eva_adaptive_open,11,C078,WALDO TAFF,51,83,-32,0.33255806783730496,0.2640982140605202,-0.06845985377678476,false,false
eva_adaptive_open,11,C011,EYZAGUIRRE,89,84,5,0.2597262361382782,0.2597262361382782,0,false,false
eva_adaptive_open,11,C069,LOS OLMOS,90,85,5,0.2594151168255869,0.2594151168255869,0,false,false
eva_adaptive_open,11,C009,EL ROSAL - SANTA ELENA,92,86,6,0.258292338870139,0.258292338870139,0,false,false
eva_adaptive_open,11,C002,CAPITAN IGNACIO CARRERA PINTO,94,87,7,0.2546555618818747,0.2546555618818747,0,false,false
eva_adaptive_open,11,C056,TEMUCO - TORO MAZOTTE,100,88,12,0.2468166288620158,0.25241364378738895,0.0055970149253731505,false,false
eva_adaptive_open,11,C048,GENERAL ARRIAGADA,95,89,6,0.2517348978903142,0.2517348978903142,0,false,false
eva_adaptive_open,11,C033,OBSERVATORIO,96,90,6,0.25172362934577086,0.25172362934577086,0,false,false
eva_adaptive_open,11,C062,CORONA SUECA,83,91,-8,0.27233361403980005,0.2513511863347979,-0.020982427705002138,false,false
eva_adaptive_open,11,I03,CARRASCAL,97,92,5,0.24854515940907576,0.24854515940907576,0,false,false
eva_adaptive_open,11,C054,VICTORIA,98,93,5,0.24818166256108362,0.24818166256108362,0,false,false
eva_adaptive_open,11,C076,ISLA DECEPCION,93,94,-1,0.25765035826791644,0.24485989841133612,-0.01279045985658031,false,false
eva_adaptive_open,11,C071,BARROS ARANA,104,95,9,0.2432718387690382,0.2432718387690382,0,false,false
eva_adaptive_open,11,C082,CAUPOLICAN,105,96,9,0.24201028797730914,0.24201028797730914,0,false,false
eva_adaptive_open,11,C080,PARAGUAY,106,97,9,0.2404621201898296,0.2404621201898296,0,false,false
eva_adaptive_open,11,C010,ESQ BLANCA - ALBERTO LLONA,115,98,17,0.219488334536514,0.238468098274494,0.018979763737979993,false,false
eva_adaptive_open,11,C085,LOS LIBERTADORES,119,99,20,0.19011991189992178,0.23472333347724983,0.04460342157732805,false,false
eva_adaptive_open,11,C087,SALVADOR GUTIERREZ,68,100,-32,0.2988400180747415,0.23167583897026392,-0.06716417910447756,false,false
eva_adaptive_open,11,C019,LAS HIJUELAS SUR - LIBERTADOR BERNARDO OHIGGINS,110,101,9,0.23151138733257812,0.23151138733257812,0,false,false
eva_adaptive_open,11,C017,LA PARINACOTA,99,102,-3,0.24787162646529243,0.2279533954363316,-0.019918231028960814,false,false
eva_adaptive_open,11,C051,JOSE MIGUEL INFANTE - DOMINGO STA MARIA,111,103,8,0.22770327755636682,0.22770327755636682,0,false,false
eva_adaptive_open,11,C008,EL CERRO,112,104,8,0.22664145134727998,0.22664145134727998,0,false,false
eva_adaptive_open,11,C036,RIO REFUGIO - SALAR SURIRE,107,105,2,0.23882288406802515,0.22368469062682966,-0.015138193441195491,false,false
eva_adaptive_open,11,C077,RICARDO VIAL,108,106,2,0.23530100578344948,0.22334495183243977,-0.01195605395100971,false,false
eva_adaptive_open,11,C084,EL PINO - UNO SUR,116,107,9,0.21625589427110412,0.22280419924985104,0.006548304978746922,false,false
eva_adaptive_open,11,C072,COVADONGA,114,108,6,0.2222660174854263,0.2222660174854263,0,false,false
eva_adaptive_open,11,C045,PORTO ALEGRE,121,109,12,0.1789631843926075,0.20703155937440956,0.028068374981802063,false,false
eva_adaptive_open,11,C055,ARTURO PRAT,118,110,8,0.1970214926913857,0.1970214926913857,0,false,false
eva_adaptive_open,11,C018,LA PRIMAVERA,120,111,9,0.18728903995307272,0.18729320497081958,0.000004165017746859956,false,false
eva_adaptive_open,11,C016,JUANITA,124,112,12,0.15869954711149178,0.18668878675610429,0.0279892396446125,false,false
eva_adaptive_open,11,C025,LOS DURAZNOS,122,113,9,0.17773769788730326,0.1777876781002651,0.000049980212961847625,false,false
eva_adaptive_open,11,C073,LOS MORROS,123,114,9,0.16537203853610075,0.16537203853610075,0,false,false
eva_adaptive_open,12,I04,DEL FERROCARRIL,32,1,31,0.3940478916997146,0.5720647554031296,0.17801686370341502,true,false
eva_adaptive_open,12,I21,PEDRO DE VALDIVIA,20,2,18,0.43141163724900483,0.5365433746671483,0.10513173741814347,false,true
eva_adaptive_open,12,EP-ALAMEDA-T3,ALAMEDA TRAMO 3,7,3,4,0.558260973877864,0.5127930876023098,-0.045467886275554203,false,true
eva_adaptive_open,12,I14,LO OVALLE,2,4,-2,0.6371787956227899,0.5016274690099103,-0.1355513266128796,false,true
eva_adaptive_open,12,I10,GRAN AVENIDA,28,5,23,0.40682183317748805,0.48661907088645656,0.07979723770896852,false,true
eva_adaptive_open,12,EP-I34,VICUÑA MACKENNA,13,6,7,0.4789418889773093,0.4789418889773093,0,false,true
eva_adaptive_open,12,EP-I10,GRAN AVENIDA,19,7,12,0.435180901694348,0.4778935472512123,0.042712645556864326,false,true
eva_adaptive_open,12,I27,SANTA CECILIA - NONATO COO,42,8,34,0.36006768212709356,0.4749695135425494,0.11490183141545585,false,false
eva_adaptive_open,12,I29,SANTA ROSA,23,9,14,0.42297111297710543,0.4460384924762382,0.02306737949913279,false,true
eva_adaptive_open,12,I01,BARÓN DE JURAS REALES,11,10,1,0.48687720322810635,0.4274778694882673,-0.05939933373983902,false,true
eva_adaptive_open,12,I25,SAN FRANCISCO,43,11,32,0.3566735624368237,0.42597160856434774,0.06929804612752405,false,false
eva_adaptive_open,12,I08,GENERAL OSCAR BONILLA,16,12,4,0.44379823929485906,0.4244254588658172,-0.01937278042904189,false,true
eva_adaptive_open,12,EP-I33,LA CHIMBA,30,13,17,0.4043195865206677,0.4166081830352783,0.012288596514610617,false,true
eva_adaptive_open,12,I15,MARTINEZ DE ROZAS,10,14,-4,0.49042582216035796,0.4148837713854609,-0.07554205077489706,false,true
eva_adaptive_open,12,I09,GENERAL VELASQUEZ,15,15,0,0.45347011016300426,0.4113867462624224,-0.04208336390058187,false,true
eva_adaptive_open,12,I06,DIAGONAL ORIENTE,31,16,15,0.40267663972498335,0.40835695500529284,0.005680315280309489,false,false
eva_adaptive_open,12,C011,EYZAGUIRRE,89,17,72,0.2597262361382782,0.39827664504855376,0.13855040891027554,false,false
eva_adaptive_open,12,I13,LO ESPEJO-RIQUELME,54,18,36,0.32833080195639963,0.39591861702557885,0.06758781506917921,false,false
eva_adaptive_open,12,I24,RADAL,26,19,7,0.41533970570255174,0.39567551121149436,-0.019664194491057385,false,true
eva_adaptive_open,12,C081,SAN GREGORIO - DIEGO MEZA,33,20,13,0.38932341506856066,0.39560099389376424,0.006277578825203578,false,false
eva_adaptive_open,12,C057,PADRE VICENTE IRARRAZABAL - MANUEL CHACON,25,21,4,0.41723732777812184,0.3898578419022977,-0.027379485875824117,false,true
eva_adaptive_open,12,C061,EL PINAR,36,22,14,0.38117344530336017,0.38745102412856364,0.006277578825203467,false,false
eva_adaptive_open,12,C086,LA ESTRELLA,40,23,17,0.36814789692769634,0.3833070683342955,0.01515917140659917,false,false
eva_adaptive_open,12,C070,MENDOZA (EX-CORONEL ROBLES),34,24,10,0.387202115587132,0.38255027412447573,-0.004651841462656292,false,false
eva_adaptive_open,12,C058,ANTONIO EBNER-BARROS ARANA,29,25,4,0.40679457494201116,0.3766306654647687,-0.030163909477242457,false,true
eva_adaptive_open,12,I18,NUEVA IMPERIAL,79,26,53,0.28249960315815087,0.3614720848870077,0.07897248172885685,false,false
eva_adaptive_open,12,C060,ROJAS MAGALLANES,24,27,-3,0.4219139986989199,0.3603077982992085,-0.061606200399711375,false,true
eva_adaptive_open,12,I17,MATUCANA,46,28,18,0.3532790270795219,0.3601985428412183,0.006919515761696415,false,false
eva_adaptive_open,12,I02,CARLOS VALDOVINOS,22,29,-7,0.4243998641097862,0.35528620955926693,-0.06911365455051927,false,true
eva_adaptive_open,12,I05,DIAGONAL JOSE MARIA CARO,18,30,-12,0.43893681633352033,0.3457845565580364,-0.09315225977548391,false,true
eva_adaptive_open,12,C053,CONDELL,47,31,16,0.3532028448920026,0.34549899482649016,-0.007703850065512441,false,false
eva_adaptive_open,12,C019,LAS HIJUELAS SUR - LIBERTADOR BERNARDO OHIGGINS,110,32,78,0.23151138733257812,0.3451478982392984,0.1136365109067203,false,false
eva_adaptive_open,12,C072,COVADONGA,114,33,81,0.2222660174854263,0.34353879092517015,0.12127277343974385,false,false
eva_adaptive_open,12,C014,JOSE DOMINGO CAÑAS,49,34,15,0.3434151720257287,0.3434151720257287,0,false,false
eva_adaptive_open,12,C044,LOS CERRILLOS,44,35,9,0.355273233150638,0.34290673995375665,-0.012366493196881378,false,false
eva_adaptive_open,12,C083,ORIENTAL-LAS PARCELAS,50,36,14,0.33400841178333013,0.33968872706363973,0.0056803152803096,false,false
eva_adaptive_open,12,C032,OBISPO MANUEL UMAÑA,41,37,4,0.36167847000046166,0.3382239649805687,-0.023454505019892935,false,false
eva_adaptive_open,12,C043,NEPTUNO,45,38,7,0.35474887854437137,0.3369853717570032,-0.017763506787368155,false,false
eva_adaptive_open,12,C001,SAN EUGENIO,52,39,13,0.3301050844306759,0.3301050844306759,0,false,false
eva_adaptive_open,12,C090,SANTO DOMINGO,59,40,19,0.3106717940498921,0.3235730179767344,0.012901223926842287,false,false
eva_adaptive_open,12,I07,EL GUANACO,21,41,-20,0.42548756362861406,0.32242652319202425,-0.10306104043658981,false,true
eva_adaptive_open,12,C007,EDUARDO CASTILLO VELASCO,56,42,14,0.3209682481807713,0.3209682481807713,0,false,false
eva_adaptive_open,12,C029,MARIA ELENA,35,43,-8,0.3866330072050211,0.31675627327609446,-0.06987673392892663,false,false
eva_adaptive_open,12,C024,LOS ARRAYANES - LOS COPIHUES,39,44,-5,0.369297779392275,0.3164169532190636,-0.05288082617321138,false,false
eva_adaptive_open,12,C40,VICUÑA MACKENNA - SAN MARTIN,88,45,43,0.2599804114545511,0.3163360869516046,0.0563556754970535,false,false
eva_adaptive_open,12,C074,URETA COX,58,46,12,0.31449957814869145,0.31449957814869145,0,false,false
eva_adaptive_open,12,C049,FEDERICO ERRÁZURIZ (EX SERRANO),53,47,6,0.32905890532348764,0.31353521215559055,-0.01552369316789709,false,false
eva_adaptive_open,12,C005,CORONEL ALEJANDRO SEPULVEDA,60,48,12,0.3106497256836105,0.3106497256836105,0,false,false
eva_adaptive_open,12,C023,AVENIDA DORSAL,48,49,-1,0.34913804016037303,0.30999142904050175,-0.03914661111987128,false,false
eva_adaptive_open,12,C050,MAR DE DRAKE,37,50,-13,0.3754671127887729,0.3080499557179654,-0.06741715707080753,false,false
eva_adaptive_open,12,C088,ÑUBLE,61,51,10,0.30596663776619404,0.30596663776619404,0,false,false
eva_adaptive_open,12,C041,VISTA HERMOSA,55,52,3,0.32433865422117386,0.30575740943669805,-0.018581244784475814,false,false
eva_adaptive_open,12,C020,LATINOAMERICA - PINTOR MURILLO - FRANCISCO TOLEDO,62,53,9,0.3053874986899725,0.3053874986899725,0,false,false
eva_adaptive_open,12,C028,MADRID,63,54,9,0.3053850663175511,0.3053850663175511,0,false,false
eva_adaptive_open,12,C034,PEDRO LEON UGALDE,64,55,9,0.30513444215224494,0.30513444215224494,0,false,false
eva_adaptive_open,12,C037,SAN ALFONSO,65,56,9,0.3032697592490899,0.3032697592490899,0,false,false
eva_adaptive_open,12,C030,MAULE,66,57,9,0.30294715823212187,0.30294715823212187,0,false,false
eva_adaptive_open,12,C042,PRINCIPE DE GALES,67,58,9,0.3015275299366899,0.3015275299366899,0,false,false
eva_adaptive_open,12,C006,DOMINGO TOCORNAL,17,59,-42,0.44257795158972896,0.2994993209987767,-0.14307863059095227,false,true
eva_adaptive_open,12,C038,TALCAHUANO - SANTA INES - LOS EDILES,101,60,41,0.24550764665869662,0.2990501995706996,0.053542552912002994,false,false
eva_adaptive_open,12,C015,JOSE MANUEL GUZMAN,76,61,15,0.2845092001303485,0.2982069096734652,0.013697709543116665,false,false
eva_adaptive_open,12,C039,TUPUNGATO,113,62,51,0.22275270275256875,0.2972177850899593,0.07446508233739052,false,false
eva_adaptive_open,12,C064,SILVA CARVALLO - SANTA ELENA,85,63,22,0.264928178794096,0.29671303455212084,0.03178485575802481,false,false
eva_adaptive_open,12,I32,EINSTEIN,72,64,8,0.2891830343121434,0.29512324669985457,0.005940212387711141,false,false
eva_adaptive_open,12,C031,NECOCHEA,103,65,38,0.24437487011116932,0.2942204983522875,0.049845628241118156,false,false
eva_adaptive_open,12,C065,NUEVA SAN MARTIN,91,66,25,0.2588125082913236,0.29384044783423063,0.03502793954290706,false,false
eva_adaptive_open,12,C003,CONCHA Y TORO,38,67,-29,0.3709576416282776,0.2931771085880249,-0.07778053304025268,false,false
eva_adaptive_open,12,C013,HEROES DE LA CONCEPCION,70,68,2,0.29161502323158384,0.29161502323158384,0,false,false
eva_adaptive_open,12,C004,CONSISTORIAL,73,69,4,0.28796525159755554,0.29093172378697835,0.0029664721894228085,false,false
eva_adaptive_open,12,C027,LOS PRESIDENTES,71,70,1,0.2903073892430075,0.2903073892430075,0,false,false
eva_adaptive_open,12,C012,GABRIELA ORIENTE,109,71,38,0.23493763531224565,0.28815985109826947,0.05322221578602382,false,false
eva_adaptive_open,12,I23,PETERSEN - VICUÑA MACKENNA,74,72,2,0.28720997267232284,0.28720997267232284,0,false,false
eva_adaptive_open,12,C063,LONGITUDINAL,75,73,2,0.28538182252354,0.28538182252354,0,false,false
eva_adaptive_open,12,C022,LLANURA  - EL DESIERTO,78,74,4,0.2832694397879176,0.2832694397879176,0,false,false
eva_adaptive_open,12,C046,EUCALIPTOS,77,75,2,0.2836213631052964,0.28018177357498764,-0.003439589530308762,false,false
eva_adaptive_open,12,C026,LOS MAITENES,102,76,26,0.24476449972018605,0.27922230697225114,0.0344578072520651,false,false
eva_adaptive_open,12,I31,FERNANDEZ ALBANO,80,77,3,0.27793271006427517,0.27793271006427517,0,false,false
eva_adaptive_open,12,I28,SANTA RAQUEL,69,78,-9,0.2960140924026152,0.2776962274862046,-0.01831786491641063,false,false
eva_adaptive_open,12,C035,PRODIVENCIA,81,79,2,0.27556952254522565,0.27556952254522565,0,false,false
eva_adaptive_open,12,C052,BAQUEDANO - POSTALES ORIENTE,82,80,2,0.2725119994529144,0.2725119994529144,0,false,false
eva_adaptive_open,12,C021,LAUTARO,117,81,36,0.20904169103894277,0.27142172878810056,0.06238003774915779,false,false
eva_adaptive_open,12,C079,LAS AMERICAS,87,82,5,0.26410913255677176,0.27006850402611826,0.005959371469346497,false,false
eva_adaptive_open,12,C047,VIOLETA PARRA,86,83,3,0.2648001936107111,0.2648001936107111,0,false,false
eva_adaptive_open,12,C078,WALDO TAFF,51,84,-33,0.33255806783730496,0.2640982140605202,-0.06845985377678476,false,false
eva_adaptive_open,12,C089,J J PEREZ,84,85,-1,0.26495488367176884,0.2638601848792436,-0.0010946987925252172,false,false
eva_adaptive_open,12,C069,LOS OLMOS,90,86,4,0.2594151168255869,0.2594151168255869,0,false,false
eva_adaptive_open,12,C009,EL ROSAL - SANTA ELENA,92,87,5,0.258292338870139,0.258292338870139,0,false,false
eva_adaptive_open,12,C084,EL PINO - UNO SUR,116,88,28,0.21625589427110412,0.2566603469698306,0.04040445269872647,false,false
eva_adaptive_open,12,C002,CAPITAN IGNACIO CARRERA PINTO,94,89,5,0.2546555618818747,0.2546555618818747,0,false,false
eva_adaptive_open,12,C056,TEMUCO - TORO MAZOTTE,100,90,10,0.2468166288620158,0.25241364378738895,0.0055970149253731505,false,false
eva_adaptive_open,12,C048,GENERAL ARRIAGADA,95,91,4,0.2517348978903142,0.2517348978903142,0,false,false
eva_adaptive_open,12,C033,OBSERVATORIO,96,92,4,0.25172362934577086,0.25172362934577086,0,false,false
eva_adaptive_open,12,C062,CORONA SUECA,83,93,-10,0.27233361403980005,0.2513511863347979,-0.020982427705002138,false,false
eva_adaptive_open,12,I03,CARRASCAL,97,94,3,0.24854515940907576,0.24854515940907576,0,false,false
eva_adaptive_open,12,C054,VICTORIA,98,95,3,0.24818166256108362,0.24708696376855838,-0.001094698792525245,false,false
eva_adaptive_open,12,C076,ISLA DECEPCION,93,96,-3,0.25765035826791644,0.24485989841133612,-0.01279045985658031,false,false
eva_adaptive_open,12,C071,BARROS ARANA,104,97,7,0.2432718387690382,0.2432718387690382,0,false,false
eva_adaptive_open,12,C082,CAUPOLICAN,105,98,7,0.24201028797730914,0.24201028797730914,0,false,false
eva_adaptive_open,12,C080,PARAGUAY,106,99,7,0.2404621201898296,0.2404621201898296,0,false,false
eva_adaptive_open,12,C085,LOS LIBERTADORES,119,100,19,0.19011991189992178,0.240320348402623,0.05020043650270123,false,false
eva_adaptive_open,12,C010,ESQ BLANCA - ALBERTO LLONA,115,101,14,0.219488334536514,0.238468098274494,0.018979763737979993,false,false
eva_adaptive_open,12,C087,SALVADOR GUTIERREZ,68,102,-34,0.2988400180747415,0.23167583897026392,-0.06716417910447756,false,false
eva_adaptive_open,12,C017,LA PARINACOTA,99,103,-4,0.24787162646529243,0.2279533954363316,-0.019918231028960814,false,false
eva_adaptive_open,12,C051,JOSE MIGUEL INFANTE - DOMINGO STA MARIA,111,104,7,0.22770327755636682,0.22770327755636682,0,false,false
eva_adaptive_open,12,C008,EL CERRO,112,105,7,0.22664145134727998,0.22664145134727998,0,false,false
eva_adaptive_open,12,C055,ARTURO PRAT,118,106,12,0.1970214926913857,0.22432697243027433,0.02730547973888864,false,false
eva_adaptive_open,12,C036,RIO REFUGIO - SALAR SURIRE,107,107,0,0.23882288406802515,0.22368469062682966,-0.015138193441195491,false,false
eva_adaptive_open,12,C077,RICARDO VIAL,108,108,0,0.23530100578344948,0.22334495183243977,-0.01195605395100971,false,false
eva_adaptive_open,12,C045,PORTO ALEGRE,121,109,12,0.1789631843926075,0.2070448874311994,0.028081703038591893,false,false
eva_adaptive_open,12,C018,LA PRIMAVERA,120,110,10,0.18728903995307272,0.18729403797436894,0.000004998021296220845,false,false
eva_adaptive_open,12,C016,JUANITA,124,111,13,0.15869954711149178,0.18668961975965365,0.027990072648161862,false,false
eva_adaptive_open,12,C025,LOS DURAZNOS,122,112,10,0.17773769788730326,0.17779517513220938,0.00005747724490612338,false,false
eva_adaptive_open,12,C073,LOS MORROS,123,113,10,0.16537203853610075,0.16537203853610075,0,false,false
eva_adaptive_open,13,I21,PEDRO DE VALDIVIA,20,1,19,0.43141163724900483,0.5477374045178947,0.11632576726888982,true,true
eva_adaptive_open,13,EP-ALAMEDA-T3,ALAMEDA TRAMO 3,7,2,5,0.558260973877864,0.5337708082175328,-0.024490165660331242,false,true
eva_adaptive_open,13,I10,GRAN AVENIDA,28,3,25,0.40682183317748805,0.4978131007372028,0.09099126755971476,false,true
eva_adaptive_open,13,I14,LO OVALLE,2,4,-2,0.6371787956227899,0.4926631377175281,-0.14451565790526177,false,true
eva_adaptive_open,13,EP-I10,GRAN AVENIDA,19,5,14,0.435180901694348,0.4834905621765854,0.04830966048223745,false,true
eva_adaptive_open,13,I27,SANTA CECILIA - NONATO COO,42,6,36,0.36006768212709356,0.48056652846792247,0.12049884634082891,false,false
eva_adaptive_open,13,EP-I34,VICUÑA MACKENNA,13,7,6,0.4789418889773093,0.4789418889773093,0,false,true
eva_adaptive_open,13,I29,SANTA ROSA,23,8,15,0.42297111297710543,0.4460384924762382,0.02306737949913279,false,true
eva_adaptive_open,13,I08,GENERAL OSCAR BONILLA,16,9,7,0.44379823929485906,0.44498917671700633,0.0011909374221472646,false,true
eva_adaptive_open,13,I01,BARÓN DE JURAS REALES,11,10,1,0.48687720322810635,0.4330748844136405,-0.053802318814465844,false,true
eva_adaptive_open,13,I25,SAN FRANCISCO,43,11,32,0.3566735624368237,0.43156862348972086,0.07489506105289717,false,false
eva_adaptive_open,13,EP-I33,LA CHIMBA,30,12,18,0.4043195865206677,0.4222051979606514,0.01788561143998374,false,true
eva_adaptive_open,13,I09,GENERAL VELASQUEZ,15,13,2,0.45347011016300426,0.4173902669198852,-0.03607984324311908,false,true
eva_adaptive_open,13,I15,MARTINEZ DE ROZAS,10,14,-4,0.49042582216035796,0.4148837713854609,-0.07554205077489706,false,true
eva_adaptive_open,13,I06,DIAGONAL ORIENTE,31,15,16,0.40267663972498335,0.40835695500529284,0.005680315280309489,false,false
eva_adaptive_open,13,C057,PADRE VICENTE IRARRAZABAL - MANUEL CHACON,25,16,9,0.41723732777812184,0.40209729120749593,-0.015140036570625903,false,true
eva_adaptive_open,13,I13,LO ESPEJO-RIQUELME,54,17,37,0.32833080195639963,0.4016472465117516,0.07331644455535197,false,false
eva_adaptive_open,13,I24,RADAL,26,18,8,0.41533970570255174,0.4014374608396416,-0.01390224486291014,false,true
eva_adaptive_open,13,C011,EYZAGUIRRE,89,19,70,0.2597262361382782,0.39827664504855376,0.13855040891027554,false,false
eva_adaptive_open,13,C081,SAN GREGORIO - DIEGO MEZA,33,20,13,0.38932341506856066,0.39560099389376424,0.006277578825203578,false,false
eva_adaptive_open,13,C070,MENDOZA (EX-CORONEL ROBLES),34,21,13,0.387202115587132,0.3939850420009882,0.006782926413856194,false,false
eva_adaptive_open,13,C086,LA ESTRELLA,40,22,18,0.36814789692769634,0.3890306997991721,0.02088280287147576,false,false
eva_adaptive_open,13,C058,ANTONIO EBNER-BARROS ARANA,29,23,6,0.40679457494201116,0.38864853582583603,-0.018146039116175128,false,true
eva_adaptive_open,13,C061,EL PINAR,36,24,12,0.38117344530336017,0.38745102412856364,0.006277578825203467,false,false
eva_adaptive_open,13,I18,NUEVA IMPERIAL,79,25,54,0.28249960315815087,0.367309837838147,0.08481023467999615,false,false
eva_adaptive_open,13,C060,ROJAS MAGALLANES,24,26,-2,0.4219139986989199,0.3659048132245816,-0.05600918547433825,false,true
eva_adaptive_open,13,I17,MATUCANA,46,27,19,0.3532790270795219,0.3658713610895835,0.012592334010061601,false,false
eva_adaptive_open,13,I02,CARLOS VALDOVINOS,22,28,-6,0.4243998641097862,0.35528620955926693,-0.06911365455051927,false,true
eva_adaptive_open,13,I05,DIAGONAL JOSE MARIA CARO,18,29,-11,0.43893681633352033,0.35138157148340954,-0.08755524485011079,false,true
eva_adaptive_open,13,C053,CONDELL,47,30,17,0.3532028448920026,0.3510960097518633,-0.002106835140139318,false,false
eva_adaptive_open,13,C032,OBISPO MANUEL UMAÑA,41,31,10,0.36167847000046166,0.35024849937003094,-0.01142997063043072,false,false
eva_adaptive_open,13,C019,LAS HIJUELAS SUR - LIBERTADOR BERNARDO OHIGGINS,110,32,78,0.23151138733257812,0.3451478982392984,0.1136365109067203,false,false
eva_adaptive_open,13,C072,COVADONGA,114,33,81,0.2222660174854263,0.34353879092517015,0.12127277343974385,false,false
eva_adaptive_open,13,C014,JOSE DOMINGO CAÑAS,49,34,15,0.3434151720257287,0.3434151720257287,0,false,false
eva_adaptive_open,13,C043,NEPTUNO,45,35,10,0.35474887854437137,0.3426973411721886,-0.012051537372182786,false,false
eva_adaptive_open,13,C083,ORIENTAL-LAS PARCELAS,50,36,14,0.33400841178333013,0.33968872706363973,0.0056803152803096,false,false
eva_adaptive_open,13,C001,SAN EUGENIO,52,37,15,0.3301050844306759,0.3301050844306759,0,false,false
eva_adaptive_open,13,C041,VISTA HERMOSA,55,38,17,0.32433865422117386,0.3259112895416001,0.00157263532042623,false,false
eva_adaptive_open,13,C090,SANTO DOMINGO,59,39,20,0.3106717940498921,0.32373795267950845,0.013066158629616353,false,false
eva_adaptive_open,13,I07,EL GUANACO,21,40,-19,0.42548756362861406,0.32242652319202425,-0.10306104043658981,false,true
eva_adaptive_open,13,C007,EDUARDO CASTILLO VELASCO,56,41,15,0.3209682481807713,0.3209682481807713,0,false,false
eva_adaptive_open,13,C049,FEDERICO ERRÁZURIZ (EX SERRANO),53,42,11,0.32905890532348764,0.31952873677046095,-0.009530168553026686,false,false
eva_adaptive_open,13,C029,MARIA ELENA,35,43,-8,0.3866330072050211,0.31675627327609446,-0.06987673392892663,false,false
eva_adaptive_open,13,C024,LOS ARRAYANES - LOS COPIHUES,39,44,-5,0.369297779392275,0.3164169532190636,-0.05288082617321138,false,false
eva_adaptive_open,13,C40,VICUÑA MACKENNA - SAN MARTIN,88,45,43,0.2599804114545511,0.3163360869516046,0.0563556754970535,false,false
eva_adaptive_open,13,C023,AVENIDA DORSAL,48,46,2,0.34913804016037303,0.3157033984556872,-0.03343464170468585,false,false
eva_adaptive_open,13,C074,URETA COX,58,47,11,0.31449957814869145,0.31449957814869145,0,false,false
eva_adaptive_open,13,C005,CORONEL ALEJANDRO SEPULVEDA,60,48,12,0.3106497256836105,0.3106497256836105,0,false,false
eva_adaptive_open,13,C050,MAR DE DRAKE,37,49,-12,0.3754671127887729,0.3080499557179654,-0.06741715707080753,false,false
eva_adaptive_open,13,C088,ÑUBLE,61,50,11,0.30596663776619404,0.30596663776619404,0,false,false
eva_adaptive_open,13,C020,LATINOAMERICA - PINTOR MURILLO - FRANCISCO TOLEDO,62,51,11,0.3053874986899725,0.3053874986899725,0,false,false
eva_adaptive_open,13,C028,MADRID,63,52,11,0.3053850663175511,0.3053850663175511,0,false,false
eva_adaptive_open,13,C034,PEDRO LEON UGALDE,64,53,11,0.30513444215224494,0.30513444215224494,0,false,false
eva_adaptive_open,13,C038,TALCAHUANO - SANTA INES - LOS EDILES,101,54,47,0.24550764665869662,0.304762168985885,0.059254522327188364,false,false
eva_adaptive_open,13,C037,SAN ALFONSO,65,55,10,0.3032697592490899,0.3032697592490899,0,false,false
eva_adaptive_open,13,C030,MAULE,66,56,10,0.30294715823212187,0.30294715823212187,0,false,false
eva_adaptive_open,13,C042,PRINCIPE DE GALES,67,57,10,0.3015275299366899,0.3015275299366899,0,false,false
eva_adaptive_open,13,C006,DOMINGO TOCORNAL,17,58,-41,0.44257795158972896,0.2994993209987767,-0.14307863059095227,false,true
eva_adaptive_open,13,C015,JOSE MANUEL GUZMAN,76,59,17,0.2845092001303485,0.29827688197161173,0.013767681841263202,false,false
eva_adaptive_open,13,C039,TUPUNGATO,113,60,53,0.22275270275256875,0.2972177850899593,0.07446508233739052,false,false
eva_adaptive_open,13,C064,SILVA CARVALLO - SANTA ELENA,85,61,24,0.264928178794096,0.29671303455212084,0.03178485575802481,false,false
eva_adaptive_open,13,I32,EINSTEIN,72,62,10,0.2891830343121434,0.29512324669985457,0.005940212387711141,false,false
eva_adaptive_open,13,C031,NECOCHEA,103,63,40,0.24437487011116932,0.2942204983522875,0.049845628241118156,false,false
eva_adaptive_open,13,C065,NUEVA SAN MARTIN,91,64,27,0.2588125082913236,0.29384044783423063,0.03502793954290706,false,false
eva_adaptive_open,13,C079,LAS AMERICAS,87,65,22,0.26410913255677176,0.2935581354089318,0.02944900285216001,false,false
eva_adaptive_open,13,C003,CONCHA Y TORO,38,66,-28,0.3709576416282776,0.2931771085880249,-0.07778053304025268,false,false
eva_adaptive_open,13,C044,LOS CERRILLOS,44,67,-23,0.355273233150638,0.2931210475714493,-0.06215218557918872,false,false
eva_adaptive_open,13,C013,HEROES DE LA CONCEPCION,70,68,2,0.29161502323158384,0.29161502323158384,0,false,false
eva_adaptive_open,13,C004,CONSISTORIAL,73,69,4,0.28796525159755554,0.29093172378697835,0.0029664721894228085,false,false
eva_adaptive_open,13,C027,LOS PRESIDENTES,71,70,1,0.2903073892430075,0.2903073892430075,0,false,false
eva_adaptive_open,13,C012,GABRIELA ORIENTE,109,71,38,0.23493763531224565,0.28815985109826947,0.05322221578602382,false,false
eva_adaptive_open,13,I23,PETERSEN - VICUÑA MACKENNA,74,72,2,0.28720997267232284,0.28720997267232284,0,false,false
eva_adaptive_open,13,C063,LONGITUDINAL,75,73,2,0.28538182252354,0.28538182252354,0,false,false
eva_adaptive_open,13,C026,LOS MAITENES,102,74,28,0.24476449972018605,0.28500508168913247,0.04024058196894642,false,false
eva_adaptive_open,13,C022,LLANURA  - EL DESIERTO,78,75,3,0.2832694397879176,0.2832694397879176,0,false,false
eva_adaptive_open,13,C046,EUCALIPTOS,77,76,1,0.2836213631052964,0.28018177357498764,-0.003439589530308762,false,false
eva_adaptive_open,13,I31,FERNANDEZ ALBANO,80,77,3,0.27793271006427517,0.27793271006427517,0,false,false
eva_adaptive_open,13,I28,SANTA RAQUEL,69,78,-9,0.2960140924026152,0.2776962274862046,-0.01831786491641063,false,false
eva_adaptive_open,13,C021,LAUTARO,117,79,38,0.20904169103894277,0.2770187437134737,0.06797705267453091,false,false
eva_adaptive_open,13,C035,PRODIVENCIA,81,80,1,0.27556952254522565,0.27556952254522565,0,false,false
eva_adaptive_open,13,C052,BAQUEDANO - POSTALES ORIENTE,82,81,1,0.2725119994529144,0.2725119994529144,0,false,false
eva_adaptive_open,13,C047,VIOLETA PARRA,86,82,4,0.2648001936107111,0.2648001936107111,0,false,false
eva_adaptive_open,13,C078,WALDO TAFF,51,83,-32,0.33255806783730496,0.2640982140605202,-0.06845985377678476,false,false
eva_adaptive_open,13,C089,J J PEREZ,84,84,0,0.26495488367176884,0.2638601848792436,-0.0010946987925252172,false,false
eva_adaptive_open,13,C069,LOS OLMOS,90,85,5,0.2594151168255869,0.2594151168255869,0,false,false
eva_adaptive_open,13,C009,EL ROSAL - SANTA ELENA,92,86,6,0.258292338870139,0.258292338870139,0,false,false
eva_adaptive_open,13,C084,EL PINO - UNO SUR,116,87,29,0.21625589427110412,0.2566603469698306,0.04040445269872647,false,false
eva_adaptive_open,13,C002,CAPITAN IGNACIO CARRERA PINTO,94,88,6,0.2546555618818747,0.2546555618818747,0,false,false
eva_adaptive_open,13,C056,TEMUCO - TORO MAZOTTE,100,89,11,0.2468166288620158,0.25241364378738895,0.0055970149253731505,false,false
eva_adaptive_open,13,C048,GENERAL ARRIAGADA,95,90,5,0.2517348978903142,0.2517348978903142,0,false,false
eva_adaptive_open,13,C033,OBSERVATORIO,96,91,5,0.25172362934577086,0.25172362934577086,0,false,false
eva_adaptive_open,13,C010,ESQ BLANCA - ALBERTO LLONA,115,92,23,0.219488334536514,0.25143559268183624,0.03194725814532223,false,false
eva_adaptive_open,13,C062,CORONA SUECA,83,93,-10,0.27233361403980005,0.2513511863347979,-0.020982427705002138,false,false
eva_adaptive_open,13,I03,CARRASCAL,97,94,3,0.24854515940907576,0.24854515940907576,0,false,false
eva_adaptive_open,13,C054,VICTORIA,98,95,3,0.24818166256108362,0.24708696376855838,-0.001094698792525245,false,false
eva_adaptive_open,13,C085,LOS LIBERTADORES,119,96,23,0.19011991189992178,0.24591736332799613,0.05579745142807435,false,false
eva_adaptive_open,13,C076,ISLA DECEPCION,93,97,-4,0.25765035826791644,0.24485989841133612,-0.01279045985658031,false,false
eva_adaptive_open,13,C071,BARROS ARANA,104,98,6,0.2432718387690382,0.2432718387690382,0,false,false
eva_adaptive_open,13,C082,CAUPOLICAN,105,99,6,0.24201028797730914,0.24201028797730914,0,false,false
eva_adaptive_open,13,C080,PARAGUAY,106,100,6,0.2404621201898296,0.2404621201898296,0,false,false
eva_adaptive_open,13,C087,SALVADOR GUTIERREZ,68,101,-33,0.2988400180747415,0.23167583897026392,-0.06716417910447756,false,false
eva_adaptive_open,13,C017,LA PARINACOTA,99,102,-3,0.24787162646529243,0.2279533954363316,-0.019918231028960814,false,false
eva_adaptive_open,13,C051,JOSE MIGUEL INFANTE - DOMINGO STA MARIA,111,103,8,0.22770327755636682,0.22770327755636682,0,false,false
eva_adaptive_open,13,C008,EL CERRO,112,104,8,0.22664145134727998,0.22664145134727998,0,false,false
eva_adaptive_open,13,C055,ARTURO PRAT,118,105,13,0.1970214926913857,0.22432697243027433,0.02730547973888864,false,false
eva_adaptive_open,13,C036,RIO REFUGIO - SALAR SURIRE,107,106,1,0.23882288406802515,0.22368469062682966,-0.015138193441195491,false,false
eva_adaptive_open,13,C077,RICARDO VIAL,108,107,1,0.23530100578344948,0.22334495183243977,-0.01195605395100971,false,false
eva_adaptive_open,13,C045,PORTO ALEGRE,121,108,13,0.1789631843926075,0.2070448874311994,0.028081703038591893,false,false
eva_adaptive_open,13,C018,LA PRIMAVERA,120,109,11,0.18728903995307272,0.18729403797436894,0.000004998021296220845,false,false
eva_adaptive_open,13,C016,JUANITA,124,110,14,0.15869954711149178,0.18668961975965365,0.027990072648161862,false,false
eva_adaptive_open,13,C025,LOS DURAZNOS,122,111,11,0.17773769788730326,0.17779517513220938,0.00005747724490612338,false,false
eva_adaptive_open,13,C073,LOS MORROS,123,112,11,0.16537203853610075,0.16537203853610075,0,false,false
eva_adaptive_open,14,EP-ALAMEDA-T3,ALAMEDA TRAMO 3,7,1,6,0.558260973877864,0.5617558828443984,0.0034949089665343713,true,true
eva_adaptive_open,14,I10,GRAN AVENIDA,28,2,26,0.40682183317748805,0.5257981753640685,0.11897634218658043,false,true
eva_adaptive_open,14,I14,LO OVALLE,2,3,-1,0.6371787956227899,0.5206482123443938,-0.11653058327839605,false,true
eva_adaptive_open,14,EP-I10,GRAN AVENIDA,19,4,15,0.435180901694348,0.5114756368034511,0.07629473510910312,false,true
eva_adaptive_open,14,I27,SANTA CECILIA - NONATO COO,42,5,37,0.36006768212709356,0.5089639398517234,0.14889625772462983,false,false
eva_adaptive_open,14,EP-I34,VICUÑA MACKENNA,13,6,7,0.4789418889773093,0.4789418889773093,0,false,true
eva_adaptive_open,14,I08,GENERAL OSCAR BONILLA,16,7,9,0.44379823929485906,0.47857126626924523,0.03477302697438617,false,true
eva_adaptive_open,14,I25,SAN FRANCISCO,43,8,35,0.3566735624368237,0.46515071304195965,0.10847715060513596,false,false
eva_adaptive_open,14,I29,SANTA ROSA,23,9,14,0.42297111297710543,0.46282953725235765,0.03985842427525221,false,true
eva_adaptive_open,14,I01,BARÓN DE JURAS REALES,11,10,1,0.48687720322810635,0.455462944115133,-0.03141425911297335,false,true
eva_adaptive_open,14,EP-I33,LA CHIMBA,30,11,19,0.4043195865206677,0.43899624273677085,0.03467665621610316,false,true
eva_adaptive_open,14,I09,GENERAL VELASQUEZ,15,12,3,0.45347011016300426,0.4341813116960046,-0.019288798466999657,false,true
eva_adaptive_open,14,C057,PADRE VICENTE IRARRAZABAL - MANUEL CHACON,25,13,12,0.41723732777812184,0.4300823658343616,0.012845038056239766,false,true
eva_adaptive_open,14,I06,DIAGONAL ORIENTE,31,14,17,0.40267663972498335,0.42523130013634874,0.02255466041136539,false,false
eva_adaptive_open,14,I13,LO ESPEJO-RIQUELME,54,15,39,0.32833080195639963,0.42403530621324415,0.09570450425684451,false,false
eva_adaptive_open,14,I24,RADAL,26,16,10,0.41533970570255174,0.42382552054113415,0.008485814838582406,false,true
eva_adaptive_open,14,C011,EYZAGUIRRE,89,17,72,0.2597262361382782,0.4206647047500463,0.16093846861176808,false,false
eva_adaptive_open,14,C058,ANTONIO EBNER-BARROS ARANA,29,18,11,0.40679457494201116,0.4166336104527017,0.009839035510690541,false,true
eva_adaptive_open,14,C070,MENDOZA (EX-CORONEL ROBLES),34,19,15,0.387202115587132,0.41637310170248076,0.02917098611534874,false,false
eva_adaptive_open,14,I15,MARTINEZ DE ROZAS,10,20,-10,0.49042582216035796,0.4148837713854609,-0.07554205077489706,false,true
eva_adaptive_open,14,C081,SAN GREGORIO - DIEGO MEZA,33,21,12,0.38932341506856066,0.41239203866988366,0.023068623601323,false,false
eva_adaptive_open,14,C086,LA ESTRELLA,40,22,18,0.36814789692769634,0.4114187595006645,0.04327086257296814,false,false
eva_adaptive_open,14,C061,EL PINAR,36,23,13,0.38117344530336017,0.4042420689046831,0.023068623601322946,false,false
eva_adaptive_open,14,I18,NUEVA IMPERIAL,79,24,55,0.28249960315815087,0.38410088261426645,0.10160127945611558,false,false
eva_adaptive_open,14,C032,OBISPO MANUEL UMAÑA,41,25,16,0.36167847000046166,0.37823357399689667,0.016555103996435006,false,false
eva_adaptive_open,14,C060,ROJAS MAGALLANES,24,26,-2,0.4219139986989199,0.377217962582887,-0.0446960361160329,false,true
eva_adaptive_open,14,C053,CONDELL,47,27,20,0.3532028448920026,0.37348406945335577,0.020281224561353173,false,false
eva_adaptive_open,14,I17,MATUCANA,46,28,18,0.3532790270795219,0.3714683760149567,0.01818934893543478,false,false
eva_adaptive_open,14,I05,DIAGONAL JOSE MARIA CARO,18,29,-11,0.43893681633352033,0.3681726162595289,-0.07076420007399142,false,true
eva_adaptive_open,14,C083,ORIENTAL-LAS PARCELAS,50,30,20,0.33400841178333013,0.35656307219469546,0.022554660411365335,false,false
eva_adaptive_open,14,I02,CARLOS VALDOVINOS,22,31,-9,0.4243998641097862,0.35528620955926693,-0.06911365455051927,false,true
eva_adaptive_open,14,C072,COVADONGA,114,32,82,0.2222660174854263,0.35473282077591645,0.13246680329049015,false,false
eva_adaptive_open,14,C041,VISTA HERMOSA,55,33,22,0.32433865422117386,0.3538963641684658,0.029557709947291955,false,false
eva_adaptive_open,14,C043,NEPTUNO,45,34,11,0.35474887854437137,0.3538913710229349,-0.0008575075214364847,false,false
eva_adaptive_open,14,C019,LAS HIJUELAS SUR - LIBERTADOR BERNARDO OHIGGINS,110,35,75,0.23151138733257812,0.35074491316467155,0.11923352583209343,false,false
eva_adaptive_open,14,C014,JOSE DOMINGO CAÑAS,49,36,13,0.3434151720257287,0.344186224512373,0.0007710524866443302,false,false
eva_adaptive_open,14,C049,FEDERICO ERRÁZURIZ (EX SERRANO),53,37,16,0.32905890532348764,0.34191679647195344,0.012857891148465805,false,false
eva_adaptive_open,14,C090,SANTO DOMINGO,59,38,21,0.3106717940498921,0.3405289974556278,0.02985720340573572,false,false
eva_adaptive_open,14,C029,MARIA ELENA,35,39,-4,0.3866330072050211,0.33369142766625387,-0.052941579538767214,false,false
eva_adaptive_open,14,C001,SAN EUGENIO,52,40,12,0.3301050844306759,0.3301050844306759,0,false,false
eva_adaptive_open,14,C023,AVENIDA DORSAL,48,41,7,0.34913804016037303,0.3268974283064334,-0.022240611853939607,false,false
eva_adaptive_open,14,I07,EL GUANACO,21,42,-21,0.42548756362861406,0.32242652319202425,-0.10306104043658981,false,true
eva_adaptive_open,14,C007,EDUARDO CASTILLO VELASCO,56,43,13,0.3209682481807713,0.3209682481807713,0,false,false
eva_adaptive_open,14,C024,LOS ARRAYANES - LOS COPIHUES,39,44,-5,0.369297779392275,0.3164169532190636,-0.05288082617321138,false,false
eva_adaptive_open,14,C40,VICUÑA MACKENNA - SAN MARTIN,88,45,43,0.2599804114545511,0.3163360869516046,0.0563556754970535,false,false
eva_adaptive_open,14,C038,TALCAHUANO - SANTA INES - LOS EDILES,101,46,55,0.24550764665869662,0.31595619883663123,0.07044855217793461,false,false
eva_adaptive_open,14,C074,URETA COX,58,47,11,0.31449957814869145,0.31449957814869145,0,false,false
eva_adaptive_open,14,C006,DOMINGO TOCORNAL,17,48,-31,0.44257795158972896,0.3107633231476695,-0.13181462844205943,false,true
eva_adaptive_open,14,C005,CORONEL ALEJANDRO SEPULVEDA,60,49,11,0.3106497256836105,0.3106497256836105,0,false,false
eva_adaptive_open,14,C015,JOSE MANUEL GUZMAN,76,50,26,0.2845092001303485,0.30947091182235803,0.024961711692009503,false,false
eva_adaptive_open,14,C050,MAR DE DRAKE,37,51,-14,0.3754671127887729,0.3080499557179654,-0.06741715707080753,false,false
eva_adaptive_open,14,I32,EINSTEIN,72,52,20,0.2891830343121434,0.3063172765506008,0.017134242238457387,false,false
eva_adaptive_open,14,C088,ÑUBLE,61,53,8,0.30596663776619404,0.30596663776619404,0,false,false
eva_adaptive_open,14,C020,LATINOAMERICA - PINTOR MURILLO - FRANCISCO TOLEDO,62,54,8,0.3053874986899725,0.3053874986899725,0,false,false
eva_adaptive_open,14,C028,MADRID,63,55,8,0.3053850663175511,0.3053850663175511,0,false,false
eva_adaptive_open,14,C034,PEDRO LEON UGALDE,64,56,8,0.30513444215224494,0.30513444215224494,0,false,false
eva_adaptive_open,14,C012,GABRIELA ORIENTE,109,57,52,0.23493763531224565,0.30503003121157846,0.0700923958993328,false,false
eva_adaptive_open,14,C037,SAN ALFONSO,65,58,7,0.3032697592490899,0.3032697592490899,0,false,false
eva_adaptive_open,14,C030,MAULE,66,59,7,0.30294715823212187,0.30294715823212187,0,false,false
eva_adaptive_open,14,C042,PRINCIPE DE GALES,67,60,7,0.3015275299366899,0.3015275299366899,0,false,false
eva_adaptive_open,14,C003,CONCHA Y TORO,38,61,-23,0.3709576416282776,0.29879828061632957,-0.07215936101194803,false,false
eva_adaptive_open,14,C039,TUPUNGATO,113,62,51,0.22275270275256875,0.2972177850899593,0.07446508233739052,false,false
eva_adaptive_open,14,C064,SILVA CARVALLO - SANTA ELENA,85,63,22,0.264928178794096,0.29671303455212084,0.03178485575802481,false,false
eva_adaptive_open,14,C026,LOS MAITENES,102,64,38,0.24476449972018605,0.29619911153987877,0.05143461181969272,false,false
eva_adaptive_open,14,C031,NECOCHEA,103,65,38,0.24437487011116932,0.2942204983522875,0.049845628241118156,false,false
eva_adaptive_open,14,C065,NUEVA SAN MARTIN,91,66,25,0.2588125082913236,0.29384044783423063,0.03502793954290706,false,false
eva_adaptive_open,14,C079,LAS AMERICAS,87,67,20,0.26410913255677176,0.2935581354089318,0.02944900285216001,false,false
eva_adaptive_open,14,C044,LOS CERRILLOS,44,68,-24,0.355273233150638,0.2931210475714493,-0.06215218557918872,false,false
eva_adaptive_open,14,C013,HEROES DE LA CONCEPCION,70,69,1,0.29161502323158384,0.29161502323158384,0,false,false
eva_adaptive_open,14,C004,CONSISTORIAL,73,70,3,0.28796525159755554,0.29093172378697835,0.0029664721894228085,false,false
eva_adaptive_open,14,C027,LOS PRESIDENTES,71,71,0,0.2903073892430075,0.2903073892430075,0,false,false
eva_adaptive_open,14,I23,PETERSEN - VICUÑA MACKENNA,74,72,2,0.28720997267232284,0.28720997267232284,0,false,false
eva_adaptive_open,14,C063,LONGITUDINAL,75,73,2,0.28538182252354,0.28538182252354,0,false,false
eva_adaptive_open,14,C022,LLANURA  - EL DESIERTO,78,74,4,0.2832694397879176,0.2832694397879176,0,false,false
eva_adaptive_open,14,C021,LAUTARO,117,75,42,0.20904169103894277,0.28261575863884686,0.07357406759990409,false,false
eva_adaptive_open,14,C046,EUCALIPTOS,77,76,1,0.2836213631052964,0.28018177357498764,-0.003439589530308762,false,false
eva_adaptive_open,14,I31,FERNANDEZ ALBANO,80,77,3,0.27793271006427517,0.27793271006427517,0,false,false
eva_adaptive_open,14,I28,SANTA RAQUEL,69,78,-9,0.2960140924026152,0.2776962274862046,-0.01831786491641063,false,false
eva_adaptive_open,14,C035,PRODIVENCIA,81,79,2,0.27556952254522565,0.27556952254522565,0,false,false
eva_adaptive_open,14,C052,BAQUEDANO - POSTALES ORIENTE,82,80,2,0.2725119994529144,0.2725119994529144,0,false,false
eva_adaptive_open,14,C084,EL PINO - UNO SUR,116,81,35,0.21625589427110412,0.2678543768205769,0.051598482549472774,false,false
eva_adaptive_open,14,C047,VIOLETA PARRA,86,82,4,0.2648001936107111,0.2648001936107111,0,false,false
eva_adaptive_open,14,C078,WALDO TAFF,51,83,-32,0.33255806783730496,0.2640982140605202,-0.06845985377678476,false,false
eva_adaptive_open,14,C089,J J PEREZ,84,84,0,0.26495488367176884,0.2638601848792436,-0.0010946987925252172,false,false
eva_adaptive_open,14,C010,ESQ BLANCA - ALBERTO LLONA,115,85,30,0.219488334536514,0.26262962253258254,0.043141287996068534,false,false
eva_adaptive_open,14,C069,LOS OLMOS,90,86,4,0.2594151168255869,0.2594151168255869,0,false,false
eva_adaptive_open,14,C009,EL ROSAL - SANTA ELENA,92,87,5,0.258292338870139,0.258292338870139,0,false,false
eva_adaptive_open,14,C085,LOS LIBERTADORES,119,88,31,0.19011991189992178,0.2571113931787424,0.0669914812788206,false,false
eva_adaptive_open,14,C002,CAPITAN IGNACIO CARRERA PINTO,94,89,5,0.2546555618818747,0.2546555618818747,0,false,false
eva_adaptive_open,14,C056,TEMUCO - TORO MAZOTTE,100,90,10,0.2468166288620158,0.25241364378738895,0.0055970149253731505,false,false
eva_adaptive_open,14,C048,GENERAL ARRIAGADA,95,91,4,0.2517348978903142,0.2517348978903142,0,false,false
eva_adaptive_open,14,C033,OBSERVATORIO,96,92,4,0.25172362934577086,0.25172362934577086,0,false,false
eva_adaptive_open,14,C062,CORONA SUECA,83,93,-10,0.27233361403980005,0.2513511863347979,-0.020982427705002138,false,false
eva_adaptive_open,14,I03,CARRASCAL,97,94,3,0.24854515940907576,0.24854515940907576,0,false,false
eva_adaptive_open,14,C054,VICTORIA,98,95,3,0.24818166256108362,0.24708696376855838,-0.001094698792525245,false,false
eva_adaptive_open,14,C076,ISLA DECEPCION,93,96,-3,0.25765035826791644,0.24485989841133612,-0.01279045985658031,false,false
eva_adaptive_open,14,C071,BARROS ARANA,104,97,7,0.2432718387690382,0.2432718387690382,0,false,false
eva_adaptive_open,14,C082,CAUPOLICAN,105,98,7,0.24201028797730914,0.24201028797730914,0,false,false
eva_adaptive_open,14,C080,PARAGUAY,106,99,7,0.2404621201898296,0.2404621201898296,0,false,false
eva_adaptive_open,14,C087,SALVADOR GUTIERREZ,68,100,-32,0.2988400180747415,0.23167583897026392,-0.06716417910447756,false,false
eva_adaptive_open,14,C017,LA PARINACOTA,99,101,-2,0.24787162646529243,0.2279533954363316,-0.019918231028960814,false,false
eva_adaptive_open,14,C051,JOSE MIGUEL INFANTE - DOMINGO STA MARIA,111,102,9,0.22770327755636682,0.22770327755636682,0,false,false
eva_adaptive_open,14,C008,EL CERRO,112,103,9,0.22664145134727998,0.22664145134727998,0,false,false
eva_adaptive_open,14,C055,ARTURO PRAT,118,104,14,0.1970214926913857,0.22432697243027433,0.02730547973888864,false,false
eva_adaptive_open,14,C036,RIO REFUGIO - SALAR SURIRE,107,105,2,0.23882288406802515,0.22368469062682966,-0.015138193441195491,false,false
eva_adaptive_open,14,C077,RICARDO VIAL,108,106,2,0.23530100578344948,0.22334495183243977,-0.01195605395100971,false,false
eva_adaptive_open,14,C045,PORTO ALEGRE,121,107,14,0.1789631843926075,0.2070448874311994,0.028081703038591893,false,false
eva_adaptive_open,14,C018,LA PRIMAVERA,120,108,12,0.18728903995307272,0.18729403797436894,0.000004998021296220845,false,false
eva_adaptive_open,14,C016,JUANITA,124,109,15,0.15869954711149178,0.18668961975965365,0.027990072648161862,false,false
eva_adaptive_open,14,C025,LOS DURAZNOS,122,110,12,0.17773769788730326,0.17779517513220938,0.00005747724490612338,false,false
eva_adaptive_open,14,C073,LOS MORROS,123,111,12,0.16537203853610075,0.16537203853610075,0,false,false
eva_adaptive_open,15,I10,GRAN AVENIDA,28,1,27,0.40682183317748805,0.5257981753640685,0.11897634218658043,true,true
eva_adaptive_open,15,I14,LO OVALLE,2,2,0,0.6371787956227899,0.5150511974190207,-0.12212759820376917,false,true
eva_adaptive_open,15,I27,SANTA CECILIA - NONATO COO,42,3,39,0.36006768212709356,0.5089639398517234,0.14889625772462983,false,false
eva_adaptive_open,15,EP-I10,GRAN AVENIDA,19,4,15,0.435180901694348,0.505878621878078,0.07069772018373,false,true
eva_adaptive_open,15,EP-I34,VICUÑA MACKENNA,13,5,8,0.4789418889773093,0.4789418889773093,0,false,true
eva_adaptive_open,15,I25,SAN FRANCISCO,43,6,37,0.3566735624368237,0.45955369811658653,0.10288013567976284,false,false
eva_adaptive_open,15,I29,SANTA ROSA,23,7,16,0.42297111297710543,0.4572325223269845,0.03426140934987909,false,true
eva_adaptive_open,15,I01,BARÓN DE JURAS REALES,11,8,3,0.48687720322810635,0.455462944115133,-0.03141425911297335,false,true
eva_adaptive_open,15,I09,GENERAL VELASQUEZ,15,9,6,0.45347011016300426,0.4341813116960046,-0.019288798466999657,false,true
eva_adaptive_open,15,EP-I33,LA CHIMBA,30,10,20,0.4043195865206677,0.4333992278113977,0.02907964129073004,false,true
eva_adaptive_open,15,I06,DIAGONAL ORIENTE,31,11,20,0.40267663972498335,0.42523130013634874,0.02255466041136539,false,false
eva_adaptive_open,15,I13,LO ESPEJO-RIQUELME,54,12,42,0.32833080195639963,0.42403530621324415,0.09570450425684451,false,false
eva_adaptive_open,15,C011,EYZAGUIRRE,89,13,76,0.2597262361382782,0.4206647047500463,0.16093846861176808,false,false
eva_adaptive_open,15,I15,MARTINEZ DE ROZAS,10,14,-4,0.49042582216035796,0.4148837713854609,-0.07554205077489706,false,true
eva_adaptive_open,15,C086,LA ESTRELLA,40,15,25,0.36814789692769634,0.4114187595006645,0.04327086257296814,false,false
eva_adaptive_open,15,C081,SAN GREGORIO - DIEGO MEZA,33,16,17,0.38932341506856066,0.4067950237445105,0.017471608675949823,false,false
eva_adaptive_open,15,C061,EL PINAR,36,17,19,0.38117344530336017,0.39864505397931,0.017471608675949823,false,false
eva_adaptive_open,15,I24,RADAL,26,18,8,0.41533970570255174,0.3941541431777698,-0.02118556252478193,false,true
eva_adaptive_open,15,C070,MENDOZA (EX-CORONEL ROBLES),34,19,15,0.387202115587132,0.3888760372762755,0.0016739216891434872,false,false
eva_adaptive_open,15,C060,ROJAS MAGALLANES,24,20,4,0.4219139986989199,0.377217962582887,-0.0446960361160329,false,true
eva_adaptive_open,15,C053,CONDELL,47,21,26,0.3532028448920026,0.37348406945335577,0.020281224561353173,false,false
eva_adaptive_open,15,I17,MATUCANA,46,22,24,0.3532790270795219,0.3714683760149567,0.01818934893543478,false,false
eva_adaptive_open,15,I05,DIAGONAL JOSE MARIA CARO,18,23,-5,0.43893681633352033,0.3681726162595289,-0.07076420007399142,false,true
eva_adaptive_open,15,I08,GENERAL OSCAR BONILLA,16,24,-8,0.44379823929485906,0.3590822324238776,-0.08471600687098146,false,true
eva_adaptive_open,15,C063,LONGITUDINAL,75,25,50,0.28538182252354,0.3582564854774885,0.07287466295394851,false,false
eva_adaptive_open,15,C056,TEMUCO - TORO MAZOTTE,100,26,74,0.2468166288620158,0.35677635060669255,0.10995972174467675,false,false
eva_adaptive_open,15,C083,ORIENTAL-LAS PARCELAS,50,27,23,0.33400841178333013,0.35656307219469546,0.022554660411365335,false,false
eva_adaptive_open,15,I02,CARLOS VALDOVINOS,22,28,-6,0.4243998641097862,0.35528620955926693,-0.06911365455051927,false,true
eva_adaptive_open,15,C072,COVADONGA,114,29,85,0.2222660174854263,0.35473282077591645,0.13246680329049015,false,false
eva_adaptive_open,15,C019,LAS HIJUELAS SUR - LIBERTADOR BERNARDO OHIGGINS,110,30,80,0.23151138733257812,0.35074491316467155,0.11923352583209343,false,false
eva_adaptive_open,15,C035,PRODIVENCIA,81,31,50,0.27556952254522565,0.34424095963098794,0.06867143708576229,false,false
eva_adaptive_open,15,C014,JOSE DOMINGO CAÑAS,49,32,17,0.3434151720257287,0.344186224512373,0.0007710524866443302,false,false
eva_adaptive_open,15,C049,FEDERICO ERRÁZURIZ (EX SERRANO),53,33,20,0.32905890532348764,0.34191679647195344,0.012857891148465805,false,false
eva_adaptive_open,15,C057,PADRE VICENTE IRARRAZABAL - MANUEL CHACON,25,34,-9,0.41723732777812184,0.33451933997214295,-0.08271798780597889,false,true
eva_adaptive_open,15,C029,MARIA ELENA,35,35,0,0.3866330072050211,0.33369142766625387,-0.052941579538767214,false,false
eva_adaptive_open,15,C043,NEPTUNO,45,36,9,0.35474887854437137,0.33367397332944054,-0.021074905214930828,false,false
eva_adaptive_open,15,C001,SAN EUGENIO,52,37,15,0.3301050844306759,0.3301050844306759,0,false,false
eva_adaptive_open,15,C058,ANTONIO EBNER-BARROS ARANA,29,38,-9,0.40679457494201116,0.32780814449325085,-0.0789864304487603,false,true
eva_adaptive_open,15,I07,EL GUANACO,21,39,-18,0.42548756362861406,0.32242652319202425,-0.10306104043658981,false,true
eva_adaptive_open,15,C032,OBISPO MANUEL UMAÑA,41,40,1,0.36167847000046166,0.32156060149077254,-0.040117868509689125,false,false
eva_adaptive_open,15,C007,EDUARDO CASTILLO VELASCO,56,41,15,0.3209682481807713,0.3209682481807713,0,false,false
eva_adaptive_open,15,I18,NUEVA IMPERIAL,79,42,37,0.28249960315815087,0.31746948982985224,0.03496988667170137,false,false
eva_adaptive_open,15,C024,LOS ARRAYANES - LOS COPIHUES,39,43,-4,0.369297779392275,0.3164169532190636,-0.05288082617321138,false,false
eva_adaptive_open,15,C40,VICUÑA MACKENNA - SAN MARTIN,88,44,44,0.2599804114545511,0.3163360869516046,0.0563556754970535,false,false
eva_adaptive_open,15,C074,URETA COX,58,45,13,0.31449957814869145,0.31449957814869145,0,false,false
eva_adaptive_open,15,C006,DOMINGO TOCORNAL,17,46,-29,0.44257795158972896,0.3107633231476695,-0.13181462844205943,false,true
eva_adaptive_open,15,C005,CORONEL ALEJANDRO SEPULVEDA,60,47,13,0.3106497256836105,0.3106497256836105,0,false,false
eva_adaptive_open,15,C015,JOSE MANUEL GUZMAN,76,48,28,0.2845092001303485,0.30947091182235803,0.024961711692009503,false,false
eva_adaptive_open,15,C050,MAR DE DRAKE,37,49,-12,0.3754671127887729,0.30811479039196454,-0.06735232239680838,false,false
eva_adaptive_open,15,C023,AVENIDA DORSAL,48,50,-2,0.34913804016037303,0.3066800306129391,-0.04245800954743395,false,false
eva_adaptive_open,15,I32,EINSTEIN,72,51,21,0.2891830343121434,0.3063172765506008,0.017134242238457387,false,false
eva_adaptive_open,15,C088,ÑUBLE,61,52,9,0.30596663776619404,0.30596663776619404,0,false,false
eva_adaptive_open,15,C020,LATINOAMERICA - PINTOR MURILLO - FRANCISCO TOLEDO,62,53,9,0.3053874986899725,0.3053874986899725,0,false,false
eva_adaptive_open,15,C028,MADRID,63,54,9,0.3053850663175511,0.3053850663175511,0,false,false
eva_adaptive_open,15,C034,PEDRO LEON UGALDE,64,55,9,0.30513444215224494,0.30513444215224494,0,false,false
eva_adaptive_open,15,C012,GABRIELA ORIENTE,109,56,53,0.23493763531224565,0.30503003121157846,0.0700923958993328,false,false
eva_adaptive_open,15,C037,SAN ALFONSO,65,57,8,0.3032697592490899,0.3032697592490899,0,false,false
eva_adaptive_open,15,C030,MAULE,66,58,8,0.30294715823212187,0.30294715823212187,0,false,false
eva_adaptive_open,15,C042,PRINCIPE DE GALES,67,59,8,0.3015275299366899,0.3015275299366899,0,false,false
eva_adaptive_open,15,C076,ISLA DECEPCION,93,60,33,0.25765035826791644,0.3008300476650675,0.043179689397151055,false,false
eva_adaptive_open,15,C003,CONCHA Y TORO,38,61,-23,0.3709576416282776,0.29879828061632957,-0.07215936101194803,false,false
eva_adaptive_open,15,C039,TUPUNGATO,113,62,51,0.22275270275256875,0.2972177850899593,0.07446508233739052,false,false
eva_adaptive_open,15,C064,SILVA CARVALLO - SANTA ELENA,85,63,22,0.264928178794096,0.29671303455212084,0.03178485575802481,false,false
eva_adaptive_open,15,C026,LOS MAITENES,102,64,38,0.24476449972018605,0.29619911153987877,0.05143461181969272,false,false
eva_adaptive_open,15,C038,TALCAHUANO - SANTA INES - LOS EDILES,101,65,36,0.24550764665869662,0.29573880114313694,0.05023115448444032,false,false
eva_adaptive_open,15,C031,NECOCHEA,103,66,37,0.24437487011116932,0.2942204983522875,0.049845628241118156,false,false
eva_adaptive_open,15,C065,NUEVA SAN MARTIN,91,67,24,0.2588125082913236,0.29384044783423063,0.03502793954290706,false,false
eva_adaptive_open,15,C079,LAS AMERICAS,87,68,19,0.26410913255677176,0.2935581354089318,0.02944900285216001,false,false
eva_adaptive_open,15,C044,LOS CERRILLOS,44,69,-25,0.355273233150638,0.2931210475714493,-0.06215218557918872,false,false
eva_adaptive_open,15,C013,HEROES DE LA CONCEPCION,70,70,0,0.29161502323158384,0.29161502323158384,0,false,false
eva_adaptive_open,15,C004,CONSISTORIAL,73,71,2,0.28796525159755554,0.29093172378697835,0.0029664721894228085,false,false
eva_adaptive_open,15,C027,LOS PRESIDENTES,71,72,-1,0.2903073892430075,0.2903073892430075,0,false,false
eva_adaptive_open,15,C090,SANTO DOMINGO,59,73,-14,0.3106717940498921,0.2900617837756913,-0.020610010274200785,false,false
eva_adaptive_open,15,I23,PETERSEN - VICUÑA MACKENNA,74,74,0,0.28720997267232284,0.28720997267232284,0,false,false
eva_adaptive_open,15,C022,LLANURA  - EL DESIERTO,78,75,3,0.2832694397879176,0.2832694397879176,0,false,false
eva_adaptive_open,15,C021,LAUTARO,117,76,41,0.20904169103894277,0.28261575863884686,0.07357406759990409,false,false
eva_adaptive_open,15,C046,EUCALIPTOS,77,77,0,0.2836213631052964,0.28018177357498764,-0.003439589530308762,false,false
eva_adaptive_open,15,I31,FERNANDEZ ALBANO,80,78,2,0.27793271006427517,0.27793271006427517,0,false,false
eva_adaptive_open,15,I28,SANTA RAQUEL,69,79,-10,0.2960140924026152,0.2776962274862046,-0.01831786491641063,false,false
eva_adaptive_open,15,C052,BAQUEDANO - POSTALES ORIENTE,82,80,2,0.2725119994529144,0.2725119994529144,0,false,false
eva_adaptive_open,15,C084,EL PINO - UNO SUR,116,81,35,0.21625589427110412,0.2678543768205769,0.051598482549472774,false,false
eva_adaptive_open,15,C047,VIOLETA PARRA,86,82,4,0.2648001936107111,0.2648001936107111,0,false,false
eva_adaptive_open,15,C078,WALDO TAFF,51,83,-32,0.33255806783730496,0.2640982140605202,-0.06845985377678476,false,false
eva_adaptive_open,15,C089,J J PEREZ,84,84,0,0.26495488367176884,0.2638601848792436,-0.0010946987925252172,false,false
eva_adaptive_open,15,C010,ESQ BLANCA - ALBERTO LLONA,115,85,30,0.219488334536514,0.26262962253258254,0.043141287996068534,false,false
eva_adaptive_open,15,C069,LOS OLMOS,90,86,4,0.2594151168255869,0.2594151168255869,0,false,false
eva_adaptive_open,15,C009,EL ROSAL - SANTA ELENA,92,87,5,0.258292338870139,0.258292338870139,0,false,false
eva_adaptive_open,15,C085,LOS LIBERTADORES,119,88,31,0.19011991189992178,0.2571113931787424,0.0669914812788206,false,false
eva_adaptive_open,15,C002,CAPITAN IGNACIO CARRERA PINTO,94,89,5,0.2546555618818747,0.2546555618818747,0,false,false
eva_adaptive_open,15,C048,GENERAL ARRIAGADA,95,90,5,0.2517348978903142,0.2517348978903142,0,false,false
eva_adaptive_open,15,C033,OBSERVATORIO,96,91,5,0.25172362934577086,0.25172362934577086,0,false,false
eva_adaptive_open,15,C062,CORONA SUECA,83,92,-9,0.27233361403980005,0.2513511863347979,-0.020982427705002138,false,false
eva_adaptive_open,15,I03,CARRASCAL,97,93,4,0.24854515940907576,0.24854515940907576,0,false,false
eva_adaptive_open,15,C054,VICTORIA,98,94,4,0.24818166256108362,0.24708696376855838,-0.001094698792525245,false,false
eva_adaptive_open,15,C071,BARROS ARANA,104,95,9,0.2432718387690382,0.2432718387690382,0,false,false
eva_adaptive_open,15,C082,CAUPOLICAN,105,96,9,0.24201028797730914,0.24201028797730914,0,false,false
eva_adaptive_open,15,C080,PARAGUAY,106,97,9,0.2404621201898296,0.2404621201898296,0,false,false
eva_adaptive_open,15,C041,VISTA HERMOSA,55,98,-43,0.32433865422117386,0.23729046079619398,-0.08704819342497988,false,false
eva_adaptive_open,15,C087,SALVADOR GUTIERREZ,68,99,-31,0.2988400180747415,0.23167583897026392,-0.06716417910447756,false,false
eva_adaptive_open,15,C017,LA PARINACOTA,99,100,-1,0.24787162646529243,0.2279533954363316,-0.019918231028960814,false,false
eva_adaptive_open,15,C051,JOSE MIGUEL INFANTE - DOMINGO STA MARIA,111,101,10,0.22770327755636682,0.22770327755636682,0,false,false
eva_adaptive_open,15,C008,EL CERRO,112,102,10,0.22664145134727998,0.22664145134727998,0,false,false
eva_adaptive_open,15,C055,ARTURO PRAT,118,103,15,0.1970214926913857,0.22432697243027433,0.02730547973888864,false,false
eva_adaptive_open,15,C036,RIO REFUGIO - SALAR SURIRE,107,104,3,0.23882288406802515,0.22368469062682966,-0.015138193441195491,false,false
eva_adaptive_open,15,C077,RICARDO VIAL,108,105,3,0.23530100578344948,0.22334495183243977,-0.01195605395100971,false,false
eva_adaptive_open,15,C045,PORTO ALEGRE,121,106,15,0.1789631843926075,0.2070448874311994,0.028081703038591893,false,false
eva_adaptive_open,15,C018,LA PRIMAVERA,120,107,13,0.18728903995307272,0.18729403797436894,0.000004998021296220845,false,false
eva_adaptive_open,15,C016,JUANITA,124,108,16,0.15869954711149178,0.18668961975965365,0.027990072648161862,false,false
eva_adaptive_open,15,C025,LOS DURAZNOS,122,109,13,0.17773769788730326,0.17779517513220938,0.00005747724490612338,false,false
eva_adaptive_open,15,C073,LOS MORROS,123,110,13,0.16537203853610075,0.16537203853610075,0,false,false
eva_adaptive_open,16,I01,BARÓN DE JURAS REALES,11,1,10,0.48687720322810635,0.5116121978464763,0.02473499461836992,true,true
eva_adaptive_open,16,I27,SANTA CECILIA - NONATO COO,42,2,40,0.36006768212709356,0.5089639398517234,0.14889625772462983,false,false
eva_adaptive_open,16,EP-I34,VICUÑA MACKENNA,13,3,10,0.4789418889773093,0.4789418889773093,0,false,true
eva_adaptive_open,16,EP-I10,GRAN AVENIDA,19,4,15,0.435180901694348,0.46460786664517606,0.029426964950828083,false,true
eva_adaptive_open,16,I25,SAN FRANCISCO,43,5,38,0.3566735624368237,0.4392701160270343,0.08259655359021062,false,false
eva_adaptive_open,16,I09,GENERAL VELASQUEZ,15,6,9,0.45347011016300426,0.4341813116960046,-0.019288798466999657,false,true
eva_adaptive_open,16,EP-I33,LA CHIMBA,30,7,23,0.4043195865206677,0.4333992278113977,0.02907964129073004,false,true
eva_adaptive_open,16,I06,DIAGONAL ORIENTE,31,8,23,0.40267663972498335,0.42523130013634874,0.02255466041136539,false,false
eva_adaptive_open,16,C011,EYZAGUIRRE,89,9,80,0.2597262361382782,0.4206647047500463,0.16093846861176808,false,false
eva_adaptive_open,16,I15,MARTINEZ DE ROZAS,10,10,0,0.49042582216035796,0.4148837713854609,-0.07554205077489706,false,true
eva_adaptive_open,16,C086,LA ESTRELLA,40,11,29,0.36814789692769634,0.4114187595006645,0.04327086257296814,false,false
eva_adaptive_open,16,I05,DIAGONAL JOSE MARIA CARO,18,12,6,0.43893681633352033,0.3990681386475886,-0.03986867768593172,false,true
eva_adaptive_open,16,I13,LO ESPEJO-RIQUELME,54,13,41,0.32833080195639963,0.3962497602088669,0.06791895825246724,false,false
eva_adaptive_open,16,I24,RADAL,26,14,12,0.41533970570255174,0.3941541431777698,-0.02118556252478193,false,true
eva_adaptive_open,16,I29,SANTA ROSA,23,15,8,0.42297111297710543,0.3900683432225069,-0.03290276975459855,false,true
eva_adaptive_open,16,C070,MENDOZA (EX-CORONEL ROBLES),34,16,18,0.387202115587132,0.3888760372762755,0.0016739216891434872,false,false
eva_adaptive_open,16,C060,ROJAS MAGALLANES,24,17,7,0.4219139986989199,0.377217962582887,-0.0446960361160329,false,true
eva_adaptive_open,16,C053,CONDELL,47,18,29,0.3532028448920026,0.37348406945335577,0.020281224561353173,false,false
eva_adaptive_open,16,I17,MATUCANA,46,19,27,0.3532790270795219,0.3714683760149567,0.01818934893543478,false,false
eva_adaptive_open,16,I14,LO OVALLE,2,20,-18,0.6371787956227899,0.36392289464962513,-0.27325590097316477,false,true
eva_adaptive_open,16,I31,FERNANDEZ ALBANO,80,21,59,0.27793271006427517,0.3607126285891027,0.08277991852482752,false,false
eva_adaptive_open,16,I08,GENERAL OSCAR BONILLA,16,22,-6,0.44379823929485906,0.3590822324238776,-0.08471600687098146,false,true
eva_adaptive_open,16,C063,LONGITUDINAL,75,23,52,0.28538182252354,0.3582564854774885,0.07287466295394851,false,false
eva_adaptive_open,16,C056,TEMUCO - TORO MAZOTTE,100,24,76,0.2468166288620158,0.35677635060669255,0.10995972174467675,false,false
eva_adaptive_open,16,C083,ORIENTAL-LAS PARCELAS,50,25,25,0.33400841178333013,0.35656307219469546,0.022554660411365335,false,false
eva_adaptive_open,16,I02,CARLOS VALDOVINOS,22,26,-4,0.4243998641097862,0.35528620955926693,-0.06911365455051927,false,true
eva_adaptive_open,16,C072,COVADONGA,114,27,87,0.2222660174854263,0.35473282077591645,0.13246680329049015,false,false
eva_adaptive_open,16,C019,LAS HIJUELAS SUR - LIBERTADOR BERNARDO OHIGGINS,110,28,82,0.23151138733257812,0.35074491316467155,0.11923352583209343,false,false
eva_adaptive_open,16,C035,PRODIVENCIA,81,29,52,0.27556952254522565,0.34424095963098794,0.06867143708576229,false,false
eva_adaptive_open,16,C014,JOSE DOMINGO CAÑAS,49,30,19,0.3434151720257287,0.344186224512373,0.0007710524866443302,false,false
eva_adaptive_open,16,C049,FEDERICO ERRÁZURIZ (EX SERRANO),53,31,22,0.32905890532348764,0.34191679647195344,0.012857891148465805,false,false
eva_adaptive_open,16,C081,SAN GREGORIO - DIEGO MEZA,33,32,1,0.38932341506856066,0.33963084464003285,-0.049692570428527816,false,false
eva_adaptive_open,16,C057,PADRE VICENTE IRARRAZABAL - MANUEL CHACON,25,33,-8,0.41723732777812184,0.33451933997214295,-0.08271798780597889,false,true
eva_adaptive_open,16,C029,MARIA ELENA,35,34,1,0.3866330072050211,0.33369142766625387,-0.052941579538767214,false,false
eva_adaptive_open,16,C043,NEPTUNO,45,35,10,0.35474887854437137,0.33367397332944054,-0.021074905214930828,false,false
eva_adaptive_open,16,C061,EL PINAR,36,36,0,0.38117344530336017,0.3314808748748323,-0.04969257042852787,false,false
eva_adaptive_open,16,C001,SAN EUGENIO,52,37,15,0.3301050844306759,0.3301050844306759,0,false,false
eva_adaptive_open,16,C058,ANTONIO EBNER-BARROS ARANA,29,38,-9,0.40679457494201116,0.32780814449325085,-0.0789864304487603,false,true
eva_adaptive_open,16,C084,EL PINO - UNO SUR,116,39,77,0.21625589427110412,0.3238245260743082,0.10756863180320411,false,false
eva_adaptive_open,16,I07,EL GUANACO,21,40,-19,0.42548756362861406,0.32242652319202425,-0.10306104043658981,false,true
eva_adaptive_open,16,C032,OBISPO MANUEL UMAÑA,41,41,0,0.36167847000046166,0.32156060149077254,-0.040117868509689125,false,false
eva_adaptive_open,16,C007,EDUARDO CASTILLO VELASCO,56,42,14,0.3209682481807713,0.3209682481807713,0,false,false
eva_adaptive_open,16,I18,NUEVA IMPERIAL,79,43,36,0.28249960315815087,0.31746948982985224,0.03496988667170137,false,false
eva_adaptive_open,16,C024,LOS ARRAYANES - LOS COPIHUES,39,44,-5,0.369297779392275,0.3164169532190636,-0.05288082617321138,false,false
eva_adaptive_open,16,C40,VICUÑA MACKENNA - SAN MARTIN,88,45,43,0.2599804114545511,0.3163360869516046,0.0563556754970535,false,false
eva_adaptive_open,16,C074,URETA COX,58,46,12,0.31449957814869145,0.31449957814869145,0,false,false
eva_adaptive_open,16,C006,DOMINGO TOCORNAL,17,47,-30,0.44257795158972896,0.3107633231476695,-0.13181462844205943,false,true
eva_adaptive_open,16,C005,CORONEL ALEJANDRO SEPULVEDA,60,48,12,0.3106497256836105,0.3106497256836105,0,false,false
eva_adaptive_open,16,C015,JOSE MANUEL GUZMAN,76,49,27,0.2845092001303485,0.30947091182235803,0.024961711692009503,false,false
eva_adaptive_open,16,C050,MAR DE DRAKE,37,50,-13,0.3754671127887729,0.30811479039196454,-0.06735232239680838,false,false
eva_adaptive_open,16,C023,AVENIDA DORSAL,48,51,-3,0.34913804016037303,0.3066800306129391,-0.04245800954743395,false,false
eva_adaptive_open,16,I32,EINSTEIN,72,52,20,0.2891830343121434,0.3063172765506008,0.017134242238457387,false,false
eva_adaptive_open,16,C088,ÑUBLE,61,53,8,0.30596663776619404,0.30596663776619404,0,false,false
eva_adaptive_open,16,C020,LATINOAMERICA - PINTOR MURILLO - FRANCISCO TOLEDO,62,54,8,0.3053874986899725,0.3053874986899725,0,false,false
eva_adaptive_open,16,C028,MADRID,63,55,8,0.3053850663175511,0.3053850663175511,0,false,false
eva_adaptive_open,16,C034,PEDRO LEON UGALDE,64,56,8,0.30513444215224494,0.30513444215224494,0,false,false
eva_adaptive_open,16,C012,GABRIELA ORIENTE,109,57,52,0.23493763531224565,0.30503003121157846,0.0700923958993328,false,false
eva_adaptive_open,16,C037,SAN ALFONSO,65,58,7,0.3032697592490899,0.3032697592490899,0,false,false
eva_adaptive_open,16,C030,MAULE,66,59,7,0.30294715823212187,0.30294715823212187,0,false,false
eva_adaptive_open,16,C042,PRINCIPE DE GALES,67,60,7,0.3015275299366899,0.3015275299366899,0,false,false
eva_adaptive_open,16,C076,ISLA DECEPCION,93,61,32,0.25765035826791644,0.3008300476650675,0.043179689397151055,false,false
eva_adaptive_open,16,C003,CONCHA Y TORO,38,62,-24,0.3709576416282776,0.29879828061632957,-0.07215936101194803,false,false
eva_adaptive_open,16,C039,TUPUNGATO,113,63,50,0.22275270275256875,0.2972177850899593,0.07446508233739052,false,false
eva_adaptive_open,16,C064,SILVA CARVALLO - SANTA ELENA,85,64,21,0.264928178794096,0.29671303455212084,0.03178485575802481,false,false
eva_adaptive_open,16,C026,LOS MAITENES,102,65,37,0.24476449972018605,0.29619911153987877,0.05143461181969272,false,false
eva_adaptive_open,16,C038,TALCAHUANO - SANTA INES - LOS EDILES,101,66,35,0.24550764665869662,0.29573880114313694,0.05023115448444032,false,false
eva_adaptive_open,16,C031,NECOCHEA,103,67,36,0.24437487011116932,0.2942204983522875,0.049845628241118156,false,false
eva_adaptive_open,16,C065,NUEVA SAN MARTIN,91,68,23,0.2588125082913236,0.29384044783423063,0.03502793954290706,false,false
eva_adaptive_open,16,C079,LAS AMERICAS,87,69,18,0.26410913255677176,0.2935581354089318,0.02944900285216001,false,false
eva_adaptive_open,16,C044,LOS CERRILLOS,44,70,-26,0.355273233150638,0.2931210475714493,-0.06215218557918872,false,false
eva_adaptive_open,16,C013,HEROES DE LA CONCEPCION,70,71,-1,0.29161502323158384,0.29161502323158384,0,false,false
eva_adaptive_open,16,C004,CONSISTORIAL,73,72,1,0.28796525159755554,0.29093172378697835,0.0029664721894228085,false,false
eva_adaptive_open,16,C027,LOS PRESIDENTES,71,73,-2,0.2903073892430075,0.2903073892430075,0,false,false
eva_adaptive_open,16,C090,SANTO DOMINGO,59,74,-15,0.3106717940498921,0.2900617837756913,-0.020610010274200785,false,false
eva_adaptive_open,16,I23,PETERSEN - VICUÑA MACKENNA,74,75,-1,0.28720997267232284,0.28720997267232284,0,false,false
eva_adaptive_open,16,C022,LLANURA  - EL DESIERTO,78,76,2,0.2832694397879176,0.2832694397879176,0,false,false
eva_adaptive_open,16,C021,LAUTARO,117,77,40,0.20904169103894277,0.28261575863884686,0.07357406759990409,false,false
eva_adaptive_open,16,C046,EUCALIPTOS,77,78,-1,0.2836213631052964,0.28018177357498764,-0.003439589530308762,false,false
eva_adaptive_open,16,I28,SANTA RAQUEL,69,79,-10,0.2960140924026152,0.2776962274862046,-0.01831786491641063,false,false
eva_adaptive_open,16,C052,BAQUEDANO - POSTALES ORIENTE,82,80,2,0.2725119994529144,0.2725119994529144,0,false,false
eva_adaptive_open,16,C047,VIOLETA PARRA,86,81,5,0.2648001936107111,0.2648001936107111,0,false,false
eva_adaptive_open,16,C078,WALDO TAFF,51,82,-31,0.33255806783730496,0.2640982140605202,-0.06845985377678476,false,false
eva_adaptive_open,16,C089,J J PEREZ,84,83,1,0.26495488367176884,0.2638601848792436,-0.0010946987925252172,false,false
eva_adaptive_open,16,C010,ESQ BLANCA - ALBERTO LLONA,115,84,31,0.219488334536514,0.26262962253258254,0.043141287996068534,false,false
eva_adaptive_open,16,C069,LOS OLMOS,90,85,5,0.2594151168255869,0.2594151168255869,0,false,false
eva_adaptive_open,16,C009,EL ROSAL - SANTA ELENA,92,86,6,0.258292338870139,0.258292338870139,0,false,false
eva_adaptive_open,16,C085,LOS LIBERTADORES,119,87,32,0.19011991189992178,0.2571113931787424,0.0669914812788206,false,false
eva_adaptive_open,16,C002,CAPITAN IGNACIO CARRERA PINTO,94,88,6,0.2546555618818747,0.2546555618818747,0,false,false
eva_adaptive_open,16,C048,GENERAL ARRIAGADA,95,89,6,0.2517348978903142,0.2517348978903142,0,false,false
eva_adaptive_open,16,C033,OBSERVATORIO,96,90,6,0.25172362934577086,0.25172362934577086,0,false,false
eva_adaptive_open,16,C062,CORONA SUECA,83,91,-8,0.27233361403980005,0.2513511863347979,-0.020982427705002138,false,false
eva_adaptive_open,16,I03,CARRASCAL,97,92,5,0.24854515940907576,0.24854515940907576,0,false,false
eva_adaptive_open,16,C054,VICTORIA,98,93,5,0.24818166256108362,0.24708696376855838,-0.001094698792525245,false,false
eva_adaptive_open,16,C071,BARROS ARANA,104,94,10,0.2432718387690382,0.2432718387690382,0,false,false
eva_adaptive_open,16,C082,CAUPOLICAN,105,95,10,0.24201028797730914,0.24201028797730914,0,false,false
eva_adaptive_open,16,C080,PARAGUAY,106,96,10,0.2404621201898296,0.2404621201898296,0,false,false
eva_adaptive_open,16,C041,VISTA HERMOSA,55,97,-42,0.32433865422117386,0.23729046079619398,-0.08704819342497988,false,false
eva_adaptive_open,16,C087,SALVADOR GUTIERREZ,68,98,-30,0.2988400180747415,0.23167583897026392,-0.06716417910447756,false,false
eva_adaptive_open,16,C017,LA PARINACOTA,99,99,0,0.24787162646529243,0.2279533954363316,-0.019918231028960814,false,false
eva_adaptive_open,16,C051,JOSE MIGUEL INFANTE - DOMINGO STA MARIA,111,100,11,0.22770327755636682,0.22770327755636682,0,false,false
eva_adaptive_open,16,C008,EL CERRO,112,101,11,0.22664145134727998,0.22664145134727998,0,false,false
eva_adaptive_open,16,C055,ARTURO PRAT,118,102,16,0.1970214926913857,0.22432697243027433,0.02730547973888864,false,false
eva_adaptive_open,16,C036,RIO REFUGIO - SALAR SURIRE,107,103,4,0.23882288406802515,0.22368469062682966,-0.015138193441195491,false,false
eva_adaptive_open,16,C077,RICARDO VIAL,108,104,4,0.23530100578344948,0.22334495183243977,-0.01195605395100971,false,false
eva_adaptive_open,16,C045,PORTO ALEGRE,121,105,16,0.1789631843926075,0.2070448874311994,0.028081703038591893,false,false
eva_adaptive_open,16,C018,LA PRIMAVERA,120,106,14,0.18728903995307272,0.18729403797436894,0.000004998021296220845,false,false
eva_adaptive_open,16,C016,JUANITA,124,107,17,0.15869954711149178,0.18668961975965365,0.027990072648161862,false,false
eva_adaptive_open,16,C025,LOS DURAZNOS,122,108,14,0.17773769788730326,0.17779517513220938,0.00005747724490612338,false,false
eva_adaptive_open,16,C073,LOS MORROS,123,109,14,0.16537203853610075,0.16537203853610075,0,false,false
eva_adaptive_open,17,I27,SANTA CECILIA - NONATO COO,42,1,41,0.36006768212709356,0.5089639398517234,0.14889625772462983,true,false
eva_adaptive_open,17,EP-I34,VICUÑA MACKENNA,13,2,11,0.4789418889773093,0.4789418889773093,0,false,true
eva_adaptive_open,17,EP-I10,GRAN AVENIDA,19,3,16,0.435180901694348,0.46460786664517606,0.029426964950828083,false,true
eva_adaptive_open,17,I25,SAN FRANCISCO,43,4,39,0.3566735624368237,0.4392701160270343,0.08259655359021062,false,false
eva_adaptive_open,17,I09,GENERAL VELASQUEZ,15,5,10,0.45347011016300426,0.4341813116960046,-0.019288798466999657,false,true
eva_adaptive_open,17,EP-I33,LA CHIMBA,30,6,24,0.4043195865206677,0.4333992278113977,0.02907964129073004,false,true
eva_adaptive_open,17,C011,EYZAGUIRRE,89,7,82,0.2597262361382782,0.4206647047500463,0.16093846861176808,false,false
eva_adaptive_open,17,I06,DIAGONAL ORIENTE,31,8,23,0.40267663972498335,0.4196342852109756,0.016957645485992268,false,false
eva_adaptive_open,17,I15,MARTINEZ DE ROZAS,10,9,1,0.49042582216035796,0.4148837713854609,-0.07554205077489706,false,true
eva_adaptive_open,17,C086,LA ESTRELLA,40,10,30,0.36814789692769634,0.40582174457529135,0.037673847647595016,false,false
eva_adaptive_open,17,I13,LO ESPEJO-RIQUELME,54,11,43,0.32833080195639963,0.3962497602088669,0.06791895825246724,false,false
eva_adaptive_open,17,I24,RADAL,26,12,14,0.41533970570255174,0.3941541431777698,-0.02118556252478193,false,true
eva_adaptive_open,17,I29,SANTA ROSA,23,13,10,0.42297111297710543,0.3900683432225069,-0.03290276975459855,false,true
eva_adaptive_open,17,C070,MENDOZA (EX-CORONEL ROBLES),34,14,20,0.387202115587132,0.3888760372762755,0.0016739216891434872,false,false
eva_adaptive_open,17,C060,ROJAS MAGALLANES,24,15,9,0.4219139986989199,0.377217962582887,-0.0446960361160329,false,true
eva_adaptive_open,17,I05,DIAGONAL JOSE MARIA CARO,18,16,2,0.43893681633352033,0.37629945365668416,-0.06263736267683617,false,true
eva_adaptive_open,17,I32,EINSTEIN,72,17,55,0.2891830343121434,0.3746380343850449,0.08545500007290147,false,false
eva_adaptive_open,17,C053,CONDELL,47,18,29,0.3532028448920026,0.37348406945335577,0.020281224561353173,false,false
eva_adaptive_open,17,I17,MATUCANA,46,19,27,0.3532790270795219,0.3714683760149567,0.01818934893543478,false,false
eva_adaptive_open,17,I31,FERNANDEZ ALBANO,80,20,60,0.27793271006427517,0.3607126285891027,0.08277991852482752,false,false
eva_adaptive_open,17,I14,LO OVALLE,2,21,-19,0.6371787956227899,0.358325879724252,-0.2788529158985379,false,true
eva_adaptive_open,17,C063,LONGITUDINAL,75,22,53,0.28538182252354,0.3582564854774885,0.07287466295394851,false,false
eva_adaptive_open,17,C056,TEMUCO - TORO MAZOTTE,100,23,77,0.2468166288620158,0.35677635060669255,0.10995972174467675,false,false
eva_adaptive_open,17,I02,CARLOS VALDOVINOS,22,24,-2,0.4243998641097862,0.35528620955926693,-0.06911365455051927,false,true
eva_adaptive_open,17,C072,COVADONGA,114,25,89,0.2222660174854263,0.35473282077591645,0.13246680329049015,false,false
eva_adaptive_open,17,I08,GENERAL OSCAR BONILLA,16,26,-10,0.44379823929485906,0.3534852174985045,-0.09031302179635459,false,true
eva_adaptive_open,17,C083,ORIENTAL-LAS PARCELAS,50,27,23,0.33400841178333013,0.35096605726932234,0.016957645485992212,false,false
eva_adaptive_open,17,C019,LAS HIJUELAS SUR - LIBERTADOR BERNARDO OHIGGINS,110,28,82,0.23151138733257812,0.35074491316467155,0.11923352583209343,false,false
eva_adaptive_open,17,C035,PRODIVENCIA,81,29,52,0.27556952254522565,0.34424095963098794,0.06867143708576229,false,false
eva_adaptive_open,17,C014,JOSE DOMINGO CAÑAS,49,30,19,0.3434151720257287,0.344186224512373,0.0007710524866443302,false,false
eva_adaptive_open,17,C049,FEDERICO ERRÁZURIZ (EX SERRANO),53,31,22,0.32905890532348764,0.34191679647195344,0.012857891148465805,false,false
eva_adaptive_open,17,C081,SAN GREGORIO - DIEGO MEZA,33,32,1,0.38932341506856066,0.33963084464003285,-0.049692570428527816,false,false
eva_adaptive_open,17,C057,PADRE VICENTE IRARRAZABAL - MANUEL CHACON,25,33,-8,0.41723732777812184,0.33451933997214295,-0.08271798780597889,false,true
eva_adaptive_open,17,C029,MARIA ELENA,35,34,1,0.3866330072050211,0.33369142766625387,-0.052941579538767214,false,false
eva_adaptive_open,17,C043,NEPTUNO,45,35,10,0.35474887854437137,0.33367397332944054,-0.021074905214930828,false,false
eva_adaptive_open,17,C061,EL PINAR,36,36,0,0.38117344530336017,0.3314808748748323,-0.04969257042852787,false,false
eva_adaptive_open,17,C001,SAN EUGENIO,52,37,15,0.3301050844306759,0.3301050844306759,0,false,false
eva_adaptive_open,17,C058,ANTONIO EBNER-BARROS ARANA,29,38,-9,0.40679457494201116,0.32780814449325085,-0.0789864304487603,false,true
eva_adaptive_open,17,I07,EL GUANACO,21,39,-18,0.42548756362861406,0.3235831019219907,-0.10190446170662337,false,true
eva_adaptive_open,17,C032,OBISPO MANUEL UMAÑA,41,40,1,0.36167847000046166,0.32156060149077254,-0.040117868509689125,false,false
eva_adaptive_open,17,C007,EDUARDO CASTILLO VELASCO,56,41,15,0.3209682481807713,0.3209682481807713,0,false,false
eva_adaptive_open,17,C084,EL PINO - UNO SUR,116,42,74,0.21625589427110412,0.31822751114893505,0.10197161687783093,false,false
eva_adaptive_open,17,I18,NUEVA IMPERIAL,79,43,36,0.28249960315815087,0.31746948982985224,0.03496988667170137,false,false
eva_adaptive_open,17,C024,LOS ARRAYANES - LOS COPIHUES,39,44,-5,0.369297779392275,0.3164169532190636,-0.05288082617321138,false,false
eva_adaptive_open,17,C40,VICUÑA MACKENNA - SAN MARTIN,88,45,43,0.2599804114545511,0.3163360869516046,0.0563556754970535,false,false
eva_adaptive_open,17,C074,URETA COX,58,46,12,0.31449957814869145,0.31449957814869145,0,false,false
eva_adaptive_open,17,C006,DOMINGO TOCORNAL,17,47,-30,0.44257795158972896,0.3107633231476695,-0.13181462844205943,false,true
eva_adaptive_open,17,C005,CORONEL ALEJANDRO SEPULVEDA,60,48,12,0.3106497256836105,0.3106497256836105,0,false,false
eva_adaptive_open,17,C050,MAR DE DRAKE,37,49,-12,0.3754671127887729,0.30811479039196454,-0.06735232239680838,false,false
eva_adaptive_open,17,C023,AVENIDA DORSAL,48,50,-2,0.34913804016037303,0.3066800306129391,-0.04245800954743395,false,false
eva_adaptive_open,17,C088,ÑUBLE,61,51,10,0.30596663776619404,0.30596663776619404,0,false,false
eva_adaptive_open,17,C020,LATINOAMERICA - PINTOR MURILLO - FRANCISCO TOLEDO,62,52,10,0.3053874986899725,0.3053874986899725,0,false,false
eva_adaptive_open,17,C028,MADRID,63,53,10,0.3053850663175511,0.3053850663175511,0,false,false
eva_adaptive_open,17,C034,PEDRO LEON UGALDE,64,54,10,0.30513444215224494,0.30513444215224494,0,false,false
eva_adaptive_open,17,C015,JOSE MANUEL GUZMAN,76,55,21,0.2845092001303485,0.3038738968969849,0.01936469676663638,false,false
eva_adaptive_open,17,C037,SAN ALFONSO,65,56,9,0.3032697592490899,0.3032697592490899,0,false,false
eva_adaptive_open,17,C030,MAULE,66,57,9,0.30294715823212187,0.30294715823212187,0,false,false
eva_adaptive_open,17,C042,PRINCIPE DE GALES,67,58,9,0.3015275299366899,0.3015275299366899,0,false,false
eva_adaptive_open,17,C076,ISLA DECEPCION,93,59,34,0.25765035826791644,0.3008300476650675,0.043179689397151055,false,false
eva_adaptive_open,17,C012,GABRIELA ORIENTE,109,60,49,0.23493763531224565,0.29943301628620533,0.06449538097395968,false,false
eva_adaptive_open,17,C003,CONCHA Y TORO,38,61,-23,0.3709576416282776,0.29879828061632957,-0.07215936101194803,false,false
eva_adaptive_open,17,C039,TUPUNGATO,113,62,51,0.22275270275256875,0.2972177850899593,0.07446508233739052,false,false
eva_adaptive_open,17,C064,SILVA CARVALLO - SANTA ELENA,85,63,22,0.264928178794096,0.29671303455212084,0.03178485575802481,false,false
eva_adaptive_open,17,C026,LOS MAITENES,102,64,38,0.24476449972018605,0.29619911153987877,0.05143461181969272,false,false
eva_adaptive_open,17,C038,TALCAHUANO - SANTA INES - LOS EDILES,101,65,36,0.24550764665869662,0.29573880114313694,0.05023115448444032,false,false
eva_adaptive_open,17,C031,NECOCHEA,103,66,37,0.24437487011116932,0.2942204983522875,0.049845628241118156,false,false
eva_adaptive_open,17,C065,NUEVA SAN MARTIN,91,67,24,0.2588125082913236,0.29384044783423063,0.03502793954290706,false,false
eva_adaptive_open,17,C079,LAS AMERICAS,87,68,19,0.26410913255677176,0.2935581354089318,0.02944900285216001,false,false
eva_adaptive_open,17,C044,LOS CERRILLOS,44,69,-25,0.355273233150638,0.2931210475714493,-0.06215218557918872,false,false
eva_adaptive_open,17,C013,HEROES DE LA CONCEPCION,70,70,0,0.29161502323158384,0.29161502323158384,0,false,false
eva_adaptive_open,17,C004,CONSISTORIAL,73,71,2,0.28796525159755554,0.29093172378697835,0.0029664721894228085,false,false
eva_adaptive_open,17,C027,LOS PRESIDENTES,71,72,-1,0.2903073892430075,0.2903073892430075,0,false,false
eva_adaptive_open,17,C090,SANTO DOMINGO,59,73,-14,0.3106717940498921,0.2900617837756913,-0.020610010274200785,false,false
eva_adaptive_open,17,I23,PETERSEN - VICUÑA MACKENNA,74,74,0,0.28720997267232284,0.28720997267232284,0,false,false
eva_adaptive_open,17,C022,LLANURA  - EL DESIERTO,78,75,3,0.2832694397879176,0.2832694397879176,0,false,false
eva_adaptive_open,17,C021,LAUTARO,117,76,41,0.20904169103894277,0.28261575863884686,0.07357406759990409,false,false
eva_adaptive_open,17,C046,EUCALIPTOS,77,77,0,0.2836213631052964,0.28018177357498764,-0.003439589530308762,false,false
eva_adaptive_open,17,I28,SANTA RAQUEL,69,78,-9,0.2960140924026152,0.2776962274862046,-0.01831786491641063,false,false
eva_adaptive_open,17,C052,BAQUEDANO - POSTALES ORIENTE,82,79,3,0.2725119994529144,0.2725119994529144,0,false,false
eva_adaptive_open,17,C047,VIOLETA PARRA,86,80,6,0.2648001936107111,0.2648001936107111,0,false,false
eva_adaptive_open,17,C078,WALDO TAFF,51,81,-30,0.33255806783730496,0.2640982140605202,-0.06845985377678476,false,false
eva_adaptive_open,17,C089,J J PEREZ,84,82,2,0.26495488367176884,0.2638601848792436,-0.0010946987925252172,false,false
eva_adaptive_open,17,C010,ESQ BLANCA - ALBERTO LLONA,115,83,32,0.219488334536514,0.26262962253258254,0.043141287996068534,false,false
eva_adaptive_open,17,C069,LOS OLMOS,90,84,6,0.2594151168255869,0.2594151168255869,0,false,false
eva_adaptive_open,17,C009,EL ROSAL - SANTA ELENA,92,85,7,0.258292338870139,0.258292338870139,0,false,false
eva_adaptive_open,17,C002,CAPITAN IGNACIO CARRERA PINTO,94,86,8,0.2546555618818747,0.2546555618818747,0,false,false
eva_adaptive_open,17,C048,GENERAL ARRIAGADA,95,87,8,0.2517348978903142,0.2517348978903142,0,false,false
eva_adaptive_open,17,C033,OBSERVATORIO,96,88,8,0.25172362934577086,0.25172362934577086,0,false,false
eva_adaptive_open,17,C085,LOS LIBERTADORES,119,89,30,0.19011991189992178,0.25151437825336925,0.061394466353447474,false,false
eva_adaptive_open,17,C062,CORONA SUECA,83,90,-7,0.27233361403980005,0.2513511863347979,-0.020982427705002138,false,false
eva_adaptive_open,17,I03,CARRASCAL,97,91,6,0.24854515940907576,0.24854515940907576,0,false,false
eva_adaptive_open,17,C054,VICTORIA,98,92,6,0.24818166256108362,0.24708696376855838,-0.001094698792525245,false,false
eva_adaptive_open,17,C071,BARROS ARANA,104,93,11,0.2432718387690382,0.2432718387690382,0,false,false
eva_adaptive_open,17,C082,CAUPOLICAN,105,94,11,0.24201028797730914,0.24201028797730914,0,false,false
eva_adaptive_open,17,C080,PARAGUAY,106,95,11,0.2404621201898296,0.2404621201898296,0,false,false
eva_adaptive_open,17,C041,VISTA HERMOSA,55,96,-41,0.32433865422117386,0.23729046079619398,-0.08704819342497988,false,false
eva_adaptive_open,17,C087,SALVADOR GUTIERREZ,68,97,-29,0.2988400180747415,0.23167583897026392,-0.06716417910447756,false,false
eva_adaptive_open,17,C017,LA PARINACOTA,99,98,1,0.24787162646529243,0.2279533954363316,-0.019918231028960814,false,false
eva_adaptive_open,17,C051,JOSE MIGUEL INFANTE - DOMINGO STA MARIA,111,99,12,0.22770327755636682,0.22770327755636682,0,false,false
eva_adaptive_open,17,C008,EL CERRO,112,100,12,0.22664145134727998,0.22664145134727998,0,false,false
eva_adaptive_open,17,C055,ARTURO PRAT,118,101,17,0.1970214926913857,0.22432697243027433,0.02730547973888864,false,false
eva_adaptive_open,17,C036,RIO REFUGIO - SALAR SURIRE,107,102,5,0.23882288406802515,0.22368469062682966,-0.015138193441195491,false,false
eva_adaptive_open,17,C077,RICARDO VIAL,108,103,5,0.23530100578344948,0.22334495183243977,-0.01195605395100971,false,false
eva_adaptive_open,17,C045,PORTO ALEGRE,121,104,17,0.1789631843926075,0.2070448874311994,0.028081703038591893,false,false
eva_adaptive_open,17,C018,LA PRIMAVERA,120,105,15,0.18728903995307272,0.18729403797436894,0.000004998021296220845,false,false
eva_adaptive_open,17,C016,JUANITA,124,106,18,0.15869954711149178,0.18668961975965365,0.027990072648161862,false,false
eva_adaptive_open,17,C025,LOS DURAZNOS,122,107,15,0.17773769788730326,0.17779517513220938,0.00005747724490612338,false,false
eva_adaptive_open,17,C073,LOS MORROS,123,108,15,0.16537203853610075,0.16537203853610075,0,false,false
eva_adaptive_open,18,EP-I34,VICUÑA MACKENNA,13,1,12,0.4789418889773093,0.4789418889773093,0,true,true
eva_adaptive_open,18,EP-I10,GRAN AVENIDA,19,2,17,0.435180901694348,0.46460786664517606,0.029426964950828083,false,true
eva_adaptive_open,18,I25,SAN FRANCISCO,43,3,40,0.3566735624368237,0.4392701160270343,0.08259655359021062,false,false
eva_adaptive_open,18,I09,GENERAL VELASQUEZ,15,4,11,0.45347011016300426,0.4341813116960046,-0.019288798466999657,false,true
eva_adaptive_open,18,EP-I33,LA CHIMBA,30,5,25,0.4043195865206677,0.4333992278113977,0.02907964129073004,false,true
eva_adaptive_open,18,C011,EYZAGUIRRE,89,6,83,0.2597262361382782,0.4206647047500463,0.16093846861176808,false,false
eva_adaptive_open,18,I06,DIAGONAL ORIENTE,31,7,24,0.40267663972498335,0.4196342852109756,0.016957645485992268,false,false
eva_adaptive_open,18,I15,MARTINEZ DE ROZAS,10,8,2,0.49042582216035796,0.4148837713854609,-0.07554205077489706,false,true
eva_adaptive_open,18,C086,LA ESTRELLA,40,9,31,0.36814789692769634,0.40582174457529135,0.037673847647595016,false,false
eva_adaptive_open,18,I13,LO ESPEJO-RIQUELME,54,10,44,0.32833080195639963,0.3962497602088669,0.06791895825246724,false,false
eva_adaptive_open,18,I24,RADAL,26,11,15,0.41533970570255174,0.3941541431777698,-0.02118556252478193,false,true
eva_adaptive_open,18,I29,SANTA ROSA,23,12,11,0.42297111297710543,0.3900683432225069,-0.03290276975459855,false,true
eva_adaptive_open,18,C070,MENDOZA (EX-CORONEL ROBLES),34,13,21,0.387202115587132,0.3888760372762755,0.0016739216891434872,false,false
eva_adaptive_open,18,C060,ROJAS MAGALLANES,24,14,10,0.4219139986989199,0.377217962582887,-0.0446960361160329,false,true
eva_adaptive_open,18,I05,DIAGONAL JOSE MARIA CARO,18,15,3,0.43893681633352033,0.37629945365668416,-0.06263736267683617,false,true
eva_adaptive_open,18,I32,EINSTEIN,72,16,56,0.2891830343121434,0.3746380343850449,0.08545500007290147,false,false
eva_adaptive_open,18,C053,CONDELL,47,17,30,0.3532028448920026,0.37348406945335577,0.020281224561353173,false,false
eva_adaptive_open,18,I17,MATUCANA,46,18,28,0.3532790270795219,0.3714683760149567,0.01818934893543478,false,false
eva_adaptive_open,18,C006,DOMINGO TOCORNAL,17,19,-2,0.44257795158972896,0.36750452488804514,-0.07507342670168382,false,true
eva_adaptive_open,18,I31,FERNANDEZ ALBANO,80,20,60,0.27793271006427517,0.3607126285891027,0.08277991852482752,false,false
eva_adaptive_open,18,I14,LO OVALLE,2,21,-19,0.6371787956227899,0.358325879724252,-0.2788529158985379,false,true
eva_adaptive_open,18,C063,LONGITUDINAL,75,22,53,0.28538182252354,0.3582564854774885,0.07287466295394851,false,false
eva_adaptive_open,18,C056,TEMUCO - TORO MAZOTTE,100,23,77,0.2468166288620158,0.35677635060669255,0.10995972174467675,false,false
eva_adaptive_open,18,I02,CARLOS VALDOVINOS,22,24,-2,0.4243998641097862,0.35528620955926693,-0.06911365455051927,false,true
eva_adaptive_open,18,C072,COVADONGA,114,25,89,0.2222660174854263,0.35473282077591645,0.13246680329049015,false,false
eva_adaptive_open,18,I08,GENERAL OSCAR BONILLA,16,26,-10,0.44379823929485906,0.3534852174985045,-0.09031302179635459,false,true
eva_adaptive_open,18,C083,ORIENTAL-LAS PARCELAS,50,27,23,0.33400841178333013,0.35096605726932234,0.016957645485992212,false,false
eva_adaptive_open,18,C019,LAS HIJUELAS SUR - LIBERTADOR BERNARDO OHIGGINS,110,28,82,0.23151138733257812,0.35074491316467155,0.11923352583209343,false,false
eva_adaptive_open,18,C035,PRODIVENCIA,81,29,52,0.27556952254522565,0.34424095963098794,0.06867143708576229,false,false
eva_adaptive_open,18,C014,JOSE DOMINGO CAÑAS,49,30,19,0.3434151720257287,0.344186224512373,0.0007710524866443302,false,false
eva_adaptive_open,18,C049,FEDERICO ERRÁZURIZ (EX SERRANO),53,31,22,0.32905890532348764,0.34191679647195344,0.012857891148465805,false,false
eva_adaptive_open,18,C081,SAN GREGORIO - DIEGO MEZA,33,32,1,0.38932341506856066,0.33963084464003285,-0.049692570428527816,false,false
eva_adaptive_open,18,C057,PADRE VICENTE IRARRAZABAL - MANUEL CHACON,25,33,-8,0.41723732777812184,0.33451933997214295,-0.08271798780597889,false,true
eva_adaptive_open,18,C029,MARIA ELENA,35,34,1,0.3866330072050211,0.33369142766625387,-0.052941579538767214,false,false
eva_adaptive_open,18,C043,NEPTUNO,45,35,10,0.35474887854437137,0.33367397332944054,-0.021074905214930828,false,false
eva_adaptive_open,18,C061,EL PINAR,36,36,0,0.38117344530336017,0.3314808748748323,-0.04969257042852787,false,false
eva_adaptive_open,18,C001,SAN EUGENIO,52,37,15,0.3301050844306759,0.3301050844306759,0,false,false
eva_adaptive_open,18,C058,ANTONIO EBNER-BARROS ARANA,29,38,-9,0.40679457494201116,0.32780814449325085,-0.0789864304487603,false,true
eva_adaptive_open,18,I07,EL GUANACO,21,39,-18,0.42548756362861406,0.3235831019219907,-0.10190446170662337,false,true
eva_adaptive_open,18,C032,OBISPO MANUEL UMAÑA,41,40,1,0.36167847000046166,0.32156060149077254,-0.040117868509689125,false,false
eva_adaptive_open,18,C007,EDUARDO CASTILLO VELASCO,56,41,15,0.3209682481807713,0.3209682481807713,0,false,false
eva_adaptive_open,18,C084,EL PINO - UNO SUR,116,42,74,0.21625589427110412,0.31822751114893505,0.10197161687783093,false,false
eva_adaptive_open,18,I18,NUEVA IMPERIAL,79,43,36,0.28249960315815087,0.31746948982985224,0.03496988667170137,false,false
eva_adaptive_open,18,C024,LOS ARRAYANES - LOS COPIHUES,39,44,-5,0.369297779392275,0.3164169532190636,-0.05288082617321138,false,false
eva_adaptive_open,18,C40,VICUÑA MACKENNA - SAN MARTIN,88,45,43,0.2599804114545511,0.3163360869516046,0.0563556754970535,false,false
eva_adaptive_open,18,C074,URETA COX,58,46,12,0.31449957814869145,0.31449957814869145,0,false,false
eva_adaptive_open,18,C005,CORONEL ALEJANDRO SEPULVEDA,60,47,13,0.3106497256836105,0.3106497256836105,0,false,false
eva_adaptive_open,18,C050,MAR DE DRAKE,37,48,-11,0.3754671127887729,0.30811479039196454,-0.06735232239680838,false,false
eva_adaptive_open,18,C023,AVENIDA DORSAL,48,49,-1,0.34913804016037303,0.3066800306129391,-0.04245800954743395,false,false
eva_adaptive_open,18,C088,ÑUBLE,61,50,11,0.30596663776619404,0.30596663776619404,0,false,false
eva_adaptive_open,18,C020,LATINOAMERICA - PINTOR MURILLO - FRANCISCO TOLEDO,62,51,11,0.3053874986899725,0.3053874986899725,0,false,false
eva_adaptive_open,18,C028,MADRID,63,52,11,0.3053850663175511,0.3053850663175511,0,false,false
eva_adaptive_open,18,C034,PEDRO LEON UGALDE,64,53,11,0.30513444215224494,0.30513444215224494,0,false,false
eva_adaptive_open,18,C015,JOSE MANUEL GUZMAN,76,54,22,0.2845092001303485,0.3038738968969849,0.01936469676663638,false,false
eva_adaptive_open,18,C037,SAN ALFONSO,65,55,10,0.3032697592490899,0.3032697592490899,0,false,false
eva_adaptive_open,18,C030,MAULE,66,56,10,0.30294715823212187,0.30294715823212187,0,false,false
eva_adaptive_open,18,C042,PRINCIPE DE GALES,67,57,10,0.3015275299366899,0.3015275299366899,0,false,false
eva_adaptive_open,18,C076,ISLA DECEPCION,93,58,35,0.25765035826791644,0.3008300476650675,0.043179689397151055,false,false
eva_adaptive_open,18,C003,CONCHA Y TORO,38,59,-21,0.3709576416282776,0.29879828061632957,-0.07215936101194803,false,false
eva_adaptive_open,18,C039,TUPUNGATO,113,60,53,0.22275270275256875,0.2972177850899593,0.07446508233739052,false,false
eva_adaptive_open,18,C064,SILVA CARVALLO - SANTA ELENA,85,61,24,0.264928178794096,0.29671303455212084,0.03178485575802481,false,false
eva_adaptive_open,18,C026,LOS MAITENES,102,62,40,0.24476449972018605,0.29619911153987877,0.05143461181969272,false,false
eva_adaptive_open,18,C038,TALCAHUANO - SANTA INES - LOS EDILES,101,63,38,0.24550764665869662,0.29573880114313694,0.05023115448444032,false,false
eva_adaptive_open,18,C031,NECOCHEA,103,64,39,0.24437487011116932,0.2942204983522875,0.049845628241118156,false,false
eva_adaptive_open,18,C065,NUEVA SAN MARTIN,91,65,26,0.2588125082913236,0.29384044783423063,0.03502793954290706,false,false
eva_adaptive_open,18,C079,LAS AMERICAS,87,66,21,0.26410913255677176,0.2935581354089318,0.02944900285216001,false,false
eva_adaptive_open,18,C044,LOS CERRILLOS,44,67,-23,0.355273233150638,0.2931210475714493,-0.06215218557918872,false,false
eva_adaptive_open,18,C013,HEROES DE LA CONCEPCION,70,68,2,0.29161502323158384,0.29161502323158384,0,false,false
eva_adaptive_open,18,C004,CONSISTORIAL,73,69,4,0.28796525159755554,0.29093172378697835,0.0029664721894228085,false,false
eva_adaptive_open,18,C027,LOS PRESIDENTES,71,70,1,0.2903073892430075,0.2903073892430075,0,false,false
eva_adaptive_open,18,C090,SANTO DOMINGO,59,71,-12,0.3106717940498921,0.2900617837756913,-0.020610010274200785,false,false
eva_adaptive_open,18,I23,PETERSEN - VICUÑA MACKENNA,74,72,2,0.28720997267232284,0.28720997267232284,0,false,false
eva_adaptive_open,18,C022,LLANURA  - EL DESIERTO,78,73,5,0.2832694397879176,0.2832694397879176,0,false,false
eva_adaptive_open,18,C021,LAUTARO,117,74,43,0.20904169103894277,0.28261575863884686,0.07357406759990409,false,false
eva_adaptive_open,18,C046,EUCALIPTOS,77,75,2,0.2836213631052964,0.28018177357498764,-0.003439589530308762,false,false
eva_adaptive_open,18,I28,SANTA RAQUEL,69,76,-7,0.2960140924026152,0.2776962274862046,-0.01831786491641063,false,false
eva_adaptive_open,18,C052,BAQUEDANO - POSTALES ORIENTE,82,77,5,0.2725119994529144,0.2725119994529144,0,false,false
eva_adaptive_open,18,C047,VIOLETA PARRA,86,78,8,0.2648001936107111,0.2648001936107111,0,false,false
eva_adaptive_open,18,C078,WALDO TAFF,51,79,-28,0.33255806783730496,0.2640982140605202,-0.06845985377678476,false,false
eva_adaptive_open,18,C089,J J PEREZ,84,80,4,0.26495488367176884,0.2638601848792436,-0.0010946987925252172,false,false
eva_adaptive_open,18,C010,ESQ BLANCA - ALBERTO LLONA,115,81,34,0.219488334536514,0.26262962253258254,0.043141287996068534,false,false
eva_adaptive_open,18,C069,LOS OLMOS,90,82,8,0.2594151168255869,0.2594151168255869,0,false,false
eva_adaptive_open,18,C009,EL ROSAL - SANTA ELENA,92,83,9,0.258292338870139,0.258292338870139,0,false,false
eva_adaptive_open,18,C002,CAPITAN IGNACIO CARRERA PINTO,94,84,10,0.2546555618818747,0.2546555618818747,0,false,false
eva_adaptive_open,18,C048,GENERAL ARRIAGADA,95,85,10,0.2517348978903142,0.2517348978903142,0,false,false
eva_adaptive_open,18,C033,OBSERVATORIO,96,86,10,0.25172362934577086,0.25172362934577086,0,false,false
eva_adaptive_open,18,C085,LOS LIBERTADORES,119,87,32,0.19011991189992178,0.25151437825336925,0.061394466353447474,false,false
eva_adaptive_open,18,C062,CORONA SUECA,83,88,-5,0.27233361403980005,0.2513511863347979,-0.020982427705002138,false,false
eva_adaptive_open,18,C012,GABRIELA ORIENTE,109,89,20,0.23493763531224565,0.2504161476776965,0.015478512365450836,false,false
eva_adaptive_open,18,I03,CARRASCAL,97,90,7,0.24854515940907576,0.24854515940907576,0,false,false
eva_adaptive_open,18,C054,VICTORIA,98,91,7,0.24818166256108362,0.24708696376855838,-0.001094698792525245,false,false
eva_adaptive_open,18,C071,BARROS ARANA,104,92,12,0.2432718387690382,0.2432718387690382,0,false,false
eva_adaptive_open,18,C082,CAUPOLICAN,105,93,12,0.24201028797730914,0.24201028797730914,0,false,false
eva_adaptive_open,18,C080,PARAGUAY,106,94,12,0.2404621201898296,0.2404621201898296,0,false,false
eva_adaptive_open,18,C041,VISTA HERMOSA,55,95,-40,0.32433865422117386,0.23729046079619398,-0.08704819342497988,false,false
eva_adaptive_open,18,C087,SALVADOR GUTIERREZ,68,96,-28,0.2988400180747415,0.23167583897026392,-0.06716417910447756,false,false
eva_adaptive_open,18,C017,LA PARINACOTA,99,97,2,0.24787162646529243,0.2279533954363316,-0.019918231028960814,false,false
eva_adaptive_open,18,C051,JOSE MIGUEL INFANTE - DOMINGO STA MARIA,111,98,13,0.22770327755636682,0.22770327755636682,0,false,false
eva_adaptive_open,18,C008,EL CERRO,112,99,13,0.22664145134727998,0.22664145134727998,0,false,false
eva_adaptive_open,18,C055,ARTURO PRAT,118,100,18,0.1970214926913857,0.22432697243027433,0.02730547973888864,false,false
eva_adaptive_open,18,C036,RIO REFUGIO - SALAR SURIRE,107,101,6,0.23882288406802515,0.22368469062682966,-0.015138193441195491,false,false
eva_adaptive_open,18,C077,RICARDO VIAL,108,102,6,0.23530100578344948,0.22334495183243977,-0.01195605395100971,false,false
eva_adaptive_open,18,C045,PORTO ALEGRE,121,103,18,0.1789631843926075,0.2070448874311994,0.028081703038591893,false,false
eva_adaptive_open,18,C018,LA PRIMAVERA,120,104,16,0.18728903995307272,0.18729403797436894,0.000004998021296220845,false,false
eva_adaptive_open,18,C016,JUANITA,124,105,19,0.15869954711149178,0.18668961975965365,0.027990072648161862,false,false
eva_adaptive_open,18,C025,LOS DURAZNOS,122,106,16,0.17773769788730326,0.17779517513220938,0.00005747724490612338,false,false
eva_adaptive_open,18,C073,LOS MORROS,123,107,16,0.16537203853610075,0.16537203853610075,0,false,false
eva_adaptive_open,19,EP-I10,GRAN AVENIDA,19,1,18,0.435180901694348,0.46460786664517606,0.029426964950828083,true,true
eva_adaptive_open,19,I25,SAN FRANCISCO,43,2,41,0.3566735624368237,0.4392701160270343,0.08259655359021062,false,false
eva_adaptive_open,19,I09,GENERAL VELASQUEZ,15,3,12,0.45347011016300426,0.4341813116960046,-0.019288798466999657,false,true
eva_adaptive_open,19,EP-I33,LA CHIMBA,30,4,26,0.4043195865206677,0.4333992278113977,0.02907964129073004,false,true
eva_adaptive_open,19,I06,DIAGONAL ORIENTE,31,5,26,0.40267663972498335,0.42079086394094195,0.018114224215958596,false,false
eva_adaptive_open,19,C011,EYZAGUIRRE,89,6,83,0.2597262361382782,0.4206647047500463,0.16093846861176808,false,false
eva_adaptive_open,19,I15,MARTINEZ DE ROZAS,10,7,3,0.49042582216035796,0.4148837713854609,-0.07554205077489706,false,true
eva_adaptive_open,19,C086,LA ESTRELLA,40,8,32,0.36814789692769634,0.40582174457529135,0.037673847647595016,false,false
eva_adaptive_open,19,I13,LO ESPEJO-RIQUELME,54,9,45,0.32833080195639963,0.3962497602088669,0.06791895825246724,false,false
eva_adaptive_open,19,I24,RADAL,26,10,16,0.41533970570255174,0.3941541431777698,-0.02118556252478193,false,true
eva_adaptive_open,19,I29,SANTA ROSA,23,11,12,0.42297111297710543,0.3900683432225069,-0.03290276975459855,false,true
eva_adaptive_open,19,C070,MENDOZA (EX-CORONEL ROBLES),34,12,22,0.387202115587132,0.3888760372762755,0.0016739216891434872,false,false
eva_adaptive_open,19,C060,ROJAS MAGALLANES,24,13,11,0.4219139986989199,0.377217962582887,-0.0446960361160329,false,true
eva_adaptive_open,19,I05,DIAGONAL JOSE MARIA CARO,18,14,4,0.43893681633352033,0.37629945365668416,-0.06263736267683617,false,true
eva_adaptive_open,19,I32,EINSTEIN,72,15,57,0.2891830343121434,0.3746380343850449,0.08545500007290147,false,false
eva_adaptive_open,19,C053,CONDELL,47,16,31,0.3532028448920026,0.37348406945335577,0.020281224561353173,false,false
eva_adaptive_open,19,I17,MATUCANA,46,17,29,0.3532790270795219,0.3714683760149567,0.01818934893543478,false,false
eva_adaptive_open,19,C006,DOMINGO TOCORNAL,17,18,-1,0.44257795158972896,0.36750452488804514,-0.07507342670168382,false,true
eva_adaptive_open,19,I31,FERNANDEZ ALBANO,80,19,61,0.27793271006427517,0.3607126285891027,0.08277991852482752,false,false
eva_adaptive_open,19,I14,LO OVALLE,2,20,-18,0.6371787956227899,0.358325879724252,-0.2788529158985379,false,true
eva_adaptive_open,19,C063,LONGITUDINAL,75,21,54,0.28538182252354,0.3582564854774885,0.07287466295394851,false,false
eva_adaptive_open,19,C056,TEMUCO - TORO MAZOTTE,100,22,78,0.2468166288620158,0.35677635060669255,0.10995972174467675,false,false
eva_adaptive_open,19,I02,CARLOS VALDOVINOS,22,23,-1,0.4243998641097862,0.35528620955926693,-0.06911365455051927,false,true
eva_adaptive_open,19,C072,COVADONGA,114,24,90,0.2222660174854263,0.35473282077591645,0.13246680329049015,false,false
eva_adaptive_open,19,I08,GENERAL OSCAR BONILLA,16,25,-9,0.44379823929485906,0.3534852174985045,-0.09031302179635459,false,true
eva_adaptive_open,19,C083,ORIENTAL-LAS PARCELAS,50,26,24,0.33400841178333013,0.35096605726932234,0.016957645485992212,false,false
eva_adaptive_open,19,C019,LAS HIJUELAS SUR - LIBERTADOR BERNARDO OHIGGINS,110,27,83,0.23151138733257812,0.35074491316467155,0.11923352583209343,false,false
eva_adaptive_open,19,C014,JOSE DOMINGO CAÑAS,49,28,21,0.3434151720257287,0.3453428032423394,0.0019276312166107146,false,false
eva_adaptive_open,19,C035,PRODIVENCIA,81,29,52,0.27556952254522565,0.34424095963098794,0.06867143708576229,false,false
eva_adaptive_open,19,C049,FEDERICO ERRÁZURIZ (EX SERRANO),53,30,23,0.32905890532348764,0.34191679647195344,0.012857891148465805,false,false
eva_adaptive_open,19,C081,SAN GREGORIO - DIEGO MEZA,33,31,2,0.38932341506856066,0.33963084464003285,-0.049692570428527816,false,false
eva_adaptive_open,19,C057,PADRE VICENTE IRARRAZABAL - MANUEL CHACON,25,32,-7,0.41723732777812184,0.33451933997214295,-0.08271798780597889,false,true
eva_adaptive_open,19,C029,MARIA ELENA,35,33,2,0.3866330072050211,0.33369142766625387,-0.052941579538767214,false,false
eva_adaptive_open,19,C043,NEPTUNO,45,34,11,0.35474887854437137,0.33367397332944054,-0.021074905214930828,false,false
eva_adaptive_open,19,C061,EL PINAR,36,35,1,0.38117344530336017,0.3314808748748323,-0.04969257042852787,false,false
eva_adaptive_open,19,C058,ANTONIO EBNER-BARROS ARANA,29,36,-7,0.40679457494201116,0.32780814449325085,-0.0789864304487603,false,true
eva_adaptive_open,19,I07,EL GUANACO,21,37,-16,0.42548756362861406,0.3235831019219907,-0.10190446170662337,false,true
eva_adaptive_open,19,C032,OBISPO MANUEL UMAÑA,41,38,3,0.36167847000046166,0.32156060149077254,-0.040117868509689125,false,false
eva_adaptive_open,19,C007,EDUARDO CASTILLO VELASCO,56,39,17,0.3209682481807713,0.3209682481807713,0,false,false
eva_adaptive_open,19,C084,EL PINO - UNO SUR,116,40,76,0.21625589427110412,0.31822751114893505,0.10197161687783093,false,false
eva_adaptive_open,19,I18,NUEVA IMPERIAL,79,41,38,0.28249960315815087,0.31746948982985224,0.03496988667170137,false,false
eva_adaptive_open,19,C024,LOS ARRAYANES - LOS COPIHUES,39,42,-3,0.369297779392275,0.3164169532190636,-0.05288082617321138,false,false
eva_adaptive_open,19,C40,VICUÑA MACKENNA - SAN MARTIN,88,43,45,0.2599804114545511,0.3163360869516046,0.0563556754970535,false,false
eva_adaptive_open,19,C074,URETA COX,58,44,14,0.31449957814869145,0.31449957814869145,0,false,false
eva_adaptive_open,19,C001,SAN EUGENIO,52,45,7,0.3301050844306759,0.31315225632030524,-0.016952828110370632,false,false
eva_adaptive_open,19,C005,CORONEL ALEJANDRO SEPULVEDA,60,46,14,0.3106497256836105,0.3106497256836105,0,false,false
eva_adaptive_open,19,C050,MAR DE DRAKE,37,47,-10,0.3754671127887729,0.30811479039196454,-0.06735232239680838,false,false
eva_adaptive_open,19,C023,AVENIDA DORSAL,48,48,0,0.34913804016037303,0.3066800306129391,-0.04245800954743395,false,false
eva_adaptive_open,19,C088,ÑUBLE,61,49,12,0.30596663776619404,0.3063521640095162,0.0003855262433221651,false,false
eva_adaptive_open,19,C034,PEDRO LEON UGALDE,64,50,14,0.30513444215224494,0.3059054946388892,0.0007710524866442747,false,false
eva_adaptive_open,19,C028,MADRID,63,51,12,0.3053850663175511,0.3057705925608732,0.0003855262433221096,false,false
eva_adaptive_open,19,C020,LATINOAMERICA - PINTOR MURILLO - FRANCISCO TOLEDO,62,52,10,0.3053874986899725,0.3053874986899725,0,false,false
eva_adaptive_open,19,C015,JOSE MANUEL GUZMAN,76,53,23,0.2845092001303485,0.3038738968969849,0.01936469676663638,false,false
eva_adaptive_open,19,C030,MAULE,66,54,12,0.30294715823212187,0.30333268447544404,0.0003855262433221651,false,false
eva_adaptive_open,19,C037,SAN ALFONSO,65,55,10,0.3032697592490899,0.3032697592490899,0,false,false
eva_adaptive_open,19,C042,PRINCIPE DE GALES,67,56,11,0.3015275299366899,0.3015275299366899,0,false,false
eva_adaptive_open,19,C076,ISLA DECEPCION,93,57,36,0.25765035826791644,0.3008300476650675,0.043179689397151055,false,false
eva_adaptive_open,19,C003,CONCHA Y TORO,38,58,-20,0.3709576416282776,0.29879828061632957,-0.07215936101194803,false,false
eva_adaptive_open,19,C039,TUPUNGATO,113,59,54,0.22275270275256875,0.2972177850899593,0.07446508233739052,false,false
eva_adaptive_open,19,C064,SILVA CARVALLO - SANTA ELENA,85,60,25,0.264928178794096,0.29671303455212084,0.03178485575802481,false,false
eva_adaptive_open,19,C026,LOS MAITENES,102,61,41,0.24476449972018605,0.29619911153987877,0.05143461181969272,false,false
eva_adaptive_open,19,C038,TALCAHUANO - SANTA INES - LOS EDILES,101,62,39,0.24550764665869662,0.29573880114313694,0.05023115448444032,false,false
eva_adaptive_open,19,C031,NECOCHEA,103,63,40,0.24437487011116932,0.2942204983522875,0.049845628241118156,false,false
eva_adaptive_open,19,C065,NUEVA SAN MARTIN,91,64,27,0.2588125082913236,0.29384044783423063,0.03502793954290706,false,false
eva_adaptive_open,19,C079,LAS AMERICAS,87,65,22,0.26410913255677176,0.2935581354089318,0.02944900285216001,false,false
eva_adaptive_open,19,C044,LOS CERRILLOS,44,66,-22,0.355273233150638,0.2931210475714493,-0.06215218557918872,false,false
eva_adaptive_open,19,C013,HEROES DE LA CONCEPCION,70,67,3,0.29161502323158384,0.29161502323158384,0,false,false
eva_adaptive_open,19,C004,CONSISTORIAL,73,68,5,0.28796525159755554,0.29093172378697835,0.0029664721894228085,false,false
eva_adaptive_open,19,C027,LOS PRESIDENTES,71,69,2,0.2903073892430075,0.2903073892430075,0,false,false
eva_adaptive_open,19,C090,SANTO DOMINGO,59,70,-11,0.3106717940498921,0.2900617837756913,-0.020610010274200785,false,false
eva_adaptive_open,19,I23,PETERSEN - VICUÑA MACKENNA,74,71,3,0.28720997267232284,0.28720997267232284,0,false,false
eva_adaptive_open,19,C022,LLANURA  - EL DESIERTO,78,72,6,0.2832694397879176,0.2832694397879176,0,false,false
eva_adaptive_open,19,C021,LAUTARO,117,73,44,0.20904169103894277,0.28261575863884686,0.07357406759990409,false,false
eva_adaptive_open,19,C046,EUCALIPTOS,77,74,3,0.2836213631052964,0.28018177357498764,-0.003439589530308762,false,false
eva_adaptive_open,19,I28,SANTA RAQUEL,69,75,-6,0.2960140924026152,0.2776962274862046,-0.01831786491641063,false,false
eva_adaptive_open,19,C052,BAQUEDANO - POSTALES ORIENTE,82,76,6,0.2725119994529144,0.2725119994529144,0,false,false
eva_adaptive_open,19,C047,VIOLETA PARRA,86,77,9,0.2648001936107111,0.2648001936107111,0,false,false
eva_adaptive_open,19,C078,WALDO TAFF,51,78,-27,0.33255806783730496,0.2640982140605202,-0.06845985377678476,false,false
eva_adaptive_open,19,C089,J J PEREZ,84,79,5,0.26495488367176884,0.2638601848792436,-0.0010946987925252172,false,false
eva_adaptive_open,19,C010,ESQ BLANCA - ALBERTO LLONA,115,80,35,0.219488334536514,0.26262962253258254,0.043141287996068534,false,false
eva_adaptive_open,19,C069,LOS OLMOS,90,81,9,0.2594151168255869,0.2594151168255869,0,false,false
eva_adaptive_open,19,C009,EL ROSAL - SANTA ELENA,92,82,10,0.258292338870139,0.258292338870139,0,false,false
eva_adaptive_open,19,C002,CAPITAN IGNACIO CARRERA PINTO,94,83,11,0.2546555618818747,0.2546555618818747,0,false,false
eva_adaptive_open,19,C048,GENERAL ARRIAGADA,95,84,11,0.2517348978903142,0.2517348978903142,0,false,false
eva_adaptive_open,19,C033,OBSERVATORIO,96,85,11,0.25172362934577086,0.25172362934577086,0,false,false
eva_adaptive_open,19,C085,LOS LIBERTADORES,119,86,33,0.19011991189992178,0.25151437825336925,0.061394466353447474,false,false
eva_adaptive_open,19,C062,CORONA SUECA,83,87,-4,0.27233361403980005,0.2513511863347979,-0.020982427705002138,false,false
eva_adaptive_open,19,C012,GABRIELA ORIENTE,109,88,21,0.23493763531224565,0.2504161476776965,0.015478512365450836,false,false
eva_adaptive_open,19,I03,CARRASCAL,97,89,8,0.24854515940907576,0.24854515940907576,0,false,false
eva_adaptive_open,19,C054,VICTORIA,98,90,8,0.24818166256108362,0.24708696376855838,-0.001094698792525245,false,false
eva_adaptive_open,19,C071,BARROS ARANA,104,91,13,0.2432718387690382,0.2432718387690382,0,false,false
eva_adaptive_open,19,C082,CAUPOLICAN,105,92,13,0.24201028797730914,0.24201028797730914,0,false,false
eva_adaptive_open,19,C080,PARAGUAY,106,93,13,0.2404621201898296,0.2404621201898296,0,false,false
eva_adaptive_open,19,C041,VISTA HERMOSA,55,94,-39,0.32433865422117386,0.23729046079619398,-0.08704819342497988,false,false
eva_adaptive_open,19,C087,SALVADOR GUTIERREZ,68,95,-27,0.2988400180747415,0.23167583897026392,-0.06716417910447756,false,false
eva_adaptive_open,19,C017,LA PARINACOTA,99,96,3,0.24787162646529243,0.2279533954363316,-0.019918231028960814,false,false
eva_adaptive_open,19,C051,JOSE MIGUEL INFANTE - DOMINGO STA MARIA,111,97,14,0.22770327755636682,0.22770327755636682,0,false,false
eva_adaptive_open,19,C008,EL CERRO,112,98,14,0.22664145134727998,0.22664145134727998,0,false,false
eva_adaptive_open,19,C055,ARTURO PRAT,118,99,19,0.1970214926913857,0.22432697243027433,0.02730547973888864,false,false
eva_adaptive_open,19,C036,RIO REFUGIO - SALAR SURIRE,107,100,7,0.23882288406802515,0.22368469062682966,-0.015138193441195491,false,false
eva_adaptive_open,19,C077,RICARDO VIAL,108,101,7,0.23530100578344948,0.22334495183243977,-0.01195605395100971,false,false
eva_adaptive_open,19,C045,PORTO ALEGRE,121,102,19,0.1789631843926075,0.2070448874311994,0.028081703038591893,false,false
eva_adaptive_open,19,C018,LA PRIMAVERA,120,103,17,0.18728903995307272,0.18729403797436894,0.000004998021296220845,false,false
eva_adaptive_open,19,C016,JUANITA,124,104,20,0.15869954711149178,0.18668961975965365,0.027990072648161862,false,false
eva_adaptive_open,19,C025,LOS DURAZNOS,122,105,17,0.17773769788730326,0.17779517513220938,0.00005747724490612338,false,false
eva_adaptive_open,19,C073,LOS MORROS,123,106,17,0.16537203853610075,0.16537203853610075,0,false,false
eva_adaptive_open,20,I25,SAN FRANCISCO,43,1,42,0.3566735624368237,0.4392701160270343,0.08259655359021062,true,false
eva_adaptive_open,20,I09,GENERAL VELASQUEZ,15,2,13,0.45347011016300426,0.4341813116960046,-0.019288798466999657,false,true
eva_adaptive_open,20,EP-I33,LA CHIMBA,30,3,27,0.4043195865206677,0.4333992278113977,0.02907964129073004,false,true
eva_adaptive_open,20,I06,DIAGONAL ORIENTE,31,4,27,0.40267663972498335,0.42079086394094195,0.018114224215958596,false,false
eva_adaptive_open,20,I15,MARTINEZ DE ROZAS,10,5,5,0.49042582216035796,0.4148837713854609,-0.07554205077489706,false,true
eva_adaptive_open,20,C086,LA ESTRELLA,40,6,34,0.36814789692769634,0.40582174457529135,0.037673847647595016,false,false
eva_adaptive_open,20,I13,LO ESPEJO-RIQUELME,54,7,47,0.32833080195639963,0.39702081269551115,0.06869001073911152,false,false
eva_adaptive_open,20,C089,J J PEREZ,84,8,76,0.26495488367176884,0.3968492429716954,0.13189435929992654,false,false
eva_adaptive_open,20,I24,RADAL,26,9,17,0.41533970570255174,0.3941541431777698,-0.02118556252478193,false,true
eva_adaptive_open,20,I29,SANTA ROSA,23,10,13,0.42297111297710543,0.3900683432225069,-0.03290276975459855,false,true
eva_adaptive_open,20,C070,MENDOZA (EX-CORONEL ROBLES),34,11,23,0.387202115587132,0.3888760372762755,0.0016739216891434872,false,false
eva_adaptive_open,20,C060,ROJAS MAGALLANES,24,12,12,0.4219139986989199,0.377217962582887,-0.0446960361160329,false,true
eva_adaptive_open,20,I05,DIAGONAL JOSE MARIA CARO,18,13,5,0.43893681633352033,0.37629945365668416,-0.06263736267683617,false,true
eva_adaptive_open,20,I32,EINSTEIN,72,14,58,0.2891830343121434,0.3746380343850449,0.08545500007290147,false,false
eva_adaptive_open,20,I17,MATUCANA,46,15,31,0.3532790270795219,0.3714683760149567,0.01818934893543478,false,false
eva_adaptive_open,20,C006,DOMINGO TOCORNAL,17,16,1,0.44257795158972896,0.36750452488804514,-0.07507342670168382,false,true
eva_adaptive_open,20,C054,VICTORIA,98,17,81,0.24818166256108362,0.3665618678064444,0.11838020524536078,false,false
eva_adaptive_open,20,C053,CONDELL,47,18,29,0.3532028448920026,0.365804896518357,0.012602051626354416,false,false
eva_adaptive_open,20,I31,FERNANDEZ ALBANO,80,19,61,0.27793271006427517,0.3607126285891027,0.08277991852482752,false,false
eva_adaptive_open,20,I14,LO OVALLE,2,20,-18,0.6371787956227899,0.358325879724252,-0.2788529158985379,false,true
eva_adaptive_open,20,C063,LONGITUDINAL,75,21,54,0.28538182252354,0.3582564854774885,0.07287466295394851,false,false
eva_adaptive_open,20,C056,TEMUCO - TORO MAZOTTE,100,22,78,0.2468166288620158,0.35677635060669255,0.10995972174467675,false,false
eva_adaptive_open,20,I02,CARLOS VALDOVINOS,22,23,-1,0.4243998641097862,0.35528620955926693,-0.06911365455051927,false,true
eva_adaptive_open,20,I08,GENERAL OSCAR BONILLA,16,24,-8,0.44379823929485906,0.3534852174985045,-0.09031302179635459,false,true
eva_adaptive_open,20,C083,ORIENTAL-LAS PARCELAS,50,25,25,0.33400841178333013,0.35096605726932234,0.016957645485992212,false,false
eva_adaptive_open,20,C014,JOSE DOMINGO CAÑAS,49,26,23,0.3434151720257287,0.3453428032423394,0.0019276312166107146,false,false
eva_adaptive_open,20,C035,PRODIVENCIA,81,27,54,0.27556952254522565,0.34424095963098794,0.06867143708576229,false,false
eva_adaptive_open,20,C011,EYZAGUIRRE,89,28,61,0.2597262361382782,0.3437616552822007,0.08403541914392249,false,false
eva_adaptive_open,20,C049,FEDERICO ERRÁZURIZ (EX SERRANO),53,29,24,0.32905890532348764,0.34191679647195344,0.012857891148465805,false,false
eva_adaptive_open,20,C072,COVADONGA,114,30,84,0.2222660174854263,0.34184299216241604,0.11957697467698974,false,false
eva_adaptive_open,20,C081,SAN GREGORIO - DIEGO MEZA,33,31,2,0.38932341506856066,0.33963084464003285,-0.049692570428527816,false,false
eva_adaptive_open,20,C057,PADRE VICENTE IRARRAZABAL - MANUEL CHACON,25,32,-7,0.41723732777812184,0.33451933997214295,-0.08271798780597889,false,true
eva_adaptive_open,20,C029,MARIA ELENA,35,33,2,0.3866330072050211,0.33369142766625387,-0.052941579538767214,false,false
eva_adaptive_open,20,C043,NEPTUNO,45,34,11,0.35474887854437137,0.33367397332944054,-0.021074905214930828,false,false
eva_adaptive_open,20,C061,EL PINAR,36,35,1,0.38117344530336017,0.3314808748748323,-0.04969257042852787,false,false
eva_adaptive_open,20,C058,ANTONIO EBNER-BARROS ARANA,29,36,-7,0.40679457494201116,0.32780814449325085,-0.0789864304487603,false,true
eva_adaptive_open,20,I07,EL GUANACO,21,37,-16,0.42548756362861406,0.3235831019219907,-0.10190446170662337,false,true
eva_adaptive_open,20,C032,OBISPO MANUEL UMAÑA,41,38,3,0.36167847000046166,0.32156060149077254,-0.040117868509689125,false,false
eva_adaptive_open,20,C007,EDUARDO CASTILLO VELASCO,56,39,17,0.3209682481807713,0.3209682481807713,0,false,false
eva_adaptive_open,20,C084,EL PINO - UNO SUR,116,40,76,0.21625589427110412,0.3189985636355794,0.10274266936447526,false,false
eva_adaptive_open,20,I18,NUEVA IMPERIAL,79,41,38,0.28249960315815087,0.31746948982985224,0.03496988667170137,false,false
eva_adaptive_open,20,C024,LOS ARRAYANES - LOS COPIHUES,39,42,-3,0.369297779392275,0.3164169532190636,-0.05288082617321138,false,false
eva_adaptive_open,20,C40,VICUÑA MACKENNA - SAN MARTIN,88,43,45,0.2599804114545511,0.3163360869516046,0.0563556754970535,false,false
eva_adaptive_open,20,C074,URETA COX,58,44,14,0.31449957814869145,0.31449957814869145,0,false,false
eva_adaptive_open,20,C001,SAN EUGENIO,52,45,7,0.3301050844306759,0.31315225632030524,-0.016952828110370632,false,false
eva_adaptive_open,20,C005,CORONEL ALEJANDRO SEPULVEDA,60,46,14,0.3106497256836105,0.3106497256836105,0,false,false
eva_adaptive_open,20,C033,OBSERVATORIO,96,47,49,0.25172362934577086,0.3084648310861465,0.05674120174037561,false,false
eva_adaptive_open,20,C050,MAR DE DRAKE,37,48,-11,0.3754671127887729,0.30811479039196454,-0.06735232239680838,false,false
eva_adaptive_open,20,C023,AVENIDA DORSAL,48,49,-1,0.34913804016037303,0.3066800306129391,-0.04245800954743395,false,false
eva_adaptive_open,20,C088,ÑUBLE,61,50,11,0.30596663776619404,0.3063521640095162,0.0003855262433221651,false,false
eva_adaptive_open,20,C034,PEDRO LEON UGALDE,64,51,13,0.30513444215224494,0.3059054946388892,0.0007710524866442747,false,false
eva_adaptive_open,20,C028,MADRID,63,52,11,0.3053850663175511,0.3057705925608732,0.0003855262433221096,false,false
eva_adaptive_open,20,C020,LATINOAMERICA - PINTOR MURILLO - FRANCISCO TOLEDO,62,53,9,0.3053874986899725,0.3053874986899725,0,false,false
eva_adaptive_open,20,C019,LAS HIJUELAS SUR - LIBERTADOR BERNARDO OHIGGINS,110,54,56,0.23151138733257812,0.3046576882387051,0.07314630090612698,false,false
eva_adaptive_open,20,C015,JOSE MANUEL GUZMAN,76,55,21,0.2845092001303485,0.3038738968969849,0.01936469676663638,false,false
eva_adaptive_open,20,C030,MAULE,66,56,10,0.30294715823212187,0.30333268447544404,0.0003855262433221651,false,false
eva_adaptive_open,20,C037,SAN ALFONSO,65,57,8,0.3032697592490899,0.3032697592490899,0,false,false
eva_adaptive_open,20,C042,PRINCIPE DE GALES,67,58,9,0.3015275299366899,0.3015275299366899,0,false,false
eva_adaptive_open,20,C076,ISLA DECEPCION,93,59,34,0.25765035826791644,0.3008300476650675,0.043179689397151055,false,false
eva_adaptive_open,20,C003,CONCHA Y TORO,38,60,-22,0.3709576416282776,0.29879828061632957,-0.07215936101194803,false,false
eva_adaptive_open,20,C039,TUPUNGATO,113,61,52,0.22275270275256875,0.2972177850899593,0.07446508233739052,false,false
eva_adaptive_open,20,C064,SILVA CARVALLO - SANTA ELENA,85,62,23,0.264928178794096,0.29671303455212084,0.03178485575802481,false,false
eva_adaptive_open,20,C026,LOS MAITENES,102,63,39,0.24476449972018605,0.29619911153987877,0.05143461181969272,false,false
eva_adaptive_open,20,C038,TALCAHUANO - SANTA INES - LOS EDILES,101,64,37,0.24550764665869662,0.29573880114313694,0.05023115448444032,false,false
eva_adaptive_open,20,C031,NECOCHEA,103,65,38,0.24437487011116932,0.2942204983522875,0.049845628241118156,false,false
eva_adaptive_open,20,C065,NUEVA SAN MARTIN,91,66,25,0.2588125082913236,0.29384044783423063,0.03502793954290706,false,false
eva_adaptive_open,20,C079,LAS AMERICAS,87,67,20,0.26410913255677176,0.2935581354089318,0.02944900285216001,false,false
eva_adaptive_open,20,C044,LOS CERRILLOS,44,68,-24,0.355273233150638,0.2931210475714493,-0.06215218557918872,false,false
eva_adaptive_open,20,C013,HEROES DE LA CONCEPCION,70,69,1,0.29161502323158384,0.29161502323158384,0,false,false
eva_adaptive_open,20,C004,CONSISTORIAL,73,70,3,0.28796525159755554,0.29093172378697835,0.0029664721894228085,false,false
eva_adaptive_open,20,C027,LOS PRESIDENTES,71,71,0,0.2903073892430075,0.2903073892430075,0,false,false
eva_adaptive_open,20,C090,SANTO DOMINGO,59,72,-13,0.3106717940498921,0.2900617837756913,-0.020610010274200785,false,false
eva_adaptive_open,20,I23,PETERSEN - VICUÑA MACKENNA,74,73,1,0.28720997267232284,0.28720997267232284,0,false,false
eva_adaptive_open,20,C022,LLANURA  - EL DESIERTO,78,74,4,0.2832694397879176,0.2832694397879176,0,false,false
eva_adaptive_open,20,C021,LAUTARO,117,75,42,0.20904169103894277,0.28261575863884686,0.07357406759990409,false,false
eva_adaptive_open,20,C046,EUCALIPTOS,77,76,1,0.2836213631052964,0.28018177357498764,-0.003439589530308762,false,false
eva_adaptive_open,20,I28,SANTA RAQUEL,69,77,-8,0.2960140924026152,0.2776962274862046,-0.01831786491641063,false,false
eva_adaptive_open,20,C052,BAQUEDANO - POSTALES ORIENTE,82,78,4,0.2725119994529144,0.2725119994529144,0,false,false
eva_adaptive_open,20,C047,VIOLETA PARRA,86,79,7,0.2648001936107111,0.2648001936107111,0,false,false
eva_adaptive_open,20,C078,WALDO TAFF,51,80,-29,0.33255806783730496,0.2640982140605202,-0.06845985377678476,false,false
eva_adaptive_open,20,C010,ESQ BLANCA - ALBERTO LLONA,115,81,34,0.219488334536514,0.26262962253258254,0.043141287996068534,false,false
eva_adaptive_open,20,C069,LOS OLMOS,90,82,8,0.2594151168255869,0.2594151168255869,0,false,false
eva_adaptive_open,20,C009,EL ROSAL - SANTA ELENA,92,83,9,0.258292338870139,0.258292338870139,0,false,false
eva_adaptive_open,20,C002,CAPITAN IGNACIO CARRERA PINTO,94,84,10,0.2546555618818747,0.2546555618818747,0,false,false
eva_adaptive_open,20,C048,GENERAL ARRIAGADA,95,85,10,0.2517348978903142,0.2517348978903142,0,false,false
eva_adaptive_open,20,C085,LOS LIBERTADORES,119,86,33,0.19011991189992178,0.25151437825336925,0.061394466353447474,false,false
eva_adaptive_open,20,C062,CORONA SUECA,83,87,-4,0.27233361403980005,0.2513511863347979,-0.020982427705002138,false,false
eva_adaptive_open,20,C012,GABRIELA ORIENTE,109,88,21,0.23493763531224565,0.2504161476776965,0.015478512365450836,false,false
eva_adaptive_open,20,I03,CARRASCAL,97,89,8,0.24854515940907576,0.24854515940907576,0,false,false
eva_adaptive_open,20,C071,BARROS ARANA,104,90,14,0.2432718387690382,0.24263265222575167,-0.0006391865432865407,false,false
eva_adaptive_open,20,C082,CAUPOLICAN,105,91,14,0.24201028797730914,0.24201028797730914,0,false,false
eva_adaptive_open,20,C080,PARAGUAY,106,92,14,0.2404621201898296,0.2404621201898296,0,false,false
eva_adaptive_open,20,C041,VISTA HERMOSA,55,93,-38,0.32433865422117386,0.23729046079619398,-0.08704819342497988,false,false
eva_adaptive_open,20,C087,SALVADOR GUTIERREZ,68,94,-26,0.2988400180747415,0.23167583897026392,-0.06716417910447756,false,false
eva_adaptive_open,20,C017,LA PARINACOTA,99,95,4,0.24787162646529243,0.2279533954363316,-0.019918231028960814,false,false
eva_adaptive_open,20,C051,JOSE MIGUEL INFANTE - DOMINGO STA MARIA,111,96,15,0.22770327755636682,0.22770327755636682,0,false,false
eva_adaptive_open,20,C008,EL CERRO,112,97,15,0.22664145134727998,0.22664145134727998,0,false,false
eva_adaptive_open,20,C055,ARTURO PRAT,118,98,20,0.1970214926913857,0.22407331213030995,0.027051819438924263,false,false
eva_adaptive_open,20,C036,RIO REFUGIO - SALAR SURIRE,107,99,8,0.23882288406802515,0.22368469062682966,-0.015138193441195491,false,false
eva_adaptive_open,20,C077,RICARDO VIAL,108,100,8,0.23530100578344948,0.22334495183243977,-0.01195605395100971,false,false
eva_adaptive_open,20,C045,PORTO ALEGRE,121,101,20,0.1789631843926075,0.2070448874311994,0.028081703038591893,false,false
eva_adaptive_open,20,C018,LA PRIMAVERA,120,102,18,0.18728903995307272,0.18729403797436894,0.000004998021296220845,false,false
eva_adaptive_open,20,C016,JUANITA,124,103,21,0.15869954711149178,0.18668961975965365,0.027990072648161862,false,false
eva_adaptive_open,20,C025,LOS DURAZNOS,122,104,18,0.17773769788730326,0.17779517513220938,0.00005747724490612338,false,false
eva_adaptive_open,20,C073,LOS MORROS,123,105,18,0.16537203853610075,0.16537203853610075,0,false,false
eva_adaptive_open,21,I09,GENERAL VELASQUEZ,15,1,14,0.45347011016300426,0.4341813116960046,-0.019288798466999657,true,true
eva_adaptive_open,21,EP-I33,LA CHIMBA,30,2,28,0.4043195865206677,0.4333992278113977,0.02907964129073004,false,true
eva_adaptive_open,21,I06,DIAGONAL ORIENTE,31,3,28,0.40267663972498335,0.42079086394094195,0.018114224215958596,false,false
eva_adaptive_open,21,I15,MARTINEZ DE ROZAS,10,4,6,0.49042582216035796,0.4148837713854609,-0.07554205077489706,false,true
eva_adaptive_open,21,C086,LA ESTRELLA,40,5,35,0.36814789692769634,0.40582174457529135,0.037673847647595016,false,false
eva_adaptive_open,21,C089,J J PEREZ,84,6,78,0.26495488367176884,0.3968492429716954,0.13189435929992654,false,false
eva_adaptive_open,21,I24,RADAL,26,7,19,0.41533970570255174,0.3941541431777698,-0.02118556252478193,false,true
eva_adaptive_open,21,I29,SANTA ROSA,23,8,15,0.42297111297710543,0.3900683432225069,-0.03290276975459855,false,true
eva_adaptive_open,21,C070,MENDOZA (EX-CORONEL ROBLES),34,9,25,0.387202115587132,0.3888760372762755,0.0016739216891434872,false,false
eva_adaptive_open,21,I13,LO ESPEJO-RIQUELME,54,10,44,0.32833080195639963,0.3773915727764398,0.04906077082004018,false,false
eva_adaptive_open,21,C060,ROJAS MAGALLANES,24,11,13,0.4219139986989199,0.377217962582887,-0.0446960361160329,false,true
eva_adaptive_open,21,I05,DIAGONAL JOSE MARIA CARO,18,12,6,0.43893681633352033,0.37629945365668416,-0.06263736267683617,false,true
eva_adaptive_open,21,I32,EINSTEIN,72,13,59,0.2891830343121434,0.3746380343850449,0.08545500007290147,false,false
eva_adaptive_open,21,I17,MATUCANA,46,14,32,0.3532790270795219,0.3714683760149567,0.01818934893543478,false,false
eva_adaptive_open,21,I14,LO OVALLE,2,15,-13,0.6371787956227899,0.36857227813239,-0.2686065174903999,false,true
eva_adaptive_open,21,C006,DOMINGO TOCORNAL,17,16,1,0.44257795158972896,0.36750452488804514,-0.07507342670168382,false,true
eva_adaptive_open,21,C054,VICTORIA,98,17,81,0.24818166256108362,0.3665618678064444,0.11838020524536078,false,false
eva_adaptive_open,21,C053,CONDELL,47,18,29,0.3532028448920026,0.365804896518357,0.012602051626354416,false,false
eva_adaptive_open,21,C063,LONGITUDINAL,75,19,56,0.28538182252354,0.3582564854774885,0.07287466295394851,false,false
eva_adaptive_open,21,C056,TEMUCO - TORO MAZOTTE,100,20,80,0.2468166288620158,0.35677635060669255,0.10995972174467675,false,false
eva_adaptive_open,21,I02,CARLOS VALDOVINOS,22,21,1,0.4243998641097862,0.35528620955926693,-0.06911365455051927,false,true
eva_adaptive_open,21,I08,GENERAL OSCAR BONILLA,16,22,-6,0.44379823929485906,0.3534852174985045,-0.09031302179635459,false,true
eva_adaptive_open,21,C083,ORIENTAL-LAS PARCELAS,50,23,27,0.33400841178333013,0.35096605726932234,0.016957645485992212,false,false
eva_adaptive_open,21,C014,JOSE DOMINGO CAÑAS,49,24,25,0.3434151720257287,0.3453428032423394,0.0019276312166107146,false,false
eva_adaptive_open,21,C035,PRODIVENCIA,81,25,56,0.27556952254522565,0.34424095963098794,0.06867143708576229,false,false
eva_adaptive_open,21,C011,EYZAGUIRRE,89,26,63,0.2597262361382782,0.3437616552822007,0.08403541914392249,false,false
eva_adaptive_open,21,C049,FEDERICO ERRÁZURIZ (EX SERRANO),53,27,26,0.32905890532348764,0.34191679647195344,0.012857891148465805,false,false
eva_adaptive_open,21,C072,COVADONGA,114,28,86,0.2222660174854263,0.34184299216241604,0.11957697467698974,false,false
eva_adaptive_open,21,C081,SAN GREGORIO - DIEGO MEZA,33,29,4,0.38932341506856066,0.33963084464003285,-0.049692570428527816,false,false
eva_adaptive_open,21,C057,PADRE VICENTE IRARRAZABAL - MANUEL CHACON,25,30,-5,0.41723732777812184,0.33451933997214295,-0.08271798780597889,false,true
eva_adaptive_open,21,C029,MARIA ELENA,35,31,4,0.3866330072050211,0.33369142766625387,-0.052941579538767214,false,false
eva_adaptive_open,21,C043,NEPTUNO,45,32,13,0.35474887854437137,0.33367397332944054,-0.021074905214930828,false,false
eva_adaptive_open,21,C061,EL PINAR,36,33,3,0.38117344530336017,0.3314808748748323,-0.04969257042852787,false,false
eva_adaptive_open,21,C058,ANTONIO EBNER-BARROS ARANA,29,34,-5,0.40679457494201116,0.32780814449325085,-0.0789864304487603,false,true
eva_adaptive_open,21,I07,EL GUANACO,21,35,-14,0.42548756362861406,0.3235831019219907,-0.10190446170662337,false,true
eva_adaptive_open,21,C047,VIOLETA PARRA,86,36,50,0.2648001936107111,0.32192692159440883,0.05712672798369772,false,false
eva_adaptive_open,21,C032,OBISPO MANUEL UMAÑA,41,37,4,0.36167847000046166,0.32156060149077254,-0.040117868509689125,false,false
eva_adaptive_open,21,C007,EDUARDO CASTILLO VELASCO,56,38,18,0.3209682481807713,0.3209682481807713,0,false,false
eva_adaptive_open,21,I18,NUEVA IMPERIAL,79,39,40,0.28249960315815087,0.31746948982985224,0.03496988667170137,false,false
eva_adaptive_open,21,C024,LOS ARRAYANES - LOS COPIHUES,39,40,-1,0.369297779392275,0.3164169532190636,-0.05288082617321138,false,false
eva_adaptive_open,21,C40,VICUÑA MACKENNA - SAN MARTIN,88,41,47,0.2599804114545511,0.3163360869516046,0.0563556754970535,false,false
eva_adaptive_open,21,C074,URETA COX,58,42,16,0.31449957814869145,0.31449957814869145,0,false,false
eva_adaptive_open,21,C001,SAN EUGENIO,52,43,9,0.3301050844306759,0.31315225632030524,-0.016952828110370632,false,false
eva_adaptive_open,21,C005,CORONEL ALEJANDRO SEPULVEDA,60,44,16,0.3106497256836105,0.3106497256836105,0,false,false
eva_adaptive_open,21,C033,OBSERVATORIO,96,45,51,0.25172362934577086,0.3084648310861465,0.05674120174037561,false,false
eva_adaptive_open,21,C050,MAR DE DRAKE,37,46,-9,0.3754671127887729,0.30811479039196454,-0.06735232239680838,false,false
eva_adaptive_open,21,I31,FERNANDEZ ALBANO,80,47,33,0.27793271006427517,0.3067365280286479,0.028803817964372758,false,false
eva_adaptive_open,21,C023,AVENIDA DORSAL,48,48,0,0.34913804016037303,0.3066800306129391,-0.04245800954743395,false,false
eva_adaptive_open,21,C080,PARAGUAY,106,49,57,0.2404621201898296,0.3065842808037552,0.06612216061392562,false,false
eva_adaptive_open,21,C088,ÑUBLE,61,50,11,0.30596663776619404,0.3063521640095162,0.0003855262433221651,false,false
eva_adaptive_open,21,C034,PEDRO LEON UGALDE,64,51,13,0.30513444215224494,0.3059054946388892,0.0007710524866442747,false,false
eva_adaptive_open,21,C028,MADRID,63,52,11,0.3053850663175511,0.3057705925608732,0.0003855262433221096,false,false
eva_adaptive_open,21,C020,LATINOAMERICA - PINTOR MURILLO - FRANCISCO TOLEDO,62,53,9,0.3053874986899725,0.3053874986899725,0,false,false
eva_adaptive_open,21,C019,LAS HIJUELAS SUR - LIBERTADOR BERNARDO OHIGGINS,110,54,56,0.23151138733257812,0.3046576882387051,0.07314630090612698,false,false
eva_adaptive_open,21,C015,JOSE MANUEL GUZMAN,76,55,21,0.2845092001303485,0.3038738968969849,0.01936469676663638,false,false
eva_adaptive_open,21,C030,MAULE,66,56,10,0.30294715823212187,0.30333268447544404,0.0003855262433221651,false,false
eva_adaptive_open,21,C037,SAN ALFONSO,65,57,8,0.3032697592490899,0.3032697592490899,0,false,false
eva_adaptive_open,21,C042,PRINCIPE DE GALES,67,58,9,0.3015275299366899,0.3015275299366899,0,false,false
eva_adaptive_open,21,C076,ISLA DECEPCION,93,59,34,0.25765035826791644,0.3008300476650675,0.043179689397151055,false,false
eva_adaptive_open,21,C084,EL PINO - UNO SUR,116,60,56,0.21625589427110412,0.30047126787027795,0.08421537359917383,false,false
eva_adaptive_open,21,C003,CONCHA Y TORO,38,61,-23,0.3709576416282776,0.29879828061632957,-0.07215936101194803,false,false
eva_adaptive_open,21,C039,TUPUNGATO,113,62,51,0.22275270275256875,0.2972177850899593,0.07446508233739052,false,false
eva_adaptive_open,21,C064,SILVA CARVALLO - SANTA ELENA,85,63,22,0.264928178794096,0.29671303455212084,0.03178485575802481,false,false
eva_adaptive_open,21,C026,LOS MAITENES,102,64,38,0.24476449972018605,0.29619911153987877,0.05143461181969272,false,false
eva_adaptive_open,21,C038,TALCAHUANO - SANTA INES - LOS EDILES,101,65,36,0.24550764665869662,0.29573880114313694,0.05023115448444032,false,false
eva_adaptive_open,21,C031,NECOCHEA,103,66,37,0.24437487011116932,0.2942204983522875,0.049845628241118156,false,false
eva_adaptive_open,21,C065,NUEVA SAN MARTIN,91,67,24,0.2588125082913236,0.29384044783423063,0.03502793954290706,false,false
eva_adaptive_open,21,C079,LAS AMERICAS,87,68,19,0.26410913255677176,0.2935581354089318,0.02944900285216001,false,false
eva_adaptive_open,21,C044,LOS CERRILLOS,44,69,-25,0.355273233150638,0.2931210475714493,-0.06215218557918872,false,false
eva_adaptive_open,21,C013,HEROES DE LA CONCEPCION,70,70,0,0.29161502323158384,0.29161502323158384,0,false,false
eva_adaptive_open,21,C004,CONSISTORIAL,73,71,2,0.28796525159755554,0.29093172378697835,0.0029664721894228085,false,false
eva_adaptive_open,21,C027,LOS PRESIDENTES,71,72,-1,0.2903073892430075,0.2903073892430075,0,false,false
eva_adaptive_open,21,C090,SANTO DOMINGO,59,73,-14,0.3106717940498921,0.2900617837756913,-0.020610010274200785,false,false
eva_adaptive_open,21,I23,PETERSEN - VICUÑA MACKENNA,74,74,0,0.28720997267232284,0.28720997267232284,0,false,false
eva_adaptive_open,21,C022,LLANURA  - EL DESIERTO,78,75,3,0.2832694397879176,0.2832694397879176,0,false,false
eva_adaptive_open,21,C046,EUCALIPTOS,77,76,1,0.2836213631052964,0.28018177357498764,-0.003439589530308762,false,false
eva_adaptive_open,21,I28,SANTA RAQUEL,69,77,-8,0.2960140924026152,0.2776962274862046,-0.01831786491641063,false,false
eva_adaptive_open,21,C052,BAQUEDANO - POSTALES ORIENTE,82,78,4,0.2725119994529144,0.2725119994529144,0,false,false
eva_adaptive_open,21,C078,WALDO TAFF,51,79,-28,0.33255806783730496,0.2640982140605202,-0.06845985377678476,false,false
eva_adaptive_open,21,C010,ESQ BLANCA - ALBERTO LLONA,115,80,35,0.219488334536514,0.26262962253258254,0.043141287996068534,false,false
eva_adaptive_open,21,C069,LOS OLMOS,90,81,9,0.2594151168255869,0.2594151168255869,0,false,false
eva_adaptive_open,21,C009,EL ROSAL - SANTA ELENA,92,82,10,0.258292338870139,0.258292338870139,0,false,false
eva_adaptive_open,21,C002,CAPITAN IGNACIO CARRERA PINTO,94,83,11,0.2546555618818747,0.2546555618818747,0,false,false
eva_adaptive_open,21,C048,GENERAL ARRIAGADA,95,84,11,0.2517348978903142,0.2517348978903142,0,false,false
eva_adaptive_open,21,C085,LOS LIBERTADORES,119,85,34,0.19011991189992178,0.25151437825336925,0.061394466353447474,false,false
eva_adaptive_open,21,C062,CORONA SUECA,83,86,-3,0.27233361403980005,0.2513511863347979,-0.020982427705002138,false,false
eva_adaptive_open,21,C012,GABRIELA ORIENTE,109,87,22,0.23493763531224565,0.2504161476776965,0.015478512365450836,false,false
eva_adaptive_open,21,I03,CARRASCAL,97,88,9,0.24854515940907576,0.24854515940907576,0,false,false
eva_adaptive_open,21,C021,LAUTARO,117,89,28,0.20904169103894277,0.24315278721380412,0.034111096174861355,false,false
eva_adaptive_open,21,C071,BARROS ARANA,104,90,14,0.2432718387690382,0.24263265222575167,-0.0006391865432865407,false,false
eva_adaptive_open,21,C082,CAUPOLICAN,105,91,14,0.24201028797730914,0.24201028797730914,0,false,false
eva_adaptive_open,21,C041,VISTA HERMOSA,55,92,-37,0.32433865422117386,0.23729046079619398,-0.08704819342497988,false,false
eva_adaptive_open,21,C087,SALVADOR GUTIERREZ,68,93,-25,0.2988400180747415,0.23167583897026392,-0.06716417910447756,false,false
eva_adaptive_open,21,C017,LA PARINACOTA,99,94,5,0.24787162646529243,0.2279533954363316,-0.019918231028960814,false,false
eva_adaptive_open,21,C051,JOSE MIGUEL INFANTE - DOMINGO STA MARIA,111,95,16,0.22770327755636682,0.22770327755636682,0,false,false
eva_adaptive_open,21,C008,EL CERRO,112,96,16,0.22664145134727998,0.22664145134727998,0,false,false
eva_adaptive_open,21,C055,ARTURO PRAT,118,97,21,0.1970214926913857,0.22407331213030995,0.027051819438924263,false,false
eva_adaptive_open,21,C036,RIO REFUGIO - SALAR SURIRE,107,98,9,0.23882288406802515,0.22368469062682966,-0.015138193441195491,false,false
eva_adaptive_open,21,C077,RICARDO VIAL,108,99,9,0.23530100578344948,0.22334495183243977,-0.01195605395100971,false,false
eva_adaptive_open,21,C045,PORTO ALEGRE,121,100,21,0.1789631843926075,0.2070448874311994,0.028081703038591893,false,false
eva_adaptive_open,21,C018,LA PRIMAVERA,120,101,19,0.18728903995307272,0.18729403797436894,0.000004998021296220845,false,false
eva_adaptive_open,21,C016,JUANITA,124,102,22,0.15869954711149178,0.18668961975965365,0.027990072648161862,false,false
eva_adaptive_open,21,C025,LOS DURAZNOS,122,103,19,0.17773769788730326,0.17779517513220938,0.00005747724490612338,false,false
eva_adaptive_open,21,C073,LOS MORROS,123,104,19,0.16537203853610075,0.16537203853610075,0,false,false
eva_adaptive_open,22,EP-I33,LA CHIMBA,30,1,29,0.4043195865206677,0.4333992278113977,0.02907964129073004,true,true
eva_adaptive_open,22,I06,DIAGONAL ORIENTE,31,2,29,0.40267663972498335,0.42079086394094195,0.018114224215958596,false,false
eva_adaptive_open,22,I15,MARTINEZ DE ROZAS,10,3,7,0.49042582216035796,0.4148837713854609,-0.07554205077489706,false,true
eva_adaptive_open,22,C086,LA ESTRELLA,40,4,36,0.36814789692769634,0.40582174457529135,0.037673847647595016,false,false
eva_adaptive_open,22,C089,J J PEREZ,84,5,79,0.26495488367176884,0.3968492429716954,0.13189435929992654,false,false
eva_adaptive_open,22,I24,RADAL,26,6,20,0.41533970570255174,0.3941541431777698,-0.02118556252478193,false,true
eva_adaptive_open,22,I29,SANTA ROSA,23,7,16,0.42297111297710543,0.3900683432225069,-0.03290276975459855,false,true
eva_adaptive_open,22,C070,MENDOZA (EX-CORONEL ROBLES),34,8,26,0.387202115587132,0.3888760372762755,0.0016739216891434872,false,false
eva_adaptive_open,22,C060,ROJAS MAGALLANES,24,9,15,0.4219139986989199,0.377217962582887,-0.0446960361160329,false,true
eva_adaptive_open,22,I05,DIAGONAL JOSE MARIA CARO,18,10,8,0.43893681633352033,0.37629945365668416,-0.06263736267683617,false,true
eva_adaptive_open,22,I32,EINSTEIN,72,11,61,0.2891830343121434,0.3746380343850449,0.08545500007290147,false,false
eva_adaptive_open,22,I17,MATUCANA,46,12,34,0.3532790270795219,0.3714683760149567,0.01818934893543478,false,false
eva_adaptive_open,22,C006,DOMINGO TOCORNAL,17,13,4,0.44257795158972896,0.36750452488804514,-0.07507342670168382,false,true
eva_adaptive_open,22,C054,VICTORIA,98,14,84,0.24818166256108362,0.3665618678064444,0.11838020524536078,false,false
eva_adaptive_open,22,C053,CONDELL,47,15,32,0.3532028448920026,0.365804896518357,0.012602051626354416,false,false
eva_adaptive_open,22,C063,LONGITUDINAL,75,16,59,0.28538182252354,0.3582564854774885,0.07287466295394851,false,false
eva_adaptive_open,22,C056,TEMUCO - TORO MAZOTTE,100,17,83,0.2468166288620158,0.35677635060669255,0.10995972174467675,false,false
eva_adaptive_open,22,I02,CARLOS VALDOVINOS,22,18,4,0.4243998641097862,0.35528620955926693,-0.06911365455051927,false,true
eva_adaptive_open,22,I08,GENERAL OSCAR BONILLA,16,19,-3,0.44379823929485906,0.3534852174985045,-0.09031302179635459,false,true
eva_adaptive_open,22,C083,ORIENTAL-LAS PARCELAS,50,20,30,0.33400841178333013,0.35096605726932234,0.016957645485992212,false,false
eva_adaptive_open,22,C014,JOSE DOMINGO CAÑAS,49,21,28,0.3434151720257287,0.3453428032423394,0.0019276312166107146,false,false
eva_adaptive_open,22,I13,LO ESPEJO-RIQUELME,54,22,32,0.32833080195639963,0.3452231117284989,0.016892309772099268,false,false
eva_adaptive_open,22,C035,PRODIVENCIA,81,23,58,0.27556952254522565,0.34424095963098794,0.06867143708576229,false,false
eva_adaptive_open,22,I14,LO OVALLE,2,24,-22,0.6371787956227899,0.3440689243043107,-0.2931098713184792,false,true
eva_adaptive_open,22,C011,EYZAGUIRRE,89,25,64,0.2597262361382782,0.3437616552822007,0.08403541914392249,false,false
eva_adaptive_open,22,C049,FEDERICO ERRÁZURIZ (EX SERRANO),53,26,27,0.32905890532348764,0.34191679647195344,0.012857891148465805,false,false
eva_adaptive_open,22,C072,COVADONGA,114,27,87,0.2222660174854263,0.34184299216241604,0.11957697467698974,false,false
eva_adaptive_open,22,C081,SAN GREGORIO - DIEGO MEZA,33,28,5,0.38932341506856066,0.33963084464003285,-0.049692570428527816,false,false
eva_adaptive_open,22,C057,PADRE VICENTE IRARRAZABAL - MANUEL CHACON,25,29,-4,0.41723732777812184,0.33451933997214295,-0.08271798780597889,false,true
eva_adaptive_open,22,C029,MARIA ELENA,35,30,5,0.3866330072050211,0.33369142766625387,-0.052941579538767214,false,false
eva_adaptive_open,22,C043,NEPTUNO,45,31,14,0.35474887854437137,0.33367397332944054,-0.021074905214930828,false,false
eva_adaptive_open,22,C061,EL PINAR,36,32,4,0.38117344530336017,0.3314808748748323,-0.04969257042852787,false,false
eva_adaptive_open,22,C058,ANTONIO EBNER-BARROS ARANA,29,33,-4,0.40679457494201116,0.32780814449325085,-0.0789864304487603,false,true
eva_adaptive_open,22,I07,EL GUANACO,21,34,-13,0.42548756362861406,0.3235831019219907,-0.10190446170662337,false,true
eva_adaptive_open,22,C047,VIOLETA PARRA,86,35,51,0.2648001936107111,0.32192692159440883,0.05712672798369772,false,false
eva_adaptive_open,22,C032,OBISPO MANUEL UMAÑA,41,36,5,0.36167847000046166,0.32156060149077254,-0.040117868509689125,false,false
eva_adaptive_open,22,C007,EDUARDO CASTILLO VELASCO,56,37,19,0.3209682481807713,0.3209682481807713,0,false,false
eva_adaptive_open,22,I18,NUEVA IMPERIAL,79,38,41,0.28249960315815087,0.31746948982985224,0.03496988667170137,false,false
eva_adaptive_open,22,C024,LOS ARRAYANES - LOS COPIHUES,39,39,0,0.369297779392275,0.3164169532190636,-0.05288082617321138,false,false
eva_adaptive_open,22,C40,VICUÑA MACKENNA - SAN MARTIN,88,40,48,0.2599804114545511,0.3163360869516046,0.0563556754970535,false,false
eva_adaptive_open,22,C074,URETA COX,58,41,17,0.31449957814869145,0.31449957814869145,0,false,false
eva_adaptive_open,22,C001,SAN EUGENIO,52,42,10,0.3301050844306759,0.31315225632030524,-0.016952828110370632,false,false
eva_adaptive_open,22,C005,CORONEL ALEJANDRO SEPULVEDA,60,43,17,0.3106497256836105,0.3106497256836105,0,false,false
eva_adaptive_open,22,C033,OBSERVATORIO,96,44,52,0.25172362934577086,0.3084648310861465,0.05674120174037561,false,false
eva_adaptive_open,22,C050,MAR DE DRAKE,37,45,-8,0.3754671127887729,0.30811479039196454,-0.06735232239680838,false,false
eva_adaptive_open,22,I31,FERNANDEZ ALBANO,80,46,34,0.27793271006427517,0.3067365280286479,0.028803817964372758,false,false
eva_adaptive_open,22,C023,AVENIDA DORSAL,48,47,1,0.34913804016037303,0.3066800306129391,-0.04245800954743395,false,false
eva_adaptive_open,22,C080,PARAGUAY,106,48,58,0.2404621201898296,0.3065842808037552,0.06612216061392562,false,false
eva_adaptive_open,22,C088,ÑUBLE,61,49,12,0.30596663776619404,0.3063521640095162,0.0003855262433221651,false,false
eva_adaptive_open,22,C034,PEDRO LEON UGALDE,64,50,14,0.30513444215224494,0.3059054946388892,0.0007710524866442747,false,false
eva_adaptive_open,22,C028,MADRID,63,51,12,0.3053850663175511,0.3057705925608732,0.0003855262433221096,false,false
eva_adaptive_open,22,C020,LATINOAMERICA - PINTOR MURILLO - FRANCISCO TOLEDO,62,52,10,0.3053874986899725,0.3053874986899725,0,false,false
eva_adaptive_open,22,C019,LAS HIJUELAS SUR - LIBERTADOR BERNARDO OHIGGINS,110,53,57,0.23151138733257812,0.3046576882387051,0.07314630090612698,false,false
eva_adaptive_open,22,C015,JOSE MANUEL GUZMAN,76,54,22,0.2845092001303485,0.3038738968969849,0.01936469676663638,false,false
eva_adaptive_open,22,C030,MAULE,66,55,11,0.30294715823212187,0.30333268447544404,0.0003855262433221651,false,false
eva_adaptive_open,22,C037,SAN ALFONSO,65,56,9,0.3032697592490899,0.3032697592490899,0,false,false
eva_adaptive_open,22,C042,PRINCIPE DE GALES,67,57,10,0.3015275299366899,0.3015275299366899,0,false,false
eva_adaptive_open,22,C076,ISLA DECEPCION,93,58,35,0.25765035826791644,0.3008300476650675,0.043179689397151055,false,false
eva_adaptive_open,22,C084,EL PINO - UNO SUR,116,59,57,0.21625589427110412,0.30047126787027795,0.08421537359917383,false,false
eva_adaptive_open,22,C003,CONCHA Y TORO,38,60,-22,0.3709576416282776,0.29879828061632957,-0.07215936101194803,false,false
eva_adaptive_open,22,C039,TUPUNGATO,113,61,52,0.22275270275256875,0.2972177850899593,0.07446508233739052,false,false
eva_adaptive_open,22,C064,SILVA CARVALLO - SANTA ELENA,85,62,23,0.264928178794096,0.29671303455212084,0.03178485575802481,false,false
eva_adaptive_open,22,C026,LOS MAITENES,102,63,39,0.24476449972018605,0.29619911153987877,0.05143461181969272,false,false
eva_adaptive_open,22,C038,TALCAHUANO - SANTA INES - LOS EDILES,101,64,37,0.24550764665869662,0.29573880114313694,0.05023115448444032,false,false
eva_adaptive_open,22,C031,NECOCHEA,103,65,38,0.24437487011116932,0.2942204983522875,0.049845628241118156,false,false
eva_adaptive_open,22,C065,NUEVA SAN MARTIN,91,66,25,0.2588125082913236,0.29384044783423063,0.03502793954290706,false,false
eva_adaptive_open,22,C079,LAS AMERICAS,87,67,20,0.26410913255677176,0.2935581354089318,0.02944900285216001,false,false
eva_adaptive_open,22,C044,LOS CERRILLOS,44,68,-24,0.355273233150638,0.2931210475714493,-0.06215218557918872,false,false
eva_adaptive_open,22,C013,HEROES DE LA CONCEPCION,70,69,1,0.29161502323158384,0.29161502323158384,0,false,false
eva_adaptive_open,22,C004,CONSISTORIAL,73,70,3,0.28796525159755554,0.29093172378697835,0.0029664721894228085,false,false
eva_adaptive_open,22,C027,LOS PRESIDENTES,71,71,0,0.2903073892430075,0.2903073892430075,0,false,false
eva_adaptive_open,22,C090,SANTO DOMINGO,59,72,-13,0.3106717940498921,0.2900617837756913,-0.020610010274200785,false,false
eva_adaptive_open,22,I23,PETERSEN - VICUÑA MACKENNA,74,73,1,0.28720997267232284,0.28720997267232284,0,false,false
eva_adaptive_open,22,C022,LLANURA  - EL DESIERTO,78,74,4,0.2832694397879176,0.2832694397879176,0,false,false
eva_adaptive_open,22,C046,EUCALIPTOS,77,75,2,0.2836213631052964,0.28018177357498764,-0.003439589530308762,false,false
eva_adaptive_open,22,I28,SANTA RAQUEL,69,76,-7,0.2960140924026152,0.2776962274862046,-0.01831786491641063,false,false
eva_adaptive_open,22,C052,BAQUEDANO - POSTALES ORIENTE,82,77,5,0.2725119994529144,0.2725119994529144,0,false,false
eva_adaptive_open,22,C078,WALDO TAFF,51,78,-27,0.33255806783730496,0.2640982140605202,-0.06845985377678476,false,false
eva_adaptive_open,22,C010,ESQ BLANCA - ALBERTO LLONA,115,79,36,0.219488334536514,0.26262962253258254,0.043141287996068534,false,false
eva_adaptive_open,22,C069,LOS OLMOS,90,80,10,0.2594151168255869,0.2594151168255869,0,false,false
eva_adaptive_open,22,C009,EL ROSAL - SANTA ELENA,92,81,11,0.258292338870139,0.258292338870139,0,false,false
eva_adaptive_open,22,C002,CAPITAN IGNACIO CARRERA PINTO,94,82,12,0.2546555618818747,0.2546555618818747,0,false,false
eva_adaptive_open,22,C048,GENERAL ARRIAGADA,95,83,12,0.2517348978903142,0.2517348978903142,0,false,false
eva_adaptive_open,22,C085,LOS LIBERTADORES,119,84,35,0.19011991189992178,0.25151437825336925,0.061394466353447474,false,false
eva_adaptive_open,22,C062,CORONA SUECA,83,85,-2,0.27233361403980005,0.2513511863347979,-0.020982427705002138,false,false
eva_adaptive_open,22,C012,GABRIELA ORIENTE,109,86,23,0.23493763531224565,0.2504161476776965,0.015478512365450836,false,false
eva_adaptive_open,22,I03,CARRASCAL,97,87,10,0.24854515940907576,0.24854515940907576,0,false,false
eva_adaptive_open,22,C021,LAUTARO,117,88,29,0.20904169103894277,0.24315278721380412,0.034111096174861355,false,false
eva_adaptive_open,22,C071,BARROS ARANA,104,89,15,0.2432718387690382,0.24263265222575167,-0.0006391865432865407,false,false
eva_adaptive_open,22,C082,CAUPOLICAN,105,90,15,0.24201028797730914,0.24201028797730914,0,false,false
eva_adaptive_open,22,C041,VISTA HERMOSA,55,91,-36,0.32433865422117386,0.23729046079619398,-0.08704819342497988,false,false
eva_adaptive_open,22,C087,SALVADOR GUTIERREZ,68,92,-24,0.2988400180747415,0.23167583897026392,-0.06716417910447756,false,false
eva_adaptive_open,22,C017,LA PARINACOTA,99,93,6,0.24787162646529243,0.2279533954363316,-0.019918231028960814,false,false
eva_adaptive_open,22,C051,JOSE MIGUEL INFANTE - DOMINGO STA MARIA,111,94,17,0.22770327755636682,0.22770327755636682,0,false,false
eva_adaptive_open,22,C008,EL CERRO,112,95,17,0.22664145134727998,0.22664145134727998,0,false,false
eva_adaptive_open,22,C055,ARTURO PRAT,118,96,22,0.1970214926913857,0.22407331213030995,0.027051819438924263,false,false
eva_adaptive_open,22,C036,RIO REFUGIO - SALAR SURIRE,107,97,10,0.23882288406802515,0.22368469062682966,-0.015138193441195491,false,false
eva_adaptive_open,22,C077,RICARDO VIAL,108,98,10,0.23530100578344948,0.22334495183243977,-0.01195605395100971,false,false
eva_adaptive_open,22,C045,PORTO ALEGRE,121,99,22,0.1789631843926075,0.2070448874311994,0.028081703038591893,false,false
eva_adaptive_open,22,C018,LA PRIMAVERA,120,100,20,0.18728903995307272,0.18729403797436894,0.000004998021296220845,false,false
eva_adaptive_open,22,C016,JUANITA,124,101,23,0.15869954711149178,0.18668961975965365,0.027990072648161862,false,false
eva_adaptive_open,22,C025,LOS DURAZNOS,122,102,20,0.17773769788730326,0.17779517513220938,0.00005747724490612338,false,false
eva_adaptive_open,22,C073,LOS MORROS,123,103,20,0.16537203853610075,0.16537203853610075,0,false,false
eva_adaptive_open,23,C086,LA ESTRELLA,40,1,39,0.36814789692769634,0.49707937215384324,0.1289314752261469,true,false
eva_adaptive_open,23,C051,JOSE MIGUEL INFANTE - DOMINGO STA MARIA,111,2,109,0.22770327755636682,0.42708821338120667,0.19938493582483985,false,false
eva_adaptive_open,23,I06,DIAGONAL ORIENTE,31,3,28,0.40267663972498335,0.42079086394094195,0.018114224215958596,false,false
eva_adaptive_open,23,C082,CAUPOLICAN,105,4,101,0.24201028797730914,0.4155589571947977,0.17354866921748854,false,false
eva_adaptive_open,23,I15,MARTINEZ DE ROZAS,10,5,5,0.49042582216035796,0.4148837713854609,-0.07554205077489706,false,true
eva_adaptive_open,23,C089,J J PEREZ,84,6,78,0.26495488367176884,0.3968492429716954,0.13189435929992654,false,false
eva_adaptive_open,23,I24,RADAL,26,7,19,0.41533970570255174,0.3941541431777698,-0.02118556252478193,false,true
eva_adaptive_open,23,I29,SANTA ROSA,23,8,15,0.42297111297710543,0.3900683432225069,-0.03290276975459855,false,true
eva_adaptive_open,23,C070,MENDOZA (EX-CORONEL ROBLES),34,9,25,0.387202115587132,0.3832790223509024,-0.003923093236229636,false,false
eva_adaptive_open,23,C060,ROJAS MAGALLANES,24,10,14,0.4219139986989199,0.377217962582887,-0.0446960361160329,false,true
eva_adaptive_open,23,I17,MATUCANA,46,11,35,0.3532790270795219,0.3714683760149567,0.01818934893543478,false,false
eva_adaptive_open,23,I05,DIAGONAL JOSE MARIA CARO,18,12,6,0.43893681633352033,0.37070243873131103,-0.0682343776022093,false,true
eva_adaptive_open,23,I32,EINSTEIN,72,13,59,0.2891830343121434,0.3690410194596717,0.07985798514752829,false,false
eva_adaptive_open,23,C006,DOMINGO TOCORNAL,17,14,3,0.44257795158972896,0.36750452488804514,-0.07507342670168382,false,true
eva_adaptive_open,23,C054,VICTORIA,98,15,83,0.24818166256108362,0.3665618678064444,0.11838020524536078,false,false
eva_adaptive_open,23,C053,CONDELL,47,16,31,0.3532028448920026,0.3602078815929839,0.007005036700981293,false,false
eva_adaptive_open,23,I02,CARLOS VALDOVINOS,22,17,5,0.4243998641097862,0.35528620955926693,-0.06911365455051927,false,true
eva_adaptive_open,23,I08,GENERAL OSCAR BONILLA,16,18,-2,0.44379823929485906,0.3534852174985045,-0.09031302179635459,false,true
eva_adaptive_open,23,C063,LONGITUDINAL,75,19,56,0.28538182252354,0.3526594705521154,0.06727764802857539,false,false
eva_adaptive_open,23,C056,TEMUCO - TORO MAZOTTE,100,20,80,0.2468166288620158,0.3511793356813194,0.10436270681930362,false,false
eva_adaptive_open,23,C083,ORIENTAL-LAS PARCELAS,50,21,29,0.33400841178333013,0.35096605726932234,0.016957645485992212,false,false
eva_adaptive_open,23,C014,JOSE DOMINGO CAÑAS,49,22,27,0.3434151720257287,0.3453428032423394,0.0019276312166107146,false,false
eva_adaptive_open,23,I13,LO ESPEJO-RIQUELME,54,23,31,0.32833080195639963,0.3452231117284989,0.016892309772099268,false,false
eva_adaptive_open,23,I14,LO OVALLE,2,24,-22,0.6371787956227899,0.3440689243043107,-0.2931098713184792,false,true
eva_adaptive_open,23,C011,EYZAGUIRRE,89,25,64,0.2597262361382782,0.3437616552822007,0.08403541914392249,false,false
eva_adaptive_open,23,C072,COVADONGA,114,26,88,0.2222660174854263,0.34184299216241604,0.11957697467698974,false,false
eva_adaptive_open,23,C081,SAN GREGORIO - DIEGO MEZA,33,27,6,0.38932341506856066,0.33963084464003285,-0.049692570428527816,false,false
eva_adaptive_open,23,C035,PRODIVENCIA,81,28,53,0.27556952254522565,0.3386439447056148,0.06307442216038917,false,false
eva_adaptive_open,23,C049,FEDERICO ERRÁZURIZ (EX SERRANO),53,29,24,0.32905890532348764,0.3363197815465803,0.007260876223092683,false,false
eva_adaptive_open,23,C043,NEPTUNO,45,30,15,0.35474887854437137,0.33367397332944054,-0.021074905214930828,false,false
eva_adaptive_open,23,C061,EL PINAR,36,31,5,0.38117344530336017,0.3314808748748323,-0.04969257042852787,false,false
eva_adaptive_open,23,C057,PADRE VICENTE IRARRAZABAL - MANUEL CHACON,25,32,-7,0.41723732777812184,0.3289223250467698,-0.08831500273135201,false,true
eva_adaptive_open,23,C029,MARIA ELENA,35,33,2,0.3866330072050211,0.32809441274088075,-0.05853859446414034,false,false
eva_adaptive_open,23,C058,ANTONIO EBNER-BARROS ARANA,29,34,-5,0.40679457494201116,0.32780814449325085,-0.0789864304487603,false,true
eva_adaptive_open,23,I07,EL GUANACO,21,35,-14,0.42548756362861406,0.324739680651957,-0.10074788297665704,false,true
eva_adaptive_open,23,C047,VIOLETA PARRA,86,36,50,0.2648001936107111,0.32192692159440883,0.05712672798369772,false,false
eva_adaptive_open,23,C007,EDUARDO CASTILLO VELASCO,56,37,19,0.3209682481807713,0.3209682481807713,0,false,false
eva_adaptive_open,23,I18,NUEVA IMPERIAL,79,38,41,0.28249960315815087,0.31746948982985224,0.03496988667170137,false,false
eva_adaptive_open,23,C024,LOS ARRAYANES - LOS COPIHUES,39,39,0,0.369297779392275,0.3164169532190636,-0.05288082617321138,false,false
eva_adaptive_open,23,C40,VICUÑA MACKENNA - SAN MARTIN,88,40,48,0.2599804114545511,0.3163360869516046,0.0563556754970535,false,false
eva_adaptive_open,23,C032,OBISPO MANUEL UMAÑA,41,41,0,0.36167847000046166,0.3159635865653994,-0.04571488343506225,false,false
eva_adaptive_open,23,C074,URETA COX,58,42,16,0.31449957814869145,0.31449957814869145,0,false,false
eva_adaptive_open,23,C001,SAN EUGENIO,52,43,9,0.3301050844306759,0.31315225632030524,-0.016952828110370632,false,false
eva_adaptive_open,23,C005,CORONEL ALEJANDRO SEPULVEDA,60,44,16,0.3106497256836105,0.3106497256836105,0,false,false
eva_adaptive_open,23,C033,OBSERVATORIO,96,45,51,0.25172362934577086,0.3084648310861465,0.05674120174037561,false,false
eva_adaptive_open,23,C050,MAR DE DRAKE,37,46,-9,0.3754671127887729,0.30811479039196454,-0.06735232239680838,false,false
eva_adaptive_open,23,I31,FERNANDEZ ALBANO,80,47,33,0.27793271006427517,0.3067365280286479,0.028803817964372758,false,false
eva_adaptive_open,23,C023,AVENIDA DORSAL,48,48,0,0.34913804016037303,0.3066800306129391,-0.04245800954743395,false,false
eva_adaptive_open,23,C080,PARAGUAY,106,49,57,0.2404621201898296,0.3065842808037552,0.06612216061392562,false,false
eva_adaptive_open,23,C088,ÑUBLE,61,50,11,0.30596663776619404,0.3063521640095162,0.0003855262433221651,false,false
eva_adaptive_open,23,C034,PEDRO LEON UGALDE,64,51,13,0.30513444215224494,0.3059054946388892,0.0007710524866442747,false,false
eva_adaptive_open,23,C028,MADRID,63,52,11,0.3053850663175511,0.3057705925608732,0.0003855262433221096,false,false
eva_adaptive_open,23,C020,LATINOAMERICA - PINTOR MURILLO - FRANCISCO TOLEDO,62,53,9,0.3053874986899725,0.3053874986899725,0,false,false
eva_adaptive_open,23,C019,LAS HIJUELAS SUR - LIBERTADOR BERNARDO OHIGGINS,110,54,56,0.23151138733257812,0.3046576882387051,0.07314630090612698,false,false
eva_adaptive_open,23,C015,JOSE MANUEL GUZMAN,76,55,21,0.2845092001303485,0.3038738968969849,0.01936469676663638,false,false
eva_adaptive_open,23,C030,MAULE,66,56,10,0.30294715823212187,0.30333268447544404,0.0003855262433221651,false,false
eva_adaptive_open,23,C037,SAN ALFONSO,65,57,8,0.3032697592490899,0.3032697592490899,0,false,false
eva_adaptive_open,23,C042,PRINCIPE DE GALES,67,58,9,0.3015275299366899,0.3015275299366899,0,false,false
eva_adaptive_open,23,C076,ISLA DECEPCION,93,59,34,0.25765035826791644,0.3008300476650675,0.043179689397151055,false,false
eva_adaptive_open,23,C084,EL PINO - UNO SUR,116,60,56,0.21625589427110412,0.30047126787027795,0.08421537359917383,false,false
eva_adaptive_open,23,C003,CONCHA Y TORO,38,61,-23,0.3709576416282776,0.29879828061632957,-0.07215936101194803,false,false
eva_adaptive_open,23,C039,TUPUNGATO,113,62,51,0.22275270275256875,0.2972177850899593,0.07446508233739052,false,false
eva_adaptive_open,23,C064,SILVA CARVALLO - SANTA ELENA,85,63,22,0.264928178794096,0.29671303455212084,0.03178485575802481,false,false
eva_adaptive_open,23,C026,LOS MAITENES,102,64,38,0.24476449972018605,0.29619911153987877,0.05143461181969272,false,false
eva_adaptive_open,23,C038,TALCAHUANO - SANTA INES - LOS EDILES,101,65,36,0.24550764665869662,0.29573880114313694,0.05023115448444032,false,false
eva_adaptive_open,23,C031,NECOCHEA,103,66,37,0.24437487011116932,0.2942204983522875,0.049845628241118156,false,false
eva_adaptive_open,23,C065,NUEVA SAN MARTIN,91,67,24,0.2588125082913236,0.29384044783423063,0.03502793954290706,false,false
eva_adaptive_open,23,C079,LAS AMERICAS,87,68,19,0.26410913255677176,0.2935581354089318,0.02944900285216001,false,false
eva_adaptive_open,23,C044,LOS CERRILLOS,44,69,-25,0.355273233150638,0.2931210475714493,-0.06215218557918872,false,false
eva_adaptive_open,23,C013,HEROES DE LA CONCEPCION,70,70,0,0.29161502323158384,0.29161502323158384,0,false,false
eva_adaptive_open,23,C004,CONSISTORIAL,73,71,2,0.28796525159755554,0.29093172378697835,0.0029664721894228085,false,false
eva_adaptive_open,23,C027,LOS PRESIDENTES,71,72,-1,0.2903073892430075,0.2903073892430075,0,false,false
eva_adaptive_open,23,C090,SANTO DOMINGO,59,73,-14,0.3106717940498921,0.2900617837756913,-0.020610010274200785,false,false
eva_adaptive_open,23,I23,PETERSEN - VICUÑA MACKENNA,74,74,0,0.28720997267232284,0.28720997267232284,0,false,false
eva_adaptive_open,23,C022,LLANURA  - EL DESIERTO,78,75,3,0.2832694397879176,0.2832694397879176,0,false,false
eva_adaptive_open,23,C046,EUCALIPTOS,77,76,1,0.2836213631052964,0.28018177357498764,-0.003439589530308762,false,false
eva_adaptive_open,23,I28,SANTA RAQUEL,69,77,-8,0.2960140924026152,0.2776962274862046,-0.01831786491641063,false,false
eva_adaptive_open,23,C052,BAQUEDANO - POSTALES ORIENTE,82,78,4,0.2725119994529144,0.2725119994529144,0,false,false
eva_adaptive_open,23,C078,WALDO TAFF,51,79,-28,0.33255806783730496,0.2640982140605202,-0.06845985377678476,false,false
eva_adaptive_open,23,C010,ESQ BLANCA - ALBERTO LLONA,115,80,35,0.219488334536514,0.26262962253258254,0.043141287996068534,false,false
eva_adaptive_open,23,C069,LOS OLMOS,90,81,9,0.2594151168255869,0.2594151168255869,0,false,false
eva_adaptive_open,23,C009,EL ROSAL - SANTA ELENA,92,82,10,0.258292338870139,0.258292338870139,0,false,false
eva_adaptive_open,23,C002,CAPITAN IGNACIO CARRERA PINTO,94,83,11,0.2546555618818747,0.2546555618818747,0,false,false
eva_adaptive_open,23,C048,GENERAL ARRIAGADA,95,84,11,0.2517348978903142,0.2517348978903142,0,false,false
eva_adaptive_open,23,C085,LOS LIBERTADORES,119,85,34,0.19011991189992178,0.25151437825336925,0.061394466353447474,false,false
eva_adaptive_open,23,C062,CORONA SUECA,83,86,-3,0.27233361403980005,0.2513511863347979,-0.020982427705002138,false,false
eva_adaptive_open,23,C012,GABRIELA ORIENTE,109,87,22,0.23493763531224565,0.2504161476776965,0.015478512365450836,false,false
eva_adaptive_open,23,I03,CARRASCAL,97,88,9,0.24854515940907576,0.24854515940907576,0,false,false
eva_adaptive_open,23,C021,LAUTARO,117,89,28,0.20904169103894277,0.24315278721380412,0.034111096174861355,false,false
eva_adaptive_open,23,C071,BARROS ARANA,104,90,14,0.2432718387690382,0.24263265222575167,-0.0006391865432865407,false,false
eva_adaptive_open,23,C041,VISTA HERMOSA,55,91,-36,0.32433865422117386,0.23729046079619398,-0.08704819342497988,false,false
eva_adaptive_open,23,C087,SALVADOR GUTIERREZ,68,92,-24,0.2988400180747415,0.23167583897026392,-0.06716417910447756,false,false
eva_adaptive_open,23,C017,LA PARINACOTA,99,93,6,0.24787162646529243,0.2279533954363316,-0.019918231028960814,false,false
eva_adaptive_open,23,C008,EL CERRO,112,94,18,0.22664145134727998,0.22664145134727998,0,false,false
eva_adaptive_open,23,C055,ARTURO PRAT,118,95,23,0.1970214926913857,0.22407331213030995,0.027051819438924263,false,false
eva_adaptive_open,23,C036,RIO REFUGIO - SALAR SURIRE,107,96,11,0.23882288406802515,0.22368469062682966,-0.015138193441195491,false,false
eva_adaptive_open,23,C077,RICARDO VIAL,108,97,11,0.23530100578344948,0.22334495183243977,-0.01195605395100971,false,false
eva_adaptive_open,23,C045,PORTO ALEGRE,121,98,23,0.1789631843926075,0.2070448874311994,0.028081703038591893,false,false
eva_adaptive_open,23,C018,LA PRIMAVERA,120,99,21,0.18728903995307272,0.18729403797436894,0.000004998021296220845,false,false
eva_adaptive_open,23,C016,JUANITA,124,100,24,0.15869954711149178,0.18668961975965365,0.027990072648161862,false,false
eva_adaptive_open,23,C025,LOS DURAZNOS,122,101,21,0.17773769788730326,0.17779517513220938,0.00005747724490612338,false,false
eva_adaptive_open,23,C073,LOS MORROS,123,102,21,0.16537203853610075,0.16537203853610075,0,false,false
eva_adaptive_open,24,I06,DIAGONAL ORIENTE,31,1,30,0.40267663972498335,0.4431789236424345,0.04050228391745114,true,false
eva_adaptive_open,24,C089,J J PEREZ,84,2,82,0.26495488367176884,0.42483431759856105,0.1598794339267922,false,false
eva_adaptive_open,24,I24,RADAL,26,3,23,0.41533970570255174,0.4154031421910538,0.00006343648850204442,false,true
eva_adaptive_open,24,I15,MARTINEZ DE ROZAS,10,4,6,0.49042582216035796,0.4148837713854609,-0.07554205077489706,false,true
eva_adaptive_open,24,I29,SANTA ROSA,23,5,18,0.42297111297710543,0.41245640292399943,-0.010514710053106002,false,true
eva_adaptive_open,24,C070,MENDOZA (EX-CORONEL ROBLES),34,6,28,0.387202115587132,0.4050205586776194,0.017818443090487357,false,false
eva_adaptive_open,24,C060,ROJAS MAGALLANES,24,7,17,0.4219139986989199,0.3996060222843795,-0.022307976414540354,false,true
eva_adaptive_open,24,C053,CONDELL,47,8,39,0.3532028448920026,0.3937899711452227,0.040587126253220085,false,false
eva_adaptive_open,24,I05,DIAGONAL JOSE MARIA CARO,18,9,9,0.43893681633352033,0.39309133143635283,-0.0458454848971675,false,true
eva_adaptive_open,24,I23,PETERSEN - VICUÑA MACKENNA,74,10,64,0.28720997267232284,0.392473780071136,0.10526380739881314,false,false
eva_adaptive_open,24,I32,EINSTEIN,72,11,61,0.2891830343121434,0.39142907916116426,0.10224604484902083,false,false
eva_adaptive_open,24,C054,VICTORIA,98,12,86,0.24818166256108362,0.3889499275079369,0.14076826494685327,false,false
eva_adaptive_open,24,I17,MATUCANA,46,13,33,0.3532790270795219,0.38825942079107606,0.03498039371155415,false,false
eva_adaptive_open,24,I08,GENERAL OSCAR BONILLA,16,14,2,0.44379823929485906,0.38725473284935025,-0.05654350644550882,false,true
eva_adaptive_open,24,C063,LONGITUDINAL,75,15,60,0.28538182252354,0.38639150074323975,0.10100967821969975,false,false
eva_adaptive_open,24,C006,DOMINGO TOCORNAL,17,16,1,0.44257795158972896,0.38429556966416456,-0.0582823819255644,false,true
eva_adaptive_open,24,C056,TEMUCO - TORO MAZOTTE,100,17,83,0.2468166288620158,0.3791644103081851,0.1323477814461693,false,false
eva_adaptive_open,24,C083,ORIENTAL-LAS PARCELAS,50,18,32,0.33400841178333013,0.3733541169708149,0.03934570518748476,false,false
eva_adaptive_open,24,C035,PRODIVENCIA,81,19,62,0.27556952254522565,0.3722260342578536,0.09665651171262796,false,false
eva_adaptive_open,24,C049,FEDERICO ERRÁZURIZ (EX SERRANO),53,20,33,0.32905890532348764,0.37007513583708684,0.041016230513599206,false,false
eva_adaptive_open,24,C051,JOSE MIGUEL INFANTE - DOMINGO STA MARIA,111,21,90,0.22770327755636682,0.36225545913485363,0.1345521815784868,false,false
eva_adaptive_open,24,C081,SAN GREGORIO - DIEGO MEZA,33,22,11,0.38932341506856066,0.3620189043415254,-0.02730451072703527,false,false
eva_adaptive_open,24,C057,PADRE VICENTE IRARRAZABAL - MANUEL CHACON,25,23,2,0.41723732777812184,0.3569073996736355,-0.06032992810448634,false,true
eva_adaptive_open,24,C029,MARIA ELENA,35,24,11,0.3866330072050211,0.35607948736774636,-0.030553519837274723,false,false
eva_adaptive_open,24,I02,CARLOS VALDOVINOS,22,25,-3,0.4243998641097862,0.35528620955926693,-0.06911365455051927,false,true
eva_adaptive_open,24,C011,EYZAGUIRRE,89,26,63,0.2597262361382782,0.354955685132947,0.09522944899466879,false,false
eva_adaptive_open,24,C061,EL PINAR,36,27,9,0.38117344530336017,0.35386893457632485,-0.027304510727035325,false,false
eva_adaptive_open,24,C072,COVADONGA,114,28,86,0.2222660174854263,0.3530370220131623,0.130771004527736,false,false
eva_adaptive_open,24,C014,JOSE DOMINGO CAÑAS,49,29,20,0.3434151720257287,0.3453428032423394,0.0019276312166107146,false,false
eva_adaptive_open,24,I13,LO ESPEJO-RIQUELME,54,30,24,0.32833080195639963,0.3452231117284989,0.016892309772099268,false,false
eva_adaptive_open,24,I14,LO OVALLE,2,31,-29,0.6371787956227899,0.3440689243043107,-0.2931098713184792,false,true
eva_adaptive_open,24,C032,OBISPO MANUEL UMAÑA,41,32,9,0.36167847000046166,0.3439486611922651,-0.01772980880819658,false,false
eva_adaptive_open,24,C082,CAUPOLICAN,105,33,72,0.24201028797730914,0.3343157551872506,0.09230546720994146,false,false
eva_adaptive_open,24,I18,NUEVA IMPERIAL,79,34,45,0.28249960315815087,0.33426053460597166,0.05176093144782079,false,false
eva_adaptive_open,24,C043,NEPTUNO,45,35,10,0.35474887854437137,0.33367397332944054,-0.021074905214930828,false,false
eva_adaptive_open,24,C058,ANTONIO EBNER-BARROS ARANA,29,36,-7,0.40679457494201116,0.32780814449325085,-0.0789864304487603,false,true
eva_adaptive_open,24,I07,EL GUANACO,21,37,-16,0.42548756362861406,0.324739680651957,-0.10074788297665704,false,true
eva_adaptive_open,24,C047,VIOLETA PARRA,86,38,48,0.2648001936107111,0.32192692159440883,0.05712672798369772,false,false
eva_adaptive_open,24,C007,EDUARDO CASTILLO VELASCO,56,39,17,0.3209682481807713,0.3209682481807713,0,false,false
eva_adaptive_open,24,C015,JOSE MANUEL GUZMAN,76,40,36,0.2845092001303485,0.3207182539002636,0.03620905376991507,false,false
eva_adaptive_open,24,C026,LOS MAITENES,102,41,61,0.24476449972018605,0.31867213760340646,0.07390763788322041,false,false
eva_adaptive_open,24,C024,LOS ARRAYANES - LOS COPIHUES,39,42,-3,0.369297779392275,0.3164169532190636,-0.05288082617321138,false,false
eva_adaptive_open,24,C40,VICUÑA MACKENNA - SAN MARTIN,88,43,45,0.2599804114545511,0.3163360869516046,0.0563556754970535,false,false
eva_adaptive_open,24,C074,URETA COX,58,44,14,0.31449957814869145,0.31449957814869145,0,false,false
eva_adaptive_open,24,C001,SAN EUGENIO,52,45,7,0.3301050844306759,0.31315225632030524,-0.016952828110370632,false,false
eva_adaptive_open,24,C005,CORONEL ALEJANDRO SEPULVEDA,60,46,14,0.3106497256836105,0.3106497256836105,0,false,false
eva_adaptive_open,24,C033,OBSERVATORIO,96,47,49,0.25172362934577086,0.3084648310861465,0.05674120174037561,false,false
eva_adaptive_open,24,C050,MAR DE DRAKE,37,48,-11,0.3754671127887729,0.30811479039196454,-0.06735232239680838,false,false
eva_adaptive_open,24,I31,FERNANDEZ ALBANO,80,49,31,0.27793271006427517,0.3067365280286479,0.028803817964372758,false,false
eva_adaptive_open,24,C023,AVENIDA DORSAL,48,50,-2,0.34913804016037303,0.3066800306129391,-0.04245800954743395,false,false
eva_adaptive_open,24,C080,PARAGUAY,106,51,55,0.2404621201898296,0.3065842808037552,0.06612216061392562,false,false
eva_adaptive_open,24,C088,ÑUBLE,61,52,9,0.30596663776619404,0.3063521640095162,0.0003855262433221651,false,false
eva_adaptive_open,24,C034,PEDRO LEON UGALDE,64,53,11,0.30513444215224494,0.3059054946388892,0.0007710524866442747,false,false
eva_adaptive_open,24,C028,MADRID,63,54,9,0.3053850663175511,0.3057705925608732,0.0003855262433221096,false,false
eva_adaptive_open,24,C020,LATINOAMERICA - PINTOR MURILLO - FRANCISCO TOLEDO,62,55,7,0.3053874986899725,0.3053874986899725,0,false,false
eva_adaptive_open,24,C019,LAS HIJUELAS SUR - LIBERTADOR BERNARDO OHIGGINS,110,56,54,0.23151138733257812,0.3046576882387051,0.07314630090612698,false,false
eva_adaptive_open,24,C003,CONCHA Y TORO,38,57,-19,0.3709576416282776,0.3043952955417027,-0.06656234608657491,false,false
eva_adaptive_open,24,C030,MAULE,66,58,8,0.30294715823212187,0.30333268447544404,0.0003855262433221651,false,false
eva_adaptive_open,24,C037,SAN ALFONSO,65,59,6,0.3032697592490899,0.3032697592490899,0,false,false
eva_adaptive_open,24,C042,PRINCIPE DE GALES,67,60,7,0.3015275299366899,0.3015275299366899,0,false,false
eva_adaptive_open,24,C076,ISLA DECEPCION,93,61,32,0.25765035826791644,0.3008300476650675,0.043179689397151055,false,false
eva_adaptive_open,24,C084,EL PINO - UNO SUR,116,62,54,0.21625589427110412,0.30047126787027795,0.08421537359917383,false,false
eva_adaptive_open,24,C039,TUPUNGATO,113,63,50,0.22275270275256875,0.2972177850899593,0.07446508233739052,false,false
eva_adaptive_open,24,C064,SILVA CARVALLO - SANTA ELENA,85,64,21,0.264928178794096,0.29671303455212084,0.03178485575802481,false,false
eva_adaptive_open,24,C038,TALCAHUANO - SANTA INES - LOS EDILES,101,65,36,0.24550764665869662,0.29573880114313694,0.05023115448444032,false,false
eva_adaptive_open,24,C031,NECOCHEA,103,66,37,0.24437487011116932,0.2942204983522875,0.049845628241118156,false,false
eva_adaptive_open,24,C065,NUEVA SAN MARTIN,91,67,24,0.2588125082913236,0.29384044783423063,0.03502793954290706,false,false
eva_adaptive_open,24,C079,LAS AMERICAS,87,68,19,0.26410913255677176,0.2935581354089318,0.02944900285216001,false,false
eva_adaptive_open,24,C044,LOS CERRILLOS,44,69,-25,0.355273233150638,0.2931210475714493,-0.06215218557918872,false,false
eva_adaptive_open,24,C013,HEROES DE LA CONCEPCION,70,70,0,0.29161502323158384,0.29161502323158384,0,false,false
eva_adaptive_open,24,C004,CONSISTORIAL,73,71,2,0.28796525159755554,0.29093172378697835,0.0029664721894228085,false,false
eva_adaptive_open,24,C027,LOS PRESIDENTES,71,72,-1,0.2903073892430075,0.2903073892430075,0,false,false
eva_adaptive_open,24,C090,SANTO DOMINGO,59,73,-14,0.3106717940498921,0.2900617837756913,-0.020610010274200785,false,false
eva_adaptive_open,24,C010,ESQ BLANCA - ALBERTO LLONA,115,74,41,0.219488334536514,0.2850176822340751,0.06552934769756108,false,false
eva_adaptive_open,24,C022,LLANURA  - EL DESIERTO,78,75,3,0.2832694397879176,0.2832694397879176,0,false,false
eva_adaptive_open,24,C046,EUCALIPTOS,77,76,1,0.2836213631052964,0.28018177357498764,-0.003439589530308762,false,false
eva_adaptive_open,24,I28,SANTA RAQUEL,69,77,-8,0.2960140924026152,0.2776962274862046,-0.01831786491641063,false,false
eva_adaptive_open,24,C085,LOS LIBERTADORES,119,78,41,0.19011991189992178,0.2739024379548618,0.08378252605494002,false,false
eva_adaptive_open,24,C052,BAQUEDANO - POSTALES ORIENTE,82,79,3,0.2725119994529144,0.2725119994529144,0,false,false
eva_adaptive_open,24,C078,WALDO TAFF,51,80,-29,0.33255806783730496,0.2640982140605202,-0.06845985377678476,false,false
eva_adaptive_open,24,C069,LOS OLMOS,90,81,9,0.2594151168255869,0.2594151168255869,0,false,false
eva_adaptive_open,24,C009,EL ROSAL - SANTA ELENA,92,82,10,0.258292338870139,0.258292338870139,0,false,false
eva_adaptive_open,24,C002,CAPITAN IGNACIO CARRERA PINTO,94,83,11,0.2546555618818747,0.2546555618818747,0,false,false
eva_adaptive_open,24,C048,GENERAL ARRIAGADA,95,84,11,0.2517348978903142,0.2517348978903142,0,false,false
eva_adaptive_open,24,C062,CORONA SUECA,83,85,-2,0.27233361403980005,0.2513511863347979,-0.020982427705002138,false,false
eva_adaptive_open,24,C012,GABRIELA ORIENTE,109,86,23,0.23493763531224565,0.2504161476776965,0.015478512365450836,false,false
eva_adaptive_open,24,I03,CARRASCAL,97,87,10,0.24854515940907576,0.24854515940907576,0,false,false
eva_adaptive_open,24,C021,LAUTARO,117,88,29,0.20904169103894277,0.24315278721380412,0.034111096174861355,false,false
eva_adaptive_open,24,C071,BARROS ARANA,104,89,15,0.2432718387690382,0.24263265222575167,-0.0006391865432865407,false,false
eva_adaptive_open,24,C087,SALVADOR GUTIERREZ,68,90,-22,0.2988400180747415,0.24225656888983763,-0.05658344918490385,false,false
eva_adaptive_open,24,C041,VISTA HERMOSA,55,91,-36,0.32433865422117386,0.23729046079619398,-0.08704819342497988,false,false
eva_adaptive_open,24,C017,LA PARINACOTA,99,92,7,0.24787162646529243,0.2279533954363316,-0.019918231028960814,false,false
eva_adaptive_open,24,C008,EL CERRO,112,93,19,0.22664145134727998,0.22664145134727998,0,false,false
eva_adaptive_open,24,C055,ARTURO PRAT,118,94,24,0.1970214926913857,0.22407331213030995,0.027051819438924263,false,false
eva_adaptive_open,24,C036,RIO REFUGIO - SALAR SURIRE,107,95,12,0.23882288406802515,0.22368469062682966,-0.015138193441195491,false,false
eva_adaptive_open,24,C077,RICARDO VIAL,108,96,12,0.23530100578344948,0.22334495183243977,-0.01195605395100971,false,false
eva_adaptive_open,24,C045,PORTO ALEGRE,121,97,24,0.1789631843926075,0.21264190235657252,0.033678717963965016,false,false
eva_adaptive_open,24,C018,LA PRIMAVERA,120,98,22,0.18728903995307272,0.18729403797436894,0.000004998021296220845,false,false
eva_adaptive_open,24,C016,JUANITA,124,99,25,0.15869954711149178,0.18668961975965365,0.027990072648161862,false,false
eva_adaptive_open,24,C025,LOS DURAZNOS,122,100,22,0.17773769788730326,0.17779517513220938,0.00005747724490612338,false,false
eva_adaptive_open,24,C073,LOS MORROS,123,101,22,0.16537203853610075,0.16537203853610075,0,false,false
eva_adaptive_open,25,C089,J J PEREZ,84,1,83,0.26495488367176884,0.42483431759856105,0.1598794339267922,true,false
eva_adaptive_open,25,I24,RADAL,26,2,24,0.41533970570255174,0.4154031421910538,0.00006343648850204442,false,true
eva_adaptive_open,25,I15,MARTINEZ DE ROZAS,10,3,7,0.49042582216035796,0.4148837713854609,-0.07554205077489706,false,true
eva_adaptive_open,25,I29,SANTA ROSA,23,4,19,0.42297111297710543,0.41245640292399943,-0.010514710053106002,false,true
eva_adaptive_open,25,C070,MENDOZA (EX-CORONEL ROBLES),34,5,29,0.387202115587132,0.4050205586776194,0.017818443090487357,false,false
eva_adaptive_open,25,C060,ROJAS MAGALLANES,24,6,18,0.4219139986989199,0.3996060222843795,-0.022307976414540354,false,true
eva_adaptive_open,25,I05,DIAGONAL JOSE MARIA CARO,18,7,11,0.43893681633352033,0.39309133143635283,-0.0458454848971675,false,true
eva_adaptive_open,25,I23,PETERSEN - VICUÑA MACKENNA,74,8,66,0.28720997267232284,0.392473780071136,0.10526380739881314,false,false
eva_adaptive_open,25,I32,EINSTEIN,72,9,63,0.2891830343121434,0.39142907916116426,0.10224604484902083,false,false
eva_adaptive_open,25,C054,VICTORIA,98,10,88,0.24818166256108362,0.3889499275079369,0.14076826494685327,false,false
eva_adaptive_open,25,I17,MATUCANA,46,11,35,0.3532790270795219,0.38825942079107606,0.03498039371155415,false,false
eva_adaptive_open,25,C053,CONDELL,47,12,35,0.3532028448920026,0.3881929562198495,0.03499011132784691,false,false
eva_adaptive_open,25,I08,GENERAL OSCAR BONILLA,16,13,3,0.44379823929485906,0.38725473284935025,-0.05654350644550882,false,true
eva_adaptive_open,25,C063,LONGITUDINAL,75,14,61,0.28538182252354,0.38639150074323975,0.10100967821969975,false,false
eva_adaptive_open,25,C006,DOMINGO TOCORNAL,17,15,2,0.44257795158972896,0.38429556966416456,-0.0582823819255644,false,true
eva_adaptive_open,25,C056,TEMUCO - TORO MAZOTTE,100,16,84,0.2468166288620158,0.3791644103081851,0.1323477814461693,false,false
eva_adaptive_open,25,C035,PRODIVENCIA,81,17,64,0.27556952254522565,0.3722260342578536,0.09665651171262796,false,false
eva_adaptive_open,25,C049,FEDERICO ERRÁZURIZ (EX SERRANO),53,18,35,0.32905890532348764,0.37007513583708684,0.041016230513599206,false,false
eva_adaptive_open,25,C051,JOSE MIGUEL INFANTE - DOMINGO STA MARIA,111,19,92,0.22770327755636682,0.36225545913485363,0.1345521815784868,false,false
eva_adaptive_open,25,C081,SAN GREGORIO - DIEGO MEZA,33,20,13,0.38932341506856066,0.3620189043415254,-0.02730451072703527,false,false
eva_adaptive_open,25,C057,PADRE VICENTE IRARRAZABAL - MANUEL CHACON,25,21,4,0.41723732777812184,0.3569073996736355,-0.06032992810448634,false,true
eva_adaptive_open,25,C029,MARIA ELENA,35,22,13,0.3866330072050211,0.35607948736774636,-0.030553519837274723,false,false
eva_adaptive_open,25,I02,CARLOS VALDOVINOS,22,23,-1,0.4243998641097862,0.35528620955926693,-0.06911365455051927,false,true
eva_adaptive_open,25,C011,EYZAGUIRRE,89,24,65,0.2597262361382782,0.354955685132947,0.09522944899466879,false,false
eva_adaptive_open,25,C061,EL PINAR,36,25,11,0.38117344530336017,0.35386893457632485,-0.027304510727035325,false,false
eva_adaptive_open,25,C072,COVADONGA,114,26,88,0.2222660174854263,0.3530370220131623,0.130771004527736,false,false
eva_adaptive_open,25,C014,JOSE DOMINGO CAÑAS,49,27,22,0.3434151720257287,0.3453428032423394,0.0019276312166107146,false,false
eva_adaptive_open,25,I13,LO ESPEJO-RIQUELME,54,28,26,0.32833080195639963,0.3452231117284989,0.016892309772099268,false,false
eva_adaptive_open,25,I14,LO OVALLE,2,29,-27,0.6371787956227899,0.3440689243043107,-0.2931098713184792,false,true
eva_adaptive_open,25,C032,OBISPO MANUEL UMAÑA,41,30,11,0.36167847000046166,0.3439486611922651,-0.01772980880819658,false,false
eva_adaptive_open,25,C082,CAUPOLICAN,105,31,74,0.24201028797730914,0.3343157551872506,0.09230546720994146,false,false
eva_adaptive_open,25,I18,NUEVA IMPERIAL,79,32,47,0.28249960315815087,0.33426053460597166,0.05176093144782079,false,false
eva_adaptive_open,25,C043,NEPTUNO,45,33,12,0.35474887854437137,0.33367397332944054,-0.021074905214930828,false,false
eva_adaptive_open,25,C058,ANTONIO EBNER-BARROS ARANA,29,34,-5,0.40679457494201116,0.32780814449325085,-0.0789864304487603,false,true
eva_adaptive_open,25,C083,ORIENTAL-LAS PARCELAS,50,35,15,0.33400841178333013,0.3251273232241672,-0.00888108855916292,false,false
eva_adaptive_open,25,I07,EL GUANACO,21,36,-15,0.42548756362861406,0.324739680651957,-0.10074788297665704,false,true
eva_adaptive_open,25,C047,VIOLETA PARRA,86,37,49,0.2648001936107111,0.32192692159440883,0.05712672798369772,false,false
eva_adaptive_open,25,C007,EDUARDO CASTILLO VELASCO,56,38,18,0.3209682481807713,0.32135377442409346,0.0003855262433221651,false,false
eva_adaptive_open,25,C015,JOSE MANUEL GUZMAN,76,39,37,0.2845092001303485,0.3207182539002636,0.03620905376991507,false,false
eva_adaptive_open,25,C026,LOS MAITENES,102,40,62,0.24476449972018605,0.31867213760340646,0.07390763788322041,false,false
eva_adaptive_open,25,C024,LOS ARRAYANES - LOS COPIHUES,39,41,-2,0.369297779392275,0.3164169532190636,-0.05288082617321138,false,false
eva_adaptive_open,25,C40,VICUÑA MACKENNA - SAN MARTIN,88,42,46,0.2599804114545511,0.3163360869516046,0.0563556754970535,false,false
eva_adaptive_open,25,C074,URETA COX,58,43,15,0.31449957814869145,0.31449957814869145,0,false,false
eva_adaptive_open,25,C001,SAN EUGENIO,52,44,8,0.3301050844306759,0.31315225632030524,-0.016952828110370632,false,false
eva_adaptive_open,25,C005,CORONEL ALEJANDRO SEPULVEDA,60,45,15,0.3106497256836105,0.3106497256836105,0,false,false
eva_adaptive_open,25,C033,OBSERVATORIO,96,46,50,0.25172362934577086,0.3084648310861465,0.05674120174037561,false,false
eva_adaptive_open,25,C050,MAR DE DRAKE,37,47,-10,0.3754671127887729,0.30811479039196454,-0.06735232239680838,false,false
eva_adaptive_open,25,I31,FERNANDEZ ALBANO,80,48,32,0.27793271006427517,0.3067365280286479,0.028803817964372758,false,false
eva_adaptive_open,25,C023,AVENIDA DORSAL,48,49,-1,0.34913804016037303,0.3066800306129391,-0.04245800954743395,false,false
eva_adaptive_open,25,C080,PARAGUAY,106,50,56,0.2404621201898296,0.3065842808037552,0.06612216061392562,false,false
eva_adaptive_open,25,C088,ÑUBLE,61,51,10,0.30596663776619404,0.3063521640095162,0.0003855262433221651,false,false
eva_adaptive_open,25,C034,PEDRO LEON UGALDE,64,52,12,0.30513444215224494,0.3059054946388892,0.0007710524866442747,false,false
eva_adaptive_open,25,C028,MADRID,63,53,10,0.3053850663175511,0.3057705925608732,0.0003855262433221096,false,false
eva_adaptive_open,25,C020,LATINOAMERICA - PINTOR MURILLO - FRANCISCO TOLEDO,62,54,8,0.3053874986899725,0.3053874986899725,0,false,false
eva_adaptive_open,25,C019,LAS HIJUELAS SUR - LIBERTADOR BERNARDO OHIGGINS,110,55,55,0.23151138733257812,0.3046576882387051,0.07314630090612698,false,false
eva_adaptive_open,25,C003,CONCHA Y TORO,38,56,-18,0.3709576416282776,0.3043952955417027,-0.06656234608657491,false,false
eva_adaptive_open,25,C030,MAULE,66,57,9,0.30294715823212187,0.30333268447544404,0.0003855262433221651,false,false
eva_adaptive_open,25,C037,SAN ALFONSO,65,58,7,0.3032697592490899,0.3032697592490899,0,false,false
eva_adaptive_open,25,C042,PRINCIPE DE GALES,67,59,8,0.3015275299366899,0.3015275299366899,0,false,false
eva_adaptive_open,25,C076,ISLA DECEPCION,93,60,33,0.25765035826791644,0.3008300476650675,0.043179689397151055,false,false
eva_adaptive_open,25,C084,EL PINO - UNO SUR,116,61,55,0.21625589427110412,0.30047126787027795,0.08421537359917383,false,false
eva_adaptive_open,25,C039,TUPUNGATO,113,62,51,0.22275270275256875,0.2972177850899593,0.07446508233739052,false,false
eva_adaptive_open,25,C064,SILVA CARVALLO - SANTA ELENA,85,63,22,0.264928178794096,0.29671303455212084,0.03178485575802481,false,false
eva_adaptive_open,25,C038,TALCAHUANO - SANTA INES - LOS EDILES,101,64,37,0.24550764665869662,0.29573880114313694,0.05023115448444032,false,false
eva_adaptive_open,25,C031,NECOCHEA,103,65,38,0.24437487011116932,0.2942204983522875,0.049845628241118156,false,false
eva_adaptive_open,25,C065,NUEVA SAN MARTIN,91,66,25,0.2588125082913236,0.29384044783423063,0.03502793954290706,false,false
eva_adaptive_open,25,C079,LAS AMERICAS,87,67,20,0.26410913255677176,0.2935581354089318,0.02944900285216001,false,false
eva_adaptive_open,25,C044,LOS CERRILLOS,44,68,-24,0.355273233150638,0.2931210475714493,-0.06215218557918872,false,false
eva_adaptive_open,25,C013,HEROES DE LA CONCEPCION,70,69,1,0.29161502323158384,0.29161502323158384,0,false,false
eva_adaptive_open,25,C004,CONSISTORIAL,73,70,3,0.28796525159755554,0.29093172378697835,0.0029664721894228085,false,false
eva_adaptive_open,25,C027,LOS PRESIDENTES,71,71,0,0.2903073892430075,0.2903073892430075,0,false,false
eva_adaptive_open,25,C090,SANTO DOMINGO,59,72,-13,0.3106717940498921,0.2900617837756913,-0.020610010274200785,false,false
eva_adaptive_open,25,C010,ESQ BLANCA - ALBERTO LLONA,115,73,42,0.219488334536514,0.2850176822340751,0.06552934769756108,false,false
eva_adaptive_open,25,C022,LLANURA  - EL DESIERTO,78,74,4,0.2832694397879176,0.2832694397879176,0,false,false
eva_adaptive_open,25,C046,EUCALIPTOS,77,75,2,0.2836213631052964,0.28018177357498764,-0.003439589530308762,false,false
eva_adaptive_open,25,I28,SANTA RAQUEL,69,76,-7,0.2960140924026152,0.2776962274862046,-0.01831786491641063,false,false
eva_adaptive_open,25,C085,LOS LIBERTADORES,119,77,42,0.19011991189992178,0.2739024379548618,0.08378252605494002,false,false
eva_adaptive_open,25,C052,BAQUEDANO - POSTALES ORIENTE,82,78,4,0.2725119994529144,0.2725119994529144,0,false,false
eva_adaptive_open,25,C078,WALDO TAFF,51,79,-28,0.33255806783730496,0.2640982140605202,-0.06845985377678476,false,false
eva_adaptive_open,25,C069,LOS OLMOS,90,80,10,0.2594151168255869,0.2594151168255869,0,false,false
eva_adaptive_open,25,C009,EL ROSAL - SANTA ELENA,92,81,11,0.258292338870139,0.258292338870139,0,false,false
eva_adaptive_open,25,C002,CAPITAN IGNACIO CARRERA PINTO,94,82,12,0.2546555618818747,0.2546555618818747,0,false,false
eva_adaptive_open,25,C048,GENERAL ARRIAGADA,95,83,12,0.2517348978903142,0.2517348978903142,0,false,false
eva_adaptive_open,25,C062,CORONA SUECA,83,84,-1,0.27233361403980005,0.2513511863347979,-0.020982427705002138,false,false
eva_adaptive_open,25,C012,GABRIELA ORIENTE,109,85,24,0.23493763531224565,0.2504161476776965,0.015478512365450836,false,false
eva_adaptive_open,25,I03,CARRASCAL,97,86,11,0.24854515940907576,0.24854515940907576,0,false,false
eva_adaptive_open,25,C021,LAUTARO,117,87,30,0.20904169103894277,0.24315278721380412,0.034111096174861355,false,false
eva_adaptive_open,25,C071,BARROS ARANA,104,88,16,0.2432718387690382,0.24263265222575167,-0.0006391865432865407,false,false
eva_adaptive_open,25,C087,SALVADOR GUTIERREZ,68,89,-21,0.2988400180747415,0.24225656888983763,-0.05658344918490385,false,false
eva_adaptive_open,25,C041,VISTA HERMOSA,55,90,-35,0.32433865422117386,0.23729046079619398,-0.08704819342497988,false,false
eva_adaptive_open,25,C017,LA PARINACOTA,99,91,8,0.24787162646529243,0.2279533954363316,-0.019918231028960814,false,false
eva_adaptive_open,25,C008,EL CERRO,112,92,20,0.22664145134727998,0.22664145134727998,0,false,false
eva_adaptive_open,25,C055,ARTURO PRAT,118,93,25,0.1970214926913857,0.22407331213030995,0.027051819438924263,false,false
eva_adaptive_open,25,C036,RIO REFUGIO - SALAR SURIRE,107,94,13,0.23882288406802515,0.22368469062682966,-0.015138193441195491,false,false
eva_adaptive_open,25,C077,RICARDO VIAL,108,95,13,0.23530100578344948,0.22334495183243977,-0.01195605395100971,false,false
eva_adaptive_open,25,C045,PORTO ALEGRE,121,96,25,0.1789631843926075,0.21264190235657252,0.033678717963965016,false,false
eva_adaptive_open,25,C018,LA PRIMAVERA,120,97,23,0.18728903995307272,0.18729403797436894,0.000004998021296220845,false,false
eva_adaptive_open,25,C016,JUANITA,124,98,26,0.15869954711149178,0.18668961975965365,0.027990072648161862,false,false
eva_adaptive_open,25,C025,LOS DURAZNOS,122,99,23,0.17773769788730326,0.17779517513220938,0.00005747724490612338,false,false
eva_adaptive_open,25,C073,LOS MORROS,123,100,23,0.16537203853610075,0.16537203853610075,0,false,false
eva_adaptive_open,26,C046,EUCALIPTOS,77,1,76,0.2836213631052964,0.4510300184987758,0.16740865539347938,true,false
eva_adaptive_open,26,I24,RADAL,26,2,24,0.41533970570255174,0.4154031421910538,0.00006343648850204442,false,true
eva_adaptive_open,26,I15,MARTINEZ DE ROZAS,10,3,7,0.49042582216035796,0.4148837713854609,-0.07554205077489706,false,true
eva_adaptive_open,26,I29,SANTA ROSA,23,4,19,0.42297111297710543,0.41245640292399943,-0.010514710053106002,false,true
eva_adaptive_open,26,C070,MENDOZA (EX-CORONEL ROBLES),34,5,29,0.387202115587132,0.4050205586776194,0.017818443090487357,false,false
eva_adaptive_open,26,C060,ROJAS MAGALLANES,24,6,18,0.4219139986989199,0.3996060222843795,-0.022307976414540354,false,true
eva_adaptive_open,26,I05,DIAGONAL JOSE MARIA CARO,18,7,11,0.43893681633352033,0.39309133143635283,-0.0458454848971675,false,true
eva_adaptive_open,26,I23,PETERSEN - VICUÑA MACKENNA,74,8,66,0.28720997267232284,0.392473780071136,0.10526380739881314,false,false
eva_adaptive_open,26,I32,EINSTEIN,72,9,63,0.2891830343121434,0.39142907916116426,0.10224604484902083,false,false
eva_adaptive_open,26,C053,CONDELL,47,10,37,0.3532028448920026,0.38857848246317167,0.03537563757116907,false,false
eva_adaptive_open,26,I17,MATUCANA,46,11,35,0.3532790270795219,0.38825942079107606,0.03498039371155415,false,false
eva_adaptive_open,26,I08,GENERAL OSCAR BONILLA,16,12,4,0.44379823929485906,0.38725473284935025,-0.05654350644550882,false,true
eva_adaptive_open,26,C063,LONGITUDINAL,75,13,62,0.28538182252354,0.38639150074323975,0.10100967821969975,false,false
eva_adaptive_open,26,C006,DOMINGO TOCORNAL,17,14,3,0.44257795158972896,0.38429556966416456,-0.0582823819255644,false,true
eva_adaptive_open,26,C056,TEMUCO - TORO MAZOTTE,100,15,85,0.2468166288620158,0.3791644103081851,0.1323477814461693,false,false
eva_adaptive_open,26,C035,PRODIVENCIA,81,16,65,0.27556952254522565,0.3722260342578536,0.09665651171262796,false,false
eva_adaptive_open,26,C049,FEDERICO ERRÁZURIZ (EX SERRANO),53,17,36,0.32905890532348764,0.37007513583708684,0.041016230513599206,false,false
eva_adaptive_open,26,C051,JOSE MIGUEL INFANTE - DOMINGO STA MARIA,111,18,93,0.22770327755636682,0.36225545913485363,0.1345521815784868,false,false
eva_adaptive_open,26,C081,SAN GREGORIO - DIEGO MEZA,33,19,14,0.38932341506856066,0.3620189043415254,-0.02730451072703527,false,false
eva_adaptive_open,26,C057,PADRE VICENTE IRARRAZABAL - MANUEL CHACON,25,20,5,0.41723732777812184,0.3569073996736355,-0.06032992810448634,false,true
eva_adaptive_open,26,C029,MARIA ELENA,35,21,14,0.3866330072050211,0.35607948736774636,-0.030553519837274723,false,false
eva_adaptive_open,26,I02,CARLOS VALDOVINOS,22,22,0,0.4243998641097862,0.35528620955926693,-0.06911365455051927,false,true
eva_adaptive_open,26,C061,EL PINAR,36,23,13,0.38117344530336017,0.35386893457632485,-0.027304510727035325,false,false
eva_adaptive_open,26,C014,JOSE DOMINGO CAÑAS,49,24,25,0.3434151720257287,0.3453428032423394,0.0019276312166107146,false,false
eva_adaptive_open,26,I13,LO ESPEJO-RIQUELME,54,25,29,0.32833080195639963,0.3452231117284989,0.016892309772099268,false,false
eva_adaptive_open,26,I14,LO OVALLE,2,26,-24,0.6371787956227899,0.3440689243043107,-0.2931098713184792,false,true
eva_adaptive_open,26,C032,OBISPO MANUEL UMAÑA,41,27,14,0.36167847000046166,0.3439486611922651,-0.01772980880819658,false,false
eva_adaptive_open,26,C082,CAUPOLICAN,105,28,77,0.24201028797730914,0.3343157551872506,0.09230546720994146,false,false
eva_adaptive_open,26,I18,NUEVA IMPERIAL,79,29,50,0.28249960315815087,0.33426053460597166,0.05176093144782079,false,false
eva_adaptive_open,26,C043,NEPTUNO,45,30,15,0.35474887854437137,0.33367397332944054,-0.021074905214930828,false,false
eva_adaptive_open,26,C058,ANTONIO EBNER-BARROS ARANA,29,31,-2,0.40679457494201116,0.32780814449325085,-0.0789864304487603,false,true
eva_adaptive_open,26,C083,ORIENTAL-LAS PARCELAS,50,32,18,0.33400841178333013,0.3251273232241672,-0.00888108855916292,false,false
eva_adaptive_open,26,I07,EL GUANACO,21,33,-12,0.42548756362861406,0.324739680651957,-0.10074788297665704,false,true
eva_adaptive_open,26,C047,VIOLETA PARRA,86,34,52,0.2648001936107111,0.32192692159440883,0.05712672798369772,false,false
eva_adaptive_open,26,C007,EDUARDO CASTILLO VELASCO,56,35,21,0.3209682481807713,0.32135377442409346,0.0003855262433221651,false,false
eva_adaptive_open,26,C015,JOSE MANUEL GUZMAN,76,36,40,0.2845092001303485,0.3207182539002636,0.03620905376991507,false,false
eva_adaptive_open,26,C026,LOS MAITENES,102,37,65,0.24476449972018605,0.31867213760340646,0.07390763788322041,false,false
eva_adaptive_open,26,C024,LOS ARRAYANES - LOS COPIHUES,39,38,1,0.369297779392275,0.3164169532190636,-0.05288082617321138,false,false
eva_adaptive_open,26,C40,VICUÑA MACKENNA - SAN MARTIN,88,39,49,0.2599804114545511,0.3163360869516046,0.0563556754970535,false,false
eva_adaptive_open,26,C074,URETA COX,58,40,18,0.31449957814869145,0.31449957814869145,0,false,false
eva_adaptive_open,26,C001,SAN EUGENIO,52,41,11,0.3301050844306759,0.31315225632030524,-0.016952828110370632,false,false
eva_adaptive_open,26,C005,CORONEL ALEJANDRO SEPULVEDA,60,42,18,0.3106497256836105,0.3106497256836105,0,false,false
eva_adaptive_open,26,C033,OBSERVATORIO,96,43,53,0.25172362934577086,0.3084648310861465,0.05674120174037561,false,false
eva_adaptive_open,26,C050,MAR DE DRAKE,37,44,-7,0.3754671127887729,0.30811479039196454,-0.06735232239680838,false,false
eva_adaptive_open,26,I31,FERNANDEZ ALBANO,80,45,35,0.27793271006427517,0.3067365280286479,0.028803817964372758,false,false
eva_adaptive_open,26,C023,AVENIDA DORSAL,48,46,2,0.34913804016037303,0.3066800306129391,-0.04245800954743395,false,false
eva_adaptive_open,26,C080,PARAGUAY,106,47,59,0.2404621201898296,0.3065842808037552,0.06612216061392562,false,false
eva_adaptive_open,26,C088,ÑUBLE,61,48,13,0.30596663776619404,0.3063521640095162,0.0003855262433221651,false,false
eva_adaptive_open,26,C034,PEDRO LEON UGALDE,64,49,15,0.30513444215224494,0.3059054946388892,0.0007710524866442747,false,false
eva_adaptive_open,26,C028,MADRID,63,50,13,0.3053850663175511,0.3057705925608732,0.0003855262433221096,false,false
eva_adaptive_open,26,C020,LATINOAMERICA - PINTOR MURILLO - FRANCISCO TOLEDO,62,51,11,0.3053874986899725,0.3053874986899725,0,false,false
eva_adaptive_open,26,C019,LAS HIJUELAS SUR - LIBERTADOR BERNARDO OHIGGINS,110,52,58,0.23151138733257812,0.3046576882387051,0.07314630090612698,false,false
eva_adaptive_open,26,C003,CONCHA Y TORO,38,53,-15,0.3709576416282776,0.3043952955417027,-0.06656234608657491,false,false
eva_adaptive_open,26,C030,MAULE,66,54,12,0.30294715823212187,0.30333268447544404,0.0003855262433221651,false,false
eva_adaptive_open,26,C037,SAN ALFONSO,65,55,10,0.3032697592490899,0.3032697592490899,0,false,false
eva_adaptive_open,26,C054,VICTORIA,98,56,42,0.24818166256108362,0.30195101422376497,0.05376935166268135,false,false
eva_adaptive_open,26,C042,PRINCIPE DE GALES,67,57,10,0.3015275299366899,0.3015275299366899,0,false,false
eva_adaptive_open,26,C076,ISLA DECEPCION,93,58,35,0.25765035826791644,0.3008300476650675,0.043179689397151055,false,false
eva_adaptive_open,26,C084,EL PINO - UNO SUR,116,59,57,0.21625589427110412,0.30047126787027795,0.08421537359917383,false,false
eva_adaptive_open,26,C055,ARTURO PRAT,118,60,58,0.1970214926913857,0.2977673419810562,0.10074584928967051,false,false
eva_adaptive_open,26,C011,EYZAGUIRRE,89,61,28,0.2597262361382782,0.297330981511338,0.0376047453730598,false,false
eva_adaptive_open,26,C039,TUPUNGATO,113,62,51,0.22275270275256875,0.2972177850899593,0.07446508233739052,false,false
eva_adaptive_open,26,C064,SILVA CARVALLO - SANTA ELENA,85,63,22,0.264928178794096,0.29671303455212084,0.03178485575802481,false,false
eva_adaptive_open,26,C072,COVADONGA,114,64,50,0.2222660174854263,0.29579784463487546,0.07353182714944917,false,false
eva_adaptive_open,26,C038,TALCAHUANO - SANTA INES - LOS EDILES,101,65,36,0.24550764665869662,0.29573880114313694,0.05023115448444032,false,false
eva_adaptive_open,26,C031,NECOCHEA,103,66,37,0.24437487011116932,0.2942204983522875,0.049845628241118156,false,false
eva_adaptive_open,26,C065,NUEVA SAN MARTIN,91,67,24,0.2588125082913236,0.29384044783423063,0.03502793954290706,false,false
eva_adaptive_open,26,C079,LAS AMERICAS,87,68,19,0.26410913255677176,0.2935581354089318,0.02944900285216001,false,false
eva_adaptive_open,26,C044,LOS CERRILLOS,44,69,-25,0.355273233150638,0.2931210475714493,-0.06215218557918872,false,false
eva_adaptive_open,26,C013,HEROES DE LA CONCEPCION,70,70,0,0.29161502323158384,0.29161502323158384,0,false,false
eva_adaptive_open,26,C004,CONSISTORIAL,73,71,2,0.28796525159755554,0.29093172378697835,0.0029664721894228085,false,false
eva_adaptive_open,26,C027,LOS PRESIDENTES,71,72,-1,0.2903073892430075,0.2903073892430075,0,false,false
eva_adaptive_open,26,C090,SANTO DOMINGO,59,73,-14,0.3106717940498921,0.2900617837756913,-0.020610010274200785,false,false
eva_adaptive_open,26,C010,ESQ BLANCA - ALBERTO LLONA,115,74,41,0.219488334536514,0.2850176822340751,0.06552934769756108,false,false
eva_adaptive_open,26,C022,LLANURA  - EL DESIERTO,78,75,3,0.2832694397879176,0.2832694397879176,0,false,false
eva_adaptive_open,26,I28,SANTA RAQUEL,69,76,-7,0.2960140924026152,0.2776962274862046,-0.01831786491641063,false,false
eva_adaptive_open,26,C085,LOS LIBERTADORES,119,77,42,0.19011991189992178,0.2739024379548618,0.08378252605494002,false,false
eva_adaptive_open,26,C052,BAQUEDANO - POSTALES ORIENTE,82,78,4,0.2725119994529144,0.2725119994529144,0,false,false
eva_adaptive_open,26,C078,WALDO TAFF,51,79,-28,0.33255806783730496,0.2640982140605202,-0.06845985377678476,false,false
eva_adaptive_open,26,C069,LOS OLMOS,90,80,10,0.2594151168255869,0.2594151168255869,0,false,false
eva_adaptive_open,26,C009,EL ROSAL - SANTA ELENA,92,81,11,0.258292338870139,0.258292338870139,0,false,false
eva_adaptive_open,26,C002,CAPITAN IGNACIO CARRERA PINTO,94,82,12,0.2546555618818747,0.2546555618818747,0,false,false
eva_adaptive_open,26,C048,GENERAL ARRIAGADA,95,83,12,0.2517348978903142,0.2517348978903142,0,false,false
eva_adaptive_open,26,C062,CORONA SUECA,83,84,-1,0.27233361403980005,0.2513511863347979,-0.020982427705002138,false,false
eva_adaptive_open,26,C012,GABRIELA ORIENTE,109,85,24,0.23493763531224565,0.2504161476776965,0.015478512365450836,false,false
eva_adaptive_open,26,I03,CARRASCAL,97,86,11,0.24854515940907576,0.24854515940907576,0,false,false
eva_adaptive_open,26,C021,LAUTARO,117,87,30,0.20904169103894277,0.24315278721380412,0.034111096174861355,false,false
eva_adaptive_open,26,C071,BARROS ARANA,104,88,16,0.2432718387690382,0.2430181784690738,-0.0002536602999644033,false,false
eva_adaptive_open,26,C087,SALVADOR GUTIERREZ,68,89,-21,0.2988400180747415,0.24225656888983763,-0.05658344918490385,false,false
eva_adaptive_open,26,C041,VISTA HERMOSA,55,90,-35,0.32433865422117386,0.23729046079619398,-0.08704819342497988,false,false
eva_adaptive_open,26,C017,LA PARINACOTA,99,91,8,0.24787162646529243,0.2279533954363316,-0.019918231028960814,false,false
eva_adaptive_open,26,C008,EL CERRO,112,92,20,0.22664145134727998,0.22664145134727998,0,false,false
eva_adaptive_open,26,C036,RIO REFUGIO - SALAR SURIRE,107,93,14,0.23882288406802515,0.22368469062682966,-0.015138193441195491,false,false
eva_adaptive_open,26,C077,RICARDO VIAL,108,94,14,0.23530100578344948,0.22334495183243977,-0.01195605395100971,false,false
eva_adaptive_open,26,C045,PORTO ALEGRE,121,95,26,0.1789631843926075,0.21264190235657252,0.033678717963965016,false,false
eva_adaptive_open,26,C018,LA PRIMAVERA,120,96,24,0.18728903995307272,0.18729403797436894,0.000004998021296220845,false,false
eva_adaptive_open,26,C016,JUANITA,124,97,27,0.15869954711149178,0.18668961975965365,0.027990072648161862,false,false
eva_adaptive_open,26,C025,LOS DURAZNOS,122,98,24,0.17773769788730326,0.17779517513220938,0.00005747724490612338,false,false
eva_adaptive_open,26,C073,LOS MORROS,123,99,24,0.16537203853610075,0.16537203853610075,0,false,false
eva_adaptive_open,27,C052,BAQUEDANO - POSTALES ORIENTE,82,1,81,0.2725119994529144,0.45398736918438526,0.18147536973147088,true,false
eva_adaptive_open,27,I24,RADAL,26,2,24,0.41533970570255174,0.4154031421910538,0.00006343648850204442,false,true
eva_adaptive_open,27,I15,MARTINEZ DE ROZAS,10,3,7,0.49042582216035796,0.4148837713854609,-0.07554205077489706,false,true
eva_adaptive_open,27,I29,SANTA ROSA,23,4,19,0.42297111297710543,0.41245640292399943,-0.010514710053106002,false,true
eva_adaptive_open,27,C070,MENDOZA (EX-CORONEL ROBLES),34,5,29,0.387202115587132,0.4050205586776194,0.017818443090487357,false,false
eva_adaptive_open,27,C060,ROJAS MAGALLANES,24,6,18,0.4219139986989199,0.3996060222843795,-0.022307976414540354,false,true
eva_adaptive_open,27,I05,DIAGONAL JOSE MARIA CARO,18,7,11,0.43893681633352033,0.39309133143635283,-0.0458454848971675,false,true
eva_adaptive_open,27,I23,PETERSEN - VICUÑA MACKENNA,74,8,66,0.28720997267232284,0.392473780071136,0.10526380739881314,false,false
eva_adaptive_open,27,I32,EINSTEIN,72,9,63,0.2891830343121434,0.39142907916116426,0.10224604484902083,false,false
eva_adaptive_open,27,C053,CONDELL,47,10,37,0.3532028448920026,0.38857848246317167,0.03537563757116907,false,false
eva_adaptive_open,27,I17,MATUCANA,46,11,35,0.3532790270795219,0.38825942079107606,0.03498039371155415,false,false
eva_adaptive_open,27,I08,GENERAL OSCAR BONILLA,16,12,4,0.44379823929485906,0.38725473284935025,-0.05654350644550882,false,true
eva_adaptive_open,27,C063,LONGITUDINAL,75,13,62,0.28538182252354,0.38639150074323975,0.10100967821969975,false,false
eva_adaptive_open,27,C006,DOMINGO TOCORNAL,17,14,3,0.44257795158972896,0.38429556966416456,-0.0582823819255644,false,true
eva_adaptive_open,27,C056,TEMUCO - TORO MAZOTTE,100,15,85,0.2468166288620158,0.3791644103081851,0.1323477814461693,false,false
eva_adaptive_open,27,C035,PRODIVENCIA,81,16,65,0.27556952254522565,0.3722260342578536,0.09665651171262796,false,false
eva_adaptive_open,27,C049,FEDERICO ERRÁZURIZ (EX SERRANO),53,17,36,0.32905890532348764,0.37007513583708684,0.041016230513599206,false,false
eva_adaptive_open,27,C051,JOSE MIGUEL INFANTE - DOMINGO STA MARIA,111,18,93,0.22770327755636682,0.36225545913485363,0.1345521815784868,false,false
eva_adaptive_open,27,C081,SAN GREGORIO - DIEGO MEZA,33,19,14,0.38932341506856066,0.3620189043415254,-0.02730451072703527,false,false
eva_adaptive_open,27,C057,PADRE VICENTE IRARRAZABAL - MANUEL CHACON,25,20,5,0.41723732777812184,0.3569073996736355,-0.06032992810448634,false,true
eva_adaptive_open,27,C029,MARIA ELENA,35,21,14,0.3866330072050211,0.35607948736774636,-0.030553519837274723,false,false
eva_adaptive_open,27,I02,CARLOS VALDOVINOS,22,22,0,0.4243998641097862,0.35528620955926693,-0.06911365455051927,false,true
eva_adaptive_open,27,C061,EL PINAR,36,23,13,0.38117344530336017,0.35386893457632485,-0.027304510727035325,false,false
eva_adaptive_open,27,C014,JOSE DOMINGO CAÑAS,49,24,25,0.3434151720257287,0.3453428032423394,0.0019276312166107146,false,false
eva_adaptive_open,27,I13,LO ESPEJO-RIQUELME,54,25,29,0.32833080195639963,0.3452231117284989,0.016892309772099268,false,false
eva_adaptive_open,27,I14,LO OVALLE,2,26,-24,0.6371787956227899,0.3440689243043107,-0.2931098713184792,false,true
eva_adaptive_open,27,C032,OBISPO MANUEL UMAÑA,41,27,14,0.36167847000046166,0.3439486611922651,-0.01772980880819658,false,false
eva_adaptive_open,27,C082,CAUPOLICAN,105,28,77,0.24201028797730914,0.3343157551872506,0.09230546720994146,false,false
eva_adaptive_open,27,I18,NUEVA IMPERIAL,79,29,50,0.28249960315815087,0.33426053460597166,0.05176093144782079,false,false
eva_adaptive_open,27,C043,NEPTUNO,45,30,15,0.35474887854437137,0.33367397332944054,-0.021074905214930828,false,false
eva_adaptive_open,27,C058,ANTONIO EBNER-BARROS ARANA,29,31,-2,0.40679457494201116,0.32780814449325085,-0.0789864304487603,false,true
eva_adaptive_open,27,C083,ORIENTAL-LAS PARCELAS,50,32,18,0.33400841178333013,0.3251273232241672,-0.00888108855916292,false,false
eva_adaptive_open,27,I07,EL GUANACO,21,33,-12,0.42548756362861406,0.324739680651957,-0.10074788297665704,false,true
eva_adaptive_open,27,C047,VIOLETA PARRA,86,34,52,0.2648001936107111,0.32192692159440883,0.05712672798369772,false,false
eva_adaptive_open,27,C007,EDUARDO CASTILLO VELASCO,56,35,21,0.3209682481807713,0.32135377442409346,0.0003855262433221651,false,false
eva_adaptive_open,27,C015,JOSE MANUEL GUZMAN,76,36,40,0.2845092001303485,0.3207182539002636,0.03620905376991507,false,false
eva_adaptive_open,27,C026,LOS MAITENES,102,37,65,0.24476449972018605,0.31867213760340646,0.07390763788322041,false,false
eva_adaptive_open,27,C024,LOS ARRAYANES - LOS COPIHUES,39,38,1,0.369297779392275,0.3164169532190636,-0.05288082617321138,false,false
eva_adaptive_open,27,C40,VICUÑA MACKENNA - SAN MARTIN,88,39,49,0.2599804114545511,0.3163360869516046,0.0563556754970535,false,false
eva_adaptive_open,27,C074,URETA COX,58,40,18,0.31449957814869145,0.31449957814869145,0,false,false
eva_adaptive_open,27,C001,SAN EUGENIO,52,41,11,0.3301050844306759,0.31315225632030524,-0.016952828110370632,false,false
eva_adaptive_open,27,C005,CORONEL ALEJANDRO SEPULVEDA,60,42,18,0.3106497256836105,0.3106497256836105,0,false,false
eva_adaptive_open,27,C033,OBSERVATORIO,96,43,53,0.25172362934577086,0.3084648310861465,0.05674120174037561,false,false
eva_adaptive_open,27,C050,MAR DE DRAKE,37,44,-7,0.3754671127887729,0.30811479039196454,-0.06735232239680838,false,false
eva_adaptive_open,27,I31,FERNANDEZ ALBANO,80,45,35,0.27793271006427517,0.3067365280286479,0.028803817964372758,false,false
eva_adaptive_open,27,C023,AVENIDA DORSAL,48,46,2,0.34913804016037303,0.3066800306129391,-0.04245800954743395,false,false
eva_adaptive_open,27,C080,PARAGUAY,106,47,59,0.2404621201898296,0.3065842808037552,0.06612216061392562,false,false
eva_adaptive_open,27,C088,ÑUBLE,61,48,13,0.30596663776619404,0.3063521640095162,0.0003855262433221651,false,false
eva_adaptive_open,27,C034,PEDRO LEON UGALDE,64,49,15,0.30513444215224494,0.3059054946388892,0.0007710524866442747,false,false
eva_adaptive_open,27,C028,MADRID,63,50,13,0.3053850663175511,0.3057705925608732,0.0003855262433221096,false,false
eva_adaptive_open,27,C020,LATINOAMERICA - PINTOR MURILLO - FRANCISCO TOLEDO,62,51,11,0.3053874986899725,0.3053874986899725,0,false,false
eva_adaptive_open,27,C019,LAS HIJUELAS SUR - LIBERTADOR BERNARDO OHIGGINS,110,52,58,0.23151138733257812,0.3046576882387051,0.07314630090612698,false,false
eva_adaptive_open,27,C003,CONCHA Y TORO,38,53,-15,0.3709576416282776,0.3043952955417027,-0.06656234608657491,false,false
eva_adaptive_open,27,C030,MAULE,66,54,12,0.30294715823212187,0.30333268447544404,0.0003855262433221651,false,false
eva_adaptive_open,27,C037,SAN ALFONSO,65,55,10,0.3032697592490899,0.3032697592490899,0,false,false
eva_adaptive_open,27,C054,VICTORIA,98,56,42,0.24818166256108362,0.30233654046708713,0.05415487790600351,false,false
eva_adaptive_open,27,C042,PRINCIPE DE GALES,67,57,10,0.3015275299366899,0.3015275299366899,0,false,false
eva_adaptive_open,27,C076,ISLA DECEPCION,93,58,35,0.25765035826791644,0.3008300476650675,0.043179689397151055,false,false
eva_adaptive_open,27,C084,EL PINO - UNO SUR,116,59,57,0.21625589427110412,0.30047126787027795,0.08421537359917383,false,false
eva_adaptive_open,27,C071,BARROS ARANA,104,60,44,0.2432718387690382,0.29937385396612726,0.056102015197089045,false,false
eva_adaptive_open,27,C055,ARTURO PRAT,118,61,57,0.1970214926913857,0.2977673419810562,0.10074584928967051,false,false
eva_adaptive_open,27,C011,EYZAGUIRRE,89,62,27,0.2597262361382782,0.297330981511338,0.0376047453730598,false,false
eva_adaptive_open,27,C039,TUPUNGATO,113,63,50,0.22275270275256875,0.2972177850899593,0.07446508233739052,false,false
eva_adaptive_open,27,C064,SILVA CARVALLO - SANTA ELENA,85,64,21,0.264928178794096,0.29671303455212084,0.03178485575802481,false,false
eva_adaptive_open,27,C072,COVADONGA,114,65,49,0.2222660174854263,0.29579784463487546,0.07353182714944917,false,false
eva_adaptive_open,27,C038,TALCAHUANO - SANTA INES - LOS EDILES,101,66,35,0.24550764665869662,0.29573880114313694,0.05023115448444032,false,false
eva_adaptive_open,27,C031,NECOCHEA,103,67,36,0.24437487011116932,0.2942204983522875,0.049845628241118156,false,false
eva_adaptive_open,27,C065,NUEVA SAN MARTIN,91,68,23,0.2588125082913236,0.29384044783423063,0.03502793954290706,false,false
eva_adaptive_open,27,C079,LAS AMERICAS,87,69,18,0.26410913255677176,0.2935581354089318,0.02944900285216001,false,false
eva_adaptive_open,27,C044,LOS CERRILLOS,44,70,-26,0.355273233150638,0.2931210475714493,-0.06215218557918872,false,false
eva_adaptive_open,27,C013,HEROES DE LA CONCEPCION,70,71,-1,0.29161502323158384,0.29161502323158384,0,false,false
eva_adaptive_open,27,C004,CONSISTORIAL,73,72,1,0.28796525159755554,0.29093172378697835,0.0029664721894228085,false,false
eva_adaptive_open,27,C027,LOS PRESIDENTES,71,73,-2,0.2903073892430075,0.2903073892430075,0,false,false
eva_adaptive_open,27,C090,SANTO DOMINGO,59,74,-15,0.3106717940498921,0.2900617837756913,-0.020610010274200785,false,false
eva_adaptive_open,27,C010,ESQ BLANCA - ALBERTO LLONA,115,75,40,0.219488334536514,0.2850176822340751,0.06552934769756108,false,false
eva_adaptive_open,27,C022,LLANURA  - EL DESIERTO,78,76,2,0.2832694397879176,0.2832694397879176,0,false,false
eva_adaptive_open,27,I28,SANTA RAQUEL,69,77,-8,0.2960140924026152,0.2776962274862046,-0.01831786491641063,false,false
eva_adaptive_open,27,C085,LOS LIBERTADORES,119,78,41,0.19011991189992178,0.2739024379548618,0.08378252605494002,false,false
eva_adaptive_open,27,C078,WALDO TAFF,51,79,-28,0.33255806783730496,0.2640982140605202,-0.06845985377678476,false,false
eva_adaptive_open,27,C069,LOS OLMOS,90,80,10,0.2594151168255869,0.2594151168255869,0,false,false
eva_adaptive_open,27,C009,EL ROSAL - SANTA ELENA,92,81,11,0.258292338870139,0.258292338870139,0,false,false
eva_adaptive_open,27,C002,CAPITAN IGNACIO CARRERA PINTO,94,82,12,0.2546555618818747,0.2546555618818747,0,false,false
eva_adaptive_open,27,C048,GENERAL ARRIAGADA,95,83,12,0.2517348978903142,0.2517348978903142,0,false,false
eva_adaptive_open,27,C062,CORONA SUECA,83,84,-1,0.27233361403980005,0.2513511863347979,-0.020982427705002138,false,false
eva_adaptive_open,27,C012,GABRIELA ORIENTE,109,85,24,0.23493763531224565,0.2504161476776965,0.015478512365450836,false,false
eva_adaptive_open,27,I03,CARRASCAL,97,86,11,0.24854515940907576,0.24854515940907576,0,false,false
eva_adaptive_open,27,C021,LAUTARO,117,87,30,0.20904169103894277,0.24315278721380412,0.034111096174861355,false,false
eva_adaptive_open,27,C087,SALVADOR GUTIERREZ,68,88,-20,0.2988400180747415,0.24225656888983763,-0.05658344918490385,false,false
eva_adaptive_open,27,C041,VISTA HERMOSA,55,89,-34,0.32433865422117386,0.23729046079619398,-0.08704819342497988,false,false
eva_adaptive_open,27,C017,LA PARINACOTA,99,90,9,0.24787162646529243,0.2279533954363316,-0.019918231028960814,false,false
eva_adaptive_open,27,C008,EL CERRO,112,91,21,0.22664145134727998,0.22664145134727998,0,false,false
eva_adaptive_open,27,C036,RIO REFUGIO - SALAR SURIRE,107,92,15,0.23882288406802515,0.22368469062682966,-0.015138193441195491,false,false
eva_adaptive_open,27,C077,RICARDO VIAL,108,93,15,0.23530100578344948,0.22334495183243977,-0.01195605395100971,false,false
eva_adaptive_open,27,C045,PORTO ALEGRE,121,94,27,0.1789631843926075,0.21264190235657252,0.033678717963965016,false,false
eva_adaptive_open,27,C018,LA PRIMAVERA,120,95,25,0.18728903995307272,0.18729403797436894,0.000004998021296220845,false,false
eva_adaptive_open,27,C016,JUANITA,124,96,28,0.15869954711149178,0.18668961975965365,0.027990072648161862,false,false
eva_adaptive_open,27,C025,LOS DURAZNOS,122,97,25,0.17773769788730326,0.17779517513220938,0.00005747724490612338,false,false
eva_adaptive_open,27,C073,LOS MORROS,123,98,25,0.16537203853610075,0.16537203853610075,0,false,false
eva_adaptive_open,28,C035,PRODIVENCIA,81,1,80,0.27556952254522565,0.43939021336233125,0.1638206908171056,true,false
eva_adaptive_open,28,C063,LONGITUDINAL,75,2,73,0.28538182252354,0.42326463507159795,0.13788281254805795,false,false
eva_adaptive_open,28,I24,RADAL,26,3,23,0.41533970570255174,0.4154031421910538,0.00006343648850204442,false,true
eva_adaptive_open,28,I15,MARTINEZ DE ROZAS,10,4,6,0.49042582216035796,0.4148837713854609,-0.07554205077489706,false,true
eva_adaptive_open,28,I29,SANTA ROSA,23,5,18,0.42297111297710543,0.41245640292399943,-0.010514710053106002,false,true
eva_adaptive_open,28,C070,MENDOZA (EX-CORONEL ROBLES),34,6,28,0.387202115587132,0.4050205586776194,0.017818443090487357,false,false
eva_adaptive_open,28,C060,ROJAS MAGALLANES,24,7,17,0.4219139986989199,0.3996060222843795,-0.022307976414540354,false,true
eva_adaptive_open,28,I05,DIAGONAL JOSE MARIA CARO,18,8,10,0.43893681633352033,0.39309133143635283,-0.0458454848971675,false,true
eva_adaptive_open,28,I23,PETERSEN - VICUÑA MACKENNA,74,9,65,0.28720997267232284,0.392473780071136,0.10526380739881314,false,false
eva_adaptive_open,28,I32,EINSTEIN,72,10,62,0.2891830343121434,0.39142907916116426,0.10224604484902083,false,false
eva_adaptive_open,28,I17,MATUCANA,46,11,35,0.3532790270795219,0.38825942079107606,0.03498039371155415,false,false
eva_adaptive_open,28,I08,GENERAL OSCAR BONILLA,16,12,4,0.44379823929485906,0.38725473284935025,-0.05654350644550882,false,true
eva_adaptive_open,28,C006,DOMINGO TOCORNAL,17,13,4,0.44257795158972896,0.38429556966416456,-0.0582823819255644,false,true
eva_adaptive_open,28,C056,TEMUCO - TORO MAZOTTE,100,14,86,0.2468166288620158,0.3791644103081851,0.1323477814461693,false,false
eva_adaptive_open,28,C049,FEDERICO ERRÁZURIZ (EX SERRANO),53,15,38,0.32905890532348764,0.37007513583708684,0.041016230513599206,false,false
eva_adaptive_open,28,C051,JOSE MIGUEL INFANTE - DOMINGO STA MARIA,111,16,95,0.22770327755636682,0.36225545913485363,0.1345521815784868,false,false
eva_adaptive_open,28,C081,SAN GREGORIO - DIEGO MEZA,33,17,16,0.38932341506856066,0.3620189043415254,-0.02730451072703527,false,false
eva_adaptive_open,28,C057,PADRE VICENTE IRARRAZABAL - MANUEL CHACON,25,18,7,0.41723732777812184,0.3569073996736355,-0.06032992810448634,false,true
eva_adaptive_open,28,C029,MARIA ELENA,35,19,16,0.3866330072050211,0.35607948736774636,-0.030553519837274723,false,false
eva_adaptive_open,28,I02,CARLOS VALDOVINOS,22,20,2,0.4243998641097862,0.35528620955926693,-0.06911365455051927,false,true
eva_adaptive_open,28,C061,EL PINAR,36,21,15,0.38117344530336017,0.35386893457632485,-0.027304510727035325,false,false
eva_adaptive_open,28,C010,ESQ BLANCA - ALBERTO LLONA,115,22,93,0.219488334536514,0.35218186133855267,0.13269352680203866,false,false
eva_adaptive_open,28,C014,JOSE DOMINGO CAÑAS,49,23,26,0.3434151720257287,0.3453428032423394,0.0019276312166107146,false,false
eva_adaptive_open,28,I13,LO ESPEJO-RIQUELME,54,24,30,0.32833080195639963,0.3452231117284989,0.016892309772099268,false,false
eva_adaptive_open,28,I14,LO OVALLE,2,25,-23,0.6371787956227899,0.3440689243043107,-0.2931098713184792,false,true
eva_adaptive_open,28,C032,OBISPO MANUEL UMAÑA,41,26,15,0.36167847000046166,0.3439486611922651,-0.01772980880819658,false,false
eva_adaptive_open,28,C082,CAUPOLICAN,105,27,78,0.24201028797730914,0.3343157551872506,0.09230546720994146,false,false
eva_adaptive_open,28,I18,NUEVA IMPERIAL,79,28,51,0.28249960315815087,0.33426053460597166,0.05176093144782079,false,false
eva_adaptive_open,28,C043,NEPTUNO,45,29,16,0.35474887854437137,0.33367397332944054,-0.021074905214930828,false,false
eva_adaptive_open,28,C058,ANTONIO EBNER-BARROS ARANA,29,30,-1,0.40679457494201116,0.32780814449325085,-0.0789864304487603,false,true
eva_adaptive_open,28,C083,ORIENTAL-LAS PARCELAS,50,31,19,0.33400841178333013,0.3251273232241672,-0.00888108855916292,false,false
eva_adaptive_open,28,I07,EL GUANACO,21,32,-11,0.42548756362861406,0.324739680651957,-0.10074788297665704,false,true
eva_adaptive_open,28,C047,VIOLETA PARRA,86,33,53,0.2648001936107111,0.32192692159440883,0.05712672798369772,false,false
eva_adaptive_open,28,C007,EDUARDO CASTILLO VELASCO,56,34,22,0.3209682481807713,0.32135377442409346,0.0003855262433221651,false,false
eva_adaptive_open,28,C050,MAR DE DRAKE,37,35,2,0.3754671127887729,0.3211446411382332,-0.054322471650539716,false,false
eva_adaptive_open,28,C015,JOSE MANUEL GUZMAN,76,36,40,0.2845092001303485,0.3207182539002636,0.03620905376991507,false,false
eva_adaptive_open,28,C026,LOS MAITENES,102,37,65,0.24476449972018605,0.31867213760340646,0.07390763788322041,false,false
eva_adaptive_open,28,C024,LOS ARRAYANES - LOS COPIHUES,39,38,1,0.369297779392275,0.3164169532190636,-0.05288082617321138,false,false
eva_adaptive_open,28,C40,VICUÑA MACKENNA - SAN MARTIN,88,39,49,0.2599804114545511,0.3163360869516046,0.0563556754970535,false,false
eva_adaptive_open,28,C074,URETA COX,58,40,18,0.31449957814869145,0.31449957814869145,0,false,false
eva_adaptive_open,28,C001,SAN EUGENIO,52,41,11,0.3301050844306759,0.31315225632030524,-0.016952828110370632,false,false
eva_adaptive_open,28,C005,CORONEL ALEJANDRO SEPULVEDA,60,42,18,0.3106497256836105,0.3106497256836105,0,false,false
eva_adaptive_open,28,C033,OBSERVATORIO,96,43,53,0.25172362934577086,0.3084648310861465,0.05674120174037561,false,false
eva_adaptive_open,28,I31,FERNANDEZ ALBANO,80,44,36,0.27793271006427517,0.3067365280286479,0.028803817964372758,false,false
eva_adaptive_open,28,C023,AVENIDA DORSAL,48,45,3,0.34913804016037303,0.3066800306129391,-0.04245800954743395,false,false
eva_adaptive_open,28,C080,PARAGUAY,106,46,60,0.2404621201898296,0.3065842808037552,0.06612216061392562,false,false
eva_adaptive_open,28,C088,ÑUBLE,61,47,14,0.30596663776619404,0.3063521640095162,0.0003855262433221651,false,false
eva_adaptive_open,28,C034,PEDRO LEON UGALDE,64,48,16,0.30513444215224494,0.3059054946388892,0.0007710524866442747,false,false
eva_adaptive_open,28,C028,MADRID,63,49,14,0.3053850663175511,0.3057705925608732,0.0003855262433221096,false,false
eva_adaptive_open,28,C020,LATINOAMERICA - PINTOR MURILLO - FRANCISCO TOLEDO,62,50,12,0.3053874986899725,0.3053874986899725,0,false,false
eva_adaptive_open,28,C019,LAS HIJUELAS SUR - LIBERTADOR BERNARDO OHIGGINS,110,51,59,0.23151138733257812,0.3046576882387051,0.07314630090612698,false,false
eva_adaptive_open,28,C003,CONCHA Y TORO,38,52,-14,0.3709576416282776,0.3043952955417027,-0.06656234608657491,false,false
eva_adaptive_open,28,C030,MAULE,66,53,13,0.30294715823212187,0.30333268447544404,0.0003855262433221651,false,false
eva_adaptive_open,28,C037,SAN ALFONSO,65,54,11,0.3032697592490899,0.3032697592490899,0,false,false
eva_adaptive_open,28,C054,VICTORIA,98,55,43,0.24818166256108362,0.30233654046708713,0.05415487790600351,false,false
eva_adaptive_open,28,C042,PRINCIPE DE GALES,67,56,11,0.3015275299366899,0.3015275299366899,0,false,false
eva_adaptive_open,28,C076,ISLA DECEPCION,93,57,36,0.25765035826791644,0.3008300476650675,0.043179689397151055,false,false
eva_adaptive_open,28,C084,EL PINO - UNO SUR,116,58,58,0.21625589427110412,0.30047126787027795,0.08421537359917383,false,false
eva_adaptive_open,28,C071,BARROS ARANA,104,59,45,0.2432718387690382,0.29937385396612726,0.056102015197089045,false,false
eva_adaptive_open,28,C055,ARTURO PRAT,118,60,58,0.1970214926913857,0.2977673419810562,0.10074584928967051,false,false
eva_adaptive_open,28,C011,EYZAGUIRRE,89,61,28,0.2597262361382782,0.297330981511338,0.0376047453730598,false,false
eva_adaptive_open,28,C039,TUPUNGATO,113,62,51,0.22275270275256875,0.2972177850899593,0.07446508233739052,false,false
eva_adaptive_open,28,C064,SILVA CARVALLO - SANTA ELENA,85,63,22,0.264928178794096,0.29671303455212084,0.03178485575802481,false,false
eva_adaptive_open,28,C072,COVADONGA,114,64,50,0.2222660174854263,0.29579784463487546,0.07353182714944917,false,false
eva_adaptive_open,28,C038,TALCAHUANO - SANTA INES - LOS EDILES,101,65,36,0.24550764665869662,0.29573880114313694,0.05023115448444032,false,false
eva_adaptive_open,28,C031,NECOCHEA,103,66,37,0.24437487011116932,0.2942204983522875,0.049845628241118156,false,false
eva_adaptive_open,28,C065,NUEVA SAN MARTIN,91,67,24,0.2588125082913236,0.29384044783423063,0.03502793954290706,false,false
eva_adaptive_open,28,C079,LAS AMERICAS,87,68,19,0.26410913255677176,0.2935581354089318,0.02944900285216001,false,false
eva_adaptive_open,28,C044,LOS CERRILLOS,44,69,-25,0.355273233150638,0.2931210475714493,-0.06215218557918872,false,false
eva_adaptive_open,28,C013,HEROES DE LA CONCEPCION,70,70,0,0.29161502323158384,0.29161502323158384,0,false,false
eva_adaptive_open,28,C053,CONDELL,47,71,-24,0.3532028448920026,0.2912491237459163,-0.06195372114608627,false,false
eva_adaptive_open,28,C004,CONSISTORIAL,73,72,1,0.28796525159755554,0.29093172378697835,0.0029664721894228085,false,false
eva_adaptive_open,28,C027,LOS PRESIDENTES,71,73,-2,0.2903073892430075,0.2903073892430075,0,false,false
eva_adaptive_open,28,C090,SANTO DOMINGO,59,74,-15,0.3106717940498921,0.2900617837756913,-0.020610010274200785,false,false
eva_adaptive_open,28,C022,LLANURA  - EL DESIERTO,78,75,3,0.2832694397879176,0.2832694397879176,0,false,false
eva_adaptive_open,28,I28,SANTA RAQUEL,69,76,-7,0.2960140924026152,0.2776962274862046,-0.01831786491641063,false,false
eva_adaptive_open,28,C085,LOS LIBERTADORES,119,77,42,0.19011991189992178,0.2739024379548618,0.08378252605494002,false,false
eva_adaptive_open,28,C078,WALDO TAFF,51,78,-27,0.33255806783730496,0.2640982140605202,-0.06845985377678476,false,false
eva_adaptive_open,28,C069,LOS OLMOS,90,79,11,0.2594151168255869,0.2594151168255869,0,false,false
eva_adaptive_open,28,C009,EL ROSAL - SANTA ELENA,92,80,12,0.258292338870139,0.258292338870139,0,false,false
eva_adaptive_open,28,C002,CAPITAN IGNACIO CARRERA PINTO,94,81,13,0.2546555618818747,0.2546555618818747,0,false,false
eva_adaptive_open,28,C048,GENERAL ARRIAGADA,95,82,13,0.2517348978903142,0.2517348978903142,0,false,false
eva_adaptive_open,28,C062,CORONA SUECA,83,83,0,0.27233361403980005,0.2513511863347979,-0.020982427705002138,false,false
eva_adaptive_open,28,C012,GABRIELA ORIENTE,109,84,25,0.23493763531224565,0.2504161476776965,0.015478512365450836,false,false
eva_adaptive_open,28,I03,CARRASCAL,97,85,12,0.24854515940907576,0.24854515940907576,0,false,false
eva_adaptive_open,28,C021,LAUTARO,117,86,31,0.20904169103894277,0.24315278721380412,0.034111096174861355,false,false
eva_adaptive_open,28,C087,SALVADOR GUTIERREZ,68,87,-19,0.2988400180747415,0.24225656888983763,-0.05658344918490385,false,false
eva_adaptive_open,28,C041,VISTA HERMOSA,55,88,-33,0.32433865422117386,0.23729046079619398,-0.08704819342497988,false,false
eva_adaptive_open,28,C017,LA PARINACOTA,99,89,10,0.24787162646529243,0.2279533954363316,-0.019918231028960814,false,false
eva_adaptive_open,28,C008,EL CERRO,112,90,22,0.22664145134727998,0.22664145134727998,0,false,false
eva_adaptive_open,28,C036,RIO REFUGIO - SALAR SURIRE,107,91,16,0.23882288406802515,0.22368469062682966,-0.015138193441195491,false,false
eva_adaptive_open,28,C077,RICARDO VIAL,108,92,16,0.23530100578344948,0.22334495183243977,-0.01195605395100971,false,false
eva_adaptive_open,28,C045,PORTO ALEGRE,121,93,28,0.1789631843926075,0.21264190235657252,0.033678717963965016,false,false
eva_adaptive_open,28,C018,LA PRIMAVERA,120,94,26,0.18728903995307272,0.18729403797436894,0.000004998021296220845,false,false
eva_adaptive_open,28,C016,JUANITA,124,95,29,0.15869954711149178,0.18668961975965365,0.027990072648161862,false,false
eva_adaptive_open,28,C025,LOS DURAZNOS,122,96,26,0.17773769788730326,0.17779517513220938,0.00005747724490612338,false,false
eva_adaptive_open,28,C073,LOS MORROS,123,97,26,0.16537203853610075,0.16537203853610075,0,false,false
eva_adaptive_open,29,C063,LONGITUDINAL,75,1,74,0.28538182252354,0.42326463507159795,0.13788281254805795,true,false
eva_adaptive_open,29,I24,RADAL,26,2,24,0.41533970570255174,0.4154031421910538,0.00006343648850204442,false,true
eva_adaptive_open,29,I15,MARTINEZ DE ROZAS,10,3,7,0.49042582216035796,0.4148837713854609,-0.07554205077489706,false,true
eva_adaptive_open,29,I29,SANTA ROSA,23,4,19,0.42297111297710543,0.41245640292399943,-0.010514710053106002,false,true
eva_adaptive_open,29,C070,MENDOZA (EX-CORONEL ROBLES),34,5,29,0.387202115587132,0.4050205586776194,0.017818443090487357,false,false
eva_adaptive_open,29,C060,ROJAS MAGALLANES,24,6,18,0.4219139986989199,0.3996060222843795,-0.022307976414540354,false,true
eva_adaptive_open,29,I05,DIAGONAL JOSE MARIA CARO,18,7,11,0.43893681633352033,0.39309133143635283,-0.0458454848971675,false,true
eva_adaptive_open,29,I23,PETERSEN - VICUÑA MACKENNA,74,8,66,0.28720997267232284,0.392473780071136,0.10526380739881314,false,false
eva_adaptive_open,29,I32,EINSTEIN,72,9,63,0.2891830343121434,0.39142907916116426,0.10224604484902083,false,false
eva_adaptive_open,29,I17,MATUCANA,46,10,36,0.3532790270795219,0.38825942079107606,0.03498039371155415,false,false
eva_adaptive_open,29,I08,GENERAL OSCAR BONILLA,16,11,5,0.44379823929485906,0.38725473284935025,-0.05654350644550882,false,true
eva_adaptive_open,29,C006,DOMINGO TOCORNAL,17,12,5,0.44257795158972896,0.38429556966416456,-0.0582823819255644,false,true
eva_adaptive_open,29,C056,TEMUCO - TORO MAZOTTE,100,13,87,0.2468166288620158,0.3791644103081851,0.1323477814461693,false,false
eva_adaptive_open,29,C049,FEDERICO ERRÁZURIZ (EX SERRANO),53,14,39,0.32905890532348764,0.37007513583708684,0.041016230513599206,false,false
eva_adaptive_open,29,C051,JOSE MIGUEL INFANTE - DOMINGO STA MARIA,111,15,96,0.22770327755636682,0.36225545913485363,0.1345521815784868,false,false
eva_adaptive_open,29,C081,SAN GREGORIO - DIEGO MEZA,33,16,17,0.38932341506856066,0.3620189043415254,-0.02730451072703527,false,false
eva_adaptive_open,29,C057,PADRE VICENTE IRARRAZABAL - MANUEL CHACON,25,17,8,0.41723732777812184,0.3569073996736355,-0.06032992810448634,false,true
eva_adaptive_open,29,C029,MARIA ELENA,35,18,17,0.3866330072050211,0.35607948736774636,-0.030553519837274723,false,false
eva_adaptive_open,29,I02,CARLOS VALDOVINOS,22,19,3,0.4243998641097862,0.35528620955926693,-0.06911365455051927,false,true
eva_adaptive_open,29,C061,EL PINAR,36,20,16,0.38117344530336017,0.35386893457632485,-0.027304510727035325,false,false
eva_adaptive_open,29,C010,ESQ BLANCA - ALBERTO LLONA,115,21,94,0.219488334536514,0.35218186133855267,0.13269352680203866,false,false
eva_adaptive_open,29,C014,JOSE DOMINGO CAÑAS,49,22,27,0.3434151720257287,0.3453428032423394,0.0019276312166107146,false,false
eva_adaptive_open,29,I13,LO ESPEJO-RIQUELME,54,23,31,0.32833080195639963,0.3452231117284989,0.016892309772099268,false,false
eva_adaptive_open,29,I14,LO OVALLE,2,24,-22,0.6371787956227899,0.3440689243043107,-0.2931098713184792,false,true
eva_adaptive_open,29,C032,OBISPO MANUEL UMAÑA,41,25,16,0.36167847000046166,0.3439486611922651,-0.01772980880819658,false,false
eva_adaptive_open,29,C082,CAUPOLICAN,105,26,79,0.24201028797730914,0.3343157551872506,0.09230546720994146,false,false
eva_adaptive_open,29,I18,NUEVA IMPERIAL,79,27,52,0.28249960315815087,0.33426053460597166,0.05176093144782079,false,false
eva_adaptive_open,29,C043,NEPTUNO,45,28,17,0.35474887854437137,0.33367397332944054,-0.021074905214930828,false,false
eva_adaptive_open,29,C058,ANTONIO EBNER-BARROS ARANA,29,29,0,0.40679457494201116,0.32780814449325085,-0.0789864304487603,false,true
eva_adaptive_open,29,C083,ORIENTAL-LAS PARCELAS,50,30,20,0.33400841178333013,0.3251273232241672,-0.00888108855916292,false,false
eva_adaptive_open,29,I07,EL GUANACO,21,31,-10,0.42548756362861406,0.324739680651957,-0.10074788297665704,false,true
eva_adaptive_open,29,C047,VIOLETA PARRA,86,32,54,0.2648001936107111,0.32192692159440883,0.05712672798369772,false,false
eva_adaptive_open,29,C007,EDUARDO CASTILLO VELASCO,56,33,23,0.3209682481807713,0.32135377442409346,0.0003855262433221651,false,false
eva_adaptive_open,29,C050,MAR DE DRAKE,37,34,3,0.3754671127887729,0.3211446411382332,-0.054322471650539716,false,false
eva_adaptive_open,29,C015,JOSE MANUEL GUZMAN,76,35,41,0.2845092001303485,0.3207182539002636,0.03620905376991507,false,false
eva_adaptive_open,29,C026,LOS MAITENES,102,36,66,0.24476449972018605,0.31867213760340646,0.07390763788322041,false,false
eva_adaptive_open,29,C024,LOS ARRAYANES - LOS COPIHUES,39,37,2,0.369297779392275,0.3164169532190636,-0.05288082617321138,false,false
eva_adaptive_open,29,C40,VICUÑA MACKENNA - SAN MARTIN,88,38,50,0.2599804114545511,0.3163360869516046,0.0563556754970535,false,false
eva_adaptive_open,29,C074,URETA COX,58,39,19,0.31449957814869145,0.31449957814869145,0,false,false
eva_adaptive_open,29,C001,SAN EUGENIO,52,40,12,0.3301050844306759,0.31315225632030524,-0.016952828110370632,false,false
eva_adaptive_open,29,C005,CORONEL ALEJANDRO SEPULVEDA,60,41,19,0.3106497256836105,0.3106497256836105,0,false,false
eva_adaptive_open,29,C033,OBSERVATORIO,96,42,54,0.25172362934577086,0.3084648310861465,0.05674120174037561,false,false
eva_adaptive_open,29,I31,FERNANDEZ ALBANO,80,43,37,0.27793271006427517,0.3067365280286479,0.028803817964372758,false,false
eva_adaptive_open,29,C023,AVENIDA DORSAL,48,44,4,0.34913804016037303,0.3066800306129391,-0.04245800954743395,false,false
eva_adaptive_open,29,C080,PARAGUAY,106,45,61,0.2404621201898296,0.3065842808037552,0.06612216061392562,false,false
eva_adaptive_open,29,C088,ÑUBLE,61,46,15,0.30596663776619404,0.3063521640095162,0.0003855262433221651,false,false
eva_adaptive_open,29,C034,PEDRO LEON UGALDE,64,47,17,0.30513444215224494,0.3059054946388892,0.0007710524866442747,false,false
eva_adaptive_open,29,C028,MADRID,63,48,15,0.3053850663175511,0.3057705925608732,0.0003855262433221096,false,false
eva_adaptive_open,29,C020,LATINOAMERICA - PINTOR MURILLO - FRANCISCO TOLEDO,62,49,13,0.3053874986899725,0.3053874986899725,0,false,false
eva_adaptive_open,29,C019,LAS HIJUELAS SUR - LIBERTADOR BERNARDO OHIGGINS,110,50,60,0.23151138733257812,0.3046576882387051,0.07314630090612698,false,false
eva_adaptive_open,29,C003,CONCHA Y TORO,38,51,-13,0.3709576416282776,0.3043952955417027,-0.06656234608657491,false,false
eva_adaptive_open,29,C030,MAULE,66,52,14,0.30294715823212187,0.30333268447544404,0.0003855262433221651,false,false
eva_adaptive_open,29,C037,SAN ALFONSO,65,53,12,0.3032697592490899,0.3032697592490899,0,false,false
eva_adaptive_open,29,C054,VICTORIA,98,54,44,0.24818166256108362,0.30233654046708713,0.05415487790600351,false,false
eva_adaptive_open,29,C042,PRINCIPE DE GALES,67,55,12,0.3015275299366899,0.3015275299366899,0,false,false
eva_adaptive_open,29,C076,ISLA DECEPCION,93,56,37,0.25765035826791644,0.3008300476650675,0.043179689397151055,false,false
eva_adaptive_open,29,C084,EL PINO - UNO SUR,116,57,59,0.21625589427110412,0.30047126787027795,0.08421537359917383,false,false
eva_adaptive_open,29,C071,BARROS ARANA,104,58,46,0.2432718387690382,0.29937385396612726,0.056102015197089045,false,false
eva_adaptive_open,29,C055,ARTURO PRAT,118,59,59,0.1970214926913857,0.2977673419810562,0.10074584928967051,false,false
eva_adaptive_open,29,C011,EYZAGUIRRE,89,60,29,0.2597262361382782,0.297330981511338,0.0376047453730598,false,false
eva_adaptive_open,29,C039,TUPUNGATO,113,61,52,0.22275270275256875,0.2972177850899593,0.07446508233739052,false,false
eva_adaptive_open,29,C064,SILVA CARVALLO - SANTA ELENA,85,62,23,0.264928178794096,0.29671303455212084,0.03178485575802481,false,false
eva_adaptive_open,29,C072,COVADONGA,114,63,51,0.2222660174854263,0.29579784463487546,0.07353182714944917,false,false
eva_adaptive_open,29,C038,TALCAHUANO - SANTA INES - LOS EDILES,101,64,37,0.24550764665869662,0.29573880114313694,0.05023115448444032,false,false
eva_adaptive_open,29,C031,NECOCHEA,103,65,38,0.24437487011116932,0.2942204983522875,0.049845628241118156,false,false
eva_adaptive_open,29,C065,NUEVA SAN MARTIN,91,66,25,0.2588125082913236,0.29384044783423063,0.03502793954290706,false,false
eva_adaptive_open,29,C079,LAS AMERICAS,87,67,20,0.26410913255677176,0.2935581354089318,0.02944900285216001,false,false
eva_adaptive_open,29,C044,LOS CERRILLOS,44,68,-24,0.355273233150638,0.2931210475714493,-0.06215218557918872,false,false
eva_adaptive_open,29,C013,HEROES DE LA CONCEPCION,70,69,1,0.29161502323158384,0.29161502323158384,0,false,false
eva_adaptive_open,29,C053,CONDELL,47,70,-23,0.3532028448920026,0.2912491237459163,-0.06195372114608627,false,false
eva_adaptive_open,29,C004,CONSISTORIAL,73,71,2,0.28796525159755554,0.29093172378697835,0.0029664721894228085,false,false
eva_adaptive_open,29,C027,LOS PRESIDENTES,71,72,-1,0.2903073892430075,0.2903073892430075,0,false,false
eva_adaptive_open,29,C090,SANTO DOMINGO,59,73,-14,0.3106717940498921,0.2900617837756913,-0.020610010274200785,false,false
eva_adaptive_open,29,C022,LLANURA  - EL DESIERTO,78,74,4,0.2832694397879176,0.2832694397879176,0,false,false
eva_adaptive_open,29,I28,SANTA RAQUEL,69,75,-6,0.2960140924026152,0.2776962274862046,-0.01831786491641063,false,false
eva_adaptive_open,29,C085,LOS LIBERTADORES,119,76,43,0.19011991189992178,0.2739024379548618,0.08378252605494002,false,false
eva_adaptive_open,29,C078,WALDO TAFF,51,77,-26,0.33255806783730496,0.2640982140605202,-0.06845985377678476,false,false
eva_adaptive_open,29,C069,LOS OLMOS,90,78,12,0.2594151168255869,0.2594151168255869,0,false,false
eva_adaptive_open,29,C009,EL ROSAL - SANTA ELENA,92,79,13,0.258292338870139,0.258292338870139,0,false,false
eva_adaptive_open,29,C002,CAPITAN IGNACIO CARRERA PINTO,94,80,14,0.2546555618818747,0.2546555618818747,0,false,false
eva_adaptive_open,29,C048,GENERAL ARRIAGADA,95,81,14,0.2517348978903142,0.2517348978903142,0,false,false
eva_adaptive_open,29,C062,CORONA SUECA,83,82,1,0.27233361403980005,0.2513511863347979,-0.020982427705002138,false,false
eva_adaptive_open,29,C012,GABRIELA ORIENTE,109,83,26,0.23493763531224565,0.2504161476776965,0.015478512365450836,false,false
eva_adaptive_open,29,I03,CARRASCAL,97,84,13,0.24854515940907576,0.24854515940907576,0,false,false
eva_adaptive_open,29,C021,LAUTARO,117,85,32,0.20904169103894277,0.24315278721380412,0.034111096174861355,false,false
eva_adaptive_open,29,C087,SALVADOR GUTIERREZ,68,86,-18,0.2988400180747415,0.24225656888983763,-0.05658344918490385,false,false
eva_adaptive_open,29,C041,VISTA HERMOSA,55,87,-32,0.32433865422117386,0.23729046079619398,-0.08704819342497988,false,false
eva_adaptive_open,29,C017,LA PARINACOTA,99,88,11,0.24787162646529243,0.2279533954363316,-0.019918231028960814,false,false
eva_adaptive_open,29,C008,EL CERRO,112,89,23,0.22664145134727998,0.22664145134727998,0,false,false
eva_adaptive_open,29,C036,RIO REFUGIO - SALAR SURIRE,107,90,17,0.23882288406802515,0.22368469062682966,-0.015138193441195491,false,false
eva_adaptive_open,29,C077,RICARDO VIAL,108,91,17,0.23530100578344948,0.22334495183243977,-0.01195605395100971,false,false
eva_adaptive_open,29,C045,PORTO ALEGRE,121,92,29,0.1789631843926075,0.21264190235657252,0.033678717963965016,false,false
eva_adaptive_open,29,C018,LA PRIMAVERA,120,93,27,0.18728903995307272,0.18729403797436894,0.000004998021296220845,false,false
eva_adaptive_open,29,C016,JUANITA,124,94,30,0.15869954711149178,0.18668961975965365,0.027990072648161862,false,false
eva_adaptive_open,29,C025,LOS DURAZNOS,122,95,27,0.17773769788730326,0.17779517513220938,0.00005747724490612338,false,false
eva_adaptive_open,29,C073,LOS MORROS,123,96,27,0.16537203853610075,0.16537203853610075,0,false,false
eva_adaptive_open,30,I24,RADAL,26,1,25,0.41533970570255174,0.4154031421910538,0.00006343648850204442,true,true
eva_adaptive_open,30,I15,MARTINEZ DE ROZAS,10,2,8,0.49042582216035796,0.4148837713854609,-0.07554205077489706,false,true
eva_adaptive_open,30,I29,SANTA ROSA,23,3,20,0.42297111297710543,0.41245640292399943,-0.010514710053106002,false,true
eva_adaptive_open,30,C070,MENDOZA (EX-CORONEL ROBLES),34,4,30,0.387202115587132,0.4050205586776194,0.017818443090487357,false,false
eva_adaptive_open,30,C060,ROJAS MAGALLANES,24,5,19,0.4219139986989199,0.3996060222843795,-0.022307976414540354,false,true
eva_adaptive_open,30,I05,DIAGONAL JOSE MARIA CARO,18,6,12,0.43893681633352033,0.39309133143635283,-0.0458454848971675,false,true
eva_adaptive_open,30,I23,PETERSEN - VICUÑA MACKENNA,74,7,67,0.28720997267232284,0.392473780071136,0.10526380739881314,false,false
eva_adaptive_open,30,I32,EINSTEIN,72,8,64,0.2891830343121434,0.39142907916116426,0.10224604484902083,false,false
eva_adaptive_open,30,I17,MATUCANA,46,9,37,0.3532790270795219,0.38825942079107606,0.03498039371155415,false,false
eva_adaptive_open,30,I08,GENERAL OSCAR BONILLA,16,10,6,0.44379823929485906,0.38725473284935025,-0.05654350644550882,false,true
eva_adaptive_open,30,C006,DOMINGO TOCORNAL,17,11,6,0.44257795158972896,0.38429556966416456,-0.0582823819255644,false,true
eva_adaptive_open,30,C056,TEMUCO - TORO MAZOTTE,100,12,88,0.2468166288620158,0.3791644103081851,0.1323477814461693,false,false
eva_adaptive_open,30,C049,FEDERICO ERRÁZURIZ (EX SERRANO),53,13,40,0.32905890532348764,0.37007513583708684,0.041016230513599206,false,false
eva_adaptive_open,30,C051,JOSE MIGUEL INFANTE - DOMINGO STA MARIA,111,14,97,0.22770327755636682,0.36225545913485363,0.1345521815784868,false,false
eva_adaptive_open,30,C081,SAN GREGORIO - DIEGO MEZA,33,15,18,0.38932341506856066,0.3620189043415254,-0.02730451072703527,false,false
eva_adaptive_open,30,C053,CONDELL,47,16,31,0.3532028448920026,0.35841330285039397,0.005210457958391368,false,false
eva_adaptive_open,30,C057,PADRE VICENTE IRARRAZABAL - MANUEL CHACON,25,17,8,0.41723732777812184,0.3569073996736355,-0.06032992810448634,false,true
eva_adaptive_open,30,C029,MARIA ELENA,35,18,17,0.3866330072050211,0.35607948736774636,-0.030553519837274723,false,false
eva_adaptive_open,30,I02,CARLOS VALDOVINOS,22,19,3,0.4243998641097862,0.35528620955926693,-0.06911365455051927,false,true
eva_adaptive_open,30,C061,EL PINAR,36,20,16,0.38117344530336017,0.35386893457632485,-0.027304510727035325,false,false
eva_adaptive_open,30,C014,JOSE DOMINGO CAÑAS,49,21,28,0.3434151720257287,0.3453428032423394,0.0019276312166107146,false,false
eva_adaptive_open,30,I13,LO ESPEJO-RIQUELME,54,22,32,0.32833080195639963,0.3452231117284989,0.016892309772099268,false,false
eva_adaptive_open,30,I14,LO OVALLE,2,23,-21,0.6371787956227899,0.3440689243043107,-0.2931098713184792,false,true
eva_adaptive_open,30,C032,OBISPO MANUEL UMAÑA,41,24,17,0.36167847000046166,0.3439486611922651,-0.01772980880819658,false,false
eva_adaptive_open,30,C082,CAUPOLICAN,105,25,80,0.24201028797730914,0.3343157551872506,0.09230546720994146,false,false
eva_adaptive_open,30,I18,NUEVA IMPERIAL,79,26,53,0.28249960315815087,0.33426053460597166,0.05176093144782079,false,false
eva_adaptive_open,30,C043,NEPTUNO,45,27,18,0.35474887854437137,0.33367397332944054,-0.021074905214930828,false,false
eva_adaptive_open,30,C058,ANTONIO EBNER-BARROS ARANA,29,28,1,0.40679457494201116,0.32780814449325085,-0.0789864304487603,false,true
eva_adaptive_open,30,C083,ORIENTAL-LAS PARCELAS,50,29,21,0.33400841178333013,0.3251273232241672,-0.00888108855916292,false,false
eva_adaptive_open,30,I07,EL GUANACO,21,30,-9,0.42548756362861406,0.324739680651957,-0.10074788297665704,false,true
eva_adaptive_open,30,C047,VIOLETA PARRA,86,31,55,0.2648001936107111,0.32192692159440883,0.05712672798369772,false,false
eva_adaptive_open,30,C007,EDUARDO CASTILLO VELASCO,56,32,24,0.3209682481807713,0.32135377442409346,0.0003855262433221651,false,false
eva_adaptive_open,30,C015,JOSE MANUEL GUZMAN,76,33,43,0.2845092001303485,0.3207182539002636,0.03620905376991507,false,false
eva_adaptive_open,30,C026,LOS MAITENES,102,34,68,0.24476449972018605,0.31867213760340646,0.07390763788322041,false,false
eva_adaptive_open,30,C024,LOS ARRAYANES - LOS COPIHUES,39,35,4,0.369297779392275,0.3164169532190636,-0.05288082617321138,false,false
eva_adaptive_open,30,C40,VICUÑA MACKENNA - SAN MARTIN,88,36,52,0.2599804114545511,0.3163360869516046,0.0563556754970535,false,false
eva_adaptive_open,30,C074,URETA COX,58,37,21,0.31449957814869145,0.31449957814869145,0,false,false
eva_adaptive_open,30,C009,EL ROSAL - SANTA ELENA,92,38,54,0.258292338870139,0.31426248812387036,0.05597014925373134,false,false
eva_adaptive_open,30,C001,SAN EUGENIO,52,39,13,0.3301050844306759,0.31315225632030524,-0.016952828110370632,false,false
eva_adaptive_open,30,C005,CORONEL ALEJANDRO SEPULVEDA,60,40,20,0.3106497256836105,0.3106497256836105,0,false,false
eva_adaptive_open,30,C033,OBSERVATORIO,96,41,55,0.25172362934577086,0.3084648310861465,0.05674120174037561,false,false
eva_adaptive_open,30,I31,FERNANDEZ ALBANO,80,42,38,0.27793271006427517,0.3067365280286479,0.028803817964372758,false,false
eva_adaptive_open,30,C023,AVENIDA DORSAL,48,43,5,0.34913804016037303,0.3066800306129391,-0.04245800954743395,false,false
eva_adaptive_open,30,C080,PARAGUAY,106,44,62,0.2404621201898296,0.3065842808037552,0.06612216061392562,false,false
eva_adaptive_open,30,C088,ÑUBLE,61,45,16,0.30596663776619404,0.3063521640095162,0.0003855262433221651,false,false
eva_adaptive_open,30,C034,PEDRO LEON UGALDE,64,46,18,0.30513444215224494,0.3059054946388892,0.0007710524866442747,false,false
eva_adaptive_open,30,C028,MADRID,63,47,16,0.3053850663175511,0.3057705925608732,0.0003855262433221096,false,false
eva_adaptive_open,30,C020,LATINOAMERICA - PINTOR MURILLO - FRANCISCO TOLEDO,62,48,14,0.3053874986899725,0.3053874986899725,0,false,false
eva_adaptive_open,30,C019,LAS HIJUELAS SUR - LIBERTADOR BERNARDO OHIGGINS,110,49,61,0.23151138733257812,0.3046576882387051,0.07314630090612698,false,false
eva_adaptive_open,30,C003,CONCHA Y TORO,38,50,-12,0.3709576416282776,0.3043952955417027,-0.06656234608657491,false,false
eva_adaptive_open,30,C030,MAULE,66,51,15,0.30294715823212187,0.30333268447544404,0.0003855262433221651,false,false
eva_adaptive_open,30,C037,SAN ALFONSO,65,52,13,0.3032697592490899,0.3032697592490899,0,false,false
eva_adaptive_open,30,C054,VICTORIA,98,53,45,0.24818166256108362,0.30233654046708713,0.05415487790600351,false,false
eva_adaptive_open,30,C042,PRINCIPE DE GALES,67,54,13,0.3015275299366899,0.3015275299366899,0,false,false
eva_adaptive_open,30,C076,ISLA DECEPCION,93,55,38,0.25765035826791644,0.3008300476650675,0.043179689397151055,false,false
eva_adaptive_open,30,C084,EL PINO - UNO SUR,116,56,60,0.21625589427110412,0.30047126787027795,0.08421537359917383,false,false
eva_adaptive_open,30,C071,BARROS ARANA,104,57,47,0.2432718387690382,0.29937385396612726,0.056102015197089045,false,false
eva_adaptive_open,30,C055,ARTURO PRAT,118,58,60,0.1970214926913857,0.2977673419810562,0.10074584928967051,false,false
eva_adaptive_open,30,C011,EYZAGUIRRE,89,59,30,0.2597262361382782,0.297330981511338,0.0376047453730598,false,false
eva_adaptive_open,30,C039,TUPUNGATO,113,60,53,0.22275270275256875,0.2972177850899593,0.07446508233739052,false,false
eva_adaptive_open,30,C064,SILVA CARVALLO - SANTA ELENA,85,61,24,0.264928178794096,0.29671303455212084,0.03178485575802481,false,false
eva_adaptive_open,30,C072,COVADONGA,114,62,52,0.2222660174854263,0.29579784463487546,0.07353182714944917,false,false
eva_adaptive_open,30,C038,TALCAHUANO - SANTA INES - LOS EDILES,101,63,38,0.24550764665869662,0.29573880114313694,0.05023115448444032,false,false
eva_adaptive_open,30,C031,NECOCHEA,103,64,39,0.24437487011116932,0.2942204983522875,0.049845628241118156,false,false
eva_adaptive_open,30,C065,NUEVA SAN MARTIN,91,65,26,0.2588125082913236,0.29384044783423063,0.03502793954290706,false,false
eva_adaptive_open,30,C079,LAS AMERICAS,87,66,21,0.26410913255677176,0.2935581354089318,0.02944900285216001,false,false
eva_adaptive_open,30,C044,LOS CERRILLOS,44,67,-23,0.355273233150638,0.2931210475714493,-0.06215218557918872,false,false
eva_adaptive_open,30,C013,HEROES DE LA CONCEPCION,70,68,2,0.29161502323158384,0.29161502323158384,0,false,false
eva_adaptive_open,30,C004,CONSISTORIAL,73,69,4,0.28796525159755554,0.29093172378697835,0.0029664721894228085,false,false
eva_adaptive_open,30,C027,LOS PRESIDENTES,71,70,1,0.2903073892430075,0.2903073892430075,0,false,false
eva_adaptive_open,30,C090,SANTO DOMINGO,59,71,-12,0.3106717940498921,0.2900617837756913,-0.020610010274200785,false,false
eva_adaptive_open,30,C010,ESQ BLANCA - ALBERTO LLONA,115,72,43,0.219488334536514,0.2850176822340751,0.06552934769756108,false,false
eva_adaptive_open,30,C050,MAR DE DRAKE,37,73,-36,0.3754671127887729,0.28463629848140226,-0.09083081430737067,false,false
eva_adaptive_open,30,C022,LLANURA  - EL DESIERTO,78,74,4,0.2832694397879176,0.2832694397879176,0,false,false
eva_adaptive_open,30,I28,SANTA RAQUEL,69,75,-6,0.2960140924026152,0.2776962274862046,-0.01831786491641063,false,false
eva_adaptive_open,30,C085,LOS LIBERTADORES,119,76,43,0.19011991189992178,0.2739024379548618,0.08378252605494002,false,false
eva_adaptive_open,30,C078,WALDO TAFF,51,77,-26,0.33255806783730496,0.2640982140605202,-0.06845985377678476,false,false
eva_adaptive_open,30,C069,LOS OLMOS,90,78,12,0.2594151168255869,0.2594151168255869,0,false,false
eva_adaptive_open,30,C002,CAPITAN IGNACIO CARRERA PINTO,94,79,15,0.2546555618818747,0.2546555618818747,0,false,false
eva_adaptive_open,30,C048,GENERAL ARRIAGADA,95,80,15,0.2517348978903142,0.2517348978903142,0,false,false
eva_adaptive_open,30,C062,CORONA SUECA,83,81,2,0.27233361403980005,0.2513511863347979,-0.020982427705002138,false,false
eva_adaptive_open,30,C012,GABRIELA ORIENTE,109,82,27,0.23493763531224565,0.2504161476776965,0.015478512365450836,false,false
eva_adaptive_open,30,I03,CARRASCAL,97,83,14,0.24854515940907576,0.24854515940907576,0,false,false
eva_adaptive_open,30,C021,LAUTARO,117,84,33,0.20904169103894277,0.24315278721380412,0.034111096174861355,false,false
eva_adaptive_open,30,C087,SALVADOR GUTIERREZ,68,85,-17,0.2988400180747415,0.24225656888983763,-0.05658344918490385,false,false
eva_adaptive_open,30,C041,VISTA HERMOSA,55,86,-31,0.32433865422117386,0.23729046079619398,-0.08704819342497988,false,false
eva_adaptive_open,30,C017,LA PARINACOTA,99,87,12,0.24787162646529243,0.2279533954363316,-0.019918231028960814,false,false
eva_adaptive_open,30,C008,EL CERRO,112,88,24,0.22664145134727998,0.22664145134727998,0,false,false
eva_adaptive_open,30,C036,RIO REFUGIO - SALAR SURIRE,107,89,18,0.23882288406802515,0.22368469062682966,-0.015138193441195491,false,false
eva_adaptive_open,30,C077,RICARDO VIAL,108,90,18,0.23530100578344948,0.22334495183243977,-0.01195605395100971,false,false
eva_adaptive_open,30,C045,PORTO ALEGRE,121,91,30,0.1789631843926075,0.21264190235657252,0.033678717963965016,false,false
eva_adaptive_open,30,C018,LA PRIMAVERA,120,92,28,0.18728903995307272,0.18729403797436894,0.000004998021296220845,false,false
eva_adaptive_open,30,C016,JUANITA,124,93,31,0.15869954711149178,0.18668961975965365,0.027990072648161862,false,false
eva_adaptive_open,30,C025,LOS DURAZNOS,122,94,28,0.17773769788730326,0.17779517513220938,0.00005747724490612338,false,false
eva_adaptive_open,30,C073,LOS MORROS,123,95,28,0.16537203853610075,0.16537203853610075,0,false,false
