strategy,transition_step,source_id,source_nombre,target_id,target_nombre,score_before,score_after,delta_score,rank_before,rank_after,delta_rank_improvement,relation
static_fixed_set,1,I12,LAS REJAS - SUIZA - DEPARTAMENTAL,I14,LO OVALLE,0.6371787956227899,0.5302680841538587,-0.10691071146893116,2,5,-3,substitution_signal
static_fixed_set,1,I12,LAS REJAS - SUIZA - DEPARTAMENTAL,I26,SAN PABLO,0.6268373699221884,0.5863061971581027,-0.04053117276408569,3,1,2,substitution_signal
static_fixed_set,1,I12,LAS REJAS - SUIZA - DEPARTAMENTAL,I30,WALKER - HUALLE - AGUIRRE,0.5815413361963746,0.582167543325313,0.0006262071289383497,4,2,2,complementarity_signal
static_fixed_set,1,I12,LAS REJAS - SUIZA - DEPARTAMENTAL,C066,CUATRO PONIENTE,0.572487990377622,0.572487990377622,0,5,3,2,neutral
static_fixed_set,1,I12,LAS REJAS - SUIZA - DEPARTAMENTAL,I11,JOSE JOAQUIN PEREZ,0.5721603338810728,0.5587180957996021,-0.013442238081470714,6,4,2,substitution_signal
static_fixed_set,1,I12,LAS REJAS - SUIZA - DEPARTAMENTAL,EP-ALAMEDA-T3,ALAMEDA TRAMO 3,0.558260973877864,0.4902395477729498,-0.06802142610491418,7,10,-3,substitution_signal
static_fixed_set,1,I12,LAS REJAS - SUIZA - DEPARTAMENTAL,I16,MATTA-VESPUCIO NORTE,0.5227107068074346,0.5227107068074346,0,8,6,2,neutral
static_fixed_set,1,I12,LAS REJAS - SUIZA - DEPARTAMENTAL,I20,PAC - LO ESPEJO - EL BOSQUE,0.49632538126901565,0.503748125196464,0.007422743927448294,9,8,1,complementarity_signal
static_fixed_set,1,I12,LAS REJAS - SUIZA - DEPARTAMENTAL,I15,MARTINEZ DE ROZAS,0.49042582216035796,0.42342407874800625,-0.06700174341235171,10,22,-12,substitution_signal
static_fixed_set,1,I12,LAS REJAS - SUIZA - DEPARTAMENTAL,I01,BARÓN DE JURAS REALES,0.48687720322810635,0.48687720322810635,0,11,11,0,neutral
static_fixed_set,1,I12,LAS REJAS - SUIZA - DEPARTAMENTAL,C068,SAN CARLOS,0.48156244324655567,0.48156244324655567,0,12,12,0,neutral
static_fixed_set,1,I12,LAS REJAS - SUIZA - DEPARTAMENTAL,EP-I34,VICUÑA MACKENNA,0.4789418889773093,0.4789418889773093,0,13,13,0,neutral
static_fixed_set,1,I12,LAS REJAS - SUIZA - DEPARTAMENTAL,I22,PEDRO FONTOVA,0.4728109936708254,0.4728109936708254,0,14,14,0,neutral
static_fixed_set,1,I12,LAS REJAS - SUIZA - DEPARTAMENTAL,I09,GENERAL VELASQUEZ,0.45347011016300426,0.37190485218797154,-0.08156525797503272,15,34,-19,substitution_signal
static_fixed_set,1,I12,LAS REJAS - SUIZA - DEPARTAMENTAL,I08,GENERAL OSCAR BONILLA,0.44379823929485906,0.5152019385572235,0.07140369926236445,16,7,9,complementarity_signal
static_fixed_set,1,I12,LAS REJAS - SUIZA - DEPARTAMENTAL,C006,DOMINGO TOCORNAL,0.44257795158972896,0.44257795158972896,0,17,16,1,neutral
static_fixed_set,1,I12,LAS REJAS - SUIZA - DEPARTAMENTAL,I05,DIAGONAL JOSE MARIA CARO,0.43893681633352033,0.43893681633352033,0,18,17,1,neutral
static_fixed_set,1,I12,LAS REJAS - SUIZA - DEPARTAMENTAL,EP-I10,GRAN AVENIDA,0.435180901694348,0.45002418527643756,0.014843283582089584,19,15,4,complementarity_signal
static_fixed_set,1,I12,LAS REJAS - SUIZA - DEPARTAMENTAL,I21,PEDRO DE VALDIVIA,0.43141163724900483,0.43198235096302845,0.0005707137140236185,20,18,2,complementarity_signal
static_fixed_set,1,I12,LAS REJAS - SUIZA - DEPARTAMENTAL,I07,EL GUANACO,0.42548756362861406,0.42548756362861406,0,21,20,1,neutral
static_fixed_set,1,I12,LAS REJAS - SUIZA - DEPARTAMENTAL,I02,CARLOS VALDOVINOS,0.4243998641097862,0.35451515707262266,-0.06988470703716354,22,41,-19,substitution_signal
static_fixed_set,1,I12,LAS REJAS - SUIZA - DEPARTAMENTAL,I29,SANTA ROSA,0.42297111297710543,0.4235325573693767,0.0005614443922712931,23,21,2,complementarity_signal
static_fixed_set,1,I12,LAS REJAS - SUIZA - DEPARTAMENTAL,C060,ROJAS MAGALLANES,0.4219139986989199,0.42247939656875466,0.0005653978698347828,24,23,1,complementarity_signal
static_fixed_set,1,I12,LAS REJAS - SUIZA - DEPARTAMENTAL,C057,PADRE VICENTE IRARRAZABAL - MANUEL CHACON,0.41723732777812184,0.35926879818012003,-0.057968529598001806,25,40,-15,substitution_signal
static_fixed_set,1,I12,LAS REJAS - SUIZA - DEPARTAMENTAL,I24,RADAL,0.41533970570255174,0.4019586400827961,-0.013381065619755661,26,28,-2,substitution_signal
static_fixed_set,1,I12,LAS REJAS - SUIZA - DEPARTAMENTAL,I19,PAC-LO ESPEJO-SN BDO,0.41460848628355157,0.41843348297957955,0.0038249966960279824,27,25,2,complementarity_signal
static_fixed_set,1,I12,LAS REJAS - SUIZA - DEPARTAMENTAL,I10,GRAN AVENIDA,0.40682183317748805,0.42885168392375667,0.02202985074626862,28,19,9,complementarity_signal
static_fixed_set,1,I12,LAS REJAS - SUIZA - DEPARTAMENTAL,C058,ANTONIO EBNER-BARROS ARANA,0.40679457494201116,0.350997687135054,-0.05579688780695713,29,43,-14,substitution_signal
static_fixed_set,1,I12,LAS REJAS - SUIZA - DEPARTAMENTAL,EP-I33,LA CHIMBA,0.4043195865206677,0.4043195865206677,0,30,26,4,neutral
static_fixed_set,1,I12,LAS REJAS - SUIZA - DEPARTAMENTAL,I06,DIAGONAL ORIENTE,0.40267663972498335,0.40267663972498335,0,31,27,4,neutral
static_fixed_set,1,I12,LAS REJAS - SUIZA - DEPARTAMENTAL,I04,DEL FERROCARRIL,0.3940478916997146,0.5026073146224199,0.10855942292270532,32,9,23,complementarity_signal
static_fixed_set,1,I12,LAS REJAS - SUIZA - DEPARTAMENTAL,C081,SAN GREGORIO - DIEGO MEZA,0.38932341506856066,0.3897582429213287,0.00043482785276804936,33,30,3,complementarity_signal
static_fixed_set,1,I12,LAS REJAS - SUIZA - DEPARTAMENTAL,C070,MENDOZA (EX-CORONEL ROBLES),0.387202115587132,0.3937720786581624,0.00656996307103036,34,29,5,complementarity_signal
static_fixed_set,1,I12,LAS REJAS - SUIZA - DEPARTAMENTAL,C029,MARIA ELENA,0.3866330072050211,0.3866330072050211,0,35,31,4,neutral
static_fixed_set,1,I12,LAS REJAS - SUIZA - DEPARTAMENTAL,C061,EL PINAR,0.38117344530336017,0.38160827315612816,0.00043482785276799385,36,32,4,complementarity_signal
static_fixed_set,1,I12,LAS REJAS - SUIZA - DEPARTAMENTAL,C050,MAR DE DRAKE,0.3754671127887729,0.3754671127887729,0,37,33,4,neutral
static_fixed_set,1,I12,LAS REJAS - SUIZA - DEPARTAMENTAL,C003,CONCHA Y TORO,0.3709576416282776,0.3709576416282776,0,38,35,3,neutral
static_fixed_set,1,I12,LAS REJAS - SUIZA - DEPARTAMENTAL,C024,LOS ARRAYANES - LOS COPIHUES,0.369297779392275,0.2909815151341239,-0.07831626425815108,39,68,-29,substitution_signal
static_fixed_set,1,I12,LAS REJAS - SUIZA - DEPARTAMENTAL,C086,LA ESTRELLA,0.36814789692769634,0.36814789692769634,0,40,36,4,neutral
static_fixed_set,1,I12,LAS REJAS - SUIZA - DEPARTAMENTAL,C032,OBISPO MANUEL UMAÑA,0.36167847000046166,0.31389417400550856,-0.0477842959949531,41,54,-13,substitution_signal
static_fixed_set,1,I12,LAS REJAS - SUIZA - DEPARTAMENTAL,I27,SANTA CECILIA - NONATO COO,0.36006768212709356,0.36006768212709356,0,42,39,3,neutral
static_fixed_set,1,I12,LAS REJAS - SUIZA - DEPARTAMENTAL,I25,SAN FRANCISCO,0.3566735624368237,0.36278550273533117,0.006111940298507479,43,38,5,complementarity_signal
static_fixed_set,1,I12,LAS REJAS - SUIZA - DEPARTAMENTAL,C044,LOS CERRILLOS,0.355273233150638,0.34964631946381725,-0.005626913686820778,44,44,0,substitution_signal
static_fixed_set,1,I12,LAS REJAS - SUIZA - DEPARTAMENTAL,C043,NEPTUNO,0.35474887854437137,0.2875846994398938,-0.06716417910447758,45,72,-27,substitution_signal
static_fixed_set,1,I12,LAS REJAS - SUIZA - DEPARTAMENTAL,I17,MATUCANA,0.3532790270795219,0.3536472146483408,0.0003681875688189007,46,42,4,complementarity_signal
static_fixed_set,1,I12,LAS REJAS - SUIZA - DEPARTAMENTAL,C053,CONDELL,0.3532028448920026,0.3681132926531967,0.014910447761194101,47,37,10,complementarity_signal
static_fixed_set,1,I12,LAS REJAS - SUIZA - DEPARTAMENTAL,C023,AVENIDA DORSAL,0.34913804016037303,0.4198963414700359,0.07075830130966287,48,24,24,complementarity_signal
static_fixed_set,1,I12,LAS REJAS - SUIZA - DEPARTAMENTAL,C014,JOSE DOMINGO CAÑAS,0.3434151720257287,0.3434151720257287,0,49,45,4,neutral
static_fixed_set,1,I12,LAS REJAS - SUIZA - DEPARTAMENTAL,C083,ORIENTAL-LAS PARCELAS,0.33400841178333013,0.33400841178333013,0,50,46,4,neutral
static_fixed_set,1,I12,LAS REJAS - SUIZA - DEPARTAMENTAL,C078,WALDO TAFF,0.33255806783730496,0.29534911261342445,-0.03720895522388051,51,66,-15,substitution_signal
static_fixed_set,1,I12,LAS REJAS - SUIZA - DEPARTAMENTAL,C001,SAN EUGENIO,0.3301050844306759,0.3301050844306759,0,52,47,5,neutral
static_fixed_set,1,I12,LAS REJAS - SUIZA - DEPARTAMENTAL,C049,FEDERICO ERRÁZURIZ (EX SERRANO),0.32905890532348764,0.32905890532348764,0,53,48,5,neutral
static_fixed_set,1,I12,LAS REJAS - SUIZA - DEPARTAMENTAL,I13,LO ESPEJO-RIQUELME,0.32833080195639963,0.32833080195639963,0,54,49,5,neutral
static_fixed_set,1,I12,LAS REJAS - SUIZA - DEPARTAMENTAL,C041,VISTA HERMOSA,0.32433865422117386,0.31412803040111625,-0.010210623820057607,55,53,2,substitution_signal
static_fixed_set,1,I12,LAS REJAS - SUIZA - DEPARTAMENTAL,C007,EDUARDO CASTILLO VELASCO,0.3209682481807713,0.3209682481807713,0,56,50,6,neutral
static_fixed_set,1,I12,LAS REJAS - SUIZA - DEPARTAMENTAL,C067,CARDENAL RAUL SILVA HENRIQUEZ,0.31744308727562154,0.31744308727562154,0,57,51,6,neutral
static_fixed_set,1,I12,LAS REJAS - SUIZA - DEPARTAMENTAL,C074,URETA COX,0.31449957814869145,0.31449957814869145,0,58,52,6,neutral
static_fixed_set,1,I12,LAS REJAS - SUIZA - DEPARTAMENTAL,C090,SANTO DOMINGO,0.3106717940498921,0.3106717940498921,0,59,55,4,neutral
static_fixed_set,1,I12,LAS REJAS - SUIZA - DEPARTAMENTAL,C005,CORONEL ALEJANDRO SEPULVEDA,0.3106497256836105,0.3106497256836105,0,60,56,4,neutral
static_fixed_set,1,I12,LAS REJAS - SUIZA - DEPARTAMENTAL,C088,ÑUBLE,0.30596663776619404,0.30596663776619404,0,61,57,4,neutral
static_fixed_set,1,I12,LAS REJAS - SUIZA - DEPARTAMENTAL,C020,LATINOAMERICA - PINTOR MURILLO - FRANCISCO TOLEDO,0.3053874986899725,0.3053874986899725,0,62,58,4,neutral
static_fixed_set,1,I12,LAS REJAS - SUIZA - DEPARTAMENTAL,C028,MADRID,0.3053850663175511,0.3053850663175511,0,63,59,4,neutral
static_fixed_set,1,I12,LAS REJAS - SUIZA - DEPARTAMENTAL,C034,PEDRO LEON UGALDE,0.30513444215224494,0.30513444215224494,0,64,60,4,neutral
static_fixed_set,1,I12,LAS REJAS - SUIZA - DEPARTAMENTAL,C037,SAN ALFONSO,0.3032697592490899,0.3032697592490899,0,65,61,4,neutral
static_fixed_set,1,I12,LAS REJAS - SUIZA - DEPARTAMENTAL,C030,MAULE,0.30294715823212187,0.30294715823212187,0,66,62,4,neutral
static_fixed_set,1,I12,LAS REJAS - SUIZA - DEPARTAMENTAL,C042,PRINCIPE DE GALES,0.3015275299366899,0.3015275299366899,0,67,63,4,neutral
static_fixed_set,1,I12,LAS REJAS - SUIZA - DEPARTAMENTAL,C087,SALVADOR GUTIERREZ,0.2988400180747415,0.2988400180747415,0,68,64,4,neutral
static_fixed_set,1,I12,LAS REJAS - SUIZA - DEPARTAMENTAL,I28,SANTA RAQUEL,0.2960140924026152,0.2960140924026152,0,69,65,4,neutral
static_fixed_set,1,I12,LAS REJAS - SUIZA - DEPARTAMENTAL,C013,HEROES DE LA CONCEPCION,0.29161502323158384,0.29161502323158384,0,70,67,3,neutral
static_fixed_set,1,I12,LAS REJAS - SUIZA - DEPARTAMENTAL,C027,LOS PRESIDENTES,0.2903073892430075,0.2903073892430075,0,71,70,1,neutral
static_fixed_set,1,I12,LAS REJAS - SUIZA - DEPARTAMENTAL,I32,EINSTEIN,0.2891830343121434,0.2891830343121434,0,72,71,1,neutral
static_fixed_set,1,I12,LAS REJAS - SUIZA - DEPARTAMENTAL,C004,CONSISTORIAL,0.28796525159755554,0.29093172378697835,0.0029664721894228085,73,69,4,complementarity_signal
static_fixed_set,1,I12,LAS REJAS - SUIZA - DEPARTAMENTAL,I23,PETERSEN - VICUÑA MACKENNA,0.28720997267232284,0.28720997267232284,0,74,73,1,neutral
static_fixed_set,1,I12,LAS REJAS - SUIZA - DEPARTAMENTAL,C063,LONGITUDINAL,0.28538182252354,0.28538182252354,0,75,74,1,neutral
static_fixed_set,1,I12,LAS REJAS - SUIZA - DEPARTAMENTAL,C015,JOSE MANUEL GUZMAN,0.2845092001303485,0.2845092001303485,0,76,75,1,neutral
static_fixed_set,1,I12,LAS REJAS - SUIZA - DEPARTAMENTAL,C046,EUCALIPTOS,0.2836213631052964,0.2836213631052964,0,77,76,1,neutral
static_fixed_set,1,I12,LAS REJAS - SUIZA - DEPARTAMENTAL,C022,LLANURA  - EL DESIERTO,0.2832694397879176,0.2832694397879176,0,78,77,1,neutral
static_fixed_set,1,I12,LAS REJAS - SUIZA - DEPARTAMENTAL,I18,NUEVA IMPERIAL,0.28249960315815087,0.2713475180044774,-0.011152085153673497,79,82,-3,substitution_signal
static_fixed_set,1,I12,LAS REJAS - SUIZA - DEPARTAMENTAL,I31,FERNANDEZ ALBANO,0.27793271006427517,0.27793271006427517,0,80,78,2,neutral
static_fixed_set,1,I12,LAS REJAS - SUIZA - DEPARTAMENTAL,C035,PRODIVENCIA,0.27556952254522565,0.27556952254522565,0,81,79,2,neutral
static_fixed_set,1,I12,LAS REJAS - SUIZA - DEPARTAMENTAL,C052,BAQUEDANO - POSTALES ORIENTE,0.2725119994529144,0.2725119994529144,0,82,80,2,neutral
static_fixed_set,1,I12,LAS REJAS - SUIZA - DEPARTAMENTAL,C062,CORONA SUECA,0.27233361403980005,0.27233361403980005,0,83,81,2,neutral
static_fixed_set,1,I12,LAS REJAS - SUIZA - DEPARTAMENTAL,C089,J J PEREZ,0.26495488367176884,0.26495488367176884,0,84,83,1,neutral
static_fixed_set,1,I12,LAS REJAS - SUIZA - DEPARTAMENTAL,C064,SILVA CARVALLO - SANTA ELENA,0.264928178794096,0.264928178794096,0,85,84,1,neutral
static_fixed_set,1,I12,LAS REJAS - SUIZA - DEPARTAMENTAL,C047,VIOLETA PARRA,0.2648001936107111,0.2648001936107111,0,86,85,1,neutral
static_fixed_set,1,I12,LAS REJAS - SUIZA - DEPARTAMENTAL,C079,LAS AMERICAS,0.26410913255677176,0.264377359699667,0.00026822714289526095,87,86,1,complementarity_signal
static_fixed_set,1,I12,LAS REJAS - SUIZA - DEPARTAMENTAL,C40,VICUÑA MACKENNA - SAN MARTIN,0.2599804114545511,0.2599804114545511,0,88,88,0,neutral
static_fixed_set,1,I12,LAS REJAS - SUIZA - DEPARTAMENTAL,C011,EYZAGUIRRE,0.2597262361382782,0.2597262361382782,0,89,89,0,neutral
static_fixed_set,1,I12,LAS REJAS - SUIZA - DEPARTAMENTAL,C069,LOS OLMOS,0.2594151168255869,0.2594151168255869,0,90,90,0,neutral
static_fixed_set,1,I12,LAS REJAS - SUIZA - DEPARTAMENTAL,C065,NUEVA SAN MARTIN,0.2588125082913236,0.2588125082913236,0,91,91,0,neutral
static_fixed_set,1,I12,LAS REJAS - SUIZA - DEPARTAMENTAL,C009,EL ROSAL - SANTA ELENA,0.258292338870139,0.258292338870139,0,92,92,0,neutral
static_fixed_set,1,I12,LAS REJAS - SUIZA - DEPARTAMENTAL,C076,ISLA DECEPCION,0.25765035826791644,0.24485989841133612,-0.01279045985658031,93,100,-7,substitution_signal
static_fixed_set,1,I12,LAS REJAS - SUIZA - DEPARTAMENTAL,C002,CAPITAN IGNACIO CARRERA PINTO,0.2546555618818747,0.2546555618818747,0,94,93,1,neutral
static_fixed_set,1,I12,LAS REJAS - SUIZA - DEPARTAMENTAL,C048,GENERAL ARRIAGADA,0.2517348978903142,0.2517348978903142,0,95,94,1,neutral
static_fixed_set,1,I12,LAS REJAS - SUIZA - DEPARTAMENTAL,C033,OBSERVATORIO,0.25172362934577086,0.25172362934577086,0,96,95,1,neutral
static_fixed_set,1,I12,LAS REJAS - SUIZA - DEPARTAMENTAL,I03,CARRASCAL,0.24854515940907576,0.24854515940907576,0,97,96,1,neutral
static_fixed_set,1,I12,LAS REJAS - SUIZA - DEPARTAMENTAL,C054,VICTORIA,0.24818166256108362,0.24818166256108362,0,98,97,1,neutral
static_fixed_set,1,I12,LAS REJAS - SUIZA - DEPARTAMENTAL,C017,LA PARINACOTA,0.24787162646529243,0.24787162646529243,0,99,98,1,neutral
static_fixed_set,1,I12,LAS REJAS - SUIZA - DEPARTAMENTAL,C056,TEMUCO - TORO MAZOTTE,0.2468166288620158,0.2468166288620158,0,100,99,1,neutral
static_fixed_set,1,I12,LAS REJAS - SUIZA - DEPARTAMENTAL,C038,TALCAHUANO - SANTA INES - LOS EDILES,0.24550764665869662,0.23435556150502312,-0.011152085153673497,101,108,-7,substitution_signal
static_fixed_set,1,I12,LAS REJAS - SUIZA - DEPARTAMENTAL,C026,LOS MAITENES,0.24476449972018605,0.24476449972018605,0,102,101,1,neutral
static_fixed_set,1,I12,LAS REJAS - SUIZA - DEPARTAMENTAL,C031,NECOCHEA,0.24437487011116932,0.23322278495749582,-0.011152085153673497,103,109,-6,substitution_signal
static_fixed_set,1,I12,LAS REJAS - SUIZA - DEPARTAMENTAL,C071,BARROS ARANA,0.2432718387690382,0.2432718387690382,0,104,102,2,neutral
static_fixed_set,1,I12,LAS REJAS - SUIZA - DEPARTAMENTAL,C082,CAUPOLICAN,0.24201028797730914,0.24201028797730914,0,105,103,2,neutral
static_fixed_set,1,I12,LAS REJAS - SUIZA - DEPARTAMENTAL,C080,PARAGUAY,0.2404621201898296,0.2404621201898296,0,106,104,2,neutral
static_fixed_set,1,I12,LAS REJAS - SUIZA - DEPARTAMENTAL,C036,RIO REFUGIO - SALAR SURIRE,0.23882288406802515,0.23882288406802515,0,107,105,2,neutral
static_fixed_set,1,I12,LAS REJAS - SUIZA - DEPARTAMENTAL,C077,RICARDO VIAL,0.23530100578344948,0.23530100578344948,0,108,106,2,neutral
static_fixed_set,1,I12,LAS REJAS - SUIZA - DEPARTAMENTAL,C012,GABRIELA ORIENTE,0.23493763531224565,0.23493763531224565,0,109,107,2,neutral
static_fixed_set,1,I12,LAS REJAS - SUIZA - DEPARTAMENTAL,C019,LAS HIJUELAS SUR - LIBERTADOR BERNARDO OHIGGINS,0.23151138733257812,0.23151138733257812,0,110,110,0,neutral
static_fixed_set,1,I12,LAS REJAS - SUIZA - DEPARTAMENTAL,C051,JOSE MIGUEL INFANTE - DOMINGO STA MARIA,0.22770327755636682,0.22770327755636682,0,111,111,0,neutral
static_fixed_set,1,I12,LAS REJAS - SUIZA - DEPARTAMENTAL,C008,EL CERRO,0.22664145134727998,0.22664145134727998,0,112,112,0,neutral
static_fixed_set,1,I12,LAS REJAS - SUIZA - DEPARTAMENTAL,C039,TUPUNGATO,0.22275270275256875,0.22275270275256875,0,113,113,0,neutral
static_fixed_set,1,I12,LAS REJAS - SUIZA - DEPARTAMENTAL,C072,COVADONGA,0.2222660174854263,0.2222660174854263,0,114,114,0,neutral
static_fixed_set,1,I12,LAS REJAS - SUIZA - DEPARTAMENTAL,C010,ESQ BLANCA - ALBERTO LLONA,0.219488334536514,0.219488334536514,0,115,115,0,neutral
static_fixed_set,1,I12,LAS REJAS - SUIZA - DEPARTAMENTAL,C084,EL PINO - UNO SUR,0.21625589427110412,0.21625589427110412,0,116,116,0,neutral
static_fixed_set,1,I12,LAS REJAS - SUIZA - DEPARTAMENTAL,C021,LAUTARO,0.20904169103894277,0.26431781044192787,0.0552761194029851,117,87,30,complementarity_signal
static_fixed_set,1,I12,LAS REJAS - SUIZA - DEPARTAMENTAL,C055,ARTURO PRAT,0.1970214926913857,0.1970214926913857,0,118,117,1,neutral
static_fixed_set,1,I12,LAS REJAS - SUIZA - DEPARTAMENTAL,C085,LOS LIBERTADORES,0.19011991189992178,0.19011991189992178,0,119,118,1,neutral
static_fixed_set,1,I12,LAS REJAS - SUIZA - DEPARTAMENTAL,C018,LA PRIMAVERA,0.18728903995307272,0.18728903995307272,0,120,119,1,neutral
static_fixed_set,1,I12,LAS REJAS - SUIZA - DEPARTAMENTAL,C045,PORTO ALEGRE,0.1789631843926075,0.1789631843926075,0,121,120,1,neutral
static_fixed_set,1,I12,LAS REJAS - SUIZA - DEPARTAMENTAL,C025,LOS DURAZNOS,0.17773769788730326,0.17773769788730326,0,122,121,1,neutral
static_fixed_set,1,I12,LAS REJAS - SUIZA - DEPARTAMENTAL,C073,LOS MORROS,0.16537203853610075,0.16537203853610075,0,123,122,1,neutral
static_fixed_set,1,I12,LAS REJAS - SUIZA - DEPARTAMENTAL,C016,JUANITA,0.15869954711149178,0.15869954711149178,0,124,123,1,neutral
static_fixed_set,2,I14,LO OVALLE,I26,SAN PABLO,0.5863061971581027,0.5863061971581027,0,1,4,-3,neutral
static_fixed_set,2,I14,LO OVALLE,I30,WALKER - HUALLE - AGUIRRE,0.582167543325313,0.5839276492389375,0.0017601059136245212,2,5,-3,complementarity_signal
static_fixed_set,2,I14,LO OVALLE,C066,CUATRO PONIENTE,0.572487990377622,0.572487990377622,0,3,6,-3,neutral
static_fixed_set,2,I14,LO OVALLE,I11,JOSE JOAQUIN PEREZ,0.5587180957996021,0.553121080874229,-0.005597014925373123,4,7,-3,substitution_signal
static_fixed_set,2,I14,LO OVALLE,I16,MATTA-VESPUCIO NORTE,0.5227107068074346,0.5227107068074346,0,6,8,-2,neutral
static_fixed_set,2,I14,LO OVALLE,I08,GENERAL OSCAR BONILLA,0.5152019385572235,0.5096049236318504,-0.005597014925373123,7,9,-2,substitution_signal
static_fixed_set,2,I14,LO OVALLE,I20,PAC - LO ESPEJO - EL BOSQUE,0.503748125196464,0.4452257991657996,-0.05852232603066437,8,17,-9,substitution_signal
static_fixed_set,2,I14,LO OVALLE,I04,DEL FERROCARRIL,0.5026073146224199,0.48151023475703064,-0.02109707986538928,9,13,-4,substitution_signal
static_fixed_set,2,I14,LO OVALLE,EP-ALAMEDA-T3,ALAMEDA TRAMO 3,0.4902395477729498,0.4846425328475767,-0.005597014925373123,10,11,-1,substitution_signal
static_fixed_set,2,I14,LO OVALLE,I01,BARÓN DE JURAS REALES,0.48687720322810635,0.48687720322810635,0,11,10,1,neutral
static_fixed_set,2,I14,LO OVALLE,C068,SAN CARLOS,0.48156244324655567,0.48156244324655567,0,12,12,0,neutral
static_fixed_set,2,I14,LO OVALLE,EP-I34,VICUÑA MACKENNA,0.4789418889773093,0.4789418889773093,0,13,14,-1,neutral
static_fixed_set,2,I14,LO OVALLE,I22,PEDRO FONTOVA,0.4728109936708254,0.4728109936708254,0,14,15,-1,neutral
static_fixed_set,2,I14,LO OVALLE,EP-I10,GRAN AVENIDA,0.45002418527643756,0.45002418527643756,0,15,16,-1,neutral
static_fixed_set,2,I14,LO OVALLE,C006,DOMINGO TOCORNAL,0.44257795158972896,0.44257795158972896,0,16,18,-2,neutral
static_fixed_set,2,I14,LO OVALLE,I05,DIAGONAL JOSE MARIA CARO,0.43893681633352033,0.43893681633352033,0,17,19,-2,neutral
static_fixed_set,2,I14,LO OVALLE,I21,PEDRO DE VALDIVIA,0.43198235096302845,0.43212362956110834,0.00014127859807988585,18,20,-2,complementarity_signal
static_fixed_set,2,I14,LO OVALLE,I10,GRAN AVENIDA,0.42885168392375667,0.6436517153386394,0.21480003141488274,19,2,17,complementarity_signal
static_fixed_set,2,I14,LO OVALLE,I07,EL GUANACO,0.42548756362861406,0.41989054870324094,-0.005597014925373123,20,25,-5,substitution_signal
static_fixed_set,2,I14,LO OVALLE,I29,SANTA ROSA,0.4235325573693767,0.37341708864264717,-0.05011546872672956,21,32,-11,substitution_signal
static_fixed_set,2,I14,LO OVALLE,I15,MARTINEZ DE ROZAS,0.42342407874800625,0.42342407874800625,0,22,22,0,neutral
static_fixed_set,2,I14,LO OVALLE,C060,ROJAS MAGALLANES,0.42247939656875466,0.4242842786017823,0.0018048820330276438,23,21,2,complementarity_signal
static_fixed_set,2,I14,LO OVALLE,C023,AVENIDA DORSAL,0.4198963414700359,0.4198963414700359,0,24,24,0,neutral
static_fixed_set,2,I14,LO OVALLE,I19,PAC-LO ESPEJO-SN BDO,0.41843348297957955,0.4212325337834712,0.002799050803891645,25,23,2,complementarity_signal
static_fixed_set,2,I14,LO OVALLE,EP-I33,LA CHIMBA,0.4043195865206677,0.4043195865206677,0,26,26,0,neutral
static_fixed_set,2,I14,LO OVALLE,I06,DIAGONAL ORIENTE,0.40267663972498335,0.40267663972498335,0,27,27,0,neutral
static_fixed_set,2,I14,LO OVALLE,I24,RADAL,0.4019586400827961,0.4019586400827961,0,28,28,0,neutral
static_fixed_set,2,I14,LO OVALLE,C070,MENDOZA (EX-CORONEL ROBLES),0.3937720786581624,0.3937720786581624,0,29,29,0,neutral
static_fixed_set,2,I14,LO OVALLE,C081,SAN GREGORIO - DIEGO MEZA,0.3897582429213287,0.3225940638168511,-0.06716417910447764,30,48,-18,substitution_signal
static_fixed_set,2,I14,LO OVALLE,C029,MARIA ELENA,0.3866330072050211,0.3866330072050211,0,31,30,1,neutral
static_fixed_set,2,I14,LO OVALLE,C061,EL PINAR,0.38160827315612816,0.3144440940516505,-0.06716417910447764,32,51,-19,substitution_signal
static_fixed_set,2,I14,LO OVALLE,C050,MAR DE DRAKE,0.3754671127887729,0.3754671127887729,0,33,31,2,neutral
static_fixed_set,2,I14,LO OVALLE,I09,GENERAL VELASQUEZ,0.37190485218797154,0.37191771416231983,0.000012861974348299388,34,34,0,complementarity_signal
static_fixed_set,2,I14,LO OVALLE,C003,CONCHA Y TORO,0.3709576416282776,0.3709576416282776,0,35,35,0,neutral
static_fixed_set,2,I14,LO OVALLE,C086,LA ESTRELLA,0.36814789692769634,0.36814789692769634,0,36,36,0,neutral
static_fixed_set,2,I14,LO OVALLE,C053,CONDELL,0.3681132926531967,0.3681132926531967,0,37,37,0,neutral
static_fixed_set,2,I14,LO OVALLE,I25,SAN FRANCISCO,0.36278550273533117,0.6531073182464816,0.29032181551115044,38,1,37,complementarity_signal
static_fixed_set,2,I14,LO OVALLE,I27,SANTA CECILIA - NONATO COO,0.36006768212709356,0.36006768212709356,0,39,38,1,neutral
static_fixed_set,2,I14,LO OVALLE,C057,PADRE VICENTE IRARRAZABAL - MANUEL CHACON,0.35926879818012003,0.3536717832547469,-0.005597014925373123,40,40,0,substitution_signal
static_fixed_set,2,I14,LO OVALLE,I02,CARLOS VALDOVINOS,0.35451515707262266,0.35451515707262266,0,41,39,2,neutral
static_fixed_set,2,I14,LO OVALLE,I17,MATUCANA,0.3536472146483408,0.3536472146483408,0,42,41,1,neutral
static_fixed_set,2,I14,LO OVALLE,C058,ANTONIO EBNER-BARROS ARANA,0.350997687135054,0.350997687135054,0,43,42,1,neutral
static_fixed_set,2,I14,LO OVALLE,C044,LOS CERRILLOS,0.34964631946381725,0.3722059560163385,0.022559636552521245,44,33,11,complementarity_signal
static_fixed_set,2,I14,LO OVALLE,C014,JOSE DOMINGO CAÑAS,0.3434151720257287,0.3434151720257287,0,45,43,2,neutral
static_fixed_set,2,I14,LO OVALLE,C083,ORIENTAL-LAS PARCELAS,0.33400841178333013,0.33400841178333013,0,46,44,2,neutral
static_fixed_set,2,I14,LO OVALLE,C001,SAN EUGENIO,0.3301050844306759,0.3301050844306759,0,47,45,2,neutral
static_fixed_set,2,I14,LO OVALLE,C049,FEDERICO ERRÁZURIZ (EX SERRANO),0.32905890532348764,0.32905890532348764,0,48,46,2,neutral
static_fixed_set,2,I14,LO OVALLE,I13,LO ESPEJO-RIQUELME,0.32833080195639963,0.32833080195639963,0,49,47,2,neutral
static_fixed_set,2,I14,LO OVALLE,C007,EDUARDO CASTILLO VELASCO,0.3209682481807713,0.3209682481807713,0,50,49,1,neutral
static_fixed_set,2,I14,LO OVALLE,C067,CARDENAL RAUL SILVA HENRIQUEZ,0.31744308727562154,0.5979675337551112,0.2805244464794897,51,3,48,complementarity_signal
static_fixed_set,2,I14,LO OVALLE,C074,URETA COX,0.31449957814869145,0.31449957814869145,0,52,50,2,neutral
static_fixed_set,2,I14,LO OVALLE,C041,VISTA HERMOSA,0.31412803040111625,0.31412803040111625,0,53,52,1,neutral
static_fixed_set,2,I14,LO OVALLE,C032,OBISPO MANUEL UMAÑA,0.31389417400550856,0.31389417400550856,0,54,53,1,neutral
static_fixed_set,2,I14,LO OVALLE,C090,SANTO DOMINGO,0.3106717940498921,0.3106717940498921,0,55,54,1,neutral
static_fixed_set,2,I14,LO OVALLE,C005,CORONEL ALEJANDRO SEPULVEDA,0.3106497256836105,0.3106497256836105,0,56,55,1,neutral
static_fixed_set,2,I14,LO OVALLE,C088,ÑUBLE,0.30596663776619404,0.30596663776619404,0,57,56,1,neutral
static_fixed_set,2,I14,LO OVALLE,C020,LATINOAMERICA - PINTOR MURILLO - FRANCISCO TOLEDO,0.3053874986899725,0.3053874986899725,0,58,57,1,neutral
static_fixed_set,2,I14,LO OVALLE,C028,MADRID,0.3053850663175511,0.3053850663175511,0,59,58,1,neutral
static_fixed_set,2,I14,LO OVALLE,C034,PEDRO LEON UGALDE,0.30513444215224494,0.30513444215224494,0,60,59,1,neutral
static_fixed_set,2,I14,LO OVALLE,C037,SAN ALFONSO,0.3032697592490899,0.3032697592490899,0,61,60,1,neutral
static_fixed_set,2,I14,LO OVALLE,C030,MAULE,0.30294715823212187,0.30294715823212187,0,62,61,1,neutral
static_fixed_set,2,I14,LO OVALLE,C042,PRINCIPE DE GALES,0.3015275299366899,0.3015275299366899,0,63,62,1,neutral
static_fixed_set,2,I14,LO OVALLE,C087,SALVADOR GUTIERREZ,0.2988400180747415,0.2988400180747415,0,64,63,1,neutral
static_fixed_set,2,I14,LO OVALLE,I28,SANTA RAQUEL,0.2960140924026152,0.2960140924026152,0,65,64,1,neutral
static_fixed_set,2,I14,LO OVALLE,C078,WALDO TAFF,0.29534911261342445,0.29534911261342445,0,66,65,1,neutral
static_fixed_set,2,I14,LO OVALLE,C013,HEROES DE LA CONCEPCION,0.29161502323158384,0.29161502323158384,0,67,66,1,neutral
static_fixed_set,2,I14,LO OVALLE,C024,LOS ARRAYANES - LOS COPIHUES,0.2909815151341239,0.2909815151341239,0,68,67,1,neutral
static_fixed_set,2,I14,LO OVALLE,C004,CONSISTORIAL,0.29093172378697835,0.29093172378697835,0,69,68,1,neutral
static_fixed_set,2,I14,LO OVALLE,C027,LOS PRESIDENTES,0.2903073892430075,0.2903073892430075,0,70,69,1,neutral
static_fixed_set,2,I14,LO OVALLE,I32,EINSTEIN,0.2891830343121434,0.2891830343121434,0,71,70,1,neutral
static_fixed_set,2,I14,LO OVALLE,C043,NEPTUNO,0.2875846994398938,0.2875846994398938,0,72,71,1,neutral
static_fixed_set,2,I14,LO OVALLE,I23,PETERSEN - VICUÑA MACKENNA,0.28720997267232284,0.28720997267232284,0,73,72,1,neutral
static_fixed_set,2,I14,LO OVALLE,C063,LONGITUDINAL,0.28538182252354,0.28538182252354,0,74,73,1,neutral
static_fixed_set,2,I14,LO OVALLE,C015,JOSE MANUEL GUZMAN,0.2845092001303485,0.2845092001303485,0,75,74,1,neutral
static_fixed_set,2,I14,LO OVALLE,C046,EUCALIPTOS,0.2836213631052964,0.2836213631052964,0,76,75,1,neutral
static_fixed_set,2,I14,LO OVALLE,C022,LLANURA  - EL DESIERTO,0.2832694397879176,0.2832694397879176,0,77,76,1,neutral
static_fixed_set,2,I14,LO OVALLE,I31,FERNANDEZ ALBANO,0.27793271006427517,0.2626404601749897,-0.015292249889285459,78,86,-8,substitution_signal
static_fixed_set,2,I14,LO OVALLE,C035,PRODIVENCIA,0.27556952254522565,0.27556952254522565,0,79,77,2,neutral
static_fixed_set,2,I14,LO OVALLE,C052,BAQUEDANO - POSTALES ORIENTE,0.2725119994529144,0.2725119994529144,0,80,78,2,neutral
static_fixed_set,2,I14,LO OVALLE,C062,CORONA SUECA,0.27233361403980005,0.27233361403980005,0,81,79,2,neutral
static_fixed_set,2,I14,LO OVALLE,I18,NUEVA IMPERIAL,0.2713475180044774,0.2713475180044774,0,82,80,2,neutral
static_fixed_set,2,I14,LO OVALLE,C089,J J PEREZ,0.26495488367176884,0.26495488367176884,0,83,81,2,neutral
static_fixed_set,2,I14,LO OVALLE,C064,SILVA CARVALLO - SANTA ELENA,0.264928178794096,0.264928178794096,0,84,82,2,neutral
static_fixed_set,2,I14,LO OVALLE,C047,VIOLETA PARRA,0.2648001936107111,0.2648001936107111,0,85,83,2,neutral
static_fixed_set,2,I14,LO OVALLE,C079,LAS AMERICAS,0.264377359699667,0.264377359699667,0,86,84,2,neutral
static_fixed_set,2,I14,LO OVALLE,C021,LAUTARO,0.26431781044192787,0.26431781044192787,0,87,85,2,neutral
static_fixed_set,2,I14,LO OVALLE,C40,VICUÑA MACKENNA - SAN MARTIN,0.2599804114545511,0.2599804114545511,0,88,87,1,neutral
static_fixed_set,2,I14,LO OVALLE,C011,EYZAGUIRRE,0.2597262361382782,0.2597262361382782,0,89,88,1,neutral
static_fixed_set,2,I14,LO OVALLE,C069,LOS OLMOS,0.2594151168255869,0.2594151168255869,0,90,89,1,neutral
static_fixed_set,2,I14,LO OVALLE,C065,NUEVA SAN MARTIN,0.2588125082913236,0.2588125082913236,0,91,90,1,neutral
static_fixed_set,2,I14,LO OVALLE,C009,EL ROSAL - SANTA ELENA,0.258292338870139,0.258292338870139,0,92,91,1,neutral
static_fixed_set,2,I14,LO OVALLE,C002,CAPITAN IGNACIO CARRERA PINTO,0.2546555618818747,0.2546555618818747,0,93,92,1,neutral
static_fixed_set,2,I14,LO OVALLE,C048,GENERAL ARRIAGADA,0.2517348978903142,0.2517348978903142,0,94,93,1,neutral
static_fixed_set,2,I14,LO OVALLE,C033,OBSERVATORIO,0.25172362934577086,0.25172362934577086,0,95,94,1,neutral
static_fixed_set,2,I14,LO OVALLE,I03,CARRASCAL,0.24854515940907576,0.24854515940907576,0,96,95,1,neutral
static_fixed_set,2,I14,LO OVALLE,C054,VICTORIA,0.24818166256108362,0.24818166256108362,0,97,96,1,neutral
static_fixed_set,2,I14,LO OVALLE,C017,LA PARINACOTA,0.24787162646529243,0.24787162646529243,0,98,97,1,neutral
static_fixed_set,2,I14,LO OVALLE,C056,TEMUCO - TORO MAZOTTE,0.2468166288620158,0.2468166288620158,0,99,98,1,neutral
static_fixed_set,2,I14,LO OVALLE,C076,ISLA DECEPCION,0.24485989841133612,0.24485989841133612,0,100,99,1,neutral
static_fixed_set,2,I14,LO OVALLE,C026,LOS MAITENES,0.24476449972018605,0.24476449972018605,0,101,100,1,neutral
static_fixed_set,2,I14,LO OVALLE,C071,BARROS ARANA,0.2432718387690382,0.2432718387690382,0,102,102,0,neutral
static_fixed_set,2,I14,LO OVALLE,C082,CAUPOLICAN,0.24201028797730914,0.24201028797730914,0,103,103,0,neutral
static_fixed_set,2,I14,LO OVALLE,C080,PARAGUAY,0.2404621201898296,0.2404621201898296,0,104,104,0,neutral
static_fixed_set,2,I14,LO OVALLE,C036,RIO REFUGIO - SALAR SURIRE,0.23882288406802515,0.23882288406802515,0,105,105,0,neutral
static_fixed_set,2,I14,LO OVALLE,C077,RICARDO VIAL,0.23530100578344948,0.23530100578344948,0,106,106,0,neutral
static_fixed_set,2,I14,LO OVALLE,C012,GABRIELA ORIENTE,0.23493763531224565,0.23493763531224565,0,107,107,0,neutral
static_fixed_set,2,I14,LO OVALLE,C038,TALCAHUANO - SANTA INES - LOS EDILES,0.23435556150502312,0.23435556150502312,0,108,108,0,neutral
static_fixed_set,2,I14,LO OVALLE,C031,NECOCHEA,0.23322278495749582,0.23322278495749582,0,109,109,0,neutral
static_fixed_set,2,I14,LO OVALLE,C019,LAS HIJUELAS SUR - LIBERTADOR BERNARDO OHIGGINS,0.23151138733257812,0.23151138733257812,0,110,110,0,neutral
static_fixed_set,2,I14,LO OVALLE,C051,JOSE MIGUEL INFANTE - DOMINGO STA MARIA,0.22770327755636682,0.22770327755636682,0,111,111,0,neutral
static_fixed_set,2,I14,LO OVALLE,C008,EL CERRO,0.22664145134727998,0.22664145134727998,0,112,112,0,neutral
static_fixed_set,2,I14,LO OVALLE,C039,TUPUNGATO,0.22275270275256875,0.22275270275256875,0,113,113,0,neutral
static_fixed_set,2,I14,LO OVALLE,C072,COVADONGA,0.2222660174854263,0.2222660174854263,0,114,114,0,neutral
static_fixed_set,2,I14,LO OVALLE,C010,ESQ BLANCA - ALBERTO LLONA,0.219488334536514,0.219488334536514,0,115,115,0,neutral
static_fixed_set,2,I14,LO OVALLE,C084,EL PINO - UNO SUR,0.21625589427110412,0.24424096889796978,0.02798507462686567,116,101,15,complementarity_signal
static_fixed_set,2,I14,LO OVALLE,C055,ARTURO PRAT,0.1970214926913857,0.1970214926913857,0,117,116,1,neutral
static_fixed_set,2,I14,LO OVALLE,C085,LOS LIBERTADORES,0.19011991189992178,0.19011991189992178,0,118,117,1,neutral
static_fixed_set,2,I14,LO OVALLE,C018,LA PRIMAVERA,0.18728903995307272,0.18728903995307272,0,119,118,1,neutral
static_fixed_set,2,I14,LO OVALLE,C045,PORTO ALEGRE,0.1789631843926075,0.1789631843926075,0,120,119,1,neutral
static_fixed_set,2,I14,LO OVALLE,C025,LOS DURAZNOS,0.17773769788730326,0.17773769788730326,0,121,120,1,neutral
static_fixed_set,2,I14,LO OVALLE,C073,LOS MORROS,0.16537203853610075,0.16537203853610075,0,122,121,1,neutral
static_fixed_set,2,I14,LO OVALLE,C016,JUANITA,0.15869954711149178,0.15869954711149178,0,123,122,1,neutral
static_fixed_set,3,I26,SAN PABLO,I25,SAN FRANCISCO,0.6531073182464816,0.6475103033211085,-0.005597014925373123,1,1,0,substitution_signal
static_fixed_set,3,I26,SAN PABLO,I10,GRAN AVENIDA,0.6436517153386394,0.6380547004132663,-0.005597014925373123,2,2,0,substitution_signal
static_fixed_set,3,I26,SAN PABLO,C067,CARDENAL RAUL SILVA HENRIQUEZ,0.5979675337551112,0.592370518829738,-0.005597014925373234,3,4,-1,substitution_signal
static_fixed_set,3,I26,SAN PABLO,I30,WALKER - HUALLE - AGUIRRE,0.5839276492389375,0.5783306343135644,-0.005597014925373123,5,5,0,substitution_signal
static_fixed_set,3,I26,SAN PABLO,C066,CUATRO PONIENTE,0.572487990377622,0.572487990377622,0,6,6,0,neutral
static_fixed_set,3,I26,SAN PABLO,I11,JOSE JOAQUIN PEREZ,0.553121080874229,0.6037255313686634,0.050604450494434405,7,3,4,complementarity_signal
static_fixed_set,3,I26,SAN PABLO,I16,MATTA-VESPUCIO NORTE,0.5227107068074346,0.5227107068074346,0,8,9,-1,neutral
static_fixed_set,3,I26,SAN PABLO,I08,GENERAL OSCAR BONILLA,0.5096049236318504,0.5466353672166309,0.03703044358478047,9,8,1,complementarity_signal
static_fixed_set,3,I26,SAN PABLO,I01,BARÓN DE JURAS REALES,0.48687720322810635,0.48687720322810635,0,10,10,0,neutral
static_fixed_set,3,I26,SAN PABLO,EP-ALAMEDA-T3,ALAMEDA TRAMO 3,0.4846425328475767,0.47967183355519394,-0.004970699292382752,11,12,-1,substitution_signal
static_fixed_set,3,I26,SAN PABLO,C068,SAN CARLOS,0.48156244324655567,0.48156244324655567,0,12,11,1,neutral
static_fixed_set,3,I26,SAN PABLO,I04,DEL FERROCARRIL,0.48151023475703064,0.4759132198316575,-0.005597014925373123,13,14,-1,substitution_signal
static_fixed_set,3,I26,SAN PABLO,EP-I34,VICUÑA MACKENNA,0.4789418889773093,0.4789418889773093,0,14,13,1,neutral
static_fixed_set,3,I26,SAN PABLO,I22,PEDRO FONTOVA,0.4728109936708254,0.4728109936708254,0,15,15,0,neutral
static_fixed_set,3,I26,SAN PABLO,EP-I10,GRAN AVENIDA,0.45002418527643756,0.45002418527643756,0,16,16,0,neutral
static_fixed_set,3,I26,SAN PABLO,I20,PAC - LO ESPEJO - EL BOSQUE,0.4452257991657996,0.4452257991657996,0,17,17,0,neutral
static_fixed_set,3,I26,SAN PABLO,C006,DOMINGO TOCORNAL,0.44257795158972896,0.44257795158972896,0,18,18,0,neutral
static_fixed_set,3,I26,SAN PABLO,I05,DIAGONAL JOSE MARIA CARO,0.43893681633352033,0.43333980140814715,-0.005597014925373178,19,19,0,substitution_signal
static_fixed_set,3,I26,SAN PABLO,I21,PEDRO DE VALDIVIA,0.43212362956110834,0.42652661463573516,-0.005597014925373178,20,20,0,substitution_signal
static_fixed_set,3,I26,SAN PABLO,C060,ROJAS MAGALLANES,0.4242842786017823,0.4186872636764091,-0.005597014925373178,21,23,-2,substitution_signal
static_fixed_set,3,I26,SAN PABLO,I15,MARTINEZ DE ROZAS,0.42342407874800625,0.4148837713854609,-0.008540307362545352,22,24,-2,substitution_signal
static_fixed_set,3,I26,SAN PABLO,I19,PAC-LO ESPEJO-SN BDO,0.4212325337834712,0.4212325337834712,0,23,21,2,neutral
static_fixed_set,3,I26,SAN PABLO,C023,AVENIDA DORSAL,0.4198963414700359,0.3037663294389082,-0.11613001203112772,24,61,-37,substitution_signal
static_fixed_set,3,I26,SAN PABLO,I07,EL GUANACO,0.41989054870324094,0.41989054870324094,0,25,22,3,neutral
static_fixed_set,3,I26,SAN PABLO,EP-I33,LA CHIMBA,0.4043195865206677,0.4043195865206677,0,26,25,1,neutral
static_fixed_set,3,I26,SAN PABLO,I06,DIAGONAL ORIENTE,0.40267663972498335,0.40267663972498335,0,27,26,1,neutral
static_fixed_set,3,I26,SAN PABLO,I24,RADAL,0.4019586400827961,0.38761087886284273,-0.014347761219953348,28,27,1,substitution_signal
static_fixed_set,3,I26,SAN PABLO,C070,MENDOZA (EX-CORONEL ROBLES),0.3937720786581624,0.37358596308451614,-0.020186115573646246,29,29,0,substitution_signal
static_fixed_set,3,I26,SAN PABLO,C029,MARIA ELENA,0.3866330072050211,0.3866330072050211,0,30,28,2,neutral
static_fixed_set,3,I26,SAN PABLO,C050,MAR DE DRAKE,0.3754671127887729,0.31891487398280277,-0.056552238805970156,31,49,-18,substitution_signal
static_fixed_set,3,I26,SAN PABLO,I29,SANTA ROSA,0.37341708864264717,0.37341708864264717,0,32,30,2,neutral
static_fixed_set,3,I26,SAN PABLO,C044,LOS CERRILLOS,0.3722059560163385,0.3722059560163385,0,33,31,2,neutral
static_fixed_set,3,I26,SAN PABLO,I09,GENERAL VELASQUEZ,0.37191771416231983,0.37191771416231983,0,34,32,2,neutral
static_fixed_set,3,I26,SAN PABLO,C003,CONCHA Y TORO,0.3709576416282776,0.3709576416282776,0,35,33,2,neutral
static_fixed_set,3,I26,SAN PABLO,C086,LA ESTRELLA,0.36814789692769634,0.3579389417038158,-0.010208955223880545,36,36,0,substitution_signal
static_fixed_set,3,I26,SAN PABLO,C053,CONDELL,0.3681132926531967,0.3681132926531967,0,37,34,3,neutral
static_fixed_set,3,I26,SAN PABLO,I27,SANTA CECILIA - NONATO COO,0.36006768212709356,0.36006768212709356,0,38,35,3,neutral
static_fixed_set,3,I26,SAN PABLO,I02,CARLOS VALDOVINOS,0.35451515707262266,0.35451515707262266,0,39,37,2,neutral
static_fixed_set,3,I26,SAN PABLO,C057,PADRE VICENTE IRARRAZABAL - MANUEL CHACON,0.3536717832547469,0.3536717832547469,0,40,39,1,neutral
static_fixed_set,3,I26,SAN PABLO,I17,MATUCANA,0.3536472146483408,0.3544182671349851,0.0007710524866442747,41,38,3,complementarity_signal
static_fixed_set,3,I26,SAN PABLO,C058,ANTONIO EBNER-BARROS ARANA,0.350997687135054,0.3461717246963252,-0.004825962438728848,42,40,2,substitution_signal
static_fixed_set,3,I26,SAN PABLO,C014,JOSE DOMINGO CAÑAS,0.3434151720257287,0.3434151720257287,0,43,42,1,neutral
static_fixed_set,3,I26,SAN PABLO,C083,ORIENTAL-LAS PARCELAS,0.33400841178333013,0.33400841178333013,0,44,43,1,neutral
static_fixed_set,3,I26,SAN PABLO,C001,SAN EUGENIO,0.3301050844306759,0.3301050844306759,0,45,45,0,neutral
static_fixed_set,3,I26,SAN PABLO,C049,FEDERICO ERRÁZURIZ (EX SERRANO),0.32905890532348764,0.5636779294117306,0.23461902408824292,46,7,39,complementarity_signal
static_fixed_set,3,I26,SAN PABLO,I13,LO ESPEJO-RIQUELME,0.32833080195639963,0.32833080195639963,0,47,46,1,neutral
static_fixed_set,3,I26,SAN PABLO,C081,SAN GREGORIO - DIEGO MEZA,0.3225940638168511,0.3225940638168511,0,48,47,1,neutral
static_fixed_set,3,I26,SAN PABLO,C007,EDUARDO CASTILLO VELASCO,0.3209682481807713,0.3209682481807713,0,49,48,1,neutral
static_fixed_set,3,I26,SAN PABLO,C074,URETA COX,0.31449957814869145,0.31449957814869145,0,50,51,-1,neutral
static_fixed_set,3,I26,SAN PABLO,C061,EL PINAR,0.3144440940516505,0.3144440940516505,0,51,52,-1,neutral
static_fixed_set,3,I26,SAN PABLO,C041,VISTA HERMOSA,0.31412803040111625,0.30344837588485296,-0.010679654516263293,52,62,-10,substitution_signal
static_fixed_set,3,I26,SAN PABLO,C032,OBISPO MANUEL UMAÑA,0.31389417400550856,0.3082971590801354,-0.005597014925373178,53,55,-2,substitution_signal
static_fixed_set,3,I26,SAN PABLO,C090,SANTO DOMINGO,0.3106717940498921,0.3118283727798585,0.0011565787299663843,54,53,1,complementarity_signal
static_fixed_set,3,I26,SAN PABLO,C005,CORONEL ALEJANDRO SEPULVEDA,0.3106497256836105,0.3106497256836105,0,55,54,1,neutral
static_fixed_set,3,I26,SAN PABLO,C088,ÑUBLE,0.30596663776619404,0.30596663776619404,0,56,57,-1,neutral
static_fixed_set,3,I26,SAN PABLO,C020,LATINOAMERICA - PINTOR MURILLO - FRANCISCO TOLEDO,0.3053874986899725,0.3053874986899725,0,57,58,-1,neutral
static_fixed_set,3,I26,SAN PABLO,C028,MADRID,0.3053850663175511,0.3053850663175511,0,58,59,-1,neutral
static_fixed_set,3,I26,SAN PABLO,C034,PEDRO LEON UGALDE,0.30513444215224494,0.30513444215224494,0,59,60,-1,neutral
static_fixed_set,3,I26,SAN PABLO,C037,SAN ALFONSO,0.3032697592490899,0.3032697592490899,0,60,63,-3,neutral
static_fixed_set,3,I26,SAN PABLO,C030,MAULE,0.30294715823212187,0.30294715823212187,0,61,64,-3,neutral
static_fixed_set,3,I26,SAN PABLO,C042,PRINCIPE DE GALES,0.3015275299366899,0.3015275299366899,0,62,65,-3,neutral
static_fixed_set,3,I26,SAN PABLO,C087,SALVADOR GUTIERREZ,0.2988400180747415,0.2988400180747415,0,63,66,-3,neutral
static_fixed_set,3,I26,SAN PABLO,I28,SANTA RAQUEL,0.2960140924026152,0.2960140924026152,0,64,68,-4,neutral
static_fixed_set,3,I26,SAN PABLO,C078,WALDO TAFF,0.29534911261342445,0.2640982140605202,-0.03125089855290425,65,87,-22,substitution_signal
static_fixed_set,3,I26,SAN PABLO,C013,HEROES DE LA CONCEPCION,0.29161502323158384,0.29161502323158384,0,66,71,-5,neutral
static_fixed_set,3,I26,SAN PABLO,C024,LOS ARRAYANES - LOS COPIHUES,0.2909815151341239,0.3164169532190636,0.0254354380849397,67,50,17,complementarity_signal
static_fixed_set,3,I26,SAN PABLO,C004,CONSISTORIAL,0.29093172378697835,0.29093172378697835,0,68,72,-4,neutral
static_fixed_set,3,I26,SAN PABLO,C027,LOS PRESIDENTES,0.2903073892430075,0.2903073892430075,0,69,73,-4,neutral
static_fixed_set,3,I26,SAN PABLO,I32,EINSTEIN,0.2891830343121434,0.2835860193867703,-0.005597014925373123,70,77,-7,substitution_signal
static_fixed_set,3,I26,SAN PABLO,C043,NEPTUNO,0.2875846994398938,0.3307602721554096,0.04317557271551581,71,44,27,complementarity_signal
static_fixed_set,3,I26,SAN PABLO,I23,PETERSEN - VICUÑA MACKENNA,0.28720997267232284,0.28720997267232284,0,72,74,-2,neutral
static_fixed_set,3,I26,SAN PABLO,C063,LONGITUDINAL,0.28538182252354,0.28538182252354,0,73,75,-2,neutral
static_fixed_set,3,I26,SAN PABLO,C015,JOSE MANUEL GUZMAN,0.2845092001303485,0.30708565371143737,0.02257645358108884,74,56,18,complementarity_signal
static_fixed_set,3,I26,SAN PABLO,C046,EUCALIPTOS,0.2836213631052964,0.2836213631052964,0,75,76,-1,neutral
static_fixed_set,3,I26,SAN PABLO,C022,LLANURA  - EL DESIERTO,0.2832694397879176,0.2832694397879176,0,76,78,-2,neutral
static_fixed_set,3,I26,SAN PABLO,C035,PRODIVENCIA,0.27556952254522565,0.27556952254522565,0,77,79,-2,neutral
static_fixed_set,3,I26,SAN PABLO,C052,BAQUEDANO - POSTALES ORIENTE,0.2725119994529144,0.2725119994529144,0,78,80,-2,neutral
static_fixed_set,3,I26,SAN PABLO,C062,CORONA SUECA,0.27233361403980005,0.2513511863347979,-0.020982427705002138,79,97,-18,substitution_signal
static_fixed_set,3,I26,SAN PABLO,I18,NUEVA IMPERIAL,0.2713475180044774,0.34394633098034916,0.07259881297587178,80,41,39,complementarity_signal
static_fixed_set,3,I26,SAN PABLO,C089,J J PEREZ,0.26495488367176884,0.26495488367176884,0,81,82,-1,neutral
static_fixed_set,3,I26,SAN PABLO,C064,SILVA CARVALLO - SANTA ELENA,0.264928178794096,0.264928178794096,0,82,83,-1,neutral
static_fixed_set,3,I26,SAN PABLO,C047,VIOLETA PARRA,0.2648001936107111,0.2648001936107111,0,83,84,-1,neutral
static_fixed_set,3,I26,SAN PABLO,C079,LAS AMERICAS,0.264377359699667,0.264377359699667,0,84,85,-1,neutral
static_fixed_set,3,I26,SAN PABLO,C021,LAUTARO,0.26431781044192787,0.26431781044192787,0,85,86,-1,neutral
static_fixed_set,3,I26,SAN PABLO,I31,FERNANDEZ ALBANO,0.2626404601749897,0.2626404601749897,0,86,88,-2,neutral
static_fixed_set,3,I26,SAN PABLO,C40,VICUÑA MACKENNA - SAN MARTIN,0.2599804114545511,0.2599804114545511,0,87,89,-2,neutral
static_fixed_set,3,I26,SAN PABLO,C011,EYZAGUIRRE,0.2597262361382782,0.2597262361382782,0,88,90,-2,neutral
static_fixed_set,3,I26,SAN PABLO,C069,LOS OLMOS,0.2594151168255869,0.2594151168255869,0,89,91,-2,neutral
static_fixed_set,3,I26,SAN PABLO,C065,NUEVA SAN MARTIN,0.2588125082913236,0.2588125082913236,0,90,92,-2,neutral
static_fixed_set,3,I26,SAN PABLO,C009,EL ROSAL - SANTA ELENA,0.258292338870139,0.258292338870139,0,91,93,-2,neutral
static_fixed_set,3,I26,SAN PABLO,C002,CAPITAN IGNACIO CARRERA PINTO,0.2546555618818747,0.2546555618818747,0,92,94,-2,neutral
static_fixed_set,3,I26,SAN PABLO,C048,GENERAL ARRIAGADA,0.2517348978903142,0.2517348978903142,0,93,95,-2,neutral
static_fixed_set,3,I26,SAN PABLO,C033,OBSERVATORIO,0.25172362934577086,0.25172362934577086,0,94,96,-2,neutral
static_fixed_set,3,I26,SAN PABLO,I03,CARRASCAL,0.24854515940907576,0.24854515940907576,0,95,98,-3,neutral
static_fixed_set,3,I26,SAN PABLO,C054,VICTORIA,0.24818166256108362,0.24818166256108362,0,96,99,-3,neutral
static_fixed_set,3,I26,SAN PABLO,C017,LA PARINACOTA,0.24787162646529243,0.24787162646529243,0,97,100,-3,neutral
static_fixed_set,3,I26,SAN PABLO,C056,TEMUCO - TORO MAZOTTE,0.2468166288620158,0.2468166288620158,0,98,101,-3,neutral
static_fixed_set,3,I26,SAN PABLO,C076,ISLA DECEPCION,0.24485989841133612,0.24485989841133612,0,99,102,-3,neutral
static_fixed_set,3,I26,SAN PABLO,C026,LOS MAITENES,0.24476449972018605,0.26662966416212264,0.02186516444193659,100,81,19,complementarity_signal
static_fixed_set,3,I26,SAN PABLO,C084,EL PINO - UNO SUR,0.24424096889796978,0.24424096889796978,0,101,103,-2,neutral
static_fixed_set,3,I26,SAN PABLO,C071,BARROS ARANA,0.2432718387690382,0.2432718387690382,0,102,104,-2,neutral
static_fixed_set,3,I26,SAN PABLO,C082,CAUPOLICAN,0.24201028797730914,0.24201028797730914,0,103,105,-2,neutral
static_fixed_set,3,I26,SAN PABLO,C080,PARAGUAY,0.2404621201898296,0.2404621201898296,0,104,106,-2,neutral
static_fixed_set,3,I26,SAN PABLO,C036,RIO REFUGIO - SALAR SURIRE,0.23882288406802515,0.23882288406802515,0,105,107,-2,neutral
static_fixed_set,3,I26,SAN PABLO,C077,RICARDO VIAL,0.23530100578344948,0.22334495183243977,-0.01195605395100971,106,112,-6,substitution_signal
static_fixed_set,3,I26,SAN PABLO,C012,GABRIELA ORIENTE,0.23493763531224565,0.23493763531224565,0,107,108,-1,neutral
static_fixed_set,3,I26,SAN PABLO,C038,TALCAHUANO - SANTA INES - LOS EDILES,0.23435556150502312,0.29282509996910594,0.058469538464082815,108,70,38,complementarity_signal
static_fixed_set,3,I26,SAN PABLO,C031,NECOCHEA,0.23322278495749582,0.2942204983522875,0.06099771339479165,109,69,40,complementarity_signal
static_fixed_set,3,I26,SAN PABLO,C019,LAS HIJUELAS SUR - LIBERTADOR BERNARDO OHIGGINS,0.23151138733257812,0.23151138733257812,0,110,109,1,neutral
static_fixed_set,3,I26,SAN PABLO,C051,JOSE MIGUEL INFANTE - DOMINGO STA MARIA,0.22770327755636682,0.22770327755636682,0,111,110,1,neutral
static_fixed_set,3,I26,SAN PABLO,C008,EL CERRO,0.22664145134727998,0.22664145134727998,0,112,111,1,neutral
static_fixed_set,3,I26,SAN PABLO,C039,TUPUNGATO,0.22275270275256875,0.2972177850899593,0.07446508233739052,113,67,46,complementarity_signal
static_fixed_set,3,I26,SAN PABLO,C072,COVADONGA,0.2222660174854263,0.2222660174854263,0,114,113,1,neutral
static_fixed_set,3,I26,SAN PABLO,C010,ESQ BLANCA - ALBERTO LLONA,0.219488334536514,0.219488334536514,0,115,114,1,neutral
static_fixed_set,3,I26,SAN PABLO,C055,ARTURO PRAT,0.1970214926913857,0.1970214926913857,0,116,115,1,neutral
static_fixed_set,3,I26,SAN PABLO,C085,LOS LIBERTADORES,0.19011991189992178,0.19011991189992178,0,117,116,1,neutral
static_fixed_set,3,I26,SAN PABLO,C018,LA PRIMAVERA,0.18728903995307272,0.18728903995307272,0,118,117,1,neutral
static_fixed_set,3,I26,SAN PABLO,C045,PORTO ALEGRE,0.1789631843926075,0.1789631843926075,0,119,118,1,neutral
static_fixed_set,3,I26,SAN PABLO,C025,LOS DURAZNOS,0.17773769788730326,0.17773769788730326,0,120,119,1,neutral
static_fixed_set,3,I26,SAN PABLO,C073,LOS MORROS,0.16537203853610075,0.16537203853610075,0,121,120,1,neutral
static_fixed_set,3,I26,SAN PABLO,C016,JUANITA,0.15869954711149178,0.15869954711149178,0,122,121,1,neutral
static_fixed_set,4,I30,WALKER - HUALLE - AGUIRRE,I25,SAN FRANCISCO,0.6475103033211085,0.6074684911564884,-0.040041812164620105,1,2,-1,substitution_signal
static_fixed_set,4,I30,WALKER - HUALLE - AGUIRRE,I10,GRAN AVENIDA,0.6380547004132663,0.599311395711333,-0.03874330470193332,2,3,-1,substitution_signal
static_fixed_set,4,I30,WALKER - HUALLE - AGUIRRE,I11,JOSE JOAQUIN PEREZ,0.6037255313686634,0.6093225462940365,0.005597014925373123,3,1,2,complementarity_signal
static_fixed_set,4,I30,WALKER - HUALLE - AGUIRRE,C067,CARDENAL RAUL SILVA HENRIQUEZ,0.592370518829738,0.5440608138765674,-0.04830970495317066,4,7,-3,substitution_signal
static_fixed_set,4,I30,WALKER - HUALLE - AGUIRRE,C066,CUATRO PONIENTE,0.572487990377622,0.572487990377622,0,6,4,2,neutral
static_fixed_set,4,I30,WALKER - HUALLE - AGUIRRE,C049,FEDERICO ERRÁZURIZ (EX SERRANO),0.5636779294117306,0.5692749443371038,0.005597014925373234,7,5,2,complementarity_signal
static_fixed_set,4,I30,WALKER - HUALLE - AGUIRRE,I08,GENERAL OSCAR BONILLA,0.5466353672166309,0.552232382142004,0.005597014925373123,8,6,2,complementarity_signal
static_fixed_set,4,I30,WALKER - HUALLE - AGUIRRE,I16,MATTA-VESPUCIO NORTE,0.5227107068074346,0.5227107068074346,0,9,8,1,neutral
static_fixed_set,4,I30,WALKER - HUALLE - AGUIRRE,I01,BARÓN DE JURAS REALES,0.48687720322810635,0.48687720322810635,0,10,9,1,neutral
static_fixed_set,4,I30,WALKER - HUALLE - AGUIRRE,C068,SAN CARLOS,0.48156244324655567,0.4749803536943168,-0.006582089552238879,11,13,-2,substitution_signal
static_fixed_set,4,I30,WALKER - HUALLE - AGUIRRE,EP-ALAMEDA-T3,ALAMEDA TRAMO 3,0.47967183355519394,0.47967183355519394,0,12,11,1,neutral
static_fixed_set,4,I30,WALKER - HUALLE - AGUIRRE,EP-I34,VICUÑA MACKENNA,0.4789418889773093,0.4789418889773093,0,13,12,1,neutral
static_fixed_set,4,I30,WALKER - HUALLE - AGUIRRE,I04,DEL FERROCARRIL,0.4759132198316575,0.48151023475703064,0.005597014925373123,14,10,4,complementarity_signal
static_fixed_set,4,I30,WALKER - HUALLE - AGUIRRE,I22,PEDRO FONTOVA,0.4728109936708254,0.4728109936708254,0,15,14,1,neutral
static_fixed_set,4,I30,WALKER - HUALLE - AGUIRRE,EP-I10,GRAN AVENIDA,0.45002418527643756,0.4611062748286764,0.011082089552238827,16,15,1,complementarity_signal
static_fixed_set,4,I30,WALKER - HUALLE - AGUIRRE,I20,PAC - LO ESPEJO - EL BOSQUE,0.4452257991657996,0.45110885213149726,0.005883052965697688,17,16,1,complementarity_signal
static_fixed_set,4,I30,WALKER - HUALLE - AGUIRRE,C006,DOMINGO TOCORNAL,0.44257795158972896,0.4356600411419678,-0.006917910447761133,18,18,0,substitution_signal
static_fixed_set,4,I30,WALKER - HUALLE - AGUIRRE,I05,DIAGONAL JOSE MARIA CARO,0.43333980140814715,0.43893681633352033,0.005597014925373178,19,17,2,complementarity_signal
static_fixed_set,4,I30,WALKER - HUALLE - AGUIRRE,I21,PEDRO DE VALDIVIA,0.42652661463573516,0.4266181213144586,0.00009150667872342977,20,19,1,complementarity_signal
static_fixed_set,4,I30,WALKER - HUALLE - AGUIRRE,I19,PAC-LO ESPEJO-SN BDO,0.4212325337834712,0.4212325337834712,0,21,20,1,neutral
static_fixed_set,4,I30,WALKER - HUALLE - AGUIRRE,I07,EL GUANACO,0.41989054870324094,0.41989054870324094,0,22,21,1,neutral
static_fixed_set,4,I30,WALKER - HUALLE - AGUIRRE,C060,ROJAS MAGALLANES,0.4186872636764091,0.28736167748139896,-0.13132558619501017,23,74,-51,substitution_signal
static_fixed_set,4,I30,WALKER - HUALLE - AGUIRRE,I15,MARTINEZ DE ROZAS,0.4148837713854609,0.4148837713854609,0,24,22,2,neutral
static_fixed_set,4,I30,WALKER - HUALLE - AGUIRRE,EP-I33,LA CHIMBA,0.4043195865206677,0.4043195865206677,0,25,23,2,neutral
static_fixed_set,4,I30,WALKER - HUALLE - AGUIRRE,I06,DIAGONAL ORIENTE,0.40267663972498335,0.4027599400799197,0.00008330035493636645,26,24,2,complementarity_signal
static_fixed_set,4,I30,WALKER - HUALLE - AGUIRRE,I24,RADAL,0.38761087886284273,0.38761087886284273,0,27,25,2,neutral
static_fixed_set,4,I30,WALKER - HUALLE - AGUIRRE,C029,MARIA ELENA,0.3866330072050211,0.37696136541397635,-0.009671641791044738,28,28,0,substitution_signal
static_fixed_set,4,I30,WALKER - HUALLE - AGUIRRE,C070,MENDOZA (EX-CORONEL ROBLES),0.37358596308451614,0.37358596308451614,0,29,29,0,neutral
static_fixed_set,4,I30,WALKER - HUALLE - AGUIRRE,I29,SANTA ROSA,0.37341708864264717,0.3734937249691887,0.00007663632654153485,30,30,0,complementarity_signal
static_fixed_set,4,I30,WALKER - HUALLE - AGUIRRE,C044,LOS CERRILLOS,0.3722059560163385,0.3722059560163385,0,31,31,0,neutral
static_fixed_set,4,I30,WALKER - HUALLE - AGUIRRE,I09,GENERAL VELASQUEZ,0.37191771416231983,0.37191771416231983,0,32,32,0,neutral
static_fixed_set,4,I30,WALKER - HUALLE - AGUIRRE,C003,CONCHA Y TORO,0.3709576416282776,0.3632337610312627,-0.007723880597014898,33,33,0,substitution_signal
static_fixed_set,4,I30,WALKER - HUALLE - AGUIRRE,C053,CONDELL,0.3681132926531967,0.3789938896681221,0.010880597014925386,34,27,7,complementarity_signal
static_fixed_set,4,I30,WALKER - HUALLE - AGUIRRE,I27,SANTA CECILIA - NONATO COO,0.36006768212709356,0.36006768212709356,0,35,34,1,neutral
static_fixed_set,4,I30,WALKER - HUALLE - AGUIRRE,C086,LA ESTRELLA,0.3579389417038158,0.3579389417038158,0,36,35,1,neutral
static_fixed_set,4,I30,WALKER - HUALLE - AGUIRRE,I02,CARLOS VALDOVINOS,0.35451515707262266,0.35451515707262266,0,37,36,1,neutral
static_fixed_set,4,I30,WALKER - HUALLE - AGUIRRE,I17,MATUCANA,0.3544182671349851,0.3544182671349851,0,38,37,1,neutral
static_fixed_set,4,I30,WALKER - HUALLE - AGUIRRE,C057,PADRE VICENTE IRARRAZABAL - MANUEL CHACON,0.3536717832547469,0.3536717832547469,0,39,38,1,neutral
static_fixed_set,4,I30,WALKER - HUALLE - AGUIRRE,C058,ANTONIO EBNER-BARROS ARANA,0.3461717246963252,0.3461717246963252,0,40,39,1,neutral
static_fixed_set,4,I30,WALKER - HUALLE - AGUIRRE,I18,NUEVA IMPERIAL,0.34394633098034916,0.34394633098034916,0,41,40,1,neutral
static_fixed_set,4,I30,WALKER - HUALLE - AGUIRRE,C014,JOSE DOMINGO CAÑAS,0.3434151720257287,0.3434151720257287,0,42,41,1,neutral
static_fixed_set,4,I30,WALKER - HUALLE - AGUIRRE,C083,ORIENTAL-LAS PARCELAS,0.33400841178333013,0.3340917121382666,0.00008330035493647747,43,42,1,complementarity_signal
static_fixed_set,4,I30,WALKER - HUALLE - AGUIRRE,C043,NEPTUNO,0.3307602721554096,0.3307602721554096,0,44,43,1,neutral
static_fixed_set,4,I30,WALKER - HUALLE - AGUIRRE,C001,SAN EUGENIO,0.3301050844306759,0.3301050844306759,0,45,44,1,neutral
static_fixed_set,4,I30,WALKER - HUALLE - AGUIRRE,I13,LO ESPEJO-RIQUELME,0.32833080195639963,0.3820621452399818,0.053731343283582145,46,26,20,complementarity_signal
static_fixed_set,4,I30,WALKER - HUALLE - AGUIRRE,C081,SAN GREGORIO - DIEGO MEZA,0.3225940638168511,0.32267070014339255,0.00007663632654147934,47,45,2,complementarity_signal
static_fixed_set,4,I30,WALKER - HUALLE - AGUIRRE,C007,EDUARDO CASTILLO VELASCO,0.3209682481807713,0.3209682481807713,0,48,46,2,neutral
static_fixed_set,4,I30,WALKER - HUALLE - AGUIRRE,C050,MAR DE DRAKE,0.31891487398280277,0.31891487398280277,0,49,47,2,neutral
static_fixed_set,4,I30,WALKER - HUALLE - AGUIRRE,C024,LOS ARRAYANES - LOS COPIHUES,0.3164169532190636,0.3164169532190636,0,50,48,2,neutral
static_fixed_set,4,I30,WALKER - HUALLE - AGUIRRE,C074,URETA COX,0.31449957814869145,0.31449957814869145,0,51,50,1,neutral
static_fixed_set,4,I30,WALKER - HUALLE - AGUIRRE,C061,EL PINAR,0.3144440940516505,0.314520730378192,0.00007663632654147934,52,49,3,complementarity_signal
static_fixed_set,4,I30,WALKER - HUALLE - AGUIRRE,C090,SANTO DOMINGO,0.3118283727798585,0.3118283727798585,0,53,52,1,neutral
static_fixed_set,4,I30,WALKER - HUALLE - AGUIRRE,C005,CORONEL ALEJANDRO SEPULVEDA,0.3106497256836105,0.3106497256836105,0,54,54,0,neutral
static_fixed_set,4,I30,WALKER - HUALLE - AGUIRRE,C032,OBISPO MANUEL UMAÑA,0.3082971590801354,0.3082971590801354,0,55,55,0,neutral
static_fixed_set,4,I30,WALKER - HUALLE - AGUIRRE,C015,JOSE MANUEL GUZMAN,0.30708565371143737,0.3126826686368105,0.005597014925373123,56,51,5,complementarity_signal
static_fixed_set,4,I30,WALKER - HUALLE - AGUIRRE,C088,ÑUBLE,0.30596663776619404,0.30596663776619404,0,57,56,1,neutral
static_fixed_set,4,I30,WALKER - HUALLE - AGUIRRE,C020,LATINOAMERICA - PINTOR MURILLO - FRANCISCO TOLEDO,0.3053874986899725,0.3053874986899725,0,58,57,1,neutral
static_fixed_set,4,I30,WALKER - HUALLE - AGUIRRE,C028,MADRID,0.3053850663175511,0.3053850663175511,0,59,58,1,neutral
static_fixed_set,4,I30,WALKER - HUALLE - AGUIRRE,C034,PEDRO LEON UGALDE,0.30513444215224494,0.30513444215224494,0,60,59,1,neutral
static_fixed_set,4,I30,WALKER - HUALLE - AGUIRRE,C023,AVENIDA DORSAL,0.3037663294389082,0.3037663294389082,0,61,60,1,neutral
static_fixed_set,4,I30,WALKER - HUALLE - AGUIRRE,C041,VISTA HERMOSA,0.30344837588485296,0.30344837588485296,0,62,61,1,neutral
static_fixed_set,4,I30,WALKER - HUALLE - AGUIRRE,C037,SAN ALFONSO,0.3032697592490899,0.3032697592490899,0,63,62,1,neutral
static_fixed_set,4,I30,WALKER - HUALLE - AGUIRRE,C030,MAULE,0.30294715823212187,0.30294715823212187,0,64,63,1,neutral
static_fixed_set,4,I30,WALKER - HUALLE - AGUIRRE,C042,PRINCIPE DE GALES,0.3015275299366899,0.3015275299366899,0,65,64,1,neutral
static_fixed_set,4,I30,WALKER - HUALLE - AGUIRRE,C087,SALVADOR GUTIERREZ,0.2988400180747415,0.2988400180747415,0,66,65,1,neutral
static_fixed_set,4,I30,WALKER - HUALLE - AGUIRRE,C039,TUPUNGATO,0.2972177850899593,0.2972177850899593,0,67,66,1,neutral
static_fixed_set,4,I30,WALKER - HUALLE - AGUIRRE,I28,SANTA RAQUEL,0.2960140924026152,0.2874774442364143,-0.008536648166200922,68,73,-5,substitution_signal
static_fixed_set,4,I30,WALKER - HUALLE - AGUIRRE,C031,NECOCHEA,0.2942204983522875,0.2942204983522875,0,69,67,2,neutral
static_fixed_set,4,I30,WALKER - HUALLE - AGUIRRE,C038,TALCAHUANO - SANTA INES - LOS EDILES,0.29282509996910594,0.29282509996910594,0,70,68,2,neutral
static_fixed_set,4,I30,WALKER - HUALLE - AGUIRRE,C013,HEROES DE LA CONCEPCION,0.29161502323158384,0.29161502323158384,0,71,69,2,neutral
static_fixed_set,4,I30,WALKER - HUALLE - AGUIRRE,C004,CONSISTORIAL,0.29093172378697835,0.29093172378697835,0,72,70,2,neutral
static_fixed_set,4,I30,WALKER - HUALLE - AGUIRRE,C027,LOS PRESIDENTES,0.2903073892430075,0.2903073892430075,0,73,71,2,neutral
static_fixed_set,4,I30,WALKER - HUALLE - AGUIRRE,I23,PETERSEN - VICUÑA MACKENNA,0.28720997267232284,0.28720997267232284,0,74,75,-1,neutral
static_fixed_set,4,I30,WALKER - HUALLE - AGUIRRE,C063,LONGITUDINAL,0.28538182252354,0.28538182252354,0,75,76,-1,neutral
static_fixed_set,4,I30,WALKER - HUALLE - AGUIRRE,C046,EUCALIPTOS,0.2836213631052964,0.2836213631052964,0,76,77,-1,neutral
static_fixed_set,4,I30,WALKER - HUALLE - AGUIRRE,I32,EINSTEIN,0.2835860193867703,0.2891830343121434,0.005597014925373123,77,72,5,complementarity_signal
static_fixed_set,4,I30,WALKER - HUALLE - AGUIRRE,C022,LLANURA  - EL DESIERTO,0.2832694397879176,0.2832694397879176,0,78,78,0,neutral
static_fixed_set,4,I30,WALKER - HUALLE - AGUIRRE,C035,PRODIVENCIA,0.27556952254522565,0.27556952254522565,0,79,79,0,neutral
static_fixed_set,4,I30,WALKER - HUALLE - AGUIRRE,C052,BAQUEDANO - POSTALES ORIENTE,0.2725119994529144,0.2725119994529144,0,80,80,0,neutral
static_fixed_set,4,I30,WALKER - HUALLE - AGUIRRE,C026,LOS MAITENES,0.26662966416212264,0.26662966416212264,0,81,81,0,neutral
static_fixed_set,4,I30,WALKER - HUALLE - AGUIRRE,C089,J J PEREZ,0.26495488367176884,0.26495488367176884,0,82,82,0,neutral
static_fixed_set,4,I30,WALKER - HUALLE - AGUIRRE,C064,SILVA CARVALLO - SANTA ELENA,0.264928178794096,0.264928178794096,0,83,83,0,neutral
static_fixed_set,4,I30,WALKER - HUALLE - AGUIRRE,C047,VIOLETA PARRA,0.2648001936107111,0.2648001936107111,0,84,84,0,neutral
static_fixed_set,4,I30,WALKER - HUALLE - AGUIRRE,C079,LAS AMERICAS,0.264377359699667,0.264377359699667,0,85,85,0,neutral
static_fixed_set,4,I30,WALKER - HUALLE - AGUIRRE,C021,LAUTARO,0.26431781044192787,0.26431781044192787,0,86,86,0,neutral
static_fixed_set,4,I30,WALKER - HUALLE - AGUIRRE,C078,WALDO TAFF,0.2640982140605202,0.2640982140605202,0,87,87,0,neutral
static_fixed_set,4,I30,WALKER - HUALLE - AGUIRRE,I31,FERNANDEZ ALBANO,0.2626404601749897,0.2626404601749897,0,88,88,0,neutral
static_fixed_set,4,I30,WALKER - HUALLE - AGUIRRE,C40,VICUÑA MACKENNA - SAN MARTIN,0.2599804114545511,0.2599804114545511,0,89,89,0,neutral
static_fixed_set,4,I30,WALKER - HUALLE - AGUIRRE,C011,EYZAGUIRRE,0.2597262361382782,0.2597262361382782,0,90,90,0,neutral
static_fixed_set,4,I30,WALKER - HUALLE - AGUIRRE,C069,LOS OLMOS,0.2594151168255869,0.2594151168255869,0,91,91,0,neutral
static_fixed_set,4,I30,WALKER - HUALLE - AGUIRRE,C065,NUEVA SAN MARTIN,0.2588125082913236,0.2588125082913236,0,92,92,0,neutral
static_fixed_set,4,I30,WALKER - HUALLE - AGUIRRE,C009,EL ROSAL - SANTA ELENA,0.258292338870139,0.258292338870139,0,93,93,0,neutral
static_fixed_set,4,I30,WALKER - HUALLE - AGUIRRE,C002,CAPITAN IGNACIO CARRERA PINTO,0.2546555618818747,0.2546555618818747,0,94,94,0,neutral
static_fixed_set,4,I30,WALKER - HUALLE - AGUIRRE,C048,GENERAL ARRIAGADA,0.2517348978903142,0.2517348978903142,0,95,95,0,neutral
static_fixed_set,4,I30,WALKER - HUALLE - AGUIRRE,C033,OBSERVATORIO,0.25172362934577086,0.25172362934577086,0,96,96,0,neutral
static_fixed_set,4,I30,WALKER - HUALLE - AGUIRRE,C062,CORONA SUECA,0.2513511863347979,0.2513511863347979,0,97,97,0,neutral
static_fixed_set,4,I30,WALKER - HUALLE - AGUIRRE,I03,CARRASCAL,0.24854515940907576,0.24854515940907576,0,98,98,0,neutral
static_fixed_set,4,I30,WALKER - HUALLE - AGUIRRE,C054,VICTORIA,0.24818166256108362,0.24818166256108362,0,99,99,0,neutral
static_fixed_set,4,I30,WALKER - HUALLE - AGUIRRE,C017,LA PARINACOTA,0.24787162646529243,0.24787162646529243,0,100,100,0,neutral
static_fixed_set,4,I30,WALKER - HUALLE - AGUIRRE,C056,TEMUCO - TORO MAZOTTE,0.2468166288620158,0.2468166288620158,0,101,101,0,neutral
static_fixed_set,4,I30,WALKER - HUALLE - AGUIRRE,C076,ISLA DECEPCION,0.24485989841133612,0.24485989841133612,0,102,102,0,neutral
static_fixed_set,4,I30,WALKER - HUALLE - AGUIRRE,C084,EL PINO - UNO SUR,0.24424096889796978,0.3114051480024474,0.06716417910447761,103,53,50,complementarity_signal
static_fixed_set,4,I30,WALKER - HUALLE - AGUIRRE,C071,BARROS ARANA,0.2432718387690382,0.2432718387690382,0,104,103,1,neutral
static_fixed_set,4,I30,WALKER - HUALLE - AGUIRRE,C082,CAUPOLICAN,0.24201028797730914,0.24201028797730914,0,105,104,1,neutral
static_fixed_set,4,I30,WALKER - HUALLE - AGUIRRE,C080,PARAGUAY,0.2404621201898296,0.2404621201898296,0,106,105,1,neutral
static_fixed_set,4,I30,WALKER - HUALLE - AGUIRRE,C036,RIO REFUGIO - SALAR SURIRE,0.23882288406802515,0.23882288406802515,0,107,106,1,neutral
static_fixed_set,4,I30,WALKER - HUALLE - AGUIRRE,C012,GABRIELA ORIENTE,0.23493763531224565,0.23493763531224565,0,108,107,1,neutral
static_fixed_set,4,I30,WALKER - HUALLE - AGUIRRE,C019,LAS HIJUELAS SUR - LIBERTADOR BERNARDO OHIGGINS,0.23151138733257812,0.23151138733257812,0,109,108,1,neutral
static_fixed_set,4,I30,WALKER - HUALLE - AGUIRRE,C051,JOSE MIGUEL INFANTE - DOMINGO STA MARIA,0.22770327755636682,0.22770327755636682,0,110,109,1,neutral
static_fixed_set,4,I30,WALKER - HUALLE - AGUIRRE,C008,EL CERRO,0.22664145134727998,0.22664145134727998,0,111,110,1,neutral
static_fixed_set,4,I30,WALKER - HUALLE - AGUIRRE,C077,RICARDO VIAL,0.22334495183243977,0.22334495183243977,0,112,111,1,neutral
static_fixed_set,4,I30,WALKER - HUALLE - AGUIRRE,C072,COVADONGA,0.2222660174854263,0.2222660174854263,0,113,112,1,neutral
static_fixed_set,4,I30,WALKER - HUALLE - AGUIRRE,C010,ESQ BLANCA - ALBERTO LLONA,0.219488334536514,0.219488334536514,0,114,113,1,neutral
static_fixed_set,4,I30,WALKER - HUALLE - AGUIRRE,C055,ARTURO PRAT,0.1970214926913857,0.1970214926913857,0,115,114,1,neutral
static_fixed_set,4,I30,WALKER - HUALLE - AGUIRRE,C085,LOS LIBERTADORES,0.19011991189992178,0.19011991189992178,0,116,115,1,neutral
static_fixed_set,4,I30,WALKER - HUALLE - AGUIRRE,C018,LA PRIMAVERA,0.18728903995307272,0.18728903995307272,0,117,116,1,neutral
static_fixed_set,4,I30,WALKER - HUALLE - AGUIRRE,C045,PORTO ALEGRE,0.1789631843926075,0.1789631843926075,0,118,117,1,neutral
static_fixed_set,4,I30,WALKER - HUALLE - AGUIRRE,C025,LOS DURAZNOS,0.17773769788730326,0.17773769788730326,0,119,118,1,neutral
static_fixed_set,4,I30,WALKER - HUALLE - AGUIRRE,C073,LOS MORROS,0.16537203853610075,0.16537203853610075,0,120,119,1,neutral
static_fixed_set,4,I30,WALKER - HUALLE - AGUIRRE,C016,JUANITA,0.15869954711149178,0.15869954711149178,0,121,120,1,neutral
static_fixed_set,5,C066,CUATRO PONIENTE,I11,JOSE JOAQUIN PEREZ,0.6093225462940365,0.6093225462940365,0,1,2,-1,neutral
static_fixed_set,5,C066,CUATRO PONIENTE,I25,SAN FRANCISCO,0.6074684911564884,0.6119013269773839,0.0044328358208954866,2,1,1,complementarity_signal
static_fixed_set,5,C066,CUATRO PONIENTE,I10,GRAN AVENIDA,0.599311395711333,0.6021994554128255,0.002888059701492529,3,3,0,complementarity_signal
static_fixed_set,5,C066,CUATRO PONIENTE,C049,FEDERICO ERRÁZURIZ (EX SERRANO),0.5692749443371038,0.5692749443371038,0,5,4,1,neutral
static_fixed_set,5,C066,CUATRO PONIENTE,I08,GENERAL OSCAR BONILLA,0.552232382142004,0.5512920836345413,-0.0009402985074626891,6,5,1,substitution_signal
static_fixed_set,5,C066,CUATRO PONIENTE,C067,CARDENAL RAUL SILVA HENRIQUEZ,0.5440608138765674,0.5478220079064181,0.0037611940298507562,7,6,1,complementarity_signal
static_fixed_set,5,C066,CUATRO PONIENTE,I16,MATTA-VESPUCIO NORTE,0.5227107068074346,0.5227107068074346,0,8,7,1,neutral
static_fixed_set,5,C066,CUATRO PONIENTE,I01,BARÓN DE JURAS REALES,0.48687720322810635,0.48687720322810635,0,9,8,1,neutral
static_fixed_set,5,C066,CUATRO PONIENTE,I04,DEL FERROCARRIL,0.48151023475703064,0.47504756322664843,-0.0064626715303822135,10,10,0,substitution_signal
static_fixed_set,5,C066,CUATRO PONIENTE,EP-ALAMEDA-T3,ALAMEDA TRAMO 3,0.47967183355519394,0.46254496788355215,-0.01712686567164179,11,14,-3,substitution_signal
static_fixed_set,5,C066,CUATRO PONIENTE,EP-I34,VICUÑA MACKENNA,0.4789418889773093,0.4789418889773093,0,12,9,3,neutral
static_fixed_set,5,C066,CUATRO PONIENTE,C068,SAN CARLOS,0.4749803536943168,0.4749803536943168,0,13,11,2,neutral
static_fixed_set,5,C066,CUATRO PONIENTE,I22,PEDRO FONTOVA,0.4728109936708254,0.4728109936708254,0,14,12,2,neutral
static_fixed_set,5,C066,CUATRO PONIENTE,EP-I10,GRAN AVENIDA,0.4611062748286764,0.46473314050031816,0.003626865671641777,15,13,2,complementarity_signal
static_fixed_set,5,C066,CUATRO PONIENTE,I20,PAC - LO ESPEJO - EL BOSQUE,0.45110885213149726,0.45110885213149726,0,16,15,1,neutral
static_fixed_set,5,C066,CUATRO PONIENTE,I05,DIAGONAL JOSE MARIA CARO,0.43893681633352033,0.43893681633352033,0,17,16,1,neutral
static_fixed_set,5,C066,CUATRO PONIENTE,C006,DOMINGO TOCORNAL,0.4356600411419678,0.4356600411419678,0,18,17,1,neutral
static_fixed_set,5,C066,CUATRO PONIENTE,I21,PEDRO DE VALDIVIA,0.4266181213144586,0.4266181213144586,0,19,18,1,neutral
static_fixed_set,5,C066,CUATRO PONIENTE,I19,PAC-LO ESPEJO-SN BDO,0.4212325337834712,0.4212325337834712,0,20,19,1,neutral
static_fixed_set,5,C066,CUATRO PONIENTE,I07,EL GUANACO,0.41989054870324094,0.41989054870324094,0,21,20,1,neutral
static_fixed_set,5,C066,CUATRO PONIENTE,I15,MARTINEZ DE ROZAS,0.4148837713854609,0.4148837713854609,0,22,21,1,neutral
static_fixed_set,5,C066,CUATRO PONIENTE,EP-I33,LA CHIMBA,0.4043195865206677,0.4043195865206677,0,23,22,1,neutral
static_fixed_set,5,C066,CUATRO PONIENTE,I06,DIAGONAL ORIENTE,0.4027599400799197,0.4027599400799197,0,24,23,1,neutral
static_fixed_set,5,C066,CUATRO PONIENTE,I24,RADAL,0.38761087886284273,0.38761087886284273,0,25,25,0,neutral
static_fixed_set,5,C066,CUATRO PONIENTE,I13,LO ESPEJO-RIQUELME,0.3820621452399818,0.3820621452399818,0,26,27,-1,neutral
static_fixed_set,5,C066,CUATRO PONIENTE,C053,CONDELL,0.3789938896681221,0.3828894120561817,0.0038955223880596246,27,26,1,complementarity_signal
static_fixed_set,5,C066,CUATRO PONIENTE,C029,MARIA ELENA,0.37696136541397635,0.37696136541397635,0,28,28,0,neutral
static_fixed_set,5,C066,CUATRO PONIENTE,C070,MENDOZA (EX-CORONEL ROBLES),0.37358596308451614,0.37358596308451614,0,29,29,0,neutral
static_fixed_set,5,C066,CUATRO PONIENTE,I29,SANTA ROSA,0.3734937249691887,0.3734937249691887,0,30,30,0,neutral
static_fixed_set,5,C066,CUATRO PONIENTE,C044,LOS CERRILLOS,0.3722059560163385,0.3203552097476818,-0.05185074626865671,31,45,-14,substitution_signal
static_fixed_set,5,C066,CUATRO PONIENTE,I09,GENERAL VELASQUEZ,0.37191771416231983,0.37191771416231983,0,32,31,1,neutral
static_fixed_set,5,C066,CUATRO PONIENTE,C003,CONCHA Y TORO,0.3632337610312627,0.3632337610312627,0,33,32,1,neutral
static_fixed_set,5,C066,CUATRO PONIENTE,I27,SANTA CECILIA - NONATO COO,0.36006768212709356,0.3880527567539592,0.02798507462686567,34,24,10,complementarity_signal
static_fixed_set,5,C066,CUATRO PONIENTE,C086,LA ESTRELLA,0.3579389417038158,0.3579389417038158,0,35,33,2,neutral
static_fixed_set,5,C066,CUATRO PONIENTE,I02,CARLOS VALDOVINOS,0.35451515707262266,0.35451515707262266,0,36,34,2,neutral
static_fixed_set,5,C066,CUATRO PONIENTE,I17,MATUCANA,0.3544182671349851,0.3544182671349851,0,37,35,2,neutral
static_fixed_set,5,C066,CUATRO PONIENTE,C057,PADRE VICENTE IRARRAZABAL - MANUEL CHACON,0.3536717832547469,0.3536717832547469,0,38,36,2,neutral
static_fixed_set,5,C066,CUATRO PONIENTE,C058,ANTONIO EBNER-BARROS ARANA,0.3461717246963252,0.3461717246963252,0,39,37,2,neutral
static_fixed_set,5,C066,CUATRO PONIENTE,I18,NUEVA IMPERIAL,0.34394633098034916,0.34394633098034916,0,40,38,2,neutral
static_fixed_set,5,C066,CUATRO PONIENTE,C014,JOSE DOMINGO CAÑAS,0.3434151720257287,0.3434151720257287,0,41,39,2,neutral
static_fixed_set,5,C066,CUATRO PONIENTE,C083,ORIENTAL-LAS PARCELAS,0.3340917121382666,0.3340917121382666,0,42,40,2,neutral
static_fixed_set,5,C066,CUATRO PONIENTE,C043,NEPTUNO,0.3307602721554096,0.3307602721554096,0,43,41,2,neutral
static_fixed_set,5,C066,CUATRO PONIENTE,C001,SAN EUGENIO,0.3301050844306759,0.3301050844306759,0,44,42,2,neutral
static_fixed_set,5,C066,CUATRO PONIENTE,C081,SAN GREGORIO - DIEGO MEZA,0.32267070014339255,0.32267070014339255,0,45,43,2,neutral
static_fixed_set,5,C066,CUATRO PONIENTE,C007,EDUARDO CASTILLO VELASCO,0.3209682481807713,0.3209682481807713,0,46,44,2,neutral
static_fixed_set,5,C066,CUATRO PONIENTE,C050,MAR DE DRAKE,0.31891487398280277,0.30830293368429534,-0.010611940298507427,47,53,-6,substitution_signal
static_fixed_set,5,C066,CUATRO PONIENTE,C024,LOS ARRAYANES - LOS COPIHUES,0.3164169532190636,0.3164169532190636,0,48,46,2,neutral
static_fixed_set,5,C066,CUATRO PONIENTE,C061,EL PINAR,0.314520730378192,0.314520730378192,0,49,47,2,neutral
static_fixed_set,5,C066,CUATRO PONIENTE,C074,URETA COX,0.31449957814869145,0.31449957814869145,0,50,48,2,neutral
static_fixed_set,5,C066,CUATRO PONIENTE,C015,JOSE MANUEL GUZMAN,0.3126826686368105,0.3126826686368105,0,51,49,2,neutral
static_fixed_set,5,C066,CUATRO PONIENTE,C090,SANTO DOMINGO,0.3118283727798585,0.3118283727798585,0,52,50,2,neutral
static_fixed_set,5,C066,CUATRO PONIENTE,C084,EL PINO - UNO SUR,0.3114051480024474,0.3114051480024474,0,53,51,2,neutral
static_fixed_set,5,C066,CUATRO PONIENTE,C005,CORONEL ALEJANDRO SEPULVEDA,0.3106497256836105,0.3106497256836105,0,54,52,2,neutral
static_fixed_set,5,C066,CUATRO PONIENTE,C032,OBISPO MANUEL UMAÑA,0.3082971590801354,0.3082971590801354,0,55,54,1,neutral
static_fixed_set,5,C066,CUATRO PONIENTE,C088,ÑUBLE,0.30596663776619404,0.30596663776619404,0,56,55,1,neutral
static_fixed_set,5,C066,CUATRO PONIENTE,C020,LATINOAMERICA - PINTOR MURILLO - FRANCISCO TOLEDO,0.3053874986899725,0.3053874986899725,0,57,56,1,neutral
static_fixed_set,5,C066,CUATRO PONIENTE,C028,MADRID,0.3053850663175511,0.3053850663175511,0,58,57,1,neutral
static_fixed_set,5,C066,CUATRO PONIENTE,C034,PEDRO LEON UGALDE,0.30513444215224494,0.30513444215224494,0,59,58,1,neutral
static_fixed_set,5,C066,CUATRO PONIENTE,C023,AVENIDA DORSAL,0.3037663294389082,0.3037663294389082,0,60,59,1,neutral
static_fixed_set,5,C066,CUATRO PONIENTE,C041,VISTA HERMOSA,0.30344837588485296,0.26879165946694245,-0.034656716417910516,61,81,-20,substitution_signal
static_fixed_set,5,C066,CUATRO PONIENTE,C037,SAN ALFONSO,0.3032697592490899,0.3032697592490899,0,62,60,2,neutral
static_fixed_set,5,C066,CUATRO PONIENTE,C030,MAULE,0.30294715823212187,0.30294715823212187,0,63,61,2,neutral
static_fixed_set,5,C066,CUATRO PONIENTE,C042,PRINCIPE DE GALES,0.3015275299366899,0.3015275299366899,0,64,62,2,neutral
static_fixed_set,5,C066,CUATRO PONIENTE,C087,SALVADOR GUTIERREZ,0.2988400180747415,0.2988400180747415,0,65,63,2,neutral
static_fixed_set,5,C066,CUATRO PONIENTE,C039,TUPUNGATO,0.2972177850899593,0.2972177850899593,0,66,64,2,neutral
static_fixed_set,5,C066,CUATRO PONIENTE,C031,NECOCHEA,0.2942204983522875,0.2942204983522875,0,67,66,1,neutral
static_fixed_set,5,C066,CUATRO PONIENTE,C038,TALCAHUANO - SANTA INES - LOS EDILES,0.29282509996910594,0.29282509996910594,0,68,68,0,neutral
static_fixed_set,5,C066,CUATRO PONIENTE,C013,HEROES DE LA CONCEPCION,0.29161502323158384,0.29161502323158384,0,69,69,0,neutral
static_fixed_set,5,C066,CUATRO PONIENTE,C004,CONSISTORIAL,0.29093172378697835,0.29093172378697835,0,70,70,0,neutral
static_fixed_set,5,C066,CUATRO PONIENTE,C027,LOS PRESIDENTES,0.2903073892430075,0.2903073892430075,0,71,71,0,neutral
static_fixed_set,5,C066,CUATRO PONIENTE,I32,EINSTEIN,0.2891830343121434,0.2891830343121434,0,72,72,0,neutral
static_fixed_set,5,C066,CUATRO PONIENTE,I28,SANTA RAQUEL,0.2874774442364143,0.2874774442364143,0,73,73,0,neutral
static_fixed_set,5,C066,CUATRO PONIENTE,C060,ROJAS MAGALLANES,0.28736167748139896,0.28736167748139896,0,74,74,0,neutral
static_fixed_set,5,C066,CUATRO PONIENTE,I23,PETERSEN - VICUÑA MACKENNA,0.28720997267232284,0.28720997267232284,0,75,75,0,neutral
static_fixed_set,5,C066,CUATRO PONIENTE,C063,LONGITUDINAL,0.28538182252354,0.28538182252354,0,76,76,0,neutral
static_fixed_set,5,C066,CUATRO PONIENTE,C046,EUCALIPTOS,0.2836213631052964,0.2836213631052964,0,77,77,0,neutral
static_fixed_set,5,C066,CUATRO PONIENTE,C022,LLANURA  - EL DESIERTO,0.2832694397879176,0.2832694397879176,0,78,78,0,neutral
static_fixed_set,5,C066,CUATRO PONIENTE,C035,PRODIVENCIA,0.27556952254522565,0.27556952254522565,0,79,79,0,neutral
static_fixed_set,5,C066,CUATRO PONIENTE,C052,BAQUEDANO - POSTALES ORIENTE,0.2725119994529144,0.2725119994529144,0,80,80,0,neutral
static_fixed_set,5,C066,CUATRO PONIENTE,C026,LOS MAITENES,0.26662966416212264,0.26662966416212264,0,81,82,-1,neutral
static_fixed_set,5,C066,CUATRO PONIENTE,C089,J J PEREZ,0.26495488367176884,0.26495488367176884,0,82,83,-1,neutral
static_fixed_set,5,C066,CUATRO PONIENTE,C064,SILVA CARVALLO - SANTA ELENA,0.264928178794096,0.29671303455212084,0.03178485575802481,83,65,18,complementarity_signal
static_fixed_set,5,C066,CUATRO PONIENTE,C047,VIOLETA PARRA,0.2648001936107111,0.2648001936107111,0,84,84,0,neutral
static_fixed_set,5,C066,CUATRO PONIENTE,C079,LAS AMERICAS,0.264377359699667,0.264377359699667,0,85,85,0,neutral
static_fixed_set,5,C066,CUATRO PONIENTE,C021,LAUTARO,0.26431781044192787,0.26431781044192787,0,86,86,0,neutral
static_fixed_set,5,C066,CUATRO PONIENTE,C078,WALDO TAFF,0.2640982140605202,0.2640982140605202,0,87,87,0,neutral
static_fixed_set,5,C066,CUATRO PONIENTE,I31,FERNANDEZ ALBANO,0.2626404601749897,0.2626404601749897,0,88,89,-1,neutral
static_fixed_set,5,C066,CUATRO PONIENTE,C40,VICUÑA MACKENNA - SAN MARTIN,0.2599804114545511,0.2599804114545511,0,89,90,-1,neutral
static_fixed_set,5,C066,CUATRO PONIENTE,C011,EYZAGUIRRE,0.2597262361382782,0.2597262361382782,0,90,91,-1,neutral
static_fixed_set,5,C066,CUATRO PONIENTE,C069,LOS OLMOS,0.2594151168255869,0.2594151168255869,0,91,92,-1,neutral
static_fixed_set,5,C066,CUATRO PONIENTE,C065,NUEVA SAN MARTIN,0.2588125082913236,0.29384044783423063,0.03502793954290706,92,67,25,complementarity_signal
static_fixed_set,5,C066,CUATRO PONIENTE,C009,EL ROSAL - SANTA ELENA,0.258292338870139,0.258292338870139,0,93,93,0,neutral
static_fixed_set,5,C066,CUATRO PONIENTE,C002,CAPITAN IGNACIO CARRERA PINTO,0.2546555618818747,0.2546555618818747,0,94,94,0,neutral
static_fixed_set,5,C066,CUATRO PONIENTE,C048,GENERAL ARRIAGADA,0.2517348978903142,0.2517348978903142,0,95,95,0,neutral
static_fixed_set,5,C066,CUATRO PONIENTE,C033,OBSERVATORIO,0.25172362934577086,0.25172362934577086,0,96,96,0,neutral
static_fixed_set,5,C066,CUATRO PONIENTE,C062,CORONA SUECA,0.2513511863347979,0.2513511863347979,0,97,97,0,neutral
static_fixed_set,5,C066,CUATRO PONIENTE,I03,CARRASCAL,0.24854515940907576,0.24854515940907576,0,98,98,0,neutral
static_fixed_set,5,C066,CUATRO PONIENTE,C054,VICTORIA,0.24818166256108362,0.24818166256108362,0,99,99,0,neutral
static_fixed_set,5,C066,CUATRO PONIENTE,C017,LA PARINACOTA,0.24787162646529243,0.24787162646529243,0,100,100,0,neutral
static_fixed_set,5,C066,CUATRO PONIENTE,C056,TEMUCO - TORO MAZOTTE,0.2468166288620158,0.2468166288620158,0,101,101,0,neutral
static_fixed_set,5,C066,CUATRO PONIENTE,C076,ISLA DECEPCION,0.24485989841133612,0.24485989841133612,0,102,102,0,neutral
static_fixed_set,5,C066,CUATRO PONIENTE,C071,BARROS ARANA,0.2432718387690382,0.2432718387690382,0,103,103,0,neutral
static_fixed_set,5,C066,CUATRO PONIENTE,C082,CAUPOLICAN,0.24201028797730914,0.24201028797730914,0,104,104,0,neutral
static_fixed_set,5,C066,CUATRO PONIENTE,C080,PARAGUAY,0.2404621201898296,0.2404621201898296,0,105,105,0,neutral
static_fixed_set,5,C066,CUATRO PONIENTE,C036,RIO REFUGIO - SALAR SURIRE,0.23882288406802515,0.23882288406802515,0,106,106,0,neutral
static_fixed_set,5,C066,CUATRO PONIENTE,C012,GABRIELA ORIENTE,0.23493763531224565,0.2629227099391113,0.02798507462686567,107,88,19,complementarity_signal
static_fixed_set,5,C066,CUATRO PONIENTE,C019,LAS HIJUELAS SUR - LIBERTADOR BERNARDO OHIGGINS,0.23151138733257812,0.23151138733257812,0,108,108,0,neutral
static_fixed_set,5,C066,CUATRO PONIENTE,C051,JOSE MIGUEL INFANTE - DOMINGO STA MARIA,0.22770327755636682,0.22770327755636682,0,109,109,0,neutral
static_fixed_set,5,C066,CUATRO PONIENTE,C008,EL CERRO,0.22664145134727998,0.22664145134727998,0,110,110,0,neutral
static_fixed_set,5,C066,CUATRO PONIENTE,C077,RICARDO VIAL,0.22334495183243977,0.22334495183243977,0,111,111,0,neutral
static_fixed_set,5,C066,CUATRO PONIENTE,C072,COVADONGA,0.2222660174854263,0.2222660174854263,0,112,112,0,neutral
static_fixed_set,5,C066,CUATRO PONIENTE,C010,ESQ BLANCA - ALBERTO LLONA,0.219488334536514,0.238468098274494,0.018979763737979993,113,107,6,complementarity_signal
static_fixed_set,5,C066,CUATRO PONIENTE,C055,ARTURO PRAT,0.1970214926913857,0.1970214926913857,0,114,114,0,neutral
static_fixed_set,5,C066,CUATRO PONIENTE,C085,LOS LIBERTADORES,0.19011991189992178,0.19011991189992178,0,115,115,0,neutral
static_fixed_set,5,C066,CUATRO PONIENTE,C018,LA PRIMAVERA,0.18728903995307272,0.18728903995307272,0,116,116,0,neutral
static_fixed_set,5,C066,CUATRO PONIENTE,C045,PORTO ALEGRE,0.1789631843926075,0.20694825901947317,0.02798507462686567,117,113,4,complementarity_signal
static_fixed_set,5,C066,CUATRO PONIENTE,C025,LOS DURAZNOS,0.17773769788730326,0.17773769788730326,0,118,118,0,neutral
static_fixed_set,5,C066,CUATRO PONIENTE,C073,LOS MORROS,0.16537203853610075,0.16537203853610075,0,119,119,0,neutral
static_fixed_set,5,C066,CUATRO PONIENTE,C016,JUANITA,0.15869954711149178,0.18668462173835745,0.02798507462686567,120,117,3,complementarity_signal
static_fixed_set,6,I11,JOSE JOAQUIN PEREZ,I25,SAN FRANCISCO,0.6119013269773839,0.6244873057591175,0.01258597878173362,1,1,0,complementarity_signal
static_fixed_set,6,I11,JOSE JOAQUIN PEREZ,I10,GRAN AVENIDA,0.6021994554128255,0.614945370876037,0.012745915463211466,3,2,1,complementarity_signal
static_fixed_set,6,I11,JOSE JOAQUIN PEREZ,C049,FEDERICO ERRÁZURIZ (EX SERRANO),0.5692749443371038,0.3020754541725971,-0.26719949016450667,4,59,-55,substitution_signal
static_fixed_set,6,I11,JOSE JOAQUIN PEREZ,I08,GENERAL OSCAR BONILLA,0.5512920836345413,0.40105278896897634,-0.15023929466556496,5,21,-16,substitution_signal
static_fixed_set,6,I11,JOSE JOAQUIN PEREZ,C067,CARDENAL RAUL SILVA HENRIQUEZ,0.5478220079064181,0.56023971997118,0.012417712064761943,6,3,3,complementarity_signal
static_fixed_set,6,I11,JOSE JOAQUIN PEREZ,I16,MATTA-VESPUCIO NORTE,0.5227107068074346,0.5227107068074346,0,7,4,3,neutral
static_fixed_set,6,I11,JOSE JOAQUIN PEREZ,I01,BARÓN DE JURAS REALES,0.48687720322810635,0.4929090460062476,0.006031842778141228,8,6,2,complementarity_signal
static_fixed_set,6,I11,JOSE JOAQUIN PEREZ,EP-I34,VICUÑA MACKENNA,0.4789418889773093,0.4789418889773093,0,9,9,0,neutral
static_fixed_set,6,I11,JOSE JOAQUIN PEREZ,I04,DEL FERROCARRIL,0.47504756322664843,0.501934058077576,0.026886494850927534,10,5,5,complementarity_signal
static_fixed_set,6,I11,JOSE JOAQUIN PEREZ,C068,SAN CARLOS,0.4749803536943168,0.4749803536943168,0,11,10,1,neutral
static_fixed_set,6,I11,JOSE JOAQUIN PEREZ,I22,PEDRO FONTOVA,0.4728109936708254,0.47895195991393325,0.006140966243107837,12,8,4,complementarity_signal
static_fixed_set,6,I11,JOSE JOAQUIN PEREZ,EP-I10,GRAN AVENIDA,0.46473314050031816,0.46473314050031816,0,13,11,2,neutral
static_fixed_set,6,I11,JOSE JOAQUIN PEREZ,EP-ALAMEDA-T3,ALAMEDA TRAMO 3,0.46254496788355215,0.483469376271616,0.020924408388063864,14,7,7,complementarity_signal
static_fixed_set,6,I11,JOSE JOAQUIN PEREZ,I20,PAC - LO ESPEJO - EL BOSQUE,0.45110885213149726,0.4628035171154114,0.011694664983914138,15,12,3,complementarity_signal
static_fixed_set,6,I11,JOSE JOAQUIN PEREZ,I05,DIAGONAL JOSE MARIA CARO,0.43893681633352033,0.4451852400344961,0.00624842370097578,16,13,3,complementarity_signal
static_fixed_set,6,I11,JOSE JOAQUIN PEREZ,C006,DOMINGO TOCORNAL,0.4356600411419678,0.4356600411419678,0,17,15,2,neutral
static_fixed_set,6,I11,JOSE JOAQUIN PEREZ,I21,PEDRO DE VALDIVIA,0.4266181213144586,0.43798125088572576,0.011363129571267172,18,14,4,complementarity_signal
static_fixed_set,6,I11,JOSE JOAQUIN PEREZ,I19,PAC-LO ESPEJO-SN BDO,0.4212325337834712,0.4273060267390805,0.0060734929556093276,19,16,3,complementarity_signal
static_fixed_set,6,I11,JOSE JOAQUIN PEREZ,I07,EL GUANACO,0.41989054870324094,0.42580826999511917,0.005917721291878231,20,17,3,complementarity_signal
static_fixed_set,6,I11,JOSE JOAQUIN PEREZ,I15,MARTINEZ DE ROZAS,0.4148837713854609,0.4148837713854609,0,21,18,3,neutral
static_fixed_set,6,I11,JOSE JOAQUIN PEREZ,EP-I33,LA CHIMBA,0.4043195865206677,0.40472276023855985,0.00040317371789216905,22,19,3,complementarity_signal
static_fixed_set,6,I11,JOSE JOAQUIN PEREZ,I06,DIAGONAL ORIENTE,0.4027599400799197,0.4027599400799197,0,23,20,3,neutral
static_fixed_set,6,I11,JOSE JOAQUIN PEREZ,I27,SANTA CECILIA - NONATO COO,0.3880527567539592,0.3880527567539592,0,24,22,2,neutral
static_fixed_set,6,I11,JOSE JOAQUIN PEREZ,I24,RADAL,0.38761087886284273,0.37833718310344283,-0.009273695759399903,25,25,0,substitution_signal
static_fixed_set,6,I11,JOSE JOAQUIN PEREZ,C053,CONDELL,0.3828894120561817,0.3828894120561817,0,26,23,3,neutral
static_fixed_set,6,I11,JOSE JOAQUIN PEREZ,I13,LO ESPEJO-RIQUELME,0.3820621452399818,0.3820621452399818,0,27,24,3,neutral
static_fixed_set,6,I11,JOSE JOAQUIN PEREZ,C029,MARIA ELENA,0.37696136541397635,0.37696136541397635,0,28,27,1,neutral
static_fixed_set,6,I11,JOSE JOAQUIN PEREZ,C070,MENDOZA (EX-CORONEL ROBLES),0.37358596308451614,0.3651544687715181,-0.008431494312998056,29,30,-1,substitution_signal
static_fixed_set,6,I11,JOSE JOAQUIN PEREZ,I29,SANTA ROSA,0.3734937249691887,0.37358368935251995,0.00008996438333125356,30,28,2,complementarity_signal
static_fixed_set,6,I11,JOSE JOAQUIN PEREZ,I09,GENERAL VELASQUEZ,0.37191771416231983,0.3777221469714846,0.005804432809164761,31,26,5,complementarity_signal
static_fixed_set,6,I11,JOSE JOAQUIN PEREZ,C003,CONCHA Y TORO,0.3632337610312627,0.3632337610312627,0,32,31,1,neutral
static_fixed_set,6,I11,JOSE JOAQUIN PEREZ,C086,LA ESTRELLA,0.3579389417038158,0.35999187568236085,0.0020529339785450573,33,33,0,complementarity_signal
static_fixed_set,6,I11,JOSE JOAQUIN PEREZ,I02,CARLOS VALDOVINOS,0.35451515707262266,0.35451515707262266,0,34,35,-1,neutral
static_fixed_set,6,I11,JOSE JOAQUIN PEREZ,I17,MATUCANA,0.3544182671349851,0.3601410655963122,0.0057227984613271166,35,32,3,complementarity_signal
static_fixed_set,6,I11,JOSE JOAQUIN PEREZ,C057,PADRE VICENTE IRARRAZABAL - MANUEL CHACON,0.3536717832547469,0.3666742638111625,0.013002480556415619,36,29,7,complementarity_signal
static_fixed_set,6,I11,JOSE JOAQUIN PEREZ,C058,ANTONIO EBNER-BARROS ARANA,0.3461717246963252,0.3591982079556389,0.013026483259313715,37,34,3,complementarity_signal
static_fixed_set,6,I11,JOSE JOAQUIN PEREZ,I18,NUEVA IMPERIAL,0.34394633098034916,0.35003815001404454,0.006091819033695378,38,36,2,complementarity_signal
static_fixed_set,6,I11,JOSE JOAQUIN PEREZ,C014,JOSE DOMINGO CAÑAS,0.3434151720257287,0.3434151720257287,0,39,37,2,neutral
static_fixed_set,6,I11,JOSE JOAQUIN PEREZ,C083,ORIENTAL-LAS PARCELAS,0.3340917121382666,0.3340917121382666,0,40,38,2,neutral
static_fixed_set,6,I11,JOSE JOAQUIN PEREZ,C043,NEPTUNO,0.3307602721554096,0.331278400363114,0.0005181282077044158,41,39,2,complementarity_signal
static_fixed_set,6,I11,JOSE JOAQUIN PEREZ,C001,SAN EUGENIO,0.3301050844306759,0.3301050844306759,0,42,40,2,neutral
static_fixed_set,6,I11,JOSE JOAQUIN PEREZ,C081,SAN GREGORIO - DIEGO MEZA,0.32267070014339255,0.3227606645267239,0.00008996438333136458,43,41,2,complementarity_signal
static_fixed_set,6,I11,JOSE JOAQUIN PEREZ,C007,EDUARDO CASTILLO VELASCO,0.3209682481807713,0.3209682481807713,0,44,42,2,neutral
static_fixed_set,6,I11,JOSE JOAQUIN PEREZ,C044,LOS CERRILLOS,0.3203552097476818,0.32062010487637954,0.0002648951286977619,45,44,1,complementarity_signal
static_fixed_set,6,I11,JOSE JOAQUIN PEREZ,C024,LOS ARRAYANES - LOS COPIHUES,0.3164169532190636,0.3164169532190636,0,46,45,1,neutral
static_fixed_set,6,I11,JOSE JOAQUIN PEREZ,C061,EL PINAR,0.314520730378192,0.3146106947615233,0.00008996438333130907,47,46,1,complementarity_signal
static_fixed_set,6,I11,JOSE JOAQUIN PEREZ,C074,URETA COX,0.31449957814869145,0.31449957814869145,0,48,47,1,neutral
static_fixed_set,6,I11,JOSE JOAQUIN PEREZ,C015,JOSE MANUEL GUZMAN,0.3126826686368105,0.2925490854889885,-0.020133583147821987,49,66,-17,substitution_signal
static_fixed_set,6,I11,JOSE JOAQUIN PEREZ,C090,SANTO DOMINGO,0.3118283727798585,0.31219739335222674,0.0003690205723682616,50,48,2,complementarity_signal
static_fixed_set,6,I11,JOSE JOAQUIN PEREZ,C084,EL PINO - UNO SUR,0.3114051480024474,0.3114051480024474,0,51,49,2,neutral
static_fixed_set,6,I11,JOSE JOAQUIN PEREZ,C005,CORONEL ALEJANDRO SEPULVEDA,0.3106497256836105,0.3106497256836105,0,52,50,2,neutral
static_fixed_set,6,I11,JOSE JOAQUIN PEREZ,C050,MAR DE DRAKE,0.30830293368429534,0.3080499557179654,-0.00025297796632994807,53,51,2,substitution_signal
static_fixed_set,6,I11,JOSE JOAQUIN PEREZ,C032,OBISPO MANUEL UMAÑA,0.3082971590801354,0.3208506507234438,0.012553491643308434,54,43,11,complementarity_signal
static_fixed_set,6,I11,JOSE JOAQUIN PEREZ,C088,ÑUBLE,0.30596663776619404,0.30596663776619404,0,55,52,3,neutral
static_fixed_set,6,I11,JOSE JOAQUIN PEREZ,C020,LATINOAMERICA - PINTOR MURILLO - FRANCISCO TOLEDO,0.3053874986899725,0.3053874986899725,0,56,53,3,neutral
static_fixed_set,6,I11,JOSE JOAQUIN PEREZ,C028,MADRID,0.3053850663175511,0.3053850663175511,0,57,54,3,neutral
static_fixed_set,6,I11,JOSE JOAQUIN PEREZ,C034,PEDRO LEON UGALDE,0.30513444215224494,0.30513444215224494,0,58,55,3,neutral
static_fixed_set,6,I11,JOSE JOAQUIN PEREZ,C023,AVENIDA DORSAL,0.3037663294389082,0.3042844576466126,0.0005181282077044158,59,56,3,complementarity_signal
static_fixed_set,6,I11,JOSE JOAQUIN PEREZ,C037,SAN ALFONSO,0.3032697592490899,0.3032697592490899,0,60,57,3,neutral
static_fixed_set,6,I11,JOSE JOAQUIN PEREZ,C030,MAULE,0.30294715823212187,0.30294715823212187,0,61,58,3,neutral
static_fixed_set,6,I11,JOSE JOAQUIN PEREZ,C042,PRINCIPE DE GALES,0.3015275299366899,0.3015275299366899,0,62,60,2,neutral
static_fixed_set,6,I11,JOSE JOAQUIN PEREZ,C087,SALVADOR GUTIERREZ,0.2988400180747415,0.23167583897026392,-0.06716417910447756,63,105,-42,substitution_signal
static_fixed_set,6,I11,JOSE JOAQUIN PEREZ,C039,TUPUNGATO,0.2972177850899593,0.2972177850899593,0,64,61,3,neutral
static_fixed_set,6,I11,JOSE JOAQUIN PEREZ,C064,SILVA CARVALLO - SANTA ELENA,0.29671303455212084,0.29671303455212084,0,65,62,3,neutral
static_fixed_set,6,I11,JOSE JOAQUIN PEREZ,C031,NECOCHEA,0.2942204983522875,0.2942204983522875,0,66,63,3,neutral
static_fixed_set,6,I11,JOSE JOAQUIN PEREZ,C065,NUEVA SAN MARTIN,0.29384044783423063,0.29384044783423063,0,67,64,3,neutral
static_fixed_set,6,I11,JOSE JOAQUIN PEREZ,C038,TALCAHUANO - SANTA INES - LOS EDILES,0.29282509996910594,0.2933432281768104,0.0005181282077044713,68,65,3,complementarity_signal
static_fixed_set,6,I11,JOSE JOAQUIN PEREZ,C013,HEROES DE LA CONCEPCION,0.29161502323158384,0.29161502323158384,0,69,67,2,neutral
static_fixed_set,6,I11,JOSE JOAQUIN PEREZ,C004,CONSISTORIAL,0.29093172378697835,0.29093172378697835,0,70,68,2,neutral
static_fixed_set,6,I11,JOSE JOAQUIN PEREZ,C027,LOS PRESIDENTES,0.2903073892430075,0.2903073892430075,0,71,69,2,neutral
static_fixed_set,6,I11,JOSE JOAQUIN PEREZ,I32,EINSTEIN,0.2891830343121434,0.2892355135357534,0.00005247922360995805,72,70,2,complementarity_signal
static_fixed_set,6,I11,JOSE JOAQUIN PEREZ,I28,SANTA RAQUEL,0.2874774442364143,0.2874774442364143,0,73,71,2,neutral
static_fixed_set,6,I11,JOSE JOAQUIN PEREZ,C060,ROJAS MAGALLANES,0.28736167748139896,0.28736167748139896,0,74,72,2,neutral
static_fixed_set,6,I11,JOSE JOAQUIN PEREZ,I23,PETERSEN - VICUÑA MACKENNA,0.28720997267232284,0.28720997267232284,0,75,73,2,neutral
static_fixed_set,6,I11,JOSE JOAQUIN PEREZ,C063,LONGITUDINAL,0.28538182252354,0.28538182252354,0,76,74,2,neutral
static_fixed_set,6,I11,JOSE JOAQUIN PEREZ,C046,EUCALIPTOS,0.2836213631052964,0.2836213631052964,0,77,75,2,neutral
static_fixed_set,6,I11,JOSE JOAQUIN PEREZ,C022,LLANURA  - EL DESIERTO,0.2832694397879176,0.2832694397879176,0,78,76,2,neutral
static_fixed_set,6,I11,JOSE JOAQUIN PEREZ,C035,PRODIVENCIA,0.27556952254522565,0.27556952254522565,0,79,78,1,neutral
static_fixed_set,6,I11,JOSE JOAQUIN PEREZ,C052,BAQUEDANO - POSTALES ORIENTE,0.2725119994529144,0.2725119994529144,0,80,80,0,neutral
static_fixed_set,6,I11,JOSE JOAQUIN PEREZ,C041,VISTA HERMOSA,0.26879165946694245,0.2826721257643878,0.013880466297445382,81,77,4,complementarity_signal
static_fixed_set,6,I11,JOSE JOAQUIN PEREZ,C026,LOS MAITENES,0.26662966416212264,0.2734936774860785,0.006864013323955864,82,79,3,complementarity_signal
static_fixed_set,6,I11,JOSE JOAQUIN PEREZ,C089,J J PEREZ,0.26495488367176884,0.26495488367176884,0,83,81,2,neutral
static_fixed_set,6,I11,JOSE JOAQUIN PEREZ,C047,VIOLETA PARRA,0.2648001936107111,0.2648001936107111,0,84,82,2,neutral
static_fixed_set,6,I11,JOSE JOAQUIN PEREZ,C079,LAS AMERICAS,0.264377359699667,0.2644298389232769,0.00005247922360990254,85,83,2,complementarity_signal
static_fixed_set,6,I11,JOSE JOAQUIN PEREZ,C021,LAUTARO,0.26431781044192787,0.26431781044192787,0,86,84,2,neutral
static_fixed_set,6,I11,JOSE JOAQUIN PEREZ,C078,WALDO TAFF,0.2640982140605202,0.2640982140605202,0,87,85,2,neutral
static_fixed_set,6,I11,JOSE JOAQUIN PEREZ,C012,GABRIELA ORIENTE,0.2629227099391113,0.2629227099391113,0,88,86,2,neutral
static_fixed_set,6,I11,JOSE JOAQUIN PEREZ,I31,FERNANDEZ ALBANO,0.2626404601749897,0.2626404601749897,0,89,87,2,neutral
static_fixed_set,6,I11,JOSE JOAQUIN PEREZ,C40,VICUÑA MACKENNA - SAN MARTIN,0.2599804114545511,0.2599804114545511,0,90,88,2,neutral
static_fixed_set,6,I11,JOSE JOAQUIN PEREZ,C011,EYZAGUIRRE,0.2597262361382782,0.2597262361382782,0,91,89,2,neutral
static_fixed_set,6,I11,JOSE JOAQUIN PEREZ,C069,LOS OLMOS,0.2594151168255869,0.2594151168255869,0,92,90,2,neutral
static_fixed_set,6,I11,JOSE JOAQUIN PEREZ,C009,EL ROSAL - SANTA ELENA,0.258292338870139,0.258292338870139,0,93,91,2,neutral
static_fixed_set,6,I11,JOSE JOAQUIN PEREZ,C002,CAPITAN IGNACIO CARRERA PINTO,0.2546555618818747,0.2546555618818747,0,94,92,2,neutral
static_fixed_set,6,I11,JOSE JOAQUIN PEREZ,C048,GENERAL ARRIAGADA,0.2517348978903142,0.2517348978903142,0,95,94,1,neutral
static_fixed_set,6,I11,JOSE JOAQUIN PEREZ,C033,OBSERVATORIO,0.25172362934577086,0.25172362934577086,0,96,95,1,neutral
static_fixed_set,6,I11,JOSE JOAQUIN PEREZ,C062,CORONA SUECA,0.2513511863347979,0.2513511863347979,0,97,96,1,neutral
static_fixed_set,6,I11,JOSE JOAQUIN PEREZ,I03,CARRASCAL,0.24854515940907576,0.24854515940907576,0,98,97,1,neutral
static_fixed_set,6,I11,JOSE JOAQUIN PEREZ,C054,VICTORIA,0.24818166256108362,0.24818166256108362,0,99,98,1,neutral
static_fixed_set,6,I11,JOSE JOAQUIN PEREZ,C017,LA PARINACOTA,0.24787162646529243,0.24787162646529243,0,100,99,1,neutral
static_fixed_set,6,I11,JOSE JOAQUIN PEREZ,C056,TEMUCO - TORO MAZOTTE,0.2468166288620158,0.25241364378738895,0.0055970149253731505,101,93,8,complementarity_signal
static_fixed_set,6,I11,JOSE JOAQUIN PEREZ,C076,ISLA DECEPCION,0.24485989841133612,0.24485989841133612,0,102,100,2,neutral
static_fixed_set,6,I11,JOSE JOAQUIN PEREZ,C071,BARROS ARANA,0.2432718387690382,0.2432718387690382,0,103,101,2,neutral
static_fixed_set,6,I11,JOSE JOAQUIN PEREZ,C082,CAUPOLICAN,0.24201028797730914,0.24201028797730914,0,104,102,2,neutral
static_fixed_set,6,I11,JOSE JOAQUIN PEREZ,C080,PARAGUAY,0.2404621201898296,0.2404621201898296,0,105,103,2,neutral
static_fixed_set,6,I11,JOSE JOAQUIN PEREZ,C036,RIO REFUGIO - SALAR SURIRE,0.23882288406802515,0.22368469062682966,-0.015138193441195491,106,109,-3,substitution_signal
static_fixed_set,6,I11,JOSE JOAQUIN PEREZ,C010,ESQ BLANCA - ALBERTO LLONA,0.238468098274494,0.238468098274494,0,107,104,3,neutral
static_fixed_set,6,I11,JOSE JOAQUIN PEREZ,C019,LAS HIJUELAS SUR - LIBERTADOR BERNARDO OHIGGINS,0.23151138733257812,0.23151138733257812,0,108,106,2,neutral
static_fixed_set,6,I11,JOSE JOAQUIN PEREZ,C051,JOSE MIGUEL INFANTE - DOMINGO STA MARIA,0.22770327755636682,0.22770327755636682,0,109,107,2,neutral
static_fixed_set,6,I11,JOSE JOAQUIN PEREZ,C008,EL CERRO,0.22664145134727998,0.22664145134727998,0,110,108,2,neutral
static_fixed_set,6,I11,JOSE JOAQUIN PEREZ,C077,RICARDO VIAL,0.22334495183243977,0.22334495183243977,0,111,110,1,neutral
static_fixed_set,6,I11,JOSE JOAQUIN PEREZ,C072,COVADONGA,0.2222660174854263,0.2222660174854263,0,112,111,1,neutral
static_fixed_set,6,I11,JOSE JOAQUIN PEREZ,C045,PORTO ALEGRE,0.20694825901947317,0.20694825901947317,0,113,112,1,neutral
static_fixed_set,6,I11,JOSE JOAQUIN PEREZ,C055,ARTURO PRAT,0.1970214926913857,0.1970214926913857,0,114,113,1,neutral
static_fixed_set,6,I11,JOSE JOAQUIN PEREZ,C085,LOS LIBERTADORES,0.19011991189992178,0.19011991189992178,0,115,114,1,neutral
static_fixed_set,6,I11,JOSE JOAQUIN PEREZ,C018,LA PRIMAVERA,0.18728903995307272,0.18728903995307272,0,116,115,1,neutral
static_fixed_set,6,I11,JOSE JOAQUIN PEREZ,C016,JUANITA,0.18668462173835745,0.18668462173835745,0,117,116,1,neutral
static_fixed_set,6,I11,JOSE JOAQUIN PEREZ,C025,LOS DURAZNOS,0.17773769788730326,0.17773769788730326,0,118,117,1,neutral
static_fixed_set,6,I11,JOSE JOAQUIN PEREZ,C073,LOS MORROS,0.16537203853610075,0.16537203853610075,0,119,118,1,neutral
static_fixed_set,7,EP-ALAMEDA-T3,ALAMEDA TRAMO 3,I25,SAN FRANCISCO,0.6244873057591175,0.6188902908337444,-0.005597014925373123,1,1,0,substitution_signal
static_fixed_set,7,EP-ALAMEDA-T3,ALAMEDA TRAMO 3,I10,GRAN AVENIDA,0.614945370876037,0.6093483559506638,-0.005597014925373123,2,2,0,substitution_signal
static_fixed_set,7,EP-ALAMEDA-T3,ALAMEDA TRAMO 3,C067,CARDENAL RAUL SILVA HENRIQUEZ,0.56023971997118,0.56023971997118,0,3,3,0,neutral
static_fixed_set,7,EP-ALAMEDA-T3,ALAMEDA TRAMO 3,I16,MATTA-VESPUCIO NORTE,0.5227107068074346,0.5227107068074346,0,4,4,0,neutral
static_fixed_set,7,EP-ALAMEDA-T3,ALAMEDA TRAMO 3,I04,DEL FERROCARRIL,0.501934058077576,0.5104184083758168,0.008484350298240795,5,5,0,complementarity_signal
static_fixed_set,7,EP-ALAMEDA-T3,ALAMEDA TRAMO 3,I01,BARÓN DE JURAS REALES,0.4929090460062476,0.4929090460062476,0,6,6,0,neutral
static_fixed_set,7,EP-ALAMEDA-T3,ALAMEDA TRAMO 3,I22,PEDRO FONTOVA,0.47895195991393325,0.47895195991393325,0,8,7,1,neutral
static_fixed_set,7,EP-ALAMEDA-T3,ALAMEDA TRAMO 3,EP-I34,VICUÑA MACKENNA,0.4789418889773093,0.4789418889773093,0,9,8,1,neutral
static_fixed_set,7,EP-ALAMEDA-T3,ALAMEDA TRAMO 3,C068,SAN CARLOS,0.4749803536943168,0.4749803536943168,0,10,9,1,neutral
static_fixed_set,7,EP-ALAMEDA-T3,ALAMEDA TRAMO 3,EP-I10,GRAN AVENIDA,0.46473314050031816,0.46473314050031816,0,11,10,1,neutral
static_fixed_set,7,EP-ALAMEDA-T3,ALAMEDA TRAMO 3,I20,PAC - LO ESPEJO - EL BOSQUE,0.4628035171154114,0.4572065021900382,-0.005597014925373178,12,11,1,substitution_signal
static_fixed_set,7,EP-ALAMEDA-T3,ALAMEDA TRAMO 3,I05,DIAGONAL JOSE MARIA CARO,0.4451852400344961,0.4451852400344961,0,13,12,1,neutral
static_fixed_set,7,EP-ALAMEDA-T3,ALAMEDA TRAMO 3,I21,PEDRO DE VALDIVIA,0.43798125088572576,0.43798125088572576,0,14,13,1,neutral
static_fixed_set,7,EP-ALAMEDA-T3,ALAMEDA TRAMO 3,C006,DOMINGO TOCORNAL,0.4356600411419678,0.4356600411419678,0,15,14,1,neutral
static_fixed_set,7,EP-ALAMEDA-T3,ALAMEDA TRAMO 3,I19,PAC-LO ESPEJO-SN BDO,0.4273060267390805,0.4273060267390805,0,16,15,1,neutral
static_fixed_set,7,EP-ALAMEDA-T3,ALAMEDA TRAMO 3,I07,EL GUANACO,0.42580826999511917,0.42580826999511917,0,17,16,1,neutral
static_fixed_set,7,EP-ALAMEDA-T3,ALAMEDA TRAMO 3,I15,MARTINEZ DE ROZAS,0.4148837713854609,0.4148837713854609,0,18,17,1,neutral
static_fixed_set,7,EP-ALAMEDA-T3,ALAMEDA TRAMO 3,EP-I33,LA CHIMBA,0.40472276023855985,0.40472276023855985,0,19,18,1,neutral
static_fixed_set,7,EP-ALAMEDA-T3,ALAMEDA TRAMO 3,I06,DIAGONAL ORIENTE,0.4027599400799197,0.4027599400799197,0,20,19,1,neutral
static_fixed_set,7,EP-ALAMEDA-T3,ALAMEDA TRAMO 3,I08,GENERAL OSCAR BONILLA,0.40105278896897634,0.3136080560465255,-0.08744473292245086,21,44,-23,substitution_signal
static_fixed_set,7,EP-ALAMEDA-T3,ALAMEDA TRAMO 3,I27,SANTA CECILIA - NONATO COO,0.3880527567539592,0.3880527567539592,0,22,20,2,neutral
static_fixed_set,7,EP-ALAMEDA-T3,ALAMEDA TRAMO 3,C053,CONDELL,0.3828894120561817,0.3828894120561817,0,23,21,2,neutral
static_fixed_set,7,EP-ALAMEDA-T3,ALAMEDA TRAMO 3,I13,LO ESPEJO-RIQUELME,0.3820621452399818,0.3820621452399818,0,24,22,2,neutral
static_fixed_set,7,EP-ALAMEDA-T3,ALAMEDA TRAMO 3,I24,RADAL,0.37833718310344283,0.3658033799927332,-0.012533803110709618,25,26,-1,substitution_signal
static_fixed_set,7,EP-ALAMEDA-T3,ALAMEDA TRAMO 3,I09,GENERAL VELASQUEZ,0.3777221469714846,0.3721251320461115,-0.005597014925373123,26,25,1,substitution_signal
static_fixed_set,7,EP-ALAMEDA-T3,ALAMEDA TRAMO 3,C029,MARIA ELENA,0.37696136541397635,0.37696136541397635,0,27,23,4,neutral
static_fixed_set,7,EP-ALAMEDA-T3,ALAMEDA TRAMO 3,I29,SANTA ROSA,0.37358368935251995,0.37358368935251995,0,28,24,4,neutral
static_fixed_set,7,EP-ALAMEDA-T3,ALAMEDA TRAMO 3,C057,PADRE VICENTE IRARRAZABAL - MANUEL CHACON,0.3666742638111625,0.30056073281559165,-0.06611353099557088,29,59,-30,substitution_signal
static_fixed_set,7,EP-ALAMEDA-T3,ALAMEDA TRAMO 3,C070,MENDOZA (EX-CORONEL ROBLES),0.3651544687715181,0.3491979636725946,-0.01595650509892349,30,31,-1,substitution_signal
static_fixed_set,7,EP-ALAMEDA-T3,ALAMEDA TRAMO 3,C003,CONCHA Y TORO,0.3632337610312627,0.3632337610312627,0,31,27,4,neutral
static_fixed_set,7,EP-ALAMEDA-T3,ALAMEDA TRAMO 3,I17,MATUCANA,0.3601410655963122,0.3601410655963122,0,32,28,4,neutral
static_fixed_set,7,EP-ALAMEDA-T3,ALAMEDA TRAMO 3,C086,LA ESTRELLA,0.35999187568236085,0.35999187568236085,0,33,29,4,neutral
static_fixed_set,7,EP-ALAMEDA-T3,ALAMEDA TRAMO 3,C058,ANTONIO EBNER-BARROS ARANA,0.3591982079556389,0.32780814449325085,-0.03139006346238804,34,36,-2,substitution_signal
static_fixed_set,7,EP-ALAMEDA-T3,ALAMEDA TRAMO 3,I02,CARLOS VALDOVINOS,0.35451515707262266,0.35451515707262266,0,35,30,5,neutral
static_fixed_set,7,EP-ALAMEDA-T3,ALAMEDA TRAMO 3,I18,NUEVA IMPERIAL,0.35003815001404454,0.30614217941120775,-0.04389597060283679,36,48,-12,substitution_signal
static_fixed_set,7,EP-ALAMEDA-T3,ALAMEDA TRAMO 3,C014,JOSE DOMINGO CAÑAS,0.3434151720257287,0.3434151720257287,0,37,32,5,neutral
static_fixed_set,7,EP-ALAMEDA-T3,ALAMEDA TRAMO 3,C083,ORIENTAL-LAS PARCELAS,0.3340917121382666,0.3340917121382666,0,38,33,5,neutral
static_fixed_set,7,EP-ALAMEDA-T3,ALAMEDA TRAMO 3,C043,NEPTUNO,0.331278400363114,0.33367397332944054,0.0023955729663265313,39,34,5,complementarity_signal
static_fixed_set,7,EP-ALAMEDA-T3,ALAMEDA TRAMO 3,C001,SAN EUGENIO,0.3301050844306759,0.3301050844306759,0,40,35,5,neutral
static_fixed_set,7,EP-ALAMEDA-T3,ALAMEDA TRAMO 3,C081,SAN GREGORIO - DIEGO MEZA,0.3227606645267239,0.3227606645267239,0,41,38,3,neutral
static_fixed_set,7,EP-ALAMEDA-T3,ALAMEDA TRAMO 3,C007,EDUARDO CASTILLO VELASCO,0.3209682481807713,0.3209682481807713,0,42,39,3,neutral
static_fixed_set,7,EP-ALAMEDA-T3,ALAMEDA TRAMO 3,C032,OBISPO MANUEL UMAÑA,0.3208506507234438,0.29327981060388264,-0.02757084011956118,43,66,-23,substitution_signal
static_fixed_set,7,EP-ALAMEDA-T3,ALAMEDA TRAMO 3,C044,LOS CERRILLOS,0.32062010487637954,0.32062010487637954,0,44,40,4,neutral
static_fixed_set,7,EP-ALAMEDA-T3,ALAMEDA TRAMO 3,C024,LOS ARRAYANES - LOS COPIHUES,0.3164169532190636,0.3164169532190636,0,45,41,4,neutral
static_fixed_set,7,EP-ALAMEDA-T3,ALAMEDA TRAMO 3,C061,EL PINAR,0.3146106947615233,0.3146106947615233,0,46,42,4,neutral
static_fixed_set,7,EP-ALAMEDA-T3,ALAMEDA TRAMO 3,C074,URETA COX,0.31449957814869145,0.31449957814869145,0,47,43,4,neutral
static_fixed_set,7,EP-ALAMEDA-T3,ALAMEDA TRAMO 3,C090,SANTO DOMINGO,0.31219739335222674,0.2900617837756913,-0.02213560957653543,48,72,-24,substitution_signal
static_fixed_set,7,EP-ALAMEDA-T3,ALAMEDA TRAMO 3,C084,EL PINO - UNO SUR,0.3114051480024474,0.3114051480024474,0,49,45,4,neutral
static_fixed_set,7,EP-ALAMEDA-T3,ALAMEDA TRAMO 3,C005,CORONEL ALEJANDRO SEPULVEDA,0.3106497256836105,0.3106497256836105,0,50,46,4,neutral
static_fixed_set,7,EP-ALAMEDA-T3,ALAMEDA TRAMO 3,C050,MAR DE DRAKE,0.3080499557179654,0.3025177754665914,-0.005532180251373975,51,55,-4,substitution_signal
static_fixed_set,7,EP-ALAMEDA-T3,ALAMEDA TRAMO 3,C088,ÑUBLE,0.30596663776619404,0.30596663776619404,0,52,49,3,neutral
static_fixed_set,7,EP-ALAMEDA-T3,ALAMEDA TRAMO 3,C020,LATINOAMERICA - PINTOR MURILLO - FRANCISCO TOLEDO,0.3053874986899725,0.3053874986899725,0,53,50,3,neutral
static_fixed_set,7,EP-ALAMEDA-T3,ALAMEDA TRAMO 3,C028,MADRID,0.3053850663175511,0.3053850663175511,0,54,51,3,neutral
static_fixed_set,7,EP-ALAMEDA-T3,ALAMEDA TRAMO 3,C034,PEDRO LEON UGALDE,0.30513444215224494,0.30513444215224494,0,55,52,3,neutral
static_fixed_set,7,EP-ALAMEDA-T3,ALAMEDA TRAMO 3,C023,AVENIDA DORSAL,0.3042844576466126,0.3066800306129391,0.0023955729663264758,56,47,9,complementarity_signal
static_fixed_set,7,EP-ALAMEDA-T3,ALAMEDA TRAMO 3,C037,SAN ALFONSO,0.3032697592490899,0.3032697592490899,0,57,53,4,neutral
static_fixed_set,7,EP-ALAMEDA-T3,ALAMEDA TRAMO 3,C030,MAULE,0.30294715823212187,0.30294715823212187,0,58,54,4,neutral
static_fixed_set,7,EP-ALAMEDA-T3,ALAMEDA TRAMO 3,C049,FEDERICO ERRÁZURIZ (EX SERRANO),0.3020754541725971,0.3020754541725971,0,59,56,3,neutral
static_fixed_set,7,EP-ALAMEDA-T3,ALAMEDA TRAMO 3,C042,PRINCIPE DE GALES,0.3015275299366899,0.3015275299366899,0,60,57,3,neutral
static_fixed_set,7,EP-ALAMEDA-T3,ALAMEDA TRAMO 3,C039,TUPUNGATO,0.2972177850899593,0.2972177850899593,0,61,60,1,neutral
static_fixed_set,7,EP-ALAMEDA-T3,ALAMEDA TRAMO 3,C064,SILVA CARVALLO - SANTA ELENA,0.29671303455212084,0.29671303455212084,0,62,61,1,neutral
static_fixed_set,7,EP-ALAMEDA-T3,ALAMEDA TRAMO 3,C031,NECOCHEA,0.2942204983522875,0.2942204983522875,0,63,64,-1,neutral
static_fixed_set,7,EP-ALAMEDA-T3,ALAMEDA TRAMO 3,C065,NUEVA SAN MARTIN,0.29384044783423063,0.29384044783423063,0,64,65,-1,neutral
static_fixed_set,7,EP-ALAMEDA-T3,ALAMEDA TRAMO 3,C038,TALCAHUANO - SANTA INES - LOS EDILES,0.2933432281768104,0.29573880114313694,0.0023955729663265313,65,63,2,complementarity_signal
static_fixed_set,7,EP-ALAMEDA-T3,ALAMEDA TRAMO 3,C015,JOSE MANUEL GUZMAN,0.2925490854889885,0.2925490854889885,0,66,68,-2,neutral
static_fixed_set,7,EP-ALAMEDA-T3,ALAMEDA TRAMO 3,C013,HEROES DE LA CONCEPCION,0.29161502323158384,0.29161502323158384,0,67,69,-2,neutral
static_fixed_set,7,EP-ALAMEDA-T3,ALAMEDA TRAMO 3,C004,CONSISTORIAL,0.29093172378697835,0.29093172378697835,0,68,70,-2,neutral
static_fixed_set,7,EP-ALAMEDA-T3,ALAMEDA TRAMO 3,C027,LOS PRESIDENTES,0.2903073892430075,0.2903073892430075,0,69,71,-2,neutral
static_fixed_set,7,EP-ALAMEDA-T3,ALAMEDA TRAMO 3,I32,EINSTEIN,0.2892355135357534,0.2892355135357534,0,70,73,-3,neutral
static_fixed_set,7,EP-ALAMEDA-T3,ALAMEDA TRAMO 3,I28,SANTA RAQUEL,0.2874774442364143,0.2874774442364143,0,71,74,-3,neutral
static_fixed_set,7,EP-ALAMEDA-T3,ALAMEDA TRAMO 3,C060,ROJAS MAGALLANES,0.28736167748139896,0.28736167748139896,0,72,75,-3,neutral
static_fixed_set,7,EP-ALAMEDA-T3,ALAMEDA TRAMO 3,I23,PETERSEN - VICUÑA MACKENNA,0.28720997267232284,0.28720997267232284,0,73,76,-3,neutral
static_fixed_set,7,EP-ALAMEDA-T3,ALAMEDA TRAMO 3,C063,LONGITUDINAL,0.28538182252354,0.2929957835605039,0.007613961036963879,74,67,7,complementarity_signal
static_fixed_set,7,EP-ALAMEDA-T3,ALAMEDA TRAMO 3,C046,EUCALIPTOS,0.2836213631052964,0.2836213631052964,0,75,77,-2,neutral
static_fixed_set,7,EP-ALAMEDA-T3,ALAMEDA TRAMO 3,C022,LLANURA  - EL DESIERTO,0.2832694397879176,0.2832694397879176,0,76,78,-2,neutral
static_fixed_set,7,EP-ALAMEDA-T3,ALAMEDA TRAMO 3,C041,VISTA HERMOSA,0.2826721257643878,0.23729046079619398,-0.04538166496819385,77,103,-26,substitution_signal
static_fixed_set,7,EP-ALAMEDA-T3,ALAMEDA TRAMO 3,C035,PRODIVENCIA,0.27556952254522565,0.2966792763589295,0.021109753813703835,78,62,16,complementarity_signal
static_fixed_set,7,EP-ALAMEDA-T3,ALAMEDA TRAMO 3,C026,LOS MAITENES,0.2734936774860785,0.2734936774860785,0,79,79,0,neutral
static_fixed_set,7,EP-ALAMEDA-T3,ALAMEDA TRAMO 3,C052,BAQUEDANO - POSTALES ORIENTE,0.2725119994529144,0.2725119994529144,0,80,80,0,neutral
static_fixed_set,7,EP-ALAMEDA-T3,ALAMEDA TRAMO 3,C089,J J PEREZ,0.26495488367176884,0.26495488367176884,0,81,81,0,neutral
static_fixed_set,7,EP-ALAMEDA-T3,ALAMEDA TRAMO 3,C047,VIOLETA PARRA,0.2648001936107111,0.2648001936107111,0,82,82,0,neutral
static_fixed_set,7,EP-ALAMEDA-T3,ALAMEDA TRAMO 3,C079,LAS AMERICAS,0.2644298389232769,0.2644298389232769,0,83,83,0,neutral
static_fixed_set,7,EP-ALAMEDA-T3,ALAMEDA TRAMO 3,C021,LAUTARO,0.26431781044192787,0.26431781044192787,0,84,84,0,neutral
static_fixed_set,7,EP-ALAMEDA-T3,ALAMEDA TRAMO 3,C078,WALDO TAFF,0.2640982140605202,0.2640982140605202,0,85,85,0,neutral
static_fixed_set,7,EP-ALAMEDA-T3,ALAMEDA TRAMO 3,C012,GABRIELA ORIENTE,0.2629227099391113,0.2629227099391113,0,86,86,0,neutral
static_fixed_set,7,EP-ALAMEDA-T3,ALAMEDA TRAMO 3,I31,FERNANDEZ ALBANO,0.2626404601749897,0.2626404601749897,0,87,87,0,neutral
static_fixed_set,7,EP-ALAMEDA-T3,ALAMEDA TRAMO 3,C40,VICUÑA MACKENNA - SAN MARTIN,0.2599804114545511,0.2599804114545511,0,88,88,0,neutral
static_fixed_set,7,EP-ALAMEDA-T3,ALAMEDA TRAMO 3,C011,EYZAGUIRRE,0.2597262361382782,0.2597262361382782,0,89,89,0,neutral
static_fixed_set,7,EP-ALAMEDA-T3,ALAMEDA TRAMO 3,C069,LOS OLMOS,0.2594151168255869,0.2594151168255869,0,90,90,0,neutral
static_fixed_set,7,EP-ALAMEDA-T3,ALAMEDA TRAMO 3,C009,EL ROSAL - SANTA ELENA,0.258292338870139,0.258292338870139,0,91,91,0,neutral
static_fixed_set,7,EP-ALAMEDA-T3,ALAMEDA TRAMO 3,C002,CAPITAN IGNACIO CARRERA PINTO,0.2546555618818747,0.2546555618818747,0,92,92,0,neutral
static_fixed_set,7,EP-ALAMEDA-T3,ALAMEDA TRAMO 3,C056,TEMUCO - TORO MAZOTTE,0.25241364378738895,0.3228177434501412,0.07040409966275224,93,37,56,complementarity_signal
static_fixed_set,7,EP-ALAMEDA-T3,ALAMEDA TRAMO 3,C048,GENERAL ARRIAGADA,0.2517348978903142,0.2517348978903142,0,94,93,1,neutral
static_fixed_set,7,EP-ALAMEDA-T3,ALAMEDA TRAMO 3,C033,OBSERVATORIO,0.25172362934577086,0.25172362934577086,0,95,94,1,neutral
static_fixed_set,7,EP-ALAMEDA-T3,ALAMEDA TRAMO 3,C062,CORONA SUECA,0.2513511863347979,0.2513511863347979,0,96,95,1,neutral
static_fixed_set,7,EP-ALAMEDA-T3,ALAMEDA TRAMO 3,I03,CARRASCAL,0.24854515940907576,0.24854515940907576,0,97,96,1,neutral
static_fixed_set,7,EP-ALAMEDA-T3,ALAMEDA TRAMO 3,C054,VICTORIA,0.24818166256108362,0.24818166256108362,0,98,97,1,neutral
static_fixed_set,7,EP-ALAMEDA-T3,ALAMEDA TRAMO 3,C017,LA PARINACOTA,0.24787162646529243,0.24787162646529243,0,99,98,1,neutral
static_fixed_set,7,EP-ALAMEDA-T3,ALAMEDA TRAMO 3,C076,ISLA DECEPCION,0.24485989841133612,0.3008300476650675,0.055970149253731366,100,58,42,complementarity_signal
static_fixed_set,7,EP-ALAMEDA-T3,ALAMEDA TRAMO 3,C071,BARROS ARANA,0.2432718387690382,0.2432718387690382,0,101,99,2,neutral
static_fixed_set,7,EP-ALAMEDA-T3,ALAMEDA TRAMO 3,C082,CAUPOLICAN,0.24201028797730914,0.24201028797730914,0,102,100,2,neutral
static_fixed_set,7,EP-ALAMEDA-T3,ALAMEDA TRAMO 3,C080,PARAGUAY,0.2404621201898296,0.2404621201898296,0,103,101,2,neutral
static_fixed_set,7,EP-ALAMEDA-T3,ALAMEDA TRAMO 3,C010,ESQ BLANCA - ALBERTO LLONA,0.238468098274494,0.238468098274494,0,104,102,2,neutral
static_fixed_set,7,EP-ALAMEDA-T3,ALAMEDA TRAMO 3,C087,SALVADOR GUTIERREZ,0.23167583897026392,0.23167583897026392,0,105,104,1,neutral
static_fixed_set,7,EP-ALAMEDA-T3,ALAMEDA TRAMO 3,C019,LAS HIJUELAS SUR - LIBERTADOR BERNARDO OHIGGINS,0.23151138733257812,0.23151138733257812,0,106,105,1,neutral
static_fixed_set,7,EP-ALAMEDA-T3,ALAMEDA TRAMO 3,C051,JOSE MIGUEL INFANTE - DOMINGO STA MARIA,0.22770327755636682,0.22770327755636682,0,107,106,1,neutral
static_fixed_set,7,EP-ALAMEDA-T3,ALAMEDA TRAMO 3,C008,EL CERRO,0.22664145134727998,0.22664145134727998,0,108,107,1,neutral
static_fixed_set,7,EP-ALAMEDA-T3,ALAMEDA TRAMO 3,C036,RIO REFUGIO - SALAR SURIRE,0.22368469062682966,0.22368469062682966,0,109,108,1,neutral
static_fixed_set,7,EP-ALAMEDA-T3,ALAMEDA TRAMO 3,C077,RICARDO VIAL,0.22334495183243977,0.22334495183243977,0,110,109,1,neutral
static_fixed_set,7,EP-ALAMEDA-T3,ALAMEDA TRAMO 3,C072,COVADONGA,0.2222660174854263,0.2222660174854263,0,111,110,1,neutral
static_fixed_set,7,EP-ALAMEDA-T3,ALAMEDA TRAMO 3,C045,PORTO ALEGRE,0.20694825901947317,0.20694825901947317,0,112,111,1,neutral
static_fixed_set,7,EP-ALAMEDA-T3,ALAMEDA TRAMO 3,C055,ARTURO PRAT,0.1970214926913857,0.1970214926913857,0,113,112,1,neutral
static_fixed_set,7,EP-ALAMEDA-T3,ALAMEDA TRAMO 3,C085,LOS LIBERTADORES,0.19011991189992178,0.19011991189992178,0,114,113,1,neutral
static_fixed_set,7,EP-ALAMEDA-T3,ALAMEDA TRAMO 3,C018,LA PRIMAVERA,0.18728903995307272,0.18728903995307272,0,115,114,1,neutral
static_fixed_set,7,EP-ALAMEDA-T3,ALAMEDA TRAMO 3,C016,JUANITA,0.18668462173835745,0.18668462173835745,0,116,115,1,neutral
static_fixed_set,7,EP-ALAMEDA-T3,ALAMEDA TRAMO 3,C025,LOS DURAZNOS,0.17773769788730326,0.17773769788730326,0,117,116,1,neutral
static_fixed_set,7,EP-ALAMEDA-T3,ALAMEDA TRAMO 3,C073,LOS MORROS,0.16537203853610075,0.16537203853610075,0,118,117,1,neutral
static_fixed_set,8,I16,MATTA-VESPUCIO NORTE,I25,SAN FRANCISCO,0.6188902908337444,0.6188902908337444,0,1,2,-1,neutral
static_fixed_set,8,I16,MATTA-VESPUCIO NORTE,I10,GRAN AVENIDA,0.6093483559506638,0.6093483559506638,0,2,3,-1,neutral
static_fixed_set,8,I16,MATTA-VESPUCIO NORTE,C067,CARDENAL RAUL SILVA HENRIQUEZ,0.56023971997118,0.56023971997118,0,3,5,-2,neutral
static_fixed_set,8,I16,MATTA-VESPUCIO NORTE,I04,DEL FERROCARRIL,0.5104184083758168,0.5104184083758168,0,5,6,-1,neutral
static_fixed_set,8,I16,MATTA-VESPUCIO NORTE,I01,BARÓN DE JURAS REALES,0.4929090460062476,0.5750854459755566,0.08217639996930898,6,4,2,complementarity_signal
static_fixed_set,8,I16,MATTA-VESPUCIO NORTE,I22,PEDRO FONTOVA,0.47895195991393325,0.642121039418184,0.16316907950425075,7,1,6,complementarity_signal
static_fixed_set,8,I16,MATTA-VESPUCIO NORTE,EP-I34,VICUÑA MACKENNA,0.4789418889773093,0.4789418889773093,0,8,8,0,neutral
static_fixed_set,8,I16,MATTA-VESPUCIO NORTE,C068,SAN CARLOS,0.4749803536943168,0.4749803536943168,0,9,9,0,neutral
static_fixed_set,8,I16,MATTA-VESPUCIO NORTE,EP-I10,GRAN AVENIDA,0.46473314050031816,0.46473314050031816,0,10,10,0,neutral
static_fixed_set,8,I16,MATTA-VESPUCIO NORTE,I20,PAC - LO ESPEJO - EL BOSQUE,0.4572065021900382,0.4572065021900382,0,11,11,0,neutral
static_fixed_set,8,I16,MATTA-VESPUCIO NORTE,I05,DIAGONAL JOSE MARIA CARO,0.4451852400344961,0.43088688736076497,-0.01429835267373114,12,14,-2,substitution_signal
static_fixed_set,8,I16,MATTA-VESPUCIO NORTE,I21,PEDRO DE VALDIVIA,0.43798125088572576,0.43798125088572576,0,13,12,1,neutral
static_fixed_set,8,I16,MATTA-VESPUCIO NORTE,C006,DOMINGO TOCORNAL,0.4356600411419678,0.4356600411419678,0,14,13,1,neutral
static_fixed_set,8,I16,MATTA-VESPUCIO NORTE,I19,PAC-LO ESPEJO-SN BDO,0.4273060267390805,0.4273060267390805,0,15,15,0,neutral
static_fixed_set,8,I16,MATTA-VESPUCIO NORTE,I07,EL GUANACO,0.42580826999511917,0.5032416286989723,0.0774333587038531,16,7,9,complementarity_signal
static_fixed_set,8,I16,MATTA-VESPUCIO NORTE,I15,MARTINEZ DE ROZAS,0.4148837713854609,0.4148837713854609,0,17,16,1,neutral
static_fixed_set,8,I16,MATTA-VESPUCIO NORTE,EP-I33,LA CHIMBA,0.40472276023855985,0.40472276023855985,0,18,17,1,neutral
static_fixed_set,8,I16,MATTA-VESPUCIO NORTE,I06,DIAGONAL ORIENTE,0.4027599400799197,0.4027599400799197,0,19,18,1,neutral
static_fixed_set,8,I16,MATTA-VESPUCIO NORTE,I27,SANTA CECILIA - NONATO COO,0.3880527567539592,0.3880527567539592,0,20,19,1,neutral
static_fixed_set,8,I16,MATTA-VESPUCIO NORTE,C053,CONDELL,0.3828894120561817,0.3828894120561817,0,21,20,1,neutral
static_fixed_set,8,I16,MATTA-VESPUCIO NORTE,I13,LO ESPEJO-RIQUELME,0.3820621452399818,0.3820621452399818,0,22,21,1,neutral
static_fixed_set,8,I16,MATTA-VESPUCIO NORTE,C029,MARIA ELENA,0.37696136541397635,0.37696136541397635,0,23,22,1,neutral
static_fixed_set,8,I16,MATTA-VESPUCIO NORTE,I29,SANTA ROSA,0.37358368935251995,0.37358368935251995,0,24,23,1,neutral
static_fixed_set,8,I16,MATTA-VESPUCIO NORTE,I09,GENERAL VELASQUEZ,0.3721251320461115,0.3721251320461115,0,25,24,1,neutral
static_fixed_set,8,I16,MATTA-VESPUCIO NORTE,I24,RADAL,0.3658033799927332,0.3658033799927332,0,26,25,1,neutral
static_fixed_set,8,I16,MATTA-VESPUCIO NORTE,C003,CONCHA Y TORO,0.3632337610312627,0.3632337610312627,0,27,26,1,neutral
static_fixed_set,8,I16,MATTA-VESPUCIO NORTE,I17,MATUCANA,0.3601410655963122,0.3601410655963122,0,28,27,1,neutral
static_fixed_set,8,I16,MATTA-VESPUCIO NORTE,C086,LA ESTRELLA,0.35999187568236085,0.35999187568236085,0,29,28,1,neutral
static_fixed_set,8,I16,MATTA-VESPUCIO NORTE,I02,CARLOS VALDOVINOS,0.35451515707262266,0.35451515707262266,0,30,29,1,neutral
static_fixed_set,8,I16,MATTA-VESPUCIO NORTE,C070,MENDOZA (EX-CORONEL ROBLES),0.3491979636725946,0.3491979636725946,0,31,30,1,neutral
static_fixed_set,8,I16,MATTA-VESPUCIO NORTE,C014,JOSE DOMINGO CAÑAS,0.3434151720257287,0.3434151720257287,0,32,31,1,neutral
static_fixed_set,8,I16,MATTA-VESPUCIO NORTE,C083,ORIENTAL-LAS PARCELAS,0.3340917121382666,0.3340917121382666,0,33,32,1,neutral
static_fixed_set,8,I16,MATTA-VESPUCIO NORTE,C043,NEPTUNO,0.33367397332944054,0.33367397332944054,0,34,33,1,neutral
static_fixed_set,8,I16,MATTA-VESPUCIO NORTE,C001,SAN EUGENIO,0.3301050844306759,0.3301050844306759,0,35,34,1,neutral
static_fixed_set,8,I16,MATTA-VESPUCIO NORTE,C058,ANTONIO EBNER-BARROS ARANA,0.32780814449325085,0.32780814449325085,0,36,35,1,neutral
static_fixed_set,8,I16,MATTA-VESPUCIO NORTE,C056,TEMUCO - TORO MAZOTTE,0.3228177434501412,0.3228177434501412,0,37,36,1,neutral
static_fixed_set,8,I16,MATTA-VESPUCIO NORTE,C081,SAN GREGORIO - DIEGO MEZA,0.3227606645267239,0.3227606645267239,0,38,37,1,neutral
static_fixed_set,8,I16,MATTA-VESPUCIO NORTE,C007,EDUARDO CASTILLO VELASCO,0.3209682481807713,0.3209682481807713,0,39,38,1,neutral
static_fixed_set,8,I16,MATTA-VESPUCIO NORTE,C044,LOS CERRILLOS,0.32062010487637954,0.32062010487637954,0,40,39,1,neutral
static_fixed_set,8,I16,MATTA-VESPUCIO NORTE,C024,LOS ARRAYANES - LOS COPIHUES,0.3164169532190636,0.3164169532190636,0,41,40,1,neutral
static_fixed_set,8,I16,MATTA-VESPUCIO NORTE,C061,EL PINAR,0.3146106947615233,0.3146106947615233,0,42,41,1,neutral
static_fixed_set,8,I16,MATTA-VESPUCIO NORTE,C074,URETA COX,0.31449957814869145,0.31449957814869145,0,43,42,1,neutral
static_fixed_set,8,I16,MATTA-VESPUCIO NORTE,I08,GENERAL OSCAR BONILLA,0.3136080560465255,0.3136080560465255,0,44,43,1,neutral
static_fixed_set,8,I16,MATTA-VESPUCIO NORTE,C084,EL PINO - UNO SUR,0.3114051480024474,0.3114051480024474,0,45,44,1,neutral
static_fixed_set,8,I16,MATTA-VESPUCIO NORTE,C005,CORONEL ALEJANDRO SEPULVEDA,0.3106497256836105,0.3106497256836105,0,46,45,1,neutral
static_fixed_set,8,I16,MATTA-VESPUCIO NORTE,C023,AVENIDA DORSAL,0.3066800306129391,0.3066800306129391,0,47,46,1,neutral
static_fixed_set,8,I16,MATTA-VESPUCIO NORTE,I18,NUEVA IMPERIAL,0.30614217941120775,0.30614217941120775,0,48,47,1,neutral
static_fixed_set,8,I16,MATTA-VESPUCIO NORTE,C088,ÑUBLE,0.30596663776619404,0.30596663776619404,0,49,48,1,neutral
static_fixed_set,8,I16,MATTA-VESPUCIO NORTE,C020,LATINOAMERICA - PINTOR MURILLO - FRANCISCO TOLEDO,0.3053874986899725,0.3053874986899725,0,50,49,1,neutral
static_fixed_set,8,I16,MATTA-VESPUCIO NORTE,C028,MADRID,0.3053850663175511,0.3053850663175511,0,51,50,1,neutral
static_fixed_set,8,I16,MATTA-VESPUCIO NORTE,C034,PEDRO LEON UGALDE,0.30513444215224494,0.30513444215224494,0,52,51,1,neutral
static_fixed_set,8,I16,MATTA-VESPUCIO NORTE,C037,SAN ALFONSO,0.3032697592490899,0.3032697592490899,0,53,52,1,neutral
static_fixed_set,8,I16,MATTA-VESPUCIO NORTE,C030,MAULE,0.30294715823212187,0.30294715823212187,0,54,53,1,neutral
static_fixed_set,8,I16,MATTA-VESPUCIO NORTE,C050,MAR DE DRAKE,0.3025177754665914,0.3025177754665914,0,55,54,1,neutral
static_fixed_set,8,I16,MATTA-VESPUCIO NORTE,C049,FEDERICO ERRÁZURIZ (EX SERRANO),0.3020754541725971,0.3020754541725971,0,56,55,1,neutral
static_fixed_set,8,I16,MATTA-VESPUCIO NORTE,C042,PRINCIPE DE GALES,0.3015275299366899,0.3015275299366899,0,57,56,1,neutral
static_fixed_set,8,I16,MATTA-VESPUCIO NORTE,C076,ISLA DECEPCION,0.3008300476650675,0.3008300476650675,0,58,57,1,neutral
static_fixed_set,8,I16,MATTA-VESPUCIO NORTE,C057,PADRE VICENTE IRARRAZABAL - MANUEL CHACON,0.30056073281559165,0.30056073281559165,0,59,58,1,neutral
static_fixed_set,8,I16,MATTA-VESPUCIO NORTE,C039,TUPUNGATO,0.2972177850899593,0.2972177850899593,0,60,59,1,neutral
static_fixed_set,8,I16,MATTA-VESPUCIO NORTE,C064,SILVA CARVALLO - SANTA ELENA,0.29671303455212084,0.29671303455212084,0,61,60,1,neutral
static_fixed_set,8,I16,MATTA-VESPUCIO NORTE,C035,PRODIVENCIA,0.2966792763589295,0.2966792763589295,0,62,61,1,neutral
static_fixed_set,8,I16,MATTA-VESPUCIO NORTE,C038,TALCAHUANO - SANTA INES - LOS EDILES,0.29573880114313694,0.29573880114313694,0,63,62,1,neutral
static_fixed_set,8,I16,MATTA-VESPUCIO NORTE,C031,NECOCHEA,0.2942204983522875,0.2942204983522875,0,64,63,1,neutral
static_fixed_set,8,I16,MATTA-VESPUCIO NORTE,C065,NUEVA SAN MARTIN,0.29384044783423063,0.29384044783423063,0,65,64,1,neutral
static_fixed_set,8,I16,MATTA-VESPUCIO NORTE,C032,OBISPO MANUEL UMAÑA,0.29327981060388264,0.29327981060388264,0,66,65,1,neutral
static_fixed_set,8,I16,MATTA-VESPUCIO NORTE,C063,LONGITUDINAL,0.2929957835605039,0.2929957835605039,0,67,66,1,neutral
static_fixed_set,8,I16,MATTA-VESPUCIO NORTE,C015,JOSE MANUEL GUZMAN,0.2925490854889885,0.2925490854889885,0,68,67,1,neutral
static_fixed_set,8,I16,MATTA-VESPUCIO NORTE,C013,HEROES DE LA CONCEPCION,0.29161502323158384,0.29161502323158384,0,69,68,1,neutral
static_fixed_set,8,I16,MATTA-VESPUCIO NORTE,C004,CONSISTORIAL,0.29093172378697835,0.29093172378697835,0,70,69,1,neutral
static_fixed_set,8,I16,MATTA-VESPUCIO NORTE,C027,LOS PRESIDENTES,0.2903073892430075,0.2903073892430075,0,71,70,1,neutral
static_fixed_set,8,I16,MATTA-VESPUCIO NORTE,C090,SANTO DOMINGO,0.2900617837756913,0.2900617837756913,0,72,71,1,neutral
static_fixed_set,8,I16,MATTA-VESPUCIO NORTE,I32,EINSTEIN,0.2892355135357534,0.2892355135357534,0,73,72,1,neutral
static_fixed_set,8,I16,MATTA-VESPUCIO NORTE,I28,SANTA RAQUEL,0.2874774442364143,0.2874774442364143,0,74,73,1,neutral
static_fixed_set,8,I16,MATTA-VESPUCIO NORTE,C060,ROJAS MAGALLANES,0.28736167748139896,0.28736167748139896,0,75,74,1,neutral
static_fixed_set,8,I16,MATTA-VESPUCIO NORTE,I23,PETERSEN - VICUÑA MACKENNA,0.28720997267232284,0.28720997267232284,0,76,75,1,neutral
static_fixed_set,8,I16,MATTA-VESPUCIO NORTE,C046,EUCALIPTOS,0.2836213631052964,0.2836213631052964,0,77,76,1,neutral
static_fixed_set,8,I16,MATTA-VESPUCIO NORTE,C022,LLANURA  - EL DESIERTO,0.2832694397879176,0.2832694397879176,0,78,77,1,neutral
static_fixed_set,8,I16,MATTA-VESPUCIO NORTE,C026,LOS MAITENES,0.2734936774860785,0.2734936774860785,0,79,78,1,neutral
static_fixed_set,8,I16,MATTA-VESPUCIO NORTE,C052,BAQUEDANO - POSTALES ORIENTE,0.2725119994529144,0.2725119994529144,0,80,79,1,neutral
static_fixed_set,8,I16,MATTA-VESPUCIO NORTE,C089,J J PEREZ,0.26495488367176884,0.26495488367176884,0,81,80,1,neutral
static_fixed_set,8,I16,MATTA-VESPUCIO NORTE,C047,VIOLETA PARRA,0.2648001936107111,0.2648001936107111,0,82,81,1,neutral
static_fixed_set,8,I16,MATTA-VESPUCIO NORTE,C079,LAS AMERICAS,0.2644298389232769,0.2644298389232769,0,83,82,1,neutral
static_fixed_set,8,I16,MATTA-VESPUCIO NORTE,C021,LAUTARO,0.26431781044192787,0.26431781044192787,0,84,83,1,neutral
static_fixed_set,8,I16,MATTA-VESPUCIO NORTE,C078,WALDO TAFF,0.2640982140605202,0.2640982140605202,0,85,84,1,neutral
static_fixed_set,8,I16,MATTA-VESPUCIO NORTE,C012,GABRIELA ORIENTE,0.2629227099391113,0.2629227099391113,0,86,85,1,neutral
static_fixed_set,8,I16,MATTA-VESPUCIO NORTE,I31,FERNANDEZ ALBANO,0.2626404601749897,0.2626404601749897,0,87,86,1,neutral
static_fixed_set,8,I16,MATTA-VESPUCIO NORTE,C40,VICUÑA MACKENNA - SAN MARTIN,0.2599804114545511,0.2599804114545511,0,88,87,1,neutral
static_fixed_set,8,I16,MATTA-VESPUCIO NORTE,C011,EYZAGUIRRE,0.2597262361382782,0.2597262361382782,0,89,88,1,neutral
static_fixed_set,8,I16,MATTA-VESPUCIO NORTE,C069,LOS OLMOS,0.2594151168255869,0.2594151168255869,0,90,89,1,neutral
static_fixed_set,8,I16,MATTA-VESPUCIO NORTE,C009,EL ROSAL - SANTA ELENA,0.258292338870139,0.258292338870139,0,91,90,1,neutral
static_fixed_set,8,I16,MATTA-VESPUCIO NORTE,C002,CAPITAN IGNACIO CARRERA PINTO,0.2546555618818747,0.2546555618818747,0,92,91,1,neutral
static_fixed_set,8,I16,MATTA-VESPUCIO NORTE,C048,GENERAL ARRIAGADA,0.2517348978903142,0.2517348978903142,0,93,92,1,neutral
static_fixed_set,8,I16,MATTA-VESPUCIO NORTE,C033,OBSERVATORIO,0.25172362934577086,0.25172362934577086,0,94,93,1,neutral
static_fixed_set,8,I16,MATTA-VESPUCIO NORTE,C062,CORONA SUECA,0.2513511863347979,0.2513511863347979,0,95,94,1,neutral
static_fixed_set,8,I16,MATTA-VESPUCIO NORTE,I03,CARRASCAL,0.24854515940907576,0.24854515940907576,0,96,95,1,neutral
static_fixed_set,8,I16,MATTA-VESPUCIO NORTE,C054,VICTORIA,0.24818166256108362,0.24818166256108362,0,97,96,1,neutral
static_fixed_set,8,I16,MATTA-VESPUCIO NORTE,C017,LA PARINACOTA,0.24787162646529243,0.2279533954363316,-0.019918231028960814,98,104,-6,substitution_signal
static_fixed_set,8,I16,MATTA-VESPUCIO NORTE,C071,BARROS ARANA,0.2432718387690382,0.2432718387690382,0,99,97,2,neutral
static_fixed_set,8,I16,MATTA-VESPUCIO NORTE,C082,CAUPOLICAN,0.24201028797730914,0.24201028797730914,0,100,98,2,neutral
static_fixed_set,8,I16,MATTA-VESPUCIO NORTE,C080,PARAGUAY,0.2404621201898296,0.2404621201898296,0,101,99,2,neutral
static_fixed_set,8,I16,MATTA-VESPUCIO NORTE,C010,ESQ BLANCA - ALBERTO LLONA,0.238468098274494,0.238468098274494,0,102,100,2,neutral
static_fixed_set,8,I16,MATTA-VESPUCIO NORTE,C041,VISTA HERMOSA,0.23729046079619398,0.23729046079619398,0,103,101,2,neutral
static_fixed_set,8,I16,MATTA-VESPUCIO NORTE,C087,SALVADOR GUTIERREZ,0.23167583897026392,0.23167583897026392,0,104,102,2,neutral
static_fixed_set,8,I16,MATTA-VESPUCIO NORTE,C019,LAS HIJUELAS SUR - LIBERTADOR BERNARDO OHIGGINS,0.23151138733257812,0.23151138733257812,0,105,103,2,neutral
static_fixed_set,8,I16,MATTA-VESPUCIO NORTE,C051,JOSE MIGUEL INFANTE - DOMINGO STA MARIA,0.22770327755636682,0.22770327755636682,0,106,105,1,neutral
static_fixed_set,8,I16,MATTA-VESPUCIO NORTE,C008,EL CERRO,0.22664145134727998,0.22664145134727998,0,107,107,0,neutral
static_fixed_set,8,I16,MATTA-VESPUCIO NORTE,C036,RIO REFUGIO - SALAR SURIRE,0.22368469062682966,0.22368469062682966,0,108,108,0,neutral
static_fixed_set,8,I16,MATTA-VESPUCIO NORTE,C077,RICARDO VIAL,0.22334495183243977,0.22334495183243977,0,109,109,0,neutral
static_fixed_set,8,I16,MATTA-VESPUCIO NORTE,C072,COVADONGA,0.2222660174854263,0.2222660174854263,0,110,110,0,neutral
static_fixed_set,8,I16,MATTA-VESPUCIO NORTE,C045,PORTO ALEGRE,0.20694825901947317,0.20694825901947317,0,111,111,0,neutral
static_fixed_set,8,I16,MATTA-VESPUCIO NORTE,C055,ARTURO PRAT,0.1970214926913857,0.1970214926913857,0,112,112,0,neutral
static_fixed_set,8,I16,MATTA-VESPUCIO NORTE,C085,LOS LIBERTADORES,0.19011991189992178,0.2268347257875762,0.036714813887654435,113,106,7,complementarity_signal
static_fixed_set,8,I16,MATTA-VESPUCIO NORTE,C018,LA PRIMAVERA,0.18728903995307272,0.18728903995307272,0,114,113,1,neutral
static_fixed_set,8,I16,MATTA-VESPUCIO NORTE,C016,JUANITA,0.18668462173835745,0.18668462173835745,0,115,114,1,neutral
static_fixed_set,8,I16,MATTA-VESPUCIO NORTE,C025,LOS DURAZNOS,0.17773769788730326,0.17773769788730326,0,116,115,1,neutral
static_fixed_set,8,I16,MATTA-VESPUCIO NORTE,C073,LOS MORROS,0.16537203853610075,0.16537203853610075,0,117,116,1,neutral
static_fixed_set,9,I20,PAC - LO ESPEJO - EL BOSQUE,I22,PEDRO FONTOVA,0.642121039418184,0.642121039418184,0,1,1,0,neutral
static_fixed_set,9,I20,PAC - LO ESPEJO - EL BOSQUE,I25,SAN FRANCISCO,0.6188902908337444,0.6168375303539617,-0.002052760479782645,2,2,0,substitution_signal
static_fixed_set,9,I20,PAC - LO ESPEJO - EL BOSQUE,I10,GRAN AVENIDA,0.6093483559506638,0.6066431127614716,-0.0027052431891921858,3,3,0,substitution_signal
static_fixed_set,9,I20,PAC - LO ESPEJO - EL BOSQUE,I01,BARÓN DE JURAS REALES,0.5750854459755566,0.5750854459755566,0,4,5,-1,neutral
static_fixed_set,9,I20,PAC - LO ESPEJO - EL BOSQUE,C067,CARDENAL RAUL SILVA HENRIQUEZ,0.56023971997118,0.5588249720320737,-0.0014147479391063422,5,6,-1,substitution_signal
static_fixed_set,9,I20,PAC - LO ESPEJO - EL BOSQUE,I04,DEL FERROCARRIL,0.5104184083758168,0.5126019439196937,0.0021835355438769577,6,7,-1,complementarity_signal
static_fixed_set,9,I20,PAC - LO ESPEJO - EL BOSQUE,I07,EL GUANACO,0.5032416286989723,0.5032416286989723,0,7,8,-1,neutral
static_fixed_set,9,I20,PAC - LO ESPEJO - EL BOSQUE,EP-I34,VICUÑA MACKENNA,0.4789418889773093,0.4789418889773093,0,8,10,-2,neutral
static_fixed_set,9,I20,PAC - LO ESPEJO - EL BOSQUE,C068,SAN CARLOS,0.4749803536943168,0.48156244324655567,0.006582089552238879,9,9,0,complementarity_signal
static_fixed_set,9,I20,PAC - LO ESPEJO - EL BOSQUE,EP-I10,GRAN AVENIDA,0.46473314050031816,0.45144768344752356,-0.013285457052794603,10,11,-1,substitution_signal
static_fixed_set,9,I20,PAC - LO ESPEJO - EL BOSQUE,I21,PEDRO DE VALDIVIA,0.43798125088572576,0.45114542999020335,0.013164179104477591,12,12,0,complementarity_signal
static_fixed_set,9,I20,PAC - LO ESPEJO - EL BOSQUE,C006,DOMINGO TOCORNAL,0.4356600411419678,0.44257795158972896,0.006917910447761133,13,13,0,complementarity_signal
static_fixed_set,9,I20,PAC - LO ESPEJO - EL BOSQUE,I05,DIAGONAL JOSE MARIA CARO,0.43088688736076497,0.43088688736076497,0,14,14,0,neutral
static_fixed_set,9,I20,PAC - LO ESPEJO - EL BOSQUE,I19,PAC-LO ESPEJO-SN BDO,0.4273060267390805,0.4273814663732846,0.00007543963420408861,15,15,0,complementarity_signal
static_fixed_set,9,I20,PAC - LO ESPEJO - EL BOSQUE,I15,MARTINEZ DE ROZAS,0.4148837713854609,0.4148837713854609,0,16,16,0,neutral
static_fixed_set,9,I20,PAC - LO ESPEJO - EL BOSQUE,EP-I33,LA CHIMBA,0.40472276023855985,0.40472276023855985,0,17,17,0,neutral
static_fixed_set,9,I20,PAC - LO ESPEJO - EL BOSQUE,I06,DIAGONAL ORIENTE,0.4027599400799197,0.4027599400799197,0,18,18,0,neutral
static_fixed_set,9,I20,PAC - LO ESPEJO - EL BOSQUE,I27,SANTA CECILIA - NONATO COO,0.3880527567539592,0.3880527567539592,0,19,20,-1,neutral
static_fixed_set,9,I20,PAC - LO ESPEJO - EL BOSQUE,C053,CONDELL,0.3828894120561817,0.3719416508621519,-0.010947761194029793,20,23,-3,substitution_signal
static_fixed_set,9,I20,PAC - LO ESPEJO - EL BOSQUE,I13,LO ESPEJO-RIQUELME,0.3820621452399818,0.575757287932596,0.19369514269261418,21,4,17,complementarity_signal
static_fixed_set,9,I20,PAC - LO ESPEJO - EL BOSQUE,C029,MARIA ELENA,0.37696136541397635,0.3866330072050211,0.009671641791044738,22,21,1,complementarity_signal
static_fixed_set,9,I20,PAC - LO ESPEJO - EL BOSQUE,I29,SANTA ROSA,0.37358368935251995,0.37358368935251995,0,23,22,1,neutral
static_fixed_set,9,I20,PAC - LO ESPEJO - EL BOSQUE,I09,GENERAL VELASQUEZ,0.3721251320461115,0.3974461599947048,0.02532102794859331,24,19,5,complementarity_signal
static_fixed_set,9,I20,PAC - LO ESPEJO - EL BOSQUE,I24,RADAL,0.3658033799927332,0.3658033799927332,0,25,25,0,neutral
static_fixed_set,9,I20,PAC - LO ESPEJO - EL BOSQUE,C003,CONCHA Y TORO,0.3632337610312627,0.3709576416282776,0.007723880597014898,26,24,2,complementarity_signal
static_fixed_set,9,I20,PAC - LO ESPEJO - EL BOSQUE,I17,MATUCANA,0.3601410655963122,0.3601410655963122,0,27,26,1,neutral
static_fixed_set,9,I20,PAC - LO ESPEJO - EL BOSQUE,C086,LA ESTRELLA,0.35999187568236085,0.35999187568236085,0,28,27,1,neutral
static_fixed_set,9,I20,PAC - LO ESPEJO - EL BOSQUE,I02,CARLOS VALDOVINOS,0.35451515707262266,0.35528620955926693,0.0007710524866442747,29,28,1,complementarity_signal
static_fixed_set,9,I20,PAC - LO ESPEJO - EL BOSQUE,C070,MENDOZA (EX-CORONEL ROBLES),0.3491979636725946,0.3491979636725946,0,30,30,0,neutral
static_fixed_set,9,I20,PAC - LO ESPEJO - EL BOSQUE,C014,JOSE DOMINGO CAÑAS,0.3434151720257287,0.3434151720257287,0,31,31,0,neutral
static_fixed_set,9,I20,PAC - LO ESPEJO - EL BOSQUE,C083,ORIENTAL-LAS PARCELAS,0.3340917121382666,0.3340917121382666,0,32,32,0,neutral
static_fixed_set,9,I20,PAC - LO ESPEJO - EL BOSQUE,C043,NEPTUNO,0.33367397332944054,0.33367397332944054,0,33,33,0,neutral
static_fixed_set,9,I20,PAC - LO ESPEJO - EL BOSQUE,C001,SAN EUGENIO,0.3301050844306759,0.3301050844306759,0,34,34,0,neutral
static_fixed_set,9,I20,PAC - LO ESPEJO - EL BOSQUE,C058,ANTONIO EBNER-BARROS ARANA,0.32780814449325085,0.32780814449325085,0,35,35,0,neutral
static_fixed_set,9,I20,PAC - LO ESPEJO - EL BOSQUE,C056,TEMUCO - TORO MAZOTTE,0.3228177434501412,0.3228177434501412,0,36,36,0,neutral
static_fixed_set,9,I20,PAC - LO ESPEJO - EL BOSQUE,C081,SAN GREGORIO - DIEGO MEZA,0.3227606645267239,0.3227606645267239,0,37,37,0,neutral
static_fixed_set,9,I20,PAC - LO ESPEJO - EL BOSQUE,C007,EDUARDO CASTILLO VELASCO,0.3209682481807713,0.3209682481807713,0,38,38,0,neutral
static_fixed_set,9,I20,PAC - LO ESPEJO - EL BOSQUE,C044,LOS CERRILLOS,0.32062010487637954,0.32062010487637954,0,39,39,0,neutral
static_fixed_set,9,I20,PAC - LO ESPEJO - EL BOSQUE,C024,LOS ARRAYANES - LOS COPIHUES,0.3164169532190636,0.3164169532190636,0,40,40,0,neutral
static_fixed_set,9,I20,PAC - LO ESPEJO - EL BOSQUE,C061,EL PINAR,0.3146106947615233,0.3146106947615233,0,41,41,0,neutral
static_fixed_set,9,I20,PAC - LO ESPEJO - EL BOSQUE,C074,URETA COX,0.31449957814869145,0.31449957814869145,0,42,42,0,neutral
static_fixed_set,9,I20,PAC - LO ESPEJO - EL BOSQUE,I08,GENERAL OSCAR BONILLA,0.3136080560465255,0.3136080560465255,0,43,43,0,neutral
static_fixed_set,9,I20,PAC - LO ESPEJO - EL BOSQUE,C084,EL PINO - UNO SUR,0.3114051480024474,0.24424096889796978,-0.06716417910447761,44,95,-51,substitution_signal
static_fixed_set,9,I20,PAC - LO ESPEJO - EL BOSQUE,C005,CORONEL ALEJANDRO SEPULVEDA,0.3106497256836105,0.3106497256836105,0,45,44,1,neutral
static_fixed_set,9,I20,PAC - LO ESPEJO - EL BOSQUE,C023,AVENIDA DORSAL,0.3066800306129391,0.3066800306129391,0,46,45,1,neutral
static_fixed_set,9,I20,PAC - LO ESPEJO - EL BOSQUE,I18,NUEVA IMPERIAL,0.30614217941120775,0.30614217941120775,0,47,46,1,neutral
static_fixed_set,9,I20,PAC - LO ESPEJO - EL BOSQUE,C088,ÑUBLE,0.30596663776619404,0.30596663776619404,0,48,47,1,neutral
static_fixed_set,9,I20,PAC - LO ESPEJO - EL BOSQUE,C020,LATINOAMERICA - PINTOR MURILLO - FRANCISCO TOLEDO,0.3053874986899725,0.3053874986899725,0,49,48,1,neutral
static_fixed_set,9,I20,PAC - LO ESPEJO - EL BOSQUE,C028,MADRID,0.3053850663175511,0.3053850663175511,0,50,49,1,neutral
static_fixed_set,9,I20,PAC - LO ESPEJO - EL BOSQUE,C034,PEDRO LEON UGALDE,0.30513444215224494,0.30513444215224494,0,51,50,1,neutral
static_fixed_set,9,I20,PAC - LO ESPEJO - EL BOSQUE,C037,SAN ALFONSO,0.3032697592490899,0.3032697592490899,0,52,51,1,neutral
static_fixed_set,9,I20,PAC - LO ESPEJO - EL BOSQUE,C030,MAULE,0.30294715823212187,0.30294715823212187,0,53,52,1,neutral
static_fixed_set,9,I20,PAC - LO ESPEJO - EL BOSQUE,C050,MAR DE DRAKE,0.3025177754665914,0.3025177754665914,0,54,53,1,neutral
static_fixed_set,9,I20,PAC - LO ESPEJO - EL BOSQUE,C049,FEDERICO ERRÁZURIZ (EX SERRANO),0.3020754541725971,0.3020754541725971,0,55,54,1,neutral
static_fixed_set,9,I20,PAC - LO ESPEJO - EL BOSQUE,C042,PRINCIPE DE GALES,0.3015275299366899,0.3015275299366899,0,56,55,1,neutral
static_fixed_set,9,I20,PAC - LO ESPEJO - EL BOSQUE,C076,ISLA DECEPCION,0.3008300476650675,0.3008300476650675,0,57,56,1,neutral
static_fixed_set,9,I20,PAC - LO ESPEJO - EL BOSQUE,C057,PADRE VICENTE IRARRAZABAL - MANUEL CHACON,0.30056073281559165,0.30056073281559165,0,58,57,1,neutral
static_fixed_set,9,I20,PAC - LO ESPEJO - EL BOSQUE,C039,TUPUNGATO,0.2972177850899593,0.2972177850899593,0,59,58,1,neutral
static_fixed_set,9,I20,PAC - LO ESPEJO - EL BOSQUE,C064,SILVA CARVALLO - SANTA ELENA,0.29671303455212084,0.29671303455212084,0,60,59,1,neutral
static_fixed_set,9,I20,PAC - LO ESPEJO - EL BOSQUE,C035,PRODIVENCIA,0.2966792763589295,0.2966792763589295,0,61,60,1,neutral
static_fixed_set,9,I20,PAC - LO ESPEJO - EL BOSQUE,C038,TALCAHUANO - SANTA INES - LOS EDILES,0.29573880114313694,0.29573880114313694,0,62,61,1,neutral
static_fixed_set,9,I20,PAC - LO ESPEJO - EL BOSQUE,C031,NECOCHEA,0.2942204983522875,0.2942204983522875,0,63,62,1,neutral
static_fixed_set,9,I20,PAC - LO ESPEJO - EL BOSQUE,C065,NUEVA SAN MARTIN,0.29384044783423063,0.29384044783423063,0,64,63,1,neutral
static_fixed_set,9,I20,PAC - LO ESPEJO - EL BOSQUE,C032,OBISPO MANUEL UMAÑA,0.29327981060388264,0.29327981060388264,0,65,64,1,neutral
static_fixed_set,9,I20,PAC - LO ESPEJO - EL BOSQUE,C063,LONGITUDINAL,0.2929957835605039,0.2929957835605039,0,66,65,1,neutral
static_fixed_set,9,I20,PAC - LO ESPEJO - EL BOSQUE,C015,JOSE MANUEL GUZMAN,0.2925490854889885,0.2925490854889885,0,67,66,1,neutral
static_fixed_set,9,I20,PAC - LO ESPEJO - EL BOSQUE,C013,HEROES DE LA CONCEPCION,0.29161502323158384,0.29161502323158384,0,68,67,1,neutral
static_fixed_set,9,I20,PAC - LO ESPEJO - EL BOSQUE,C004,CONSISTORIAL,0.29093172378697835,0.29093172378697835,0,69,68,1,neutral
static_fixed_set,9,I20,PAC - LO ESPEJO - EL BOSQUE,C027,LOS PRESIDENTES,0.2903073892430075,0.2903073892430075,0,70,69,1,neutral
static_fixed_set,9,I20,PAC - LO ESPEJO - EL BOSQUE,C090,SANTO DOMINGO,0.2900617837756913,0.2900617837756913,0,71,70,1,neutral
static_fixed_set,9,I20,PAC - LO ESPEJO - EL BOSQUE,I32,EINSTEIN,0.2892355135357534,0.2892355135357534,0,72,71,1,neutral
static_fixed_set,9,I20,PAC - LO ESPEJO - EL BOSQUE,I28,SANTA RAQUEL,0.2874774442364143,0.2874774442364143,0,73,72,1,neutral
static_fixed_set,9,I20,PAC - LO ESPEJO - EL BOSQUE,C060,ROJAS MAGALLANES,0.28736167748139896,0.35452585658587654,0.06716417910447758,74,29,45,complementarity_signal
static_fixed_set,9,I20,PAC - LO ESPEJO - EL BOSQUE,I23,PETERSEN - VICUÑA MACKENNA,0.28720997267232284,0.28720997267232284,0,75,73,2,neutral
static_fixed_set,9,I20,PAC - LO ESPEJO - EL BOSQUE,C046,EUCALIPTOS,0.2836213631052964,0.2836213631052964,0,76,74,2,neutral
static_fixed_set,9,I20,PAC - LO ESPEJO - EL BOSQUE,C022,LLANURA  - EL DESIERTO,0.2832694397879176,0.2832694397879176,0,77,75,2,neutral
static_fixed_set,9,I20,PAC - LO ESPEJO - EL BOSQUE,C026,LOS MAITENES,0.2734936774860785,0.2734936774860785,0,78,76,2,neutral
static_fixed_set,9,I20,PAC - LO ESPEJO - EL BOSQUE,C052,BAQUEDANO - POSTALES ORIENTE,0.2725119994529144,0.2725119994529144,0,79,77,2,neutral
static_fixed_set,9,I20,PAC - LO ESPEJO - EL BOSQUE,C089,J J PEREZ,0.26495488367176884,0.26495488367176884,0,80,78,2,neutral
static_fixed_set,9,I20,PAC - LO ESPEJO - EL BOSQUE,C047,VIOLETA PARRA,0.2648001936107111,0.2648001936107111,0,81,79,2,neutral
static_fixed_set,9,I20,PAC - LO ESPEJO - EL BOSQUE,C079,LAS AMERICAS,0.2644298389232769,0.2644298389232769,0,82,80,2,neutral
static_fixed_set,9,I20,PAC - LO ESPEJO - EL BOSQUE,C021,LAUTARO,0.26431781044192787,0.26431781044192787,0,83,81,2,neutral
static_fixed_set,9,I20,PAC - LO ESPEJO - EL BOSQUE,C078,WALDO TAFF,0.2640982140605202,0.2640982140605202,0,84,82,2,neutral
static_fixed_set,9,I20,PAC - LO ESPEJO - EL BOSQUE,C012,GABRIELA ORIENTE,0.2629227099391113,0.2629227099391113,0,85,83,2,neutral
static_fixed_set,9,I20,PAC - LO ESPEJO - EL BOSQUE,I31,FERNANDEZ ALBANO,0.2626404601749897,0.2626404601749897,0,86,84,2,neutral
static_fixed_set,9,I20,PAC - LO ESPEJO - EL BOSQUE,C40,VICUÑA MACKENNA - SAN MARTIN,0.2599804114545511,0.2599804114545511,0,87,85,2,neutral
static_fixed_set,9,I20,PAC - LO ESPEJO - EL BOSQUE,C011,EYZAGUIRRE,0.2597262361382782,0.2597262361382782,0,88,86,2,neutral
static_fixed_set,9,I20,PAC - LO ESPEJO - EL BOSQUE,C069,LOS OLMOS,0.2594151168255869,0.2594151168255869,0,89,87,2,neutral
static_fixed_set,9,I20,PAC - LO ESPEJO - EL BOSQUE,C009,EL ROSAL - SANTA ELENA,0.258292338870139,0.258292338870139,0,90,88,2,neutral
static_fixed_set,9,I20,PAC - LO ESPEJO - EL BOSQUE,C002,CAPITAN IGNACIO CARRERA PINTO,0.2546555618818747,0.2546555618818747,0,91,89,2,neutral
static_fixed_set,9,I20,PAC - LO ESPEJO - EL BOSQUE,C048,GENERAL ARRIAGADA,0.2517348978903142,0.2517348978903142,0,92,90,2,neutral
static_fixed_set,9,I20,PAC - LO ESPEJO - EL BOSQUE,C033,OBSERVATORIO,0.25172362934577086,0.25172362934577086,0,93,91,2,neutral
static_fixed_set,9,I20,PAC - LO ESPEJO - EL BOSQUE,C062,CORONA SUECA,0.2513511863347979,0.2513511863347979,0,94,92,2,neutral
static_fixed_set,9,I20,PAC - LO ESPEJO - EL BOSQUE,I03,CARRASCAL,0.24854515940907576,0.24854515940907576,0,95,93,2,neutral
static_fixed_set,9,I20,PAC - LO ESPEJO - EL BOSQUE,C054,VICTORIA,0.24818166256108362,0.24818166256108362,0,96,94,2,neutral
static_fixed_set,9,I20,PAC - LO ESPEJO - EL BOSQUE,C071,BARROS ARANA,0.2432718387690382,0.2432718387690382,0,97,96,1,neutral
static_fixed_set,9,I20,PAC - LO ESPEJO - EL BOSQUE,C082,CAUPOLICAN,0.24201028797730914,0.24201028797730914,0,98,97,1,neutral
static_fixed_set,9,I20,PAC - LO ESPEJO - EL BOSQUE,C080,PARAGUAY,0.2404621201898296,0.2404621201898296,0,99,98,1,neutral
static_fixed_set,9,I20,PAC - LO ESPEJO - EL BOSQUE,C010,ESQ BLANCA - ALBERTO LLONA,0.238468098274494,0.238468098274494,0,100,99,1,neutral
static_fixed_set,9,I20,PAC - LO ESPEJO - EL BOSQUE,C041,VISTA HERMOSA,0.23729046079619398,0.23729046079619398,0,101,100,1,neutral
static_fixed_set,9,I20,PAC - LO ESPEJO - EL BOSQUE,C087,SALVADOR GUTIERREZ,0.23167583897026392,0.23167583897026392,0,102,101,1,neutral
static_fixed_set,9,I20,PAC - LO ESPEJO - EL BOSQUE,C019,LAS HIJUELAS SUR - LIBERTADOR BERNARDO OHIGGINS,0.23151138733257812,0.23151138733257812,0,103,102,1,neutral
static_fixed_set,9,I20,PAC - LO ESPEJO - EL BOSQUE,C017,LA PARINACOTA,0.2279533954363316,0.2279533954363316,0,104,103,1,neutral
static_fixed_set,9,I20,PAC - LO ESPEJO - EL BOSQUE,C051,JOSE MIGUEL INFANTE - DOMINGO STA MARIA,0.22770327755636682,0.22770327755636682,0,105,104,1,neutral
static_fixed_set,9,I20,PAC - LO ESPEJO - EL BOSQUE,C085,LOS LIBERTADORES,0.2268347257875762,0.2268347257875762,0,106,105,1,neutral
static_fixed_set,9,I20,PAC - LO ESPEJO - EL BOSQUE,C008,EL CERRO,0.22664145134727998,0.22664145134727998,0,107,106,1,neutral
static_fixed_set,9,I20,PAC - LO ESPEJO - EL BOSQUE,C036,RIO REFUGIO - SALAR SURIRE,0.22368469062682966,0.22368469062682966,0,108,107,1,neutral
static_fixed_set,9,I20,PAC - LO ESPEJO - EL BOSQUE,C077,RICARDO VIAL,0.22334495183243977,0.22334495183243977,0,109,108,1,neutral
static_fixed_set,9,I20,PAC - LO ESPEJO - EL BOSQUE,C072,COVADONGA,0.2222660174854263,0.2222660174854263,0,110,109,1,neutral
static_fixed_set,9,I20,PAC - LO ESPEJO - EL BOSQUE,C045,PORTO ALEGRE,0.20694825901947317,0.20694825901947317,0,111,110,1,neutral
static_fixed_set,9,I20,PAC - LO ESPEJO - EL BOSQUE,C055,ARTURO PRAT,0.1970214926913857,0.1970214926913857,0,112,111,1,neutral
static_fixed_set,9,I20,PAC - LO ESPEJO - EL BOSQUE,C018,LA PRIMAVERA,0.18728903995307272,0.18728903995307272,0,113,112,1,neutral
static_fixed_set,9,I20,PAC - LO ESPEJO - EL BOSQUE,C016,JUANITA,0.18668462173835745,0.18668462173835745,0,114,113,1,neutral
static_fixed_set,9,I20,PAC - LO ESPEJO - EL BOSQUE,C025,LOS DURAZNOS,0.17773769788730326,0.17773769788730326,0,115,114,1,neutral
static_fixed_set,9,I20,PAC - LO ESPEJO - EL BOSQUE,C073,LOS MORROS,0.16537203853610075,0.16537203853610075,0,116,115,1,neutral
static_fixed_set,10,I15,MARTINEZ DE ROZAS,I22,PEDRO FONTOVA,0.642121039418184,0.642121039418184,0,1,1,0,neutral
static_fixed_set,10,I15,MARTINEZ DE ROZAS,I25,SAN FRANCISCO,0.6168375303539617,0.6168375303539617,0,2,2,0,neutral
static_fixed_set,10,I15,MARTINEZ DE ROZAS,I10,GRAN AVENIDA,0.6066431127614716,0.6066431127614716,0,3,3,0,neutral
static_fixed_set,10,I15,MARTINEZ DE ROZAS,I13,LO ESPEJO-RIQUELME,0.575757287932596,0.575757287932596,0,4,4,0,neutral
static_fixed_set,10,I15,MARTINEZ DE ROZAS,I01,BARÓN DE JURAS REALES,0.5750854459755566,0.5750854459755566,0,5,5,0,neutral
static_fixed_set,10,I15,MARTINEZ DE ROZAS,C067,CARDENAL RAUL SILVA HENRIQUEZ,0.5588249720320737,0.5588249720320737,0,6,6,0,neutral
static_fixed_set,10,I15,MARTINEZ DE ROZAS,I04,DEL FERROCARRIL,0.5126019439196937,0.5126019439196937,0,7,7,0,neutral
static_fixed_set,10,I15,MARTINEZ DE ROZAS,I07,EL GUANACO,0.5032416286989723,0.5032416286989723,0,8,8,0,neutral
static_fixed_set,10,I15,MARTINEZ DE ROZAS,C068,SAN CARLOS,0.48156244324655567,0.48156244324655567,0,9,9,0,neutral
static_fixed_set,10,I15,MARTINEZ DE ROZAS,EP-I34,VICUÑA MACKENNA,0.4789418889773093,0.4789418889773093,0,10,10,0,neutral
static_fixed_set,10,I15,MARTINEZ DE ROZAS,EP-I10,GRAN AVENIDA,0.45144768344752356,0.45144768344752356,0,11,11,0,neutral
static_fixed_set,10,I15,MARTINEZ DE ROZAS,I21,PEDRO DE VALDIVIA,0.45114542999020335,0.45114542999020335,0,12,12,0,neutral
static_fixed_set,10,I15,MARTINEZ DE ROZAS,C006,DOMINGO TOCORNAL,0.44257795158972896,0.44257795158972896,0,13,13,0,neutral
static_fixed_set,10,I15,MARTINEZ DE ROZAS,I05,DIAGONAL JOSE MARIA CARO,0.43088688736076497,0.43088688736076497,0,14,14,0,neutral
static_fixed_set,10,I15,MARTINEZ DE ROZAS,I19,PAC-LO ESPEJO-SN BDO,0.4273814663732846,0.4273814663732846,0,15,15,0,neutral
static_fixed_set,10,I15,MARTINEZ DE ROZAS,EP-I33,LA CHIMBA,0.40472276023855985,0.40472276023855985,0,17,16,1,neutral
static_fixed_set,10,I15,MARTINEZ DE ROZAS,I06,DIAGONAL ORIENTE,0.4027599400799197,0.4027599400799197,0,18,17,1,neutral
static_fixed_set,10,I15,MARTINEZ DE ROZAS,I09,GENERAL VELASQUEZ,0.3974461599947048,0.3974461599947048,0,19,18,1,neutral
static_fixed_set,10,I15,MARTINEZ DE ROZAS,I27,SANTA CECILIA - NONATO COO,0.3880527567539592,0.3880527567539592,0,20,19,1,neutral
static_fixed_set,10,I15,MARTINEZ DE ROZAS,C029,MARIA ELENA,0.3866330072050211,0.3866330072050211,0,21,20,1,neutral
static_fixed_set,10,I15,MARTINEZ DE ROZAS,I29,SANTA ROSA,0.37358368935251995,0.37358368935251995,0,22,21,1,neutral
static_fixed_set,10,I15,MARTINEZ DE ROZAS,C053,CONDELL,0.3719416508621519,0.3719416508621519,0,23,22,1,neutral
static_fixed_set,10,I15,MARTINEZ DE ROZAS,C003,CONCHA Y TORO,0.3709576416282776,0.3709576416282776,0,24,23,1,neutral
static_fixed_set,10,I15,MARTINEZ DE ROZAS,I24,RADAL,0.3658033799927332,0.36695995872269965,0.0011565787299664398,25,24,1,complementarity_signal
static_fixed_set,10,I15,MARTINEZ DE ROZAS,I17,MATUCANA,0.3601410655963122,0.3620686968129228,0.0019276312166106035,26,25,1,complementarity_signal
static_fixed_set,10,I15,MARTINEZ DE ROZAS,C086,LA ESTRELLA,0.35999187568236085,0.35999187568236085,0,27,26,1,neutral
static_fixed_set,10,I15,MARTINEZ DE ROZAS,I02,CARLOS VALDOVINOS,0.35528620955926693,0.35528620955926693,0,28,27,1,neutral
static_fixed_set,10,I15,MARTINEZ DE ROZAS,C060,ROJAS MAGALLANES,0.35452585658587654,0.35452585658587654,0,29,28,1,neutral
static_fixed_set,10,I15,MARTINEZ DE ROZAS,C070,MENDOZA (EX-CORONEL ROBLES),0.3491979636725946,0.3503545424025609,0.0011565787299663288,30,29,1,complementarity_signal
static_fixed_set,10,I15,MARTINEZ DE ROZAS,C014,JOSE DOMINGO CAÑAS,0.3434151720257287,0.3434151720257287,0,31,30,1,neutral
static_fixed_set,10,I15,MARTINEZ DE ROZAS,C083,ORIENTAL-LAS PARCELAS,0.3340917121382666,0.3340917121382666,0,32,31,1,neutral
static_fixed_set,10,I15,MARTINEZ DE ROZAS,C043,NEPTUNO,0.33367397332944054,0.33367397332944054,0,33,32,1,neutral
static_fixed_set,10,I15,MARTINEZ DE ROZAS,C001,SAN EUGENIO,0.3301050844306759,0.3301050844306759,0,34,33,1,neutral
static_fixed_set,10,I15,MARTINEZ DE ROZAS,C058,ANTONIO EBNER-BARROS ARANA,0.32780814449325085,0.32857919697989507,0.0007710524866442192,35,34,1,complementarity_signal
static_fixed_set,10,I15,MARTINEZ DE ROZAS,C056,TEMUCO - TORO MAZOTTE,0.3228177434501412,0.3228177434501412,0,36,35,1,neutral
static_fixed_set,10,I15,MARTINEZ DE ROZAS,C081,SAN GREGORIO - DIEGO MEZA,0.3227606645267239,0.3227606645267239,0,37,36,1,neutral
static_fixed_set,10,I15,MARTINEZ DE ROZAS,C007,EDUARDO CASTILLO VELASCO,0.3209682481807713,0.3209682481807713,0,38,37,1,neutral
static_fixed_set,10,I15,MARTINEZ DE ROZAS,C044,LOS CERRILLOS,0.32062010487637954,0.32062010487637954,0,39,38,1,neutral
static_fixed_set,10,I15,MARTINEZ DE ROZAS,C024,LOS ARRAYANES - LOS COPIHUES,0.3164169532190636,0.3164169532190636,0,40,39,1,neutral
static_fixed_set,10,I15,MARTINEZ DE ROZAS,C061,EL PINAR,0.3146106947615233,0.3146106947615233,0,41,40,1,neutral
static_fixed_set,10,I15,MARTINEZ DE ROZAS,C074,URETA COX,0.31449957814869145,0.31449957814869145,0,42,41,1,neutral
static_fixed_set,10,I15,MARTINEZ DE ROZAS,I08,GENERAL OSCAR BONILLA,0.3136080560465255,0.3136080560465255,0,43,42,1,neutral
static_fixed_set,10,I15,MARTINEZ DE ROZAS,C005,CORONEL ALEJANDRO SEPULVEDA,0.3106497256836105,0.3106497256836105,0,44,43,1,neutral
static_fixed_set,10,I15,MARTINEZ DE ROZAS,C023,AVENIDA DORSAL,0.3066800306129391,0.3066800306129391,0,45,44,1,neutral
static_fixed_set,10,I15,MARTINEZ DE ROZAS,I18,NUEVA IMPERIAL,0.30614217941120775,0.30614217941120775,0,46,45,1,neutral
static_fixed_set,10,I15,MARTINEZ DE ROZAS,C088,ÑUBLE,0.30596663776619404,0.30596663776619404,0,47,46,1,neutral
static_fixed_set,10,I15,MARTINEZ DE ROZAS,C020,LATINOAMERICA - PINTOR MURILLO - FRANCISCO TOLEDO,0.3053874986899725,0.3053874986899725,0,48,47,1,neutral
static_fixed_set,10,I15,MARTINEZ DE ROZAS,C028,MADRID,0.3053850663175511,0.3053850663175511,0,49,48,1,neutral
static_fixed_set,10,I15,MARTINEZ DE ROZAS,C034,PEDRO LEON UGALDE,0.30513444215224494,0.30513444215224494,0,50,49,1,neutral
static_fixed_set,10,I15,MARTINEZ DE ROZAS,C037,SAN ALFONSO,0.3032697592490899,0.3032697592490899,0,51,50,1,neutral
static_fixed_set,10,I15,MARTINEZ DE ROZAS,C030,MAULE,0.30294715823212187,0.30294715823212187,0,52,51,1,neutral
static_fixed_set,10,I15,MARTINEZ DE ROZAS,C050,MAR DE DRAKE,0.3025177754665914,0.3025177754665914,0,53,52,1,neutral
static_fixed_set,10,I15,MARTINEZ DE ROZAS,C049,FEDERICO ERRÁZURIZ (EX SERRANO),0.3020754541725971,0.3020754541725971,0,54,53,1,neutral
static_fixed_set,10,I15,MARTINEZ DE ROZAS,C042,PRINCIPE DE GALES,0.3015275299366899,0.3015275299366899,0,55,54,1,neutral
static_fixed_set,10,I15,MARTINEZ DE ROZAS,C076,ISLA DECEPCION,0.3008300476650675,0.3008300476650675,0,56,55,1,neutral
static_fixed_set,10,I15,MARTINEZ DE ROZAS,C057,PADRE VICENTE IRARRAZABAL - MANUEL CHACON,0.30056073281559165,0.30056073281559165,0,57,56,1,neutral
static_fixed_set,10,I15,MARTINEZ DE ROZAS,C039,TUPUNGATO,0.2972177850899593,0.2972177850899593,0,58,57,1,neutral
static_fixed_set,10,I15,MARTINEZ DE ROZAS,C064,SILVA CARVALLO - SANTA ELENA,0.29671303455212084,0.29671303455212084,0,59,58,1,neutral
static_fixed_set,10,I15,MARTINEZ DE ROZAS,C035,PRODIVENCIA,0.2966792763589295,0.2966792763589295,0,60,59,1,neutral
static_fixed_set,10,I15,MARTINEZ DE ROZAS,C038,TALCAHUANO - SANTA INES - LOS EDILES,0.29573880114313694,0.29573880114313694,0,61,60,1,neutral
static_fixed_set,10,I15,MARTINEZ DE ROZAS,C031,NECOCHEA,0.2942204983522875,0.29460602459560964,0.0003855262433221651,62,61,1,complementarity_signal
static_fixed_set,10,I15,MARTINEZ DE ROZAS,C065,NUEVA SAN MARTIN,0.29384044783423063,0.29384044783423063,0,63,62,1,neutral
static_fixed_set,10,I15,MARTINEZ DE ROZAS,C032,OBISPO MANUEL UMAÑA,0.29327981060388264,0.29327981060388264,0,64,63,1,neutral
static_fixed_set,10,I15,MARTINEZ DE ROZAS,C063,LONGITUDINAL,0.2929957835605039,0.2929957835605039,0,65,64,1,neutral
static_fixed_set,10,I15,MARTINEZ DE ROZAS,C015,JOSE MANUEL GUZMAN,0.2925490854889885,0.2925490854889885,0,66,65,1,neutral
static_fixed_set,10,I15,MARTINEZ DE ROZAS,C013,HEROES DE LA CONCEPCION,0.29161502323158384,0.29161502323158384,0,67,67,0,neutral
static_fixed_set,10,I15,MARTINEZ DE ROZAS,C004,CONSISTORIAL,0.29093172378697835,0.29093172378697835,0,68,68,0,neutral
static_fixed_set,10,I15,MARTINEZ DE ROZAS,C027,LOS PRESIDENTES,0.2903073892430075,0.2903073892430075,0,69,69,0,neutral
static_fixed_set,10,I15,MARTINEZ DE ROZAS,C090,SANTO DOMINGO,0.2900617837756913,0.29198941499230197,0.001927631216610659,70,66,4,complementarity_signal
static_fixed_set,10,I15,MARTINEZ DE ROZAS,I32,EINSTEIN,0.2892355135357534,0.2892355135357534,0,71,70,1,neutral
static_fixed_set,10,I15,MARTINEZ DE ROZAS,I28,SANTA RAQUEL,0.2874774442364143,0.2874774442364143,0,72,71,1,neutral
static_fixed_set,10,I15,MARTINEZ DE ROZAS,I23,PETERSEN - VICUÑA MACKENNA,0.28720997267232284,0.28720997267232284,0,73,72,1,neutral
static_fixed_set,10,I15,MARTINEZ DE ROZAS,C046,EUCALIPTOS,0.2836213631052964,0.2836213631052964,0,74,73,1,neutral
static_fixed_set,10,I15,MARTINEZ DE ROZAS,C022,LLANURA  - EL DESIERTO,0.2832694397879176,0.2832694397879176,0,75,74,1,neutral
static_fixed_set,10,I15,MARTINEZ DE ROZAS,C026,LOS MAITENES,0.2734936774860785,0.2734936774860785,0,76,75,1,neutral
static_fixed_set,10,I15,MARTINEZ DE ROZAS,C052,BAQUEDANO - POSTALES ORIENTE,0.2725119994529144,0.2725119994529144,0,77,76,1,neutral
static_fixed_set,10,I15,MARTINEZ DE ROZAS,C089,J J PEREZ,0.26495488367176884,0.26495488367176884,0,78,77,1,neutral
static_fixed_set,10,I15,MARTINEZ DE ROZAS,C047,VIOLETA PARRA,0.2648001936107111,0.2648001936107111,0,79,78,1,neutral
static_fixed_set,10,I15,MARTINEZ DE ROZAS,C079,LAS AMERICAS,0.2644298389232769,0.2644298389232769,0,80,79,1,neutral
static_fixed_set,10,I15,MARTINEZ DE ROZAS,C021,LAUTARO,0.26431781044192787,0.26431781044192787,0,81,80,1,neutral
static_fixed_set,10,I15,MARTINEZ DE ROZAS,C078,WALDO TAFF,0.2640982140605202,0.2640982140605202,0,82,81,1,neutral
static_fixed_set,10,I15,MARTINEZ DE ROZAS,C012,GABRIELA ORIENTE,0.2629227099391113,0.2629227099391113,0,83,82,1,neutral
static_fixed_set,10,I15,MARTINEZ DE ROZAS,I31,FERNANDEZ ALBANO,0.2626404601749897,0.2626404601749897,0,84,83,1,neutral
static_fixed_set,10,I15,MARTINEZ DE ROZAS,C40,VICUÑA MACKENNA - SAN MARTIN,0.2599804114545511,0.2599804114545511,0,85,84,1,neutral
static_fixed_set,10,I15,MARTINEZ DE ROZAS,C011,EYZAGUIRRE,0.2597262361382782,0.2597262361382782,0,86,85,1,neutral
static_fixed_set,10,I15,MARTINEZ DE ROZAS,C069,LOS OLMOS,0.2594151168255869,0.2594151168255869,0,87,86,1,neutral
static_fixed_set,10,I15,MARTINEZ DE ROZAS,C009,EL ROSAL - SANTA ELENA,0.258292338870139,0.258292338870139,0,88,87,1,neutral
static_fixed_set,10,I15,MARTINEZ DE ROZAS,C002,CAPITAN IGNACIO CARRERA PINTO,0.2546555618818747,0.2546555618818747,0,89,88,1,neutral
static_fixed_set,10,I15,MARTINEZ DE ROZAS,C048,GENERAL ARRIAGADA,0.2517348978903142,0.2517348978903142,0,90,89,1,neutral
static_fixed_set,10,I15,MARTINEZ DE ROZAS,C033,OBSERVATORIO,0.25172362934577086,0.25172362934577086,0,91,90,1,neutral
static_fixed_set,10,I15,MARTINEZ DE ROZAS,C062,CORONA SUECA,0.2513511863347979,0.2513511863347979,0,92,91,1,neutral
static_fixed_set,10,I15,MARTINEZ DE ROZAS,I03,CARRASCAL,0.24854515940907576,0.24854515940907576,0,93,92,1,neutral
static_fixed_set,10,I15,MARTINEZ DE ROZAS,C054,VICTORIA,0.24818166256108362,0.24818166256108362,0,94,93,1,neutral
static_fixed_set,10,I15,MARTINEZ DE ROZAS,C084,EL PINO - UNO SUR,0.24424096889796978,0.24424096889796978,0,95,94,1,neutral
static_fixed_set,10,I15,MARTINEZ DE ROZAS,C071,BARROS ARANA,0.2432718387690382,0.2432718387690382,0,96,95,1,neutral
static_fixed_set,10,I15,MARTINEZ DE ROZAS,C082,CAUPOLICAN,0.24201028797730914,0.24201028797730914,0,97,96,1,neutral
static_fixed_set,10,I15,MARTINEZ DE ROZAS,C080,PARAGUAY,0.2404621201898296,0.2404621201898296,0,98,97,1,neutral
static_fixed_set,10,I15,MARTINEZ DE ROZAS,C010,ESQ BLANCA - ALBERTO LLONA,0.238468098274494,0.238468098274494,0,99,98,1,neutral
static_fixed_set,10,I15,MARTINEZ DE ROZAS,C041,VISTA HERMOSA,0.23729046079619398,0.23729046079619398,0,100,99,1,neutral
static_fixed_set,10,I15,MARTINEZ DE ROZAS,C087,SALVADOR GUTIERREZ,0.23167583897026392,0.23167583897026392,0,101,100,1,neutral
static_fixed_set,10,I15,MARTINEZ DE ROZAS,C019,LAS HIJUELAS SUR - LIBERTADOR BERNARDO OHIGGINS,0.23151138733257812,0.23151138733257812,0,102,101,1,neutral
static_fixed_set,10,I15,MARTINEZ DE ROZAS,C017,LA PARINACOTA,0.2279533954363316,0.2279533954363316,0,103,102,1,neutral
static_fixed_set,10,I15,MARTINEZ DE ROZAS,C051,JOSE MIGUEL INFANTE - DOMINGO STA MARIA,0.22770327755636682,0.22770327755636682,0,104,103,1,neutral
static_fixed_set,10,I15,MARTINEZ DE ROZAS,C085,LOS LIBERTADORES,0.2268347257875762,0.2268347257875762,0,105,104,1,neutral
static_fixed_set,10,I15,MARTINEZ DE ROZAS,C008,EL CERRO,0.22664145134727998,0.22664145134727998,0,106,105,1,neutral
static_fixed_set,10,I15,MARTINEZ DE ROZAS,C036,RIO REFUGIO - SALAR SURIRE,0.22368469062682966,0.22368469062682966,0,107,106,1,neutral
static_fixed_set,10,I15,MARTINEZ DE ROZAS,C077,RICARDO VIAL,0.22334495183243977,0.22334495183243977,0,108,107,1,neutral
static_fixed_set,10,I15,MARTINEZ DE ROZAS,C072,COVADONGA,0.2222660174854263,0.2222660174854263,0,109,108,1,neutral
static_fixed_set,10,I15,MARTINEZ DE ROZAS,C045,PORTO ALEGRE,0.20694825901947317,0.20694825901947317,0,110,109,1,neutral
static_fixed_set,10,I15,MARTINEZ DE ROZAS,C055,ARTURO PRAT,0.1970214926913857,0.1970214926913857,0,111,110,1,neutral
static_fixed_set,10,I15,MARTINEZ DE ROZAS,C018,LA PRIMAVERA,0.18728903995307272,0.18728903995307272,0,112,111,1,neutral
static_fixed_set,10,I15,MARTINEZ DE ROZAS,C016,JUANITA,0.18668462173835745,0.18668462173835745,0,113,112,1,neutral
static_fixed_set,10,I15,MARTINEZ DE ROZAS,C025,LOS DURAZNOS,0.17773769788730326,0.17773769788730326,0,114,113,1,neutral
static_fixed_set,10,I15,MARTINEZ DE ROZAS,C073,LOS MORROS,0.16537203853610075,0.16537203853610075,0,115,114,1,neutral
static_fixed_set,11,I01,BARÓN DE JURAS REALES,I22,PEDRO FONTOVA,0.642121039418184,0.5138601129747042,-0.12826092644347975,1,6,-5,substitution_signal
static_fixed_set,11,I01,BARÓN DE JURAS REALES,I25,SAN FRANCISCO,0.6168375303539617,0.6224345452793348,0.005597014925373123,2,1,1,complementarity_signal
static_fixed_set,11,I01,BARÓN DE JURAS REALES,I10,GRAN AVENIDA,0.6066431127614716,0.6122401276868448,0.005597014925373123,3,2,1,complementarity_signal
static_fixed_set,11,I01,BARÓN DE JURAS REALES,I13,LO ESPEJO-RIQUELME,0.575757287932596,0.5813543028579691,0.005597014925373123,4,3,1,complementarity_signal
static_fixed_set,11,I01,BARÓN DE JURAS REALES,C067,CARDENAL RAUL SILVA HENRIQUEZ,0.5588249720320737,0.5644219869574468,0.005597014925373123,6,4,2,complementarity_signal
static_fixed_set,11,I01,BARÓN DE JURAS REALES,I04,DEL FERROCARRIL,0.5126019439196937,0.5259726120449282,0.013370668125234464,7,5,2,complementarity_signal
static_fixed_set,11,I01,BARÓN DE JURAS REALES,I07,EL GUANACO,0.5032416286989723,0.3235831019219907,-0.17965852677698158,8,34,-26,substitution_signal
static_fixed_set,11,I01,BARÓN DE JURAS REALES,C068,SAN CARLOS,0.48156244324655567,0.48156244324655567,0,9,7,2,neutral
static_fixed_set,11,I01,BARÓN DE JURAS REALES,EP-I34,VICUÑA MACKENNA,0.4789418889773093,0.4789418889773093,0,10,8,2,neutral
static_fixed_set,11,I01,BARÓN DE JURAS REALES,EP-I10,GRAN AVENIDA,0.45144768344752356,0.45144768344752356,0,11,10,1,neutral
static_fixed_set,11,I01,BARÓN DE JURAS REALES,I21,PEDRO DE VALDIVIA,0.45114542999020335,0.4567424449155765,0.005597014925373123,12,9,3,complementarity_signal
static_fixed_set,11,I01,BARÓN DE JURAS REALES,C006,DOMINGO TOCORNAL,0.44257795158972896,0.44257795158972896,0,13,11,2,neutral
static_fixed_set,11,I01,BARÓN DE JURAS REALES,I05,DIAGONAL JOSE MARIA CARO,0.43088688736076497,0.38592576522190053,-0.04496112213886444,14,18,-4,substitution_signal
static_fixed_set,11,I01,BARÓN DE JURAS REALES,I19,PAC-LO ESPEJO-SN BDO,0.4273814663732846,0.4273814663732846,0,15,12,3,neutral
static_fixed_set,11,I01,BARÓN DE JURAS REALES,EP-I33,LA CHIMBA,0.40472276023855985,0.41080541623321226,0.006082655994652408,16,13,3,complementarity_signal
static_fixed_set,11,I01,BARÓN DE JURAS REALES,I06,DIAGONAL ORIENTE,0.4027599400799197,0.4027599400799197,0,17,14,3,neutral
static_fixed_set,11,I01,BARÓN DE JURAS REALES,I09,GENERAL VELASQUEZ,0.3974461599947048,0.3974461599947048,0,18,15,3,neutral
static_fixed_set,11,I01,BARÓN DE JURAS REALES,I27,SANTA CECILIA - NONATO COO,0.3880527567539592,0.3880527567539592,0,19,16,3,neutral
static_fixed_set,11,I01,BARÓN DE JURAS REALES,C029,MARIA ELENA,0.3866330072050211,0.3866330072050211,0,20,17,3,neutral
static_fixed_set,11,I01,BARÓN DE JURAS REALES,I29,SANTA ROSA,0.37358368935251995,0.37358368935251995,0,21,19,2,neutral
static_fixed_set,11,I01,BARÓN DE JURAS REALES,C053,CONDELL,0.3719416508621519,0.3719416508621519,0,22,20,2,neutral
static_fixed_set,11,I01,BARÓN DE JURAS REALES,C003,CONCHA Y TORO,0.3709576416282776,0.3709576416282776,0,23,21,2,neutral
static_fixed_set,11,I01,BARÓN DE JURAS REALES,I24,RADAL,0.36695995872269965,0.36732564728087047,0.000365688558170818,24,22,2,complementarity_signal
static_fixed_set,11,I01,BARÓN DE JURAS REALES,I17,MATUCANA,0.3620686968129228,0.36212617405782893,0.00005747724490612338,25,24,1,complementarity_signal
static_fixed_set,11,I01,BARÓN DE JURAS REALES,C086,LA ESTRELLA,0.35999187568236085,0.36643522221388786,0.0064433465315270055,26,23,3,complementarity_signal
static_fixed_set,11,I01,BARÓN DE JURAS REALES,I02,CARLOS VALDOVINOS,0.35528620955926693,0.35528620955926693,0,27,26,1,neutral
static_fixed_set,11,I01,BARÓN DE JURAS REALES,C060,ROJAS MAGALLANES,0.35452585658587654,0.35452585658587654,0,28,27,1,neutral
static_fixed_set,11,I01,BARÓN DE JURAS REALES,C070,MENDOZA (EX-CORONEL ROBLES),0.3503545424025609,0.35637389012746173,0.006019347724900814,29,25,4,complementarity_signal
static_fixed_set,11,I01,BARÓN DE JURAS REALES,C014,JOSE DOMINGO CAÑAS,0.3434151720257287,0.3434151720257287,0,30,28,2,neutral
static_fixed_set,11,I01,BARÓN DE JURAS REALES,C083,ORIENTAL-LAS PARCELAS,0.3340917121382666,0.3340917121382666,0,31,29,2,neutral
static_fixed_set,11,I01,BARÓN DE JURAS REALES,C043,NEPTUNO,0.33367397332944054,0.33367397332944054,0,32,30,2,neutral
static_fixed_set,11,I01,BARÓN DE JURAS REALES,C001,SAN EUGENIO,0.3301050844306759,0.3301050844306759,0,33,31,2,neutral
static_fixed_set,11,I01,BARÓN DE JURAS REALES,C058,ANTONIO EBNER-BARROS ARANA,0.32857919697989507,0.32857919697989507,0,34,32,2,neutral
static_fixed_set,11,I01,BARÓN DE JURAS REALES,C056,TEMUCO - TORO MAZOTTE,0.3228177434501412,0.3285688640321467,0.005751120582005498,35,33,2,complementarity_signal
static_fixed_set,11,I01,BARÓN DE JURAS REALES,C081,SAN GREGORIO - DIEGO MEZA,0.3227606645267239,0.3227606645267239,0,36,35,1,neutral
static_fixed_set,11,I01,BARÓN DE JURAS REALES,C007,EDUARDO CASTILLO VELASCO,0.3209682481807713,0.3209682481807713,0,37,36,1,neutral
static_fixed_set,11,I01,BARÓN DE JURAS REALES,C044,LOS CERRILLOS,0.32062010487637954,0.3207175662916551,0.00009746141527555707,38,37,1,complementarity_signal
static_fixed_set,11,I01,BARÓN DE JURAS REALES,C024,LOS ARRAYANES - LOS COPIHUES,0.3164169532190636,0.3164169532190636,0,39,39,0,neutral
static_fixed_set,11,I01,BARÓN DE JURAS REALES,C061,EL PINAR,0.3146106947615233,0.3146106947615233,0,40,40,0,neutral
static_fixed_set,11,I01,BARÓN DE JURAS REALES,C074,URETA COX,0.31449957814869145,0.31449957814869145,0,41,41,0,neutral
static_fixed_set,11,I01,BARÓN DE JURAS REALES,I08,GENERAL OSCAR BONILLA,0.3136080560465255,0.3194932901999786,0.0058852341534531005,42,38,4,complementarity_signal
static_fixed_set,11,I01,BARÓN DE JURAS REALES,C005,CORONEL ALEJANDRO SEPULVEDA,0.3106497256836105,0.3106497256836105,0,43,42,1,neutral
static_fixed_set,11,I01,BARÓN DE JURAS REALES,C023,AVENIDA DORSAL,0.3066800306129391,0.3066800306129391,0,44,44,0,neutral
static_fixed_set,11,I01,BARÓN DE JURAS REALES,I18,NUEVA IMPERIAL,0.30614217941120775,0.30619965665611387,0.00005747724490612338,45,46,-1,complementarity_signal
static_fixed_set,11,I01,BARÓN DE JURAS REALES,C088,ÑUBLE,0.30596663776619404,0.30596663776619404,0,46,47,-1,neutral
static_fixed_set,11,I01,BARÓN DE JURAS REALES,C020,LATINOAMERICA - PINTOR MURILLO - FRANCISCO TOLEDO,0.3053874986899725,0.3053874986899725,0,47,48,-1,neutral
static_fixed_set,11,I01,BARÓN DE JURAS REALES,C028,MADRID,0.3053850663175511,0.3053850663175511,0,48,49,-1,neutral
static_fixed_set,11,I01,BARÓN DE JURAS REALES,C034,PEDRO LEON UGALDE,0.30513444215224494,0.30513444215224494,0,49,50,-1,neutral
static_fixed_set,11,I01,BARÓN DE JURAS REALES,C037,SAN ALFONSO,0.3032697592490899,0.3032697592490899,0,50,51,-1,neutral
static_fixed_set,11,I01,BARÓN DE JURAS REALES,C030,MAULE,0.30294715823212187,0.30294715823212187,0,51,52,-1,neutral
static_fixed_set,11,I01,BARÓN DE JURAS REALES,C050,MAR DE DRAKE,0.3025177754665914,0.30811479039196454,0.005597014925373123,52,43,9,complementarity_signal
static_fixed_set,11,I01,BARÓN DE JURAS REALES,C049,FEDERICO ERRÁZURIZ (EX SERRANO),0.3020754541725971,0.30234118230484425,0.00026572813224712277,53,54,-1,complementarity_signal
static_fixed_set,11,I01,BARÓN DE JURAS REALES,C042,PRINCIPE DE GALES,0.3015275299366899,0.3015275299366899,0,54,55,-1,neutral
static_fixed_set,11,I01,BARÓN DE JURAS REALES,C076,ISLA DECEPCION,0.3008300476650675,0.3008300476650675,0,55,56,-1,neutral
static_fixed_set,11,I01,BARÓN DE JURAS REALES,C057,PADRE VICENTE IRARRAZABAL - MANUEL CHACON,0.30056073281559165,0.3063118533975971,0.005751120582005442,56,45,11,complementarity_signal
static_fixed_set,11,I01,BARÓN DE JURAS REALES,C039,TUPUNGATO,0.2972177850899593,0.2972177850899593,0,57,58,-1,neutral
static_fixed_set,11,I01,BARÓN DE JURAS REALES,C064,SILVA CARVALLO - SANTA ELENA,0.29671303455212084,0.29671303455212084,0,58,59,-1,neutral
static_fixed_set,11,I01,BARÓN DE JURAS REALES,C035,PRODIVENCIA,0.2966792763589295,0.3024653830900083,0.005786106731078822,59,53,6,complementarity_signal
static_fixed_set,11,I01,BARÓN DE JURAS REALES,C038,TALCAHUANO - SANTA INES - LOS EDILES,0.29573880114313694,0.29573880114313694,0,60,60,0,neutral
static_fixed_set,11,I01,BARÓN DE JURAS REALES,C031,NECOCHEA,0.29460602459560964,0.29460602459560964,0,61,61,0,neutral
static_fixed_set,11,I01,BARÓN DE JURAS REALES,C065,NUEVA SAN MARTIN,0.29384044783423063,0.29384044783423063,0,62,62,0,neutral
static_fixed_set,11,I01,BARÓN DE JURAS REALES,C032,OBISPO MANUEL UMAÑA,0.29327981060388264,0.29340392813273786,0.00012411752885521654,63,64,-1,complementarity_signal
static_fixed_set,11,I01,BARÓN DE JURAS REALES,C063,LONGITUDINAL,0.2929957835605039,0.2934447724736111,0.00044898891310724,64,63,1,complementarity_signal
static_fixed_set,11,I01,BARÓN DE JURAS REALES,C015,JOSE MANUEL GUZMAN,0.2925490854889885,0.2982069096734652,0.00565782418447669,65,57,8,complementarity_signal
static_fixed_set,11,I01,BARÓN DE JURAS REALES,C090,SANTO DOMINGO,0.29198941499230197,0.29198941499230197,0,66,65,1,neutral
static_fixed_set,11,I01,BARÓN DE JURAS REALES,C013,HEROES DE LA CONCEPCION,0.29161502323158384,0.29161502323158384,0,67,66,1,neutral
static_fixed_set,11,I01,BARÓN DE JURAS REALES,C004,CONSISTORIAL,0.29093172378697835,0.29093172378697835,0,68,67,1,neutral
static_fixed_set,11,I01,BARÓN DE JURAS REALES,C027,LOS PRESIDENTES,0.2903073892430075,0.2903073892430075,0,69,69,0,neutral
static_fixed_set,11,I01,BARÓN DE JURAS REALES,I32,EINSTEIN,0.2892355135357534,0.2905145437874763,0.0012790302517229346,70,68,2,complementarity_signal
static_fixed_set,11,I01,BARÓN DE JURAS REALES,I28,SANTA RAQUEL,0.2874774442364143,0.2874774442364143,0,71,70,1,neutral
static_fixed_set,11,I01,BARÓN DE JURAS REALES,I23,PETERSEN - VICUÑA MACKENNA,0.28720997267232284,0.28720997267232284,0,72,71,1,neutral
static_fixed_set,11,I01,BARÓN DE JURAS REALES,C046,EUCALIPTOS,0.2836213631052964,0.2836213631052964,0,73,72,1,neutral
static_fixed_set,11,I01,BARÓN DE JURAS REALES,C022,LLANURA  - EL DESIERTO,0.2832694397879176,0.2832694397879176,0,74,73,1,neutral
static_fixed_set,11,I01,BARÓN DE JURAS REALES,C026,LOS MAITENES,0.2734936774860785,0.273625292046878,0.00013161456079952005,75,74,1,complementarity_signal
static_fixed_set,11,I01,BARÓN DE JURAS REALES,C052,BAQUEDANO - POSTALES ORIENTE,0.2725119994529144,0.2725119994529144,0,76,75,1,neutral
static_fixed_set,11,I01,BARÓN DE JURAS REALES,C089,J J PEREZ,0.26495488367176884,0.26495488367176884,0,77,76,1,neutral
static_fixed_set,11,I01,BARÓN DE JURAS REALES,C047,VIOLETA PARRA,0.2648001936107111,0.2648001936107111,0,78,77,1,neutral
static_fixed_set,11,I01,BARÓN DE JURAS REALES,C079,LAS AMERICAS,0.2644298389232769,0.2644498310084617,0.000019992085184772357,79,78,1,complementarity_signal
static_fixed_set,11,I01,BARÓN DE JURAS REALES,C021,LAUTARO,0.26431781044192787,0.26431781044192787,0,80,79,1,neutral
static_fixed_set,11,I01,BARÓN DE JURAS REALES,C078,WALDO TAFF,0.2640982140605202,0.2640982140605202,0,81,80,1,neutral
static_fixed_set,11,I01,BARÓN DE JURAS REALES,C012,GABRIELA ORIENTE,0.2629227099391113,0.2629227099391113,0,82,81,1,neutral
static_fixed_set,11,I01,BARÓN DE JURAS REALES,I31,FERNANDEZ ALBANO,0.2626404601749897,0.2626404601749897,0,83,82,1,neutral
static_fixed_set,11,I01,BARÓN DE JURAS REALES,C40,VICUÑA MACKENNA - SAN MARTIN,0.2599804114545511,0.2599804114545511,0,84,83,1,neutral
static_fixed_set,11,I01,BARÓN DE JURAS REALES,C011,EYZAGUIRRE,0.2597262361382782,0.2597262361382782,0,85,84,1,neutral
static_fixed_set,11,I01,BARÓN DE JURAS REALES,C069,LOS OLMOS,0.2594151168255869,0.2594151168255869,0,86,85,1,neutral
static_fixed_set,11,I01,BARÓN DE JURAS REALES,C009,EL ROSAL - SANTA ELENA,0.258292338870139,0.258292338870139,0,87,86,1,neutral
static_fixed_set,11,I01,BARÓN DE JURAS REALES,C002,CAPITAN IGNACIO CARRERA PINTO,0.2546555618818747,0.2546555618818747,0,88,87,1,neutral
static_fixed_set,11,I01,BARÓN DE JURAS REALES,C048,GENERAL ARRIAGADA,0.2517348978903142,0.2517348978903142,0,89,88,1,neutral
static_fixed_set,11,I01,BARÓN DE JURAS REALES,C033,OBSERVATORIO,0.25172362934577086,0.25172362934577086,0,90,89,1,neutral
static_fixed_set,11,I01,BARÓN DE JURAS REALES,C062,CORONA SUECA,0.2513511863347979,0.2513511863347979,0,91,90,1,neutral
static_fixed_set,11,I01,BARÓN DE JURAS REALES,I03,CARRASCAL,0.24854515940907576,0.24854515940907576,0,92,91,1,neutral
static_fixed_set,11,I01,BARÓN DE JURAS REALES,C054,VICTORIA,0.24818166256108362,0.24818166256108362,0,93,92,1,neutral
static_fixed_set,11,I01,BARÓN DE JURAS REALES,C084,EL PINO - UNO SUR,0.24424096889796978,0.24424096889796978,0,94,93,1,neutral
static_fixed_set,11,I01,BARÓN DE JURAS REALES,C071,BARROS ARANA,0.2432718387690382,0.2432718387690382,0,95,94,1,neutral
static_fixed_set,11,I01,BARÓN DE JURAS REALES,C082,CAUPOLICAN,0.24201028797730914,0.24201028797730914,0,96,95,1,neutral
static_fixed_set,11,I01,BARÓN DE JURAS REALES,C080,PARAGUAY,0.2404621201898296,0.2404621201898296,0,97,96,1,neutral
static_fixed_set,11,I01,BARÓN DE JURAS REALES,C010,ESQ BLANCA - ALBERTO LLONA,0.238468098274494,0.238468098274494,0,98,97,1,neutral
static_fixed_set,11,I01,BARÓN DE JURAS REALES,C041,VISTA HERMOSA,0.23729046079619398,0.23729046079619398,0,99,98,1,neutral
static_fixed_set,11,I01,BARÓN DE JURAS REALES,C087,SALVADOR GUTIERREZ,0.23167583897026392,0.23167583897026392,0,100,100,0,neutral
static_fixed_set,11,I01,BARÓN DE JURAS REALES,C019,LAS HIJUELAS SUR - LIBERTADOR BERNARDO OHIGGINS,0.23151138733257812,0.23151138733257812,0,101,101,0,neutral
static_fixed_set,11,I01,BARÓN DE JURAS REALES,C017,LA PARINACOTA,0.2279533954363316,0.2279533954363316,0,102,102,0,neutral
static_fixed_set,11,I01,BARÓN DE JURAS REALES,C051,JOSE MIGUEL INFANTE - DOMINGO STA MARIA,0.22770327755636682,0.22770327755636682,0,103,103,0,neutral
static_fixed_set,11,I01,BARÓN DE JURAS REALES,C085,LOS LIBERTADORES,0.2268347257875762,0.23390032597047816,0.007065600182901949,104,99,5,complementarity_signal
static_fixed_set,11,I01,BARÓN DE JURAS REALES,C008,EL CERRO,0.22664145134727998,0.22664145134727998,0,105,104,1,neutral
static_fixed_set,11,I01,BARÓN DE JURAS REALES,C036,RIO REFUGIO - SALAR SURIRE,0.22368469062682966,0.22368469062682966,0,106,105,1,neutral
static_fixed_set,11,I01,BARÓN DE JURAS REALES,C077,RICARDO VIAL,0.22334495183243977,0.22334495183243977,0,107,106,1,neutral
static_fixed_set,11,I01,BARÓN DE JURAS REALES,C072,COVADONGA,0.2222660174854263,0.2222660174854263,0,108,107,1,neutral
static_fixed_set,11,I01,BARÓN DE JURAS REALES,C045,PORTO ALEGRE,0.20694825901947317,0.20694825901947317,0,109,108,1,neutral
static_fixed_set,11,I01,BARÓN DE JURAS REALES,C055,ARTURO PRAT,0.1970214926913857,0.1970214926913857,0,110,109,1,neutral
static_fixed_set,11,I01,BARÓN DE JURAS REALES,C018,LA PRIMAVERA,0.18728903995307272,0.18728903995307272,0,111,110,1,neutral
static_fixed_set,11,I01,BARÓN DE JURAS REALES,C016,JUANITA,0.18668462173835745,0.18668462173835745,0,112,111,1,neutral
static_fixed_set,11,I01,BARÓN DE JURAS REALES,C025,LOS DURAZNOS,0.17773769788730326,0.17773769788730326,0,113,112,1,neutral
static_fixed_set,11,I01,BARÓN DE JURAS REALES,C073,LOS MORROS,0.16537203853610075,0.16537203853610075,0,114,113,1,neutral
static_fixed_set,12,C068,SAN CARLOS,I25,SAN FRANCISCO,0.6224345452793348,0.6956457057839966,0.07321116050466181,1,1,0,complementarity_signal
static_fixed_set,12,C068,SAN CARLOS,I10,GRAN AVENIDA,0.6122401276868448,0.6854812850337823,0.07324115734693748,2,2,0,complementarity_signal
static_fixed_set,12,C068,SAN CARLOS,I13,LO ESPEJO-RIQUELME,0.5813543028579691,0.6545722391416559,0.07321793628368678,3,3,0,complementarity_signal
static_fixed_set,12,C068,SAN CARLOS,C067,CARDENAL RAUL SILVA HENRIQUEZ,0.5644219869574468,0.637638978486954,0.07321699152950711,4,4,0,complementarity_signal
static_fixed_set,12,C068,SAN CARLOS,I04,DEL FERROCARRIL,0.5259726120449282,0.5259726120449282,0,5,5,0,neutral
static_fixed_set,12,C068,SAN CARLOS,I22,PEDRO FONTOVA,0.5138601129747042,0.5138601129747042,0,6,6,0,neutral
static_fixed_set,12,C068,SAN CARLOS,EP-I34,VICUÑA MACKENNA,0.4789418889773093,0.4789418889773093,0,8,7,1,neutral
static_fixed_set,12,C068,SAN CARLOS,I21,PEDRO DE VALDIVIA,0.4567424449155765,0.4567424449155765,0,9,9,0,neutral
static_fixed_set,12,C068,SAN CARLOS,EP-I10,GRAN AVENIDA,0.45144768344752356,0.46298741199259874,0.011539728545075179,10,8,2,complementarity_signal
static_fixed_set,12,C068,SAN CARLOS,C006,DOMINGO TOCORNAL,0.44257795158972896,0.2871582452605561,-0.15541970632917285,11,69,-58,substitution_signal
static_fixed_set,12,C068,SAN CARLOS,I19,PAC-LO ESPEJO-SN BDO,0.4273814663732846,0.4273814663732846,0,12,11,1,neutral
static_fixed_set,12,C068,SAN CARLOS,EP-I33,LA CHIMBA,0.41080541623321226,0.41080541623321226,0,13,12,1,neutral
static_fixed_set,12,C068,SAN CARLOS,I06,DIAGONAL ORIENTE,0.4027599400799197,0.4027599400799197,0,14,13,1,neutral
static_fixed_set,12,C068,SAN CARLOS,I09,GENERAL VELASQUEZ,0.3974461599947048,0.3974461599947048,0,15,14,1,neutral
static_fixed_set,12,C068,SAN CARLOS,I27,SANTA CECILIA - NONATO COO,0.3880527567539592,0.42851079104704504,0.04045803429308581,16,10,6,complementarity_signal
static_fixed_set,12,C068,SAN CARLOS,C029,MARIA ELENA,0.3866330072050211,0.2969805767826037,-0.08965243042241738,17,55,-38,substitution_signal
static_fixed_set,12,C068,SAN CARLOS,I05,DIAGONAL JOSE MARIA CARO,0.38592576522190053,0.38592576522190053,0,18,15,3,neutral
static_fixed_set,12,C068,SAN CARLOS,I29,SANTA ROSA,0.37358368935251995,0.37358368935251995,0,19,17,2,neutral
static_fixed_set,12,C068,SAN CARLOS,C053,CONDELL,0.3719416508621519,0.38363892882868694,0.011697277966535025,20,16,4,complementarity_signal
static_fixed_set,12,C068,SAN CARLOS,C003,CONCHA Y TORO,0.3709576416282776,0.28712610672824834,-0.08383153490002926,21,70,-49,substitution_signal
static_fixed_set,12,C068,SAN CARLOS,I24,RADAL,0.36732564728087047,0.36732564728087047,0,22,18,4,neutral
static_fixed_set,12,C068,SAN CARLOS,C086,LA ESTRELLA,0.36643522221388786,0.36643522221388786,0,23,19,4,neutral
static_fixed_set,12,C068,SAN CARLOS,I17,MATUCANA,0.36212617405782893,0.36212617405782893,0,24,20,4,neutral
static_fixed_set,12,C068,SAN CARLOS,C070,MENDOZA (EX-CORONEL ROBLES),0.35637389012746173,0.35637389012746173,0,25,21,4,neutral
static_fixed_set,12,C068,SAN CARLOS,I02,CARLOS VALDOVINOS,0.35528620955926693,0.35528620955926693,0,26,22,4,neutral
static_fixed_set,12,C068,SAN CARLOS,C060,ROJAS MAGALLANES,0.35452585658587654,0.35452585658587654,0,27,23,4,neutral
static_fixed_set,12,C068,SAN CARLOS,C014,JOSE DOMINGO CAÑAS,0.3434151720257287,0.3434151720257287,0,28,24,4,neutral
static_fixed_set,12,C068,SAN CARLOS,C083,ORIENTAL-LAS PARCELAS,0.3340917121382666,0.3340917121382666,0,29,25,4,neutral
static_fixed_set,12,C068,SAN CARLOS,C043,NEPTUNO,0.33367397332944054,0.33367397332944054,0,30,26,4,neutral
static_fixed_set,12,C068,SAN CARLOS,C001,SAN EUGENIO,0.3301050844306759,0.3301050844306759,0,31,27,4,neutral
static_fixed_set,12,C068,SAN CARLOS,C058,ANTONIO EBNER-BARROS ARANA,0.32857919697989507,0.32857919697989507,0,32,28,4,neutral
static_fixed_set,12,C068,SAN CARLOS,C056,TEMUCO - TORO MAZOTTE,0.3285688640321467,0.3285688640321467,0,33,29,4,neutral
static_fixed_set,12,C068,SAN CARLOS,I07,EL GUANACO,0.3235831019219907,0.3235831019219907,0,34,30,4,neutral
static_fixed_set,12,C068,SAN CARLOS,C081,SAN GREGORIO - DIEGO MEZA,0.3227606645267239,0.3227606645267239,0,35,31,4,neutral
static_fixed_set,12,C068,SAN CARLOS,C007,EDUARDO CASTILLO VELASCO,0.3209682481807713,0.3209682481807713,0,36,32,4,neutral
static_fixed_set,12,C068,SAN CARLOS,C044,LOS CERRILLOS,0.3207175662916551,0.3207175662916551,0,37,33,4,neutral
static_fixed_set,12,C068,SAN CARLOS,I08,GENERAL OSCAR BONILLA,0.3194932901999786,0.3194932901999786,0,38,34,4,neutral
static_fixed_set,12,C068,SAN CARLOS,C024,LOS ARRAYANES - LOS COPIHUES,0.3164169532190636,0.3164169532190636,0,39,35,4,neutral
static_fixed_set,12,C068,SAN CARLOS,C061,EL PINAR,0.3146106947615233,0.3146106947615233,0,40,36,4,neutral
static_fixed_set,12,C068,SAN CARLOS,C074,URETA COX,0.31449957814869145,0.31449957814869145,0,41,37,4,neutral
static_fixed_set,12,C068,SAN CARLOS,C005,CORONEL ALEJANDRO SEPULVEDA,0.3106497256836105,0.3106497256836105,0,42,38,4,neutral
static_fixed_set,12,C068,SAN CARLOS,C050,MAR DE DRAKE,0.30811479039196454,0.30811479039196454,0,43,39,4,neutral
static_fixed_set,12,C068,SAN CARLOS,C023,AVENIDA DORSAL,0.3066800306129391,0.3066800306129391,0,44,40,4,neutral
static_fixed_set,12,C068,SAN CARLOS,C057,PADRE VICENTE IRARRAZABAL - MANUEL CHACON,0.3063118533975971,0.3063118533975971,0,45,41,4,neutral
static_fixed_set,12,C068,SAN CARLOS,I18,NUEVA IMPERIAL,0.30619965665611387,0.30619965665611387,0,46,42,4,neutral
static_fixed_set,12,C068,SAN CARLOS,C088,ÑUBLE,0.30596663776619404,0.30596663776619404,0,47,43,4,neutral
static_fixed_set,12,C068,SAN CARLOS,C020,LATINOAMERICA - PINTOR MURILLO - FRANCISCO TOLEDO,0.3053874986899725,0.3053874986899725,0,48,44,4,neutral
static_fixed_set,12,C068,SAN CARLOS,C028,MADRID,0.3053850663175511,0.3053850663175511,0,49,45,4,neutral
static_fixed_set,12,C068,SAN CARLOS,C034,PEDRO LEON UGALDE,0.30513444215224494,0.30513444215224494,0,50,46,4,neutral
static_fixed_set,12,C068,SAN CARLOS,C037,SAN ALFONSO,0.3032697592490899,0.3032697592490899,0,51,47,4,neutral
static_fixed_set,12,C068,SAN CARLOS,C030,MAULE,0.30294715823212187,0.30294715823212187,0,52,48,4,neutral
static_fixed_set,12,C068,SAN CARLOS,C035,PRODIVENCIA,0.3024653830900083,0.3024653830900083,0,53,49,4,neutral
static_fixed_set,12,C068,SAN CARLOS,C049,FEDERICO ERRÁZURIZ (EX SERRANO),0.30234118230484425,0.30234118230484425,0,54,50,4,neutral
static_fixed_set,12,C068,SAN CARLOS,C042,PRINCIPE DE GALES,0.3015275299366899,0.3015275299366899,0,55,51,4,neutral
static_fixed_set,12,C068,SAN CARLOS,C076,ISLA DECEPCION,0.3008300476650675,0.3008300476650675,0,56,52,4,neutral
static_fixed_set,12,C068,SAN CARLOS,C015,JOSE MANUEL GUZMAN,0.2982069096734652,0.2982069096734652,0,57,53,4,neutral
static_fixed_set,12,C068,SAN CARLOS,C039,TUPUNGATO,0.2972177850899593,0.2972177850899593,0,58,54,4,neutral
static_fixed_set,12,C068,SAN CARLOS,C064,SILVA CARVALLO - SANTA ELENA,0.29671303455212084,0.29671303455212084,0,59,56,3,neutral
static_fixed_set,12,C068,SAN CARLOS,C038,TALCAHUANO - SANTA INES - LOS EDILES,0.29573880114313694,0.29573880114313694,0,60,57,3,neutral
static_fixed_set,12,C068,SAN CARLOS,C031,NECOCHEA,0.29460602459560964,0.29460602459560964,0,61,58,3,neutral
static_fixed_set,12,C068,SAN CARLOS,C065,NUEVA SAN MARTIN,0.29384044783423063,0.29384044783423063,0,62,59,3,neutral
static_fixed_set,12,C068,SAN CARLOS,C063,LONGITUDINAL,0.2934447724736111,0.2934447724736111,0,63,60,3,neutral
static_fixed_set,12,C068,SAN CARLOS,C032,OBISPO MANUEL UMAÑA,0.29340392813273786,0.29340392813273786,0,64,61,3,neutral
static_fixed_set,12,C068,SAN CARLOS,C090,SANTO DOMINGO,0.29198941499230197,0.29198941499230197,0,65,62,3,neutral
static_fixed_set,12,C068,SAN CARLOS,C013,HEROES DE LA CONCEPCION,0.29161502323158384,0.29161502323158384,0,66,63,3,neutral
static_fixed_set,12,C068,SAN CARLOS,C004,CONSISTORIAL,0.29093172378697835,0.29093172378697835,0,67,64,3,neutral
static_fixed_set,12,C068,SAN CARLOS,I32,EINSTEIN,0.2905145437874763,0.2905145437874763,0,68,65,3,neutral
static_fixed_set,12,C068,SAN CARLOS,C027,LOS PRESIDENTES,0.2903073892430075,0.2903073892430075,0,69,66,3,neutral
static_fixed_set,12,C068,SAN CARLOS,I28,SANTA RAQUEL,0.2874774442364143,0.2874774442364143,0,70,67,3,neutral
static_fixed_set,12,C068,SAN CARLOS,I23,PETERSEN - VICUÑA MACKENNA,0.28720997267232284,0.28720997267232284,0,71,68,3,neutral
static_fixed_set,12,C068,SAN CARLOS,C046,EUCALIPTOS,0.2836213631052964,0.2836213631052964,0,72,71,1,neutral
static_fixed_set,12,C068,SAN CARLOS,C022,LLANURA  - EL DESIERTO,0.2832694397879176,0.2832694397879176,0,73,72,1,neutral
static_fixed_set,12,C068,SAN CARLOS,C026,LOS MAITENES,0.273625292046878,0.273625292046878,0,74,74,0,neutral
static_fixed_set,12,C068,SAN CARLOS,C052,BAQUEDANO - POSTALES ORIENTE,0.2725119994529144,0.2725119994529144,0,75,75,0,neutral
static_fixed_set,12,C068,SAN CARLOS,C089,J J PEREZ,0.26495488367176884,0.26495488367176884,0,76,76,0,neutral
static_fixed_set,12,C068,SAN CARLOS,C047,VIOLETA PARRA,0.2648001936107111,0.2648001936107111,0,77,77,0,neutral
static_fixed_set,12,C068,SAN CARLOS,C079,LAS AMERICAS,0.2644498310084617,0.2644498310084617,0,78,78,0,neutral
static_fixed_set,12,C068,SAN CARLOS,C021,LAUTARO,0.26431781044192787,0.2643727886761859,0.000054978234258040715,79,79,0,complementarity_signal
static_fixed_set,12,C068,SAN CARLOS,C078,WALDO TAFF,0.2640982140605202,0.2640982140605202,0,80,80,0,neutral
static_fixed_set,12,C068,SAN CARLOS,C012,GABRIELA ORIENTE,0.2629227099391113,0.2756680017176141,0.012745291778502754,81,73,8,complementarity_signal
static_fixed_set,12,C068,SAN CARLOS,I31,FERNANDEZ ALBANO,0.2626404601749897,0.2626404601749897,0,82,81,1,neutral
static_fixed_set,12,C068,SAN CARLOS,C40,VICUÑA MACKENNA - SAN MARTIN,0.2599804114545511,0.2599804114545511,0,83,82,1,neutral
static_fixed_set,12,C068,SAN CARLOS,C011,EYZAGUIRRE,0.2597262361382782,0.2597262361382782,0,84,83,1,neutral
static_fixed_set,12,C068,SAN CARLOS,C069,LOS OLMOS,0.2594151168255869,0.2594151168255869,0,85,84,1,neutral
static_fixed_set,12,C068,SAN CARLOS,C009,EL ROSAL - SANTA ELENA,0.258292338870139,0.258292338870139,0,86,85,1,neutral
static_fixed_set,12,C068,SAN CARLOS,C002,CAPITAN IGNACIO CARRERA PINTO,0.2546555618818747,0.2546555618818747,0,87,86,1,neutral
static_fixed_set,12,C068,SAN CARLOS,C048,GENERAL ARRIAGADA,0.2517348978903142,0.2517348978903142,0,88,87,1,neutral
static_fixed_set,12,C068,SAN CARLOS,C033,OBSERVATORIO,0.25172362934577086,0.25172362934577086,0,89,88,1,neutral
static_fixed_set,12,C068,SAN CARLOS,C062,CORONA SUECA,0.2513511863347979,0.2513511863347979,0,90,89,1,neutral
static_fixed_set,12,C068,SAN CARLOS,I03,CARRASCAL,0.24854515940907576,0.24854515940907576,0,91,90,1,neutral
static_fixed_set,12,C068,SAN CARLOS,C054,VICTORIA,0.24818166256108362,0.24818166256108362,0,92,91,1,neutral
static_fixed_set,12,C068,SAN CARLOS,C084,EL PINO - UNO SUR,0.24424096889796978,0.24424096889796978,0,93,92,1,neutral
static_fixed_set,12,C068,SAN CARLOS,C071,BARROS ARANA,0.2432718387690382,0.2432718387690382,0,94,93,1,neutral
static_fixed_set,12,C068,SAN CARLOS,C082,CAUPOLICAN,0.24201028797730914,0.24201028797730914,0,95,94,1,neutral
static_fixed_set,12,C068,SAN CARLOS,C080,PARAGUAY,0.2404621201898296,0.2404621201898296,0,96,95,1,neutral
static_fixed_set,12,C068,SAN CARLOS,C010,ESQ BLANCA - ALBERTO LLONA,0.238468098274494,0.238468098274494,0,97,96,1,neutral
static_fixed_set,12,C068,SAN CARLOS,C041,VISTA HERMOSA,0.23729046079619398,0.23729046079619398,0,98,97,1,neutral
static_fixed_set,12,C068,SAN CARLOS,C085,LOS LIBERTADORES,0.23390032597047816,0.23390032597047816,0,99,98,1,neutral
static_fixed_set,12,C068,SAN CARLOS,C087,SALVADOR GUTIERREZ,0.23167583897026392,0.23167583897026392,0,100,99,1,neutral
static_fixed_set,12,C068,SAN CARLOS,C019,LAS HIJUELAS SUR - LIBERTADOR BERNARDO OHIGGINS,0.23151138733257812,0.23151138733257812,0,101,100,1,neutral
static_fixed_set,12,C068,SAN CARLOS,C017,LA PARINACOTA,0.2279533954363316,0.2279533954363316,0,102,101,1,neutral
static_fixed_set,12,C068,SAN CARLOS,C051,JOSE MIGUEL INFANTE - DOMINGO STA MARIA,0.22770327755636682,0.22770327755636682,0,103,102,1,neutral
static_fixed_set,12,C068,SAN CARLOS,C008,EL CERRO,0.22664145134727998,0.22664145134727998,0,104,103,1,neutral
static_fixed_set,12,C068,SAN CARLOS,C036,RIO REFUGIO - SALAR SURIRE,0.22368469062682966,0.22368469062682966,0,105,104,1,neutral
static_fixed_set,12,C068,SAN CARLOS,C077,RICARDO VIAL,0.22334495183243977,0.22334495183243977,0,106,105,1,neutral
static_fixed_set,12,C068,SAN CARLOS,C072,COVADONGA,0.2222660174854263,0.2222660174854263,0,107,106,1,neutral
static_fixed_set,12,C068,SAN CARLOS,C045,PORTO ALEGRE,0.20694825901947317,0.20695992106916425,0.0000116620496910802,108,107,1,complementarity_signal
static_fixed_set,12,C068,SAN CARLOS,C055,ARTURO PRAT,0.1970214926913857,0.1970214926913857,0,109,108,1,neutral
static_fixed_set,12,C068,SAN CARLOS,C018,LA PRIMAVERA,0.18728903995307272,0.18728903995307272,0,110,109,1,neutral
static_fixed_set,12,C068,SAN CARLOS,C016,JUANITA,0.18668462173835745,0.18668462173835745,0,111,110,1,neutral
static_fixed_set,12,C068,SAN CARLOS,C025,LOS DURAZNOS,0.17773769788730326,0.17774436191569817,0.000006664028394914867,112,111,1,complementarity_signal
static_fixed_set,12,C068,SAN CARLOS,C073,LOS MORROS,0.16537203853610075,0.16537203853610075,0,113,112,1,neutral
static_fixed_set,13,EP-I34,VICUÑA MACKENNA,I25,SAN FRANCISCO,0.6956457057839966,0.6956457057839966,0,1,1,0,neutral
static_fixed_set,13,EP-I34,VICUÑA MACKENNA,I10,GRAN AVENIDA,0.6854812850337823,0.6854812850337823,0,2,2,0,neutral
static_fixed_set,13,EP-I34,VICUÑA MACKENNA,I13,LO ESPEJO-RIQUELME,0.6545722391416559,0.6545722391416559,0,3,3,0,neutral
static_fixed_set,13,EP-I34,VICUÑA MACKENNA,C067,CARDENAL RAUL SILVA HENRIQUEZ,0.637638978486954,0.637638978486954,0,4,4,0,neutral
static_fixed_set,13,EP-I34,VICUÑA MACKENNA,I04,DEL FERROCARRIL,0.5259726120449282,0.5259726120449282,0,5,5,0,neutral
static_fixed_set,13,EP-I34,VICUÑA MACKENNA,I22,PEDRO FONTOVA,0.5138601129747042,0.5138601129747042,0,6,6,0,neutral
static_fixed_set,13,EP-I34,VICUÑA MACKENNA,EP-I10,GRAN AVENIDA,0.46298741199259874,0.46298741199259874,0,8,7,1,neutral
static_fixed_set,13,EP-I34,VICUÑA MACKENNA,I21,PEDRO DE VALDIVIA,0.4567424449155765,0.4567424449155765,0,9,8,1,neutral
static_fixed_set,13,EP-I34,VICUÑA MACKENNA,I27,SANTA CECILIA - NONATO COO,0.42851079104704504,0.42851079104704504,0,10,9,1,neutral
static_fixed_set,13,EP-I34,VICUÑA MACKENNA,I19,PAC-LO ESPEJO-SN BDO,0.4273814663732846,0.4273814663732846,0,11,10,1,neutral
static_fixed_set,13,EP-I34,VICUÑA MACKENNA,EP-I33,LA CHIMBA,0.41080541623321226,0.41080541623321226,0,12,11,1,neutral
static_fixed_set,13,EP-I34,VICUÑA MACKENNA,I06,DIAGONAL ORIENTE,0.4027599400799197,0.40391651880988616,0.0011565787299664398,13,12,1,complementarity_signal
static_fixed_set,13,EP-I34,VICUÑA MACKENNA,I09,GENERAL VELASQUEZ,0.3974461599947048,0.3974461599947048,0,14,13,1,neutral
static_fixed_set,13,EP-I34,VICUÑA MACKENNA,I05,DIAGONAL JOSE MARIA CARO,0.38592576522190053,0.38592576522190053,0,15,14,1,neutral
static_fixed_set,13,EP-I34,VICUÑA MACKENNA,C053,CONDELL,0.38363892882868694,0.38363892882868694,0,16,15,1,neutral
static_fixed_set,13,EP-I34,VICUÑA MACKENNA,I29,SANTA ROSA,0.37358368935251995,0.37358368935251995,0,17,16,1,neutral
static_fixed_set,13,EP-I34,VICUÑA MACKENNA,I24,RADAL,0.36732564728087047,0.36732564728087047,0,18,17,1,neutral
static_fixed_set,13,EP-I34,VICUÑA MACKENNA,C086,LA ESTRELLA,0.36643522221388786,0.36643522221388786,0,19,18,1,neutral
static_fixed_set,13,EP-I34,VICUÑA MACKENNA,I17,MATUCANA,0.36212617405782893,0.36212617405782893,0,20,19,1,neutral
static_fixed_set,13,EP-I34,VICUÑA MACKENNA,C070,MENDOZA (EX-CORONEL ROBLES),0.35637389012746173,0.35637389012746173,0,21,20,1,neutral
static_fixed_set,13,EP-I34,VICUÑA MACKENNA,I02,CARLOS VALDOVINOS,0.35528620955926693,0.35528620955926693,0,22,21,1,neutral
static_fixed_set,13,EP-I34,VICUÑA MACKENNA,C060,ROJAS MAGALLANES,0.35452585658587654,0.35452585658587654,0,23,22,1,neutral
static_fixed_set,13,EP-I34,VICUÑA MACKENNA,C014,JOSE DOMINGO CAÑAS,0.3434151720257287,0.3445717507556951,0.0011565787299664398,24,23,1,complementarity_signal
static_fixed_set,13,EP-I34,VICUÑA MACKENNA,C083,ORIENTAL-LAS PARCELAS,0.3340917121382666,0.3340917121382666,0,25,24,1,neutral
static_fixed_set,13,EP-I34,VICUÑA MACKENNA,C043,NEPTUNO,0.33367397332944054,0.33367397332944054,0,26,25,1,neutral
static_fixed_set,13,EP-I34,VICUÑA MACKENNA,C001,SAN EUGENIO,0.3301050844306759,0.31315225632030524,-0.016952828110370632,27,36,-9,substitution_signal
static_fixed_set,13,EP-I34,VICUÑA MACKENNA,C058,ANTONIO EBNER-BARROS ARANA,0.32857919697989507,0.32857919697989507,0,28,26,2,neutral
static_fixed_set,13,EP-I34,VICUÑA MACKENNA,C056,TEMUCO - TORO MAZOTTE,0.3285688640321467,0.3285688640321467,0,29,27,2,neutral
static_fixed_set,13,EP-I34,VICUÑA MACKENNA,I07,EL GUANACO,0.3235831019219907,0.3235831019219907,0,30,28,2,neutral
static_fixed_set,13,EP-I34,VICUÑA MACKENNA,C081,SAN GREGORIO - DIEGO MEZA,0.3227606645267239,0.3227606645267239,0,31,29,2,neutral
static_fixed_set,13,EP-I34,VICUÑA MACKENNA,C007,EDUARDO CASTILLO VELASCO,0.3209682481807713,0.3209682481807713,0,32,30,2,neutral
static_fixed_set,13,EP-I34,VICUÑA MACKENNA,C044,LOS CERRILLOS,0.3207175662916551,0.3207175662916551,0,33,31,2,neutral
static_fixed_set,13,EP-I34,VICUÑA MACKENNA,I08,GENERAL OSCAR BONILLA,0.3194932901999786,0.3194932901999786,0,34,32,2,neutral
static_fixed_set,13,EP-I34,VICUÑA MACKENNA,C024,LOS ARRAYANES - LOS COPIHUES,0.3164169532190636,0.3164169532190636,0,35,33,2,neutral
static_fixed_set,13,EP-I34,VICUÑA MACKENNA,C061,EL PINAR,0.3146106947615233,0.3146106947615233,0,36,34,2,neutral
static_fixed_set,13,EP-I34,VICUÑA MACKENNA,C074,URETA COX,0.31449957814869145,0.31449957814869145,0,37,35,2,neutral
static_fixed_set,13,EP-I34,VICUÑA MACKENNA,C005,CORONEL ALEJANDRO SEPULVEDA,0.3106497256836105,0.3106497256836105,0,38,37,1,neutral
static_fixed_set,13,EP-I34,VICUÑA MACKENNA,C050,MAR DE DRAKE,0.30811479039196454,0.30811479039196454,0,39,38,1,neutral
static_fixed_set,13,EP-I34,VICUÑA MACKENNA,C023,AVENIDA DORSAL,0.3066800306129391,0.3066800306129391,0,40,39,1,neutral
static_fixed_set,13,EP-I34,VICUÑA MACKENNA,C057,PADRE VICENTE IRARRAZABAL - MANUEL CHACON,0.3063118533975971,0.3063118533975971,0,41,41,0,neutral
static_fixed_set,13,EP-I34,VICUÑA MACKENNA,I18,NUEVA IMPERIAL,0.30619965665611387,0.30619965665611387,0,42,42,0,neutral
static_fixed_set,13,EP-I34,VICUÑA MACKENNA,C088,ÑUBLE,0.30596663776619404,0.3063521640095162,0.0003855262433221651,43,40,3,complementarity_signal
static_fixed_set,13,EP-I34,VICUÑA MACKENNA,C020,LATINOAMERICA - PINTOR MURILLO - FRANCISCO TOLEDO,0.3053874986899725,0.3053874986899725,0,44,45,-1,neutral
static_fixed_set,13,EP-I34,VICUÑA MACKENNA,C028,MADRID,0.3053850663175511,0.3057705925608732,0.0003855262433221096,45,44,1,complementarity_signal
static_fixed_set,13,EP-I34,VICUÑA MACKENNA,C034,PEDRO LEON UGALDE,0.30513444215224494,0.3059054946388892,0.0007710524866442747,46,43,3,complementarity_signal
static_fixed_set,13,EP-I34,VICUÑA MACKENNA,C037,SAN ALFONSO,0.3032697592490899,0.3032697592490899,0,47,47,0,neutral
static_fixed_set,13,EP-I34,VICUÑA MACKENNA,C030,MAULE,0.30294715823212187,0.30333268447544404,0.0003855262433221651,48,46,2,complementarity_signal
static_fixed_set,13,EP-I34,VICUÑA MACKENNA,C035,PRODIVENCIA,0.3024653830900083,0.3024653830900083,0,49,48,1,neutral
static_fixed_set,13,EP-I34,VICUÑA MACKENNA,C049,FEDERICO ERRÁZURIZ (EX SERRANO),0.30234118230484425,0.30234118230484425,0,50,49,1,neutral
static_fixed_set,13,EP-I34,VICUÑA MACKENNA,C042,PRINCIPE DE GALES,0.3015275299366899,0.3015275299366899,0,51,50,1,neutral
static_fixed_set,13,EP-I34,VICUÑA MACKENNA,C076,ISLA DECEPCION,0.3008300476650675,0.3008300476650675,0,52,51,1,neutral
static_fixed_set,13,EP-I34,VICUÑA MACKENNA,C015,JOSE MANUEL GUZMAN,0.2982069096734652,0.2982069096734652,0,53,52,1,neutral
static_fixed_set,13,EP-I34,VICUÑA MACKENNA,C039,TUPUNGATO,0.2972177850899593,0.2972177850899593,0,54,53,1,neutral
static_fixed_set,13,EP-I34,VICUÑA MACKENNA,C029,MARIA ELENA,0.2969805767826037,0.2969805767826037,0,55,54,1,neutral
static_fixed_set,13,EP-I34,VICUÑA MACKENNA,C064,SILVA CARVALLO - SANTA ELENA,0.29671303455212084,0.29671303455212084,0,56,55,1,neutral
static_fixed_set,13,EP-I34,VICUÑA MACKENNA,C038,TALCAHUANO - SANTA INES - LOS EDILES,0.29573880114313694,0.29573880114313694,0,57,56,1,neutral
static_fixed_set,13,EP-I34,VICUÑA MACKENNA,C031,NECOCHEA,0.29460602459560964,0.29460602459560964,0,58,57,1,neutral
static_fixed_set,13,EP-I34,VICUÑA MACKENNA,C065,NUEVA SAN MARTIN,0.29384044783423063,0.29384044783423063,0,59,58,1,neutral
static_fixed_set,13,EP-I34,VICUÑA MACKENNA,C063,LONGITUDINAL,0.2934447724736111,0.2934447724736111,0,60,59,1,neutral
static_fixed_set,13,EP-I34,VICUÑA MACKENNA,C032,OBISPO MANUEL UMAÑA,0.29340392813273786,0.29340392813273786,0,61,60,1,neutral
static_fixed_set,13,EP-I34,VICUÑA MACKENNA,C090,SANTO DOMINGO,0.29198941499230197,0.29198941499230197,0,62,61,1,neutral
static_fixed_set,13,EP-I34,VICUÑA MACKENNA,C013,HEROES DE LA CONCEPCION,0.29161502323158384,0.29161502323158384,0,63,62,1,neutral
static_fixed_set,13,EP-I34,VICUÑA MACKENNA,C004,CONSISTORIAL,0.29093172378697835,0.29093172378697835,0,64,63,1,neutral
static_fixed_set,13,EP-I34,VICUÑA MACKENNA,I32,EINSTEIN,0.2905145437874763,0.2905145437874763,0,65,64,1,neutral
static_fixed_set,13,EP-I34,VICUÑA MACKENNA,C027,LOS PRESIDENTES,0.2903073892430075,0.2903073892430075,0,66,65,1,neutral
static_fixed_set,13,EP-I34,VICUÑA MACKENNA,I28,SANTA RAQUEL,0.2874774442364143,0.2874774442364143,0,67,66,1,neutral
static_fixed_set,13,EP-I34,VICUÑA MACKENNA,I23,PETERSEN - VICUÑA MACKENNA,0.28720997267232284,0.28720997267232284,0,68,67,1,neutral
static_fixed_set,13,EP-I34,VICUÑA MACKENNA,C006,DOMINGO TOCORNAL,0.2871582452605561,0.2871582452605561,0,69,68,1,neutral
static_fixed_set,13,EP-I34,VICUÑA MACKENNA,C003,CONCHA Y TORO,0.28712610672824834,0.28712610672824834,0,70,69,1,neutral
static_fixed_set,13,EP-I34,VICUÑA MACKENNA,C046,EUCALIPTOS,0.2836213631052964,0.2836213631052964,0,71,70,1,neutral
static_fixed_set,13,EP-I34,VICUÑA MACKENNA,C022,LLANURA  - EL DESIERTO,0.2832694397879176,0.2832694397879176,0,72,71,1,neutral
static_fixed_set,13,EP-I34,VICUÑA MACKENNA,C012,GABRIELA ORIENTE,0.2756680017176141,0.2756680017176141,0,73,72,1,neutral
static_fixed_set,13,EP-I34,VICUÑA MACKENNA,C026,LOS MAITENES,0.273625292046878,0.273625292046878,0,74,73,1,neutral
static_fixed_set,13,EP-I34,VICUÑA MACKENNA,C052,BAQUEDANO - POSTALES ORIENTE,0.2725119994529144,0.2725119994529144,0,75,74,1,neutral
static_fixed_set,13,EP-I34,VICUÑA MACKENNA,C089,J J PEREZ,0.26495488367176884,0.26495488367176884,0,76,75,1,neutral
static_fixed_set,13,EP-I34,VICUÑA MACKENNA,C047,VIOLETA PARRA,0.2648001936107111,0.2648001936107111,0,77,76,1,neutral
static_fixed_set,13,EP-I34,VICUÑA MACKENNA,C079,LAS AMERICAS,0.2644498310084617,0.2644498310084617,0,78,77,1,neutral
static_fixed_set,13,EP-I34,VICUÑA MACKENNA,C021,LAUTARO,0.2643727886761859,0.2643727886761859,0,79,78,1,neutral
static_fixed_set,13,EP-I34,VICUÑA MACKENNA,C078,WALDO TAFF,0.2640982140605202,0.2640982140605202,0,80,79,1,neutral
static_fixed_set,13,EP-I34,VICUÑA MACKENNA,I31,FERNANDEZ ALBANO,0.2626404601749897,0.2626404601749897,0,81,80,1,neutral
static_fixed_set,13,EP-I34,VICUÑA MACKENNA,C40,VICUÑA MACKENNA - SAN MARTIN,0.2599804114545511,0.2599804114545511,0,82,81,1,neutral
static_fixed_set,13,EP-I34,VICUÑA MACKENNA,C011,EYZAGUIRRE,0.2597262361382782,0.2597262361382782,0,83,82,1,neutral
static_fixed_set,13,EP-I34,VICUÑA MACKENNA,C069,LOS OLMOS,0.2594151168255869,0.2594151168255869,0,84,83,1,neutral
static_fixed_set,13,EP-I34,VICUÑA MACKENNA,C009,EL ROSAL - SANTA ELENA,0.258292338870139,0.258292338870139,0,85,84,1,neutral
static_fixed_set,13,EP-I34,VICUÑA MACKENNA,C002,CAPITAN IGNACIO CARRERA PINTO,0.2546555618818747,0.2546555618818747,0,86,85,1,neutral
static_fixed_set,13,EP-I34,VICUÑA MACKENNA,C048,GENERAL ARRIAGADA,0.2517348978903142,0.2517348978903142,0,87,86,1,neutral
static_fixed_set,13,EP-I34,VICUÑA MACKENNA,C033,OBSERVATORIO,0.25172362934577086,0.25172362934577086,0,88,87,1,neutral
static_fixed_set,13,EP-I34,VICUÑA MACKENNA,C062,CORONA SUECA,0.2513511863347979,0.2513511863347979,0,89,88,1,neutral
static_fixed_set,13,EP-I34,VICUÑA MACKENNA,I03,CARRASCAL,0.24854515940907576,0.24854515940907576,0,90,89,1,neutral
static_fixed_set,13,EP-I34,VICUÑA MACKENNA,C054,VICTORIA,0.24818166256108362,0.24818166256108362,0,91,90,1,neutral
static_fixed_set,13,EP-I34,VICUÑA MACKENNA,C084,EL PINO - UNO SUR,0.24424096889796978,0.24424096889796978,0,92,91,1,neutral
static_fixed_set,13,EP-I34,VICUÑA MACKENNA,C071,BARROS ARANA,0.2432718387690382,0.2432718387690382,0,93,92,1,neutral
static_fixed_set,13,EP-I34,VICUÑA MACKENNA,C082,CAUPOLICAN,0.24201028797730914,0.24201028797730914,0,94,93,1,neutral
static_fixed_set,13,EP-I34,VICUÑA MACKENNA,C080,PARAGUAY,0.2404621201898296,0.2404621201898296,0,95,94,1,neutral
static_fixed_set,13,EP-I34,VICUÑA MACKENNA,C010,ESQ BLANCA - ALBERTO LLONA,0.238468098274494,0.238468098274494,0,96,95,1,neutral
static_fixed_set,13,EP-I34,VICUÑA MACKENNA,C041,VISTA HERMOSA,0.23729046079619398,0.23729046079619398,0,97,96,1,neutral
static_fixed_set,13,EP-I34,VICUÑA MACKENNA,C085,LOS LIBERTADORES,0.23390032597047816,0.23390032597047816,0,98,97,1,neutral
static_fixed_set,13,EP-I34,VICUÑA MACKENNA,C087,SALVADOR GUTIERREZ,0.23167583897026392,0.23167583897026392,0,99,98,1,neutral
static_fixed_set,13,EP-I34,VICUÑA MACKENNA,C019,LAS HIJUELAS SUR - LIBERTADOR BERNARDO OHIGGINS,0.23151138733257812,0.23151138733257812,0,100,99,1,neutral
static_fixed_set,13,EP-I34,VICUÑA MACKENNA,C017,LA PARINACOTA,0.2279533954363316,0.2279533954363316,0,101,100,1,neutral
static_fixed_set,13,EP-I34,VICUÑA MACKENNA,C051,JOSE MIGUEL INFANTE - DOMINGO STA MARIA,0.22770327755636682,0.22770327755636682,0,102,101,1,neutral
static_fixed_set,13,EP-I34,VICUÑA MACKENNA,C008,EL CERRO,0.22664145134727998,0.22664145134727998,0,103,102,1,neutral
static_fixed_set,13,EP-I34,VICUÑA MACKENNA,C036,RIO REFUGIO - SALAR SURIRE,0.22368469062682966,0.22368469062682966,0,104,103,1,neutral
static_fixed_set,13,EP-I34,VICUÑA MACKENNA,C077,RICARDO VIAL,0.22334495183243977,0.22334495183243977,0,105,104,1,neutral
static_fixed_set,13,EP-I34,VICUÑA MACKENNA,C072,COVADONGA,0.2222660174854263,0.2222660174854263,0,106,105,1,neutral
static_fixed_set,13,EP-I34,VICUÑA MACKENNA,C045,PORTO ALEGRE,0.20695992106916425,0.20695992106916425,0,107,106,1,neutral
static_fixed_set,13,EP-I34,VICUÑA MACKENNA,C055,ARTURO PRAT,0.1970214926913857,0.1970214926913857,0,108,107,1,neutral
static_fixed_set,13,EP-I34,VICUÑA MACKENNA,C018,LA PRIMAVERA,0.18728903995307272,0.18728903995307272,0,109,108,1,neutral
static_fixed_set,13,EP-I34,VICUÑA MACKENNA,C016,JUANITA,0.18668462173835745,0.18668462173835745,0,110,109,1,neutral
static_fixed_set,13,EP-I34,VICUÑA MACKENNA,C025,LOS DURAZNOS,0.17774436191569817,0.17774436191569817,0,111,110,1,neutral
static_fixed_set,13,EP-I34,VICUÑA MACKENNA,C073,LOS MORROS,0.16537203853610075,0.16537203853610075,0,112,111,1,neutral
static_fixed_set,14,I22,PEDRO FONTOVA,I25,SAN FRANCISCO,0.6956457057839966,0.7068397356347429,0.011194029850746245,1,1,0,complementarity_signal
static_fixed_set,14,I22,PEDRO FONTOVA,I10,GRAN AVENIDA,0.6854812850337823,0.6966753148845286,0.011194029850746356,2,2,0,complementarity_signal
static_fixed_set,14,I22,PEDRO FONTOVA,I13,LO ESPEJO-RIQUELME,0.6545722391416559,0.660169254067029,0.005597014925373123,3,3,0,complementarity_signal
static_fixed_set,14,I22,PEDRO FONTOVA,C067,CARDENAL RAUL SILVA HENRIQUEZ,0.637638978486954,0.6432359934123271,0.005597014925373123,4,4,0,complementarity_signal
static_fixed_set,14,I22,PEDRO FONTOVA,I04,DEL FERROCARRIL,0.5259726120449282,0.5427636568210477,0.01679104477611948,5,5,0,complementarity_signal
static_fixed_set,14,I22,PEDRO FONTOVA,EP-I10,GRAN AVENIDA,0.46298741199259874,0.46298741199259874,0,7,7,0,neutral
static_fixed_set,14,I22,PEDRO FONTOVA,I21,PEDRO DE VALDIVIA,0.4567424449155765,0.46801394409641356,0.011271499180837086,8,6,2,complementarity_signal
static_fixed_set,14,I22,PEDRO FONTOVA,I27,SANTA CECILIA - NONATO COO,0.42851079104704504,0.42851079104704504,0,9,9,0,neutral
static_fixed_set,14,I22,PEDRO FONTOVA,I19,PAC-LO ESPEJO-SN BDO,0.4273814663732846,0.43297848129865774,0.005597014925373123,10,8,2,complementarity_signal
static_fixed_set,14,I22,PEDRO FONTOVA,EP-I33,LA CHIMBA,0.41080541623321226,0.4110111681099052,0.00020575187669291672,11,10,1,complementarity_signal
static_fixed_set,14,I22,PEDRO FONTOVA,I06,DIAGONAL ORIENTE,0.40391651880988616,0.40391651880988616,0,12,11,1,neutral
static_fixed_set,14,I22,PEDRO FONTOVA,I09,GENERAL VELASQUEZ,0.3974461599947048,0.40304317492007796,0.005597014925373178,13,12,1,complementarity_signal
static_fixed_set,14,I22,PEDRO FONTOVA,I05,DIAGONAL JOSE MARIA CARO,0.38592576522190053,0.2926800506716095,-0.09324571455029101,14,59,-45,substitution_signal
static_fixed_set,14,I22,PEDRO FONTOVA,C053,CONDELL,0.38363892882868694,0.38363892882868694,0,15,13,2,neutral
static_fixed_set,14,I22,PEDRO FONTOVA,I29,SANTA ROSA,0.37358368935251995,0.37358368935251995,0,16,14,2,neutral
static_fixed_set,14,I22,PEDRO FONTOVA,I24,RADAL,0.36732564728087047,0.3729226622062436,0.005597014925373123,17,15,2,complementarity_signal
static_fixed_set,14,I22,PEDRO FONTOVA,C086,LA ESTRELLA,0.36643522221388786,0.37211303848354926,0.0056778162696614065,18,16,2,complementarity_signal
static_fixed_set,14,I22,PEDRO FONTOVA,I17,MATUCANA,0.36212617405782893,0.36212617405782893,0,19,17,2,neutral
static_fixed_set,14,I22,PEDRO FONTOVA,C070,MENDOZA (EX-CORONEL ROBLES),0.35637389012746173,0.35637389012746173,0,20,19,1,neutral
static_fixed_set,14,I22,PEDRO FONTOVA,I02,CARLOS VALDOVINOS,0.35528620955926693,0.35528620955926693,0,21,20,1,neutral
static_fixed_set,14,I22,PEDRO FONTOVA,C060,ROJAS MAGALLANES,0.35452585658587654,0.36012287151124966,0.005597014925373123,22,18,4,complementarity_signal
static_fixed_set,14,I22,PEDRO FONTOVA,C014,JOSE DOMINGO CAÑAS,0.3445717507556951,0.3445717507556951,0,23,21,2,neutral
static_fixed_set,14,I22,PEDRO FONTOVA,C083,ORIENTAL-LAS PARCELAS,0.3340917121382666,0.3340917121382666,0,24,22,2,neutral
static_fixed_set,14,I22,PEDRO FONTOVA,C043,NEPTUNO,0.33367397332944054,0.33367397332944054,0,25,23,2,neutral
static_fixed_set,14,I22,PEDRO FONTOVA,C058,ANTONIO EBNER-BARROS ARANA,0.32857919697989507,0.32857919697989507,0,26,24,2,neutral
static_fixed_set,14,I22,PEDRO FONTOVA,C056,TEMUCO - TORO MAZOTTE,0.3285688640321467,0.3285688640321467,0,27,25,2,neutral
static_fixed_set,14,I22,PEDRO FONTOVA,I07,EL GUANACO,0.3235831019219907,0.3235831019219907,0,28,26,2,neutral
static_fixed_set,14,I22,PEDRO FONTOVA,C081,SAN GREGORIO - DIEGO MEZA,0.3227606645267239,0.3227606645267239,0,29,27,2,neutral
static_fixed_set,14,I22,PEDRO FONTOVA,C007,EDUARDO CASTILLO VELASCO,0.3209682481807713,0.3209682481807713,0,30,28,2,neutral
static_fixed_set,14,I22,PEDRO FONTOVA,C044,LOS CERRILLOS,0.3207175662916551,0.3207175662916551,0,31,29,2,neutral
static_fixed_set,14,I22,PEDRO FONTOVA,I08,GENERAL OSCAR BONILLA,0.3194932901999786,0.3194932901999786,0,32,30,2,neutral
static_fixed_set,14,I22,PEDRO FONTOVA,C024,LOS ARRAYANES - LOS COPIHUES,0.3164169532190636,0.3164169532190636,0,33,31,2,neutral
static_fixed_set,14,I22,PEDRO FONTOVA,C061,EL PINAR,0.3146106947615233,0.3146106947615233,0,34,32,2,neutral
static_fixed_set,14,I22,PEDRO FONTOVA,C074,URETA COX,0.31449957814869145,0.31449957814869145,0,35,33,2,neutral
static_fixed_set,14,I22,PEDRO FONTOVA,C001,SAN EUGENIO,0.31315225632030524,0.31315225632030524,0,36,34,2,neutral
static_fixed_set,14,I22,PEDRO FONTOVA,C005,CORONEL ALEJANDRO SEPULVEDA,0.3106497256836105,0.3106497256836105,0,37,35,2,neutral
static_fixed_set,14,I22,PEDRO FONTOVA,C050,MAR DE DRAKE,0.30811479039196454,0.30811479039196454,0,38,36,2,neutral
static_fixed_set,14,I22,PEDRO FONTOVA,C023,AVENIDA DORSAL,0.3066800306129391,0.3066800306129391,0,39,38,1,neutral
static_fixed_set,14,I22,PEDRO FONTOVA,C088,ÑUBLE,0.3063521640095162,0.3063521640095162,0,40,39,1,neutral
static_fixed_set,14,I22,PEDRO FONTOVA,C057,PADRE VICENTE IRARRAZABAL - MANUEL CHACON,0.3063118533975971,0.3063118533975971,0,41,40,1,neutral
static_fixed_set,14,I22,PEDRO FONTOVA,I18,NUEVA IMPERIAL,0.30619965665611387,0.30619965665611387,0,42,41,1,neutral
static_fixed_set,14,I22,PEDRO FONTOVA,C034,PEDRO LEON UGALDE,0.3059054946388892,0.3059054946388892,0,43,42,1,neutral
static_fixed_set,14,I22,PEDRO FONTOVA,C028,MADRID,0.3057705925608732,0.3057705925608732,0,44,43,1,neutral
static_fixed_set,14,I22,PEDRO FONTOVA,C020,LATINOAMERICA - PINTOR MURILLO - FRANCISCO TOLEDO,0.3053874986899725,0.3053874986899725,0,45,44,1,neutral
static_fixed_set,14,I22,PEDRO FONTOVA,C030,MAULE,0.30333268447544404,0.30333268447544404,0,46,46,0,neutral
static_fixed_set,14,I22,PEDRO FONTOVA,C037,SAN ALFONSO,0.3032697592490899,0.3032697592490899,0,47,47,0,neutral
static_fixed_set,14,I22,PEDRO FONTOVA,C035,PRODIVENCIA,0.3024653830900083,0.3024653830900083,0,48,48,0,neutral
static_fixed_set,14,I22,PEDRO FONTOVA,C049,FEDERICO ERRÁZURIZ (EX SERRANO),0.30234118230484425,0.30793819723021737,0.005597014925373123,49,37,12,complementarity_signal
static_fixed_set,14,I22,PEDRO FONTOVA,C042,PRINCIPE DE GALES,0.3015275299366899,0.3015275299366899,0,50,49,1,neutral
static_fixed_set,14,I22,PEDRO FONTOVA,C076,ISLA DECEPCION,0.3008300476650675,0.3008300476650675,0,51,50,1,neutral
static_fixed_set,14,I22,PEDRO FONTOVA,C015,JOSE MANUEL GUZMAN,0.2982069096734652,0.2982069096734652,0,52,52,0,neutral
static_fixed_set,14,I22,PEDRO FONTOVA,C039,TUPUNGATO,0.2972177850899593,0.2972177850899593,0,53,53,0,neutral
static_fixed_set,14,I22,PEDRO FONTOVA,C029,MARIA ELENA,0.2969805767826037,0.2969805767826037,0,54,54,0,neutral
static_fixed_set,14,I22,PEDRO FONTOVA,C064,SILVA CARVALLO - SANTA ELENA,0.29671303455212084,0.29671303455212084,0,55,55,0,neutral
static_fixed_set,14,I22,PEDRO FONTOVA,C038,TALCAHUANO - SANTA INES - LOS EDILES,0.29573880114313694,0.29573880114313694,0,56,56,0,neutral
static_fixed_set,14,I22,PEDRO FONTOVA,C031,NECOCHEA,0.29460602459560964,0.29460602459560964,0,57,57,0,neutral
static_fixed_set,14,I22,PEDRO FONTOVA,C065,NUEVA SAN MARTIN,0.29384044783423063,0.29384044783423063,0,58,58,0,neutral
static_fixed_set,14,I22,PEDRO FONTOVA,C063,LONGITUDINAL,0.2934447724736111,0.30463880232435736,0.011194029850746245,59,45,14,complementarity_signal
static_fixed_set,14,I22,PEDRO FONTOVA,C032,OBISPO MANUEL UMAÑA,0.29340392813273786,0.299000943058111,0.005597014925373123,60,51,9,complementarity_signal
static_fixed_set,14,I22,PEDRO FONTOVA,C090,SANTO DOMINGO,0.29198941499230197,0.29198941499230197,0,61,60,1,neutral
static_fixed_set,14,I22,PEDRO FONTOVA,C013,HEROES DE LA CONCEPCION,0.29161502323158384,0.29161502323158384,0,62,61,1,neutral
static_fixed_set,14,I22,PEDRO FONTOVA,C004,CONSISTORIAL,0.29093172378697835,0.29093172378697835,0,63,62,1,neutral
static_fixed_set,14,I22,PEDRO FONTOVA,I32,EINSTEIN,0.2905145437874763,0.2906828105044479,0.0001682667169715657,64,63,1,complementarity_signal
static_fixed_set,14,I22,PEDRO FONTOVA,C027,LOS PRESIDENTES,0.2903073892430075,0.2903073892430075,0,65,64,1,neutral
static_fixed_set,14,I22,PEDRO FONTOVA,I28,SANTA RAQUEL,0.2874774442364143,0.2874774442364143,0,66,65,1,neutral
static_fixed_set,14,I22,PEDRO FONTOVA,I23,PETERSEN - VICUÑA MACKENNA,0.28720997267232284,0.28720997267232284,0,67,66,1,neutral
static_fixed_set,14,I22,PEDRO FONTOVA,C006,DOMINGO TOCORNAL,0.2871582452605561,0.2871582452605561,0,68,67,1,neutral
static_fixed_set,14,I22,PEDRO FONTOVA,C003,CONCHA Y TORO,0.28712610672824834,0.28712610672824834,0,69,68,1,neutral
static_fixed_set,14,I22,PEDRO FONTOVA,C046,EUCALIPTOS,0.2836213631052964,0.2836213631052964,0,70,69,1,neutral
static_fixed_set,14,I22,PEDRO FONTOVA,C022,LLANURA  - EL DESIERTO,0.2832694397879176,0.2832694397879176,0,71,70,1,neutral
static_fixed_set,14,I22,PEDRO FONTOVA,C012,GABRIELA ORIENTE,0.2756680017176141,0.2756680017176141,0,72,72,0,neutral
static_fixed_set,14,I22,PEDRO FONTOVA,C026,LOS MAITENES,0.273625292046878,0.27922230697225114,0.005597014925373123,73,71,2,complementarity_signal
static_fixed_set,14,I22,PEDRO FONTOVA,C052,BAQUEDANO - POSTALES ORIENTE,0.2725119994529144,0.2725119994529144,0,74,73,1,neutral
static_fixed_set,14,I22,PEDRO FONTOVA,C089,J J PEREZ,0.26495488367176884,0.26495488367176884,0,75,74,1,neutral
static_fixed_set,14,I22,PEDRO FONTOVA,C047,VIOLETA PARRA,0.2648001936107111,0.2648001936107111,0,76,75,1,neutral
static_fixed_set,14,I22,PEDRO FONTOVA,C079,LAS AMERICAS,0.2644498310084617,0.2644498310084617,0,77,76,1,neutral
static_fixed_set,14,I22,PEDRO FONTOVA,C021,LAUTARO,0.2643727886761859,0.2643727886761859,0,78,77,1,neutral
static_fixed_set,14,I22,PEDRO FONTOVA,C078,WALDO TAFF,0.2640982140605202,0.2640982140605202,0,79,78,1,neutral
static_fixed_set,14,I22,PEDRO FONTOVA,I31,FERNANDEZ ALBANO,0.2626404601749897,0.2626404601749897,0,80,79,1,neutral
static_fixed_set,14,I22,PEDRO FONTOVA,C40,VICUÑA MACKENNA - SAN MARTIN,0.2599804114545511,0.2599804114545511,0,81,80,1,neutral
static_fixed_set,14,I22,PEDRO FONTOVA,C011,EYZAGUIRRE,0.2597262361382782,0.2597262361382782,0,82,81,1,neutral
static_fixed_set,14,I22,PEDRO FONTOVA,C069,LOS OLMOS,0.2594151168255869,0.2594151168255869,0,83,82,1,neutral
static_fixed_set,14,I22,PEDRO FONTOVA,C009,EL ROSAL - SANTA ELENA,0.258292338870139,0.258292338870139,0,84,83,1,neutral
static_fixed_set,14,I22,PEDRO FONTOVA,C002,CAPITAN IGNACIO CARRERA PINTO,0.2546555618818747,0.2546555618818747,0,85,84,1,neutral
static_fixed_set,14,I22,PEDRO FONTOVA,C048,GENERAL ARRIAGADA,0.2517348978903142,0.2517348978903142,0,86,85,1,neutral
static_fixed_set,14,I22,PEDRO FONTOVA,C033,OBSERVATORIO,0.25172362934577086,0.25172362934577086,0,87,86,1,neutral
static_fixed_set,14,I22,PEDRO FONTOVA,C062,CORONA SUECA,0.2513511863347979,0.2513511863347979,0,88,87,1,neutral
static_fixed_set,14,I22,PEDRO FONTOVA,I03,CARRASCAL,0.24854515940907576,0.24854515940907576,0,89,88,1,neutral
static_fixed_set,14,I22,PEDRO FONTOVA,C054,VICTORIA,0.24818166256108362,0.24818166256108362,0,90,89,1,neutral
static_fixed_set,14,I22,PEDRO FONTOVA,C084,EL PINO - UNO SUR,0.24424096889796978,0.24424096889796978,0,91,90,1,neutral
static_fixed_set,14,I22,PEDRO FONTOVA,C071,BARROS ARANA,0.2432718387690382,0.2432718387690382,0,92,91,1,neutral
static_fixed_set,14,I22,PEDRO FONTOVA,C082,CAUPOLICAN,0.24201028797730914,0.24201028797730914,0,93,92,1,neutral
static_fixed_set,14,I22,PEDRO FONTOVA,C080,PARAGUAY,0.2404621201898296,0.2404621201898296,0,94,93,1,neutral
static_fixed_set,14,I22,PEDRO FONTOVA,C010,ESQ BLANCA - ALBERTO LLONA,0.238468098274494,0.238468098274494,0,95,95,0,neutral
static_fixed_set,14,I22,PEDRO FONTOVA,C041,VISTA HERMOSA,0.23729046079619398,0.23729046079619398,0,96,96,0,neutral
static_fixed_set,14,I22,PEDRO FONTOVA,C085,LOS LIBERTADORES,0.23390032597047816,0.240320348402623,0.006420022432144845,97,94,3,complementarity_signal
static_fixed_set,14,I22,PEDRO FONTOVA,C087,SALVADOR GUTIERREZ,0.23167583897026392,0.23167583897026392,0,98,97,1,neutral
static_fixed_set,14,I22,PEDRO FONTOVA,C019,LAS HIJUELAS SUR - LIBERTADOR BERNARDO OHIGGINS,0.23151138733257812,0.23151138733257812,0,99,98,1,neutral
static_fixed_set,14,I22,PEDRO FONTOVA,C017,LA PARINACOTA,0.2279533954363316,0.2279533954363316,0,100,99,1,neutral
static_fixed_set,14,I22,PEDRO FONTOVA,C051,JOSE MIGUEL INFANTE - DOMINGO STA MARIA,0.22770327755636682,0.22770327755636682,0,101,100,1,neutral
static_fixed_set,14,I22,PEDRO FONTOVA,C008,EL CERRO,0.22664145134727998,0.22664145134727998,0,102,101,1,neutral
static_fixed_set,14,I22,PEDRO FONTOVA,C036,RIO REFUGIO - SALAR SURIRE,0.22368469062682966,0.22368469062682966,0,103,102,1,neutral
static_fixed_set,14,I22,PEDRO FONTOVA,C077,RICARDO VIAL,0.22334495183243977,0.22334495183243977,0,104,103,1,neutral
static_fixed_set,14,I22,PEDRO FONTOVA,C072,COVADONGA,0.2222660174854263,0.2222660174854263,0,105,104,1,neutral
static_fixed_set,14,I22,PEDRO FONTOVA,C045,PORTO ALEGRE,0.20695992106916425,0.20695992106916425,0,106,105,1,neutral
static_fixed_set,14,I22,PEDRO FONTOVA,C055,ARTURO PRAT,0.1970214926913857,0.1970214926913857,0,107,106,1,neutral
static_fixed_set,14,I22,PEDRO FONTOVA,C018,LA PRIMAVERA,0.18728903995307272,0.18728903995307272,0,108,107,1,neutral
static_fixed_set,14,I22,PEDRO FONTOVA,C016,JUANITA,0.18668462173835745,0.18668462173835745,0,109,108,1,neutral
static_fixed_set,14,I22,PEDRO FONTOVA,C025,LOS DURAZNOS,0.17774436191569817,0.17774436191569817,0,110,109,1,neutral
static_fixed_set,14,I22,PEDRO FONTOVA,C073,LOS MORROS,0.16537203853610075,0.16537203853610075,0,111,110,1,neutral
static_fixed_set,15,I09,GENERAL VELASQUEZ,I25,SAN FRANCISCO,0.7068397356347429,0.7068397356347429,0,1,1,0,neutral
static_fixed_set,15,I09,GENERAL VELASQUEZ,I10,GRAN AVENIDA,0.6966753148845286,0.6910782999591554,-0.005597014925373234,2,2,0,substitution_signal
static_fixed_set,15,I09,GENERAL VELASQUEZ,I13,LO ESPEJO-RIQUELME,0.660169254067029,0.6562709609320989,-0.0038982931349300642,3,3,0,substitution_signal
static_fixed_set,15,I09,GENERAL VELASQUEZ,C067,CARDENAL RAUL SILVA HENRIQUEZ,0.6432359934123271,0.6432359934123271,0,4,4,0,neutral
static_fixed_set,15,I09,GENERAL VELASQUEZ,I04,DEL FERROCARRIL,0.5427636568210477,0.5456754555004081,0.0029117986793604222,5,5,0,complementarity_signal
static_fixed_set,15,I09,GENERAL VELASQUEZ,I21,PEDRO DE VALDIVIA,0.46801394409641356,0.46801394409641356,0,6,6,0,neutral
static_fixed_set,15,I09,GENERAL VELASQUEZ,EP-I10,GRAN AVENIDA,0.46298741199259874,0.46298741199259874,0,7,7,0,neutral
static_fixed_set,15,I09,GENERAL VELASQUEZ,I19,PAC-LO ESPEJO-SN BDO,0.43297848129865774,0.43297848129865774,0,8,8,0,neutral
static_fixed_set,15,I09,GENERAL VELASQUEZ,I27,SANTA CECILIA - NONATO COO,0.42851079104704504,0.42851079104704504,0,9,9,0,neutral
static_fixed_set,15,I09,GENERAL VELASQUEZ,EP-I33,LA CHIMBA,0.4110111681099052,0.4110111681099052,0,10,10,0,neutral
static_fixed_set,15,I09,GENERAL VELASQUEZ,I06,DIAGONAL ORIENTE,0.40391651880988616,0.40391651880988616,0,11,11,0,neutral
static_fixed_set,15,I09,GENERAL VELASQUEZ,C053,CONDELL,0.38363892882868694,0.38363892882868694,0,13,12,1,neutral
static_fixed_set,15,I09,GENERAL VELASQUEZ,I29,SANTA ROSA,0.37358368935251995,0.37358368935251995,0,14,13,1,neutral
static_fixed_set,15,I09,GENERAL VELASQUEZ,I24,RADAL,0.3729226622062436,0.3729226622062436,0,15,14,1,neutral
static_fixed_set,15,I09,GENERAL VELASQUEZ,C086,LA ESTRELLA,0.37211303848354926,0.37211303848354926,0,16,15,1,neutral
static_fixed_set,15,I09,GENERAL VELASQUEZ,I17,MATUCANA,0.36212617405782893,0.36212617405782893,0,17,16,1,neutral
static_fixed_set,15,I09,GENERAL VELASQUEZ,C060,ROJAS MAGALLANES,0.36012287151124966,0.36012287151124966,0,18,17,1,neutral
static_fixed_set,15,I09,GENERAL VELASQUEZ,C070,MENDOZA (EX-CORONEL ROBLES),0.35637389012746173,0.35637389012746173,0,19,18,1,neutral
static_fixed_set,15,I09,GENERAL VELASQUEZ,I02,CARLOS VALDOVINOS,0.35528620955926693,0.35528620955926693,0,20,19,1,neutral
static_fixed_set,15,I09,GENERAL VELASQUEZ,C014,JOSE DOMINGO CAÑAS,0.3445717507556951,0.3445717507556951,0,21,20,1,neutral
static_fixed_set,15,I09,GENERAL VELASQUEZ,C083,ORIENTAL-LAS PARCELAS,0.3340917121382666,0.3340917121382666,0,22,21,1,neutral
static_fixed_set,15,I09,GENERAL VELASQUEZ,C043,NEPTUNO,0.33367397332944054,0.33367397332944054,0,23,22,1,neutral
static_fixed_set,15,I09,GENERAL VELASQUEZ,C058,ANTONIO EBNER-BARROS ARANA,0.32857919697989507,0.32857919697989507,0,24,23,1,neutral
static_fixed_set,15,I09,GENERAL VELASQUEZ,C056,TEMUCO - TORO MAZOTTE,0.3285688640321467,0.3285688640321467,0,25,24,1,neutral
static_fixed_set,15,I09,GENERAL VELASQUEZ,I07,EL GUANACO,0.3235831019219907,0.3235831019219907,0,26,25,1,neutral
static_fixed_set,15,I09,GENERAL VELASQUEZ,C081,SAN GREGORIO - DIEGO MEZA,0.3227606645267239,0.3227606645267239,0,27,26,1,neutral
static_fixed_set,15,I09,GENERAL VELASQUEZ,C007,EDUARDO CASTILLO VELASCO,0.3209682481807713,0.3209682481807713,0,28,27,1,neutral
static_fixed_set,15,I09,GENERAL VELASQUEZ,C044,LOS CERRILLOS,0.3207175662916551,0.3207175662916551,0,29,28,1,neutral
static_fixed_set,15,I09,GENERAL VELASQUEZ,I08,GENERAL OSCAR BONILLA,0.3194932901999786,0.3194932901999786,0,30,29,1,neutral
static_fixed_set,15,I09,GENERAL VELASQUEZ,C024,LOS ARRAYANES - LOS COPIHUES,0.3164169532190636,0.3164169532190636,0,31,30,1,neutral
static_fixed_set,15,I09,GENERAL VELASQUEZ,C061,EL PINAR,0.3146106947615233,0.3146106947615233,0,32,31,1,neutral
static_fixed_set,15,I09,GENERAL VELASQUEZ,C074,URETA COX,0.31449957814869145,0.31449957814869145,0,33,32,1,neutral
static_fixed_set,15,I09,GENERAL VELASQUEZ,C001,SAN EUGENIO,0.31315225632030524,0.31315225632030524,0,34,33,1,neutral
static_fixed_set,15,I09,GENERAL VELASQUEZ,C005,CORONEL ALEJANDRO SEPULVEDA,0.3106497256836105,0.3106497256836105,0,35,34,1,neutral
static_fixed_set,15,I09,GENERAL VELASQUEZ,C050,MAR DE DRAKE,0.30811479039196454,0.30811479039196454,0,36,35,1,neutral
static_fixed_set,15,I09,GENERAL VELASQUEZ,C049,FEDERICO ERRÁZURIZ (EX SERRANO),0.30793819723021737,0.30793819723021737,0,37,36,1,neutral
static_fixed_set,15,I09,GENERAL VELASQUEZ,C023,AVENIDA DORSAL,0.3066800306129391,0.3066800306129391,0,38,37,1,neutral
static_fixed_set,15,I09,GENERAL VELASQUEZ,C088,ÑUBLE,0.3063521640095162,0.3063521640095162,0,39,38,1,neutral
static_fixed_set,15,I09,GENERAL VELASQUEZ,C057,PADRE VICENTE IRARRAZABAL - MANUEL CHACON,0.3063118533975971,0.3063118533975971,0,40,39,1,neutral
static_fixed_set,15,I09,GENERAL VELASQUEZ,I18,NUEVA IMPERIAL,0.30619965665611387,0.30619965665611387,0,41,40,1,neutral
static_fixed_set,15,I09,GENERAL VELASQUEZ,C034,PEDRO LEON UGALDE,0.3059054946388892,0.3059054946388892,0,42,41,1,neutral
static_fixed_set,15,I09,GENERAL VELASQUEZ,C028,MADRID,0.3057705925608732,0.3057705925608732,0,43,42,1,neutral
static_fixed_set,15,I09,GENERAL VELASQUEZ,C020,LATINOAMERICA - PINTOR MURILLO - FRANCISCO TOLEDO,0.3053874986899725,0.3053874986899725,0,44,43,1,neutral
static_fixed_set,15,I09,GENERAL VELASQUEZ,C063,LONGITUDINAL,0.30463880232435736,0.29904178739898424,-0.005597014925373123,45,49,-4,substitution_signal
static_fixed_set,15,I09,GENERAL VELASQUEZ,C030,MAULE,0.30333268447544404,0.30333268447544404,0,46,44,2,neutral
static_fixed_set,15,I09,GENERAL VELASQUEZ,C037,SAN ALFONSO,0.3032697592490899,0.3032697592490899,0,47,45,2,neutral
static_fixed_set,15,I09,GENERAL VELASQUEZ,C035,PRODIVENCIA,0.3024653830900083,0.3024653830900083,0,48,46,2,neutral
static_fixed_set,15,I09,GENERAL VELASQUEZ,C042,PRINCIPE DE GALES,0.3015275299366899,0.3015275299366899,0,49,47,2,neutral
static_fixed_set,15,I09,GENERAL VELASQUEZ,C076,ISLA DECEPCION,0.3008300476650675,0.3008300476650675,0,50,48,2,neutral
static_fixed_set,15,I09,GENERAL VELASQUEZ,C032,OBISPO MANUEL UMAÑA,0.299000943058111,0.299000943058111,0,51,50,1,neutral
static_fixed_set,15,I09,GENERAL VELASQUEZ,C015,JOSE MANUEL GUZMAN,0.2982069096734652,0.2982069096734652,0,52,51,1,neutral
static_fixed_set,15,I09,GENERAL VELASQUEZ,C039,TUPUNGATO,0.2972177850899593,0.2972177850899593,0,53,52,1,neutral
static_fixed_set,15,I09,GENERAL VELASQUEZ,C029,MARIA ELENA,0.2969805767826037,0.2969805767826037,0,54,53,1,neutral
static_fixed_set,15,I09,GENERAL VELASQUEZ,C064,SILVA CARVALLO - SANTA ELENA,0.29671303455212084,0.29671303455212084,0,55,54,1,neutral
static_fixed_set,15,I09,GENERAL VELASQUEZ,C038,TALCAHUANO - SANTA INES - LOS EDILES,0.29573880114313694,0.29573880114313694,0,56,55,1,neutral
static_fixed_set,15,I09,GENERAL VELASQUEZ,C031,NECOCHEA,0.29460602459560964,0.29460602459560964,0,57,56,1,neutral
static_fixed_set,15,I09,GENERAL VELASQUEZ,C065,NUEVA SAN MARTIN,0.29384044783423063,0.29384044783423063,0,58,57,1,neutral
static_fixed_set,15,I09,GENERAL VELASQUEZ,I05,DIAGONAL JOSE MARIA CARO,0.2926800506716095,0.2926800506716095,0,59,58,1,neutral
static_fixed_set,15,I09,GENERAL VELASQUEZ,C090,SANTO DOMINGO,0.29198941499230197,0.29198941499230197,0,60,59,1,neutral
static_fixed_set,15,I09,GENERAL VELASQUEZ,C013,HEROES DE LA CONCEPCION,0.29161502323158384,0.29161502323158384,0,61,60,1,neutral
static_fixed_set,15,I09,GENERAL VELASQUEZ,C004,CONSISTORIAL,0.29093172378697835,0.29093172378697835,0,62,61,1,neutral
static_fixed_set,15,I09,GENERAL VELASQUEZ,I32,EINSTEIN,0.2906828105044479,0.2906828105044479,0,63,62,1,neutral
static_fixed_set,15,I09,GENERAL VELASQUEZ,C027,LOS PRESIDENTES,0.2903073892430075,0.2903073892430075,0,64,63,1,neutral
static_fixed_set,15,I09,GENERAL VELASQUEZ,I28,SANTA RAQUEL,0.2874774442364143,0.2874774442364143,0,65,64,1,neutral
static_fixed_set,15,I09,GENERAL VELASQUEZ,I23,PETERSEN - VICUÑA MACKENNA,0.28720997267232284,0.28720997267232284,0,66,65,1,neutral
static_fixed_set,15,I09,GENERAL VELASQUEZ,C006,DOMINGO TOCORNAL,0.2871582452605561,0.2871582452605561,0,67,66,1,neutral
static_fixed_set,15,I09,GENERAL VELASQUEZ,C003,CONCHA Y TORO,0.28712610672824834,0.28712610672824834,0,68,67,1,neutral
static_fixed_set,15,I09,GENERAL VELASQUEZ,C046,EUCALIPTOS,0.2836213631052964,0.2836213631052964,0,69,68,1,neutral
static_fixed_set,15,I09,GENERAL VELASQUEZ,C022,LLANURA  - EL DESIERTO,0.2832694397879176,0.2832694397879176,0,70,69,1,neutral
static_fixed_set,15,I09,GENERAL VELASQUEZ,C026,LOS MAITENES,0.27922230697225114,0.27922230697225114,0,71,70,1,neutral
static_fixed_set,15,I09,GENERAL VELASQUEZ,C012,GABRIELA ORIENTE,0.2756680017176141,0.2756680017176141,0,72,71,1,neutral
static_fixed_set,15,I09,GENERAL VELASQUEZ,C052,BAQUEDANO - POSTALES ORIENTE,0.2725119994529144,0.2725119994529144,0,73,72,1,neutral
static_fixed_set,15,I09,GENERAL VELASQUEZ,C089,J J PEREZ,0.26495488367176884,0.26495488367176884,0,74,73,1,neutral
static_fixed_set,15,I09,GENERAL VELASQUEZ,C047,VIOLETA PARRA,0.2648001936107111,0.2648001936107111,0,75,74,1,neutral
static_fixed_set,15,I09,GENERAL VELASQUEZ,C079,LAS AMERICAS,0.2644498310084617,0.2644498310084617,0,76,75,1,neutral
static_fixed_set,15,I09,GENERAL VELASQUEZ,C021,LAUTARO,0.2643727886761859,0.2643727886761859,0,77,76,1,neutral
static_fixed_set,15,I09,GENERAL VELASQUEZ,C078,WALDO TAFF,0.2640982140605202,0.2640982140605202,0,78,77,1,neutral
static_fixed_set,15,I09,GENERAL VELASQUEZ,I31,FERNANDEZ ALBANO,0.2626404601749897,0.2626404601749897,0,79,78,1,neutral
static_fixed_set,15,I09,GENERAL VELASQUEZ,C40,VICUÑA MACKENNA - SAN MARTIN,0.2599804114545511,0.2599804114545511,0,80,79,1,neutral
static_fixed_set,15,I09,GENERAL VELASQUEZ,C011,EYZAGUIRRE,0.2597262361382782,0.2597262361382782,0,81,80,1,neutral
static_fixed_set,15,I09,GENERAL VELASQUEZ,C069,LOS OLMOS,0.2594151168255869,0.2594151168255869,0,82,81,1,neutral
static_fixed_set,15,I09,GENERAL VELASQUEZ,C009,EL ROSAL - SANTA ELENA,0.258292338870139,0.258292338870139,0,83,82,1,neutral
static_fixed_set,15,I09,GENERAL VELASQUEZ,C002,CAPITAN IGNACIO CARRERA PINTO,0.2546555618818747,0.2546555618818747,0,84,83,1,neutral
static_fixed_set,15,I09,GENERAL VELASQUEZ,C048,GENERAL ARRIAGADA,0.2517348978903142,0.2517348978903142,0,85,84,1,neutral
static_fixed_set,15,I09,GENERAL VELASQUEZ,C033,OBSERVATORIO,0.25172362934577086,0.25172362934577086,0,86,85,1,neutral
static_fixed_set,15,I09,GENERAL VELASQUEZ,C062,CORONA SUECA,0.2513511863347979,0.2513511863347979,0,87,86,1,neutral
static_fixed_set,15,I09,GENERAL VELASQUEZ,I03,CARRASCAL,0.24854515940907576,0.24854515940907576,0,88,87,1,neutral
static_fixed_set,15,I09,GENERAL VELASQUEZ,C054,VICTORIA,0.24818166256108362,0.24818166256108362,0,89,88,1,neutral
static_fixed_set,15,I09,GENERAL VELASQUEZ,C084,EL PINO - UNO SUR,0.24424096889796978,0.24424096889796978,0,90,89,1,neutral
static_fixed_set,15,I09,GENERAL VELASQUEZ,C071,BARROS ARANA,0.2432718387690382,0.2432718387690382,0,91,90,1,neutral
static_fixed_set,15,I09,GENERAL VELASQUEZ,C082,CAUPOLICAN,0.24201028797730914,0.24201028797730914,0,92,91,1,neutral
static_fixed_set,15,I09,GENERAL VELASQUEZ,C080,PARAGUAY,0.2404621201898296,0.2404621201898296,0,93,92,1,neutral
static_fixed_set,15,I09,GENERAL VELASQUEZ,C085,LOS LIBERTADORES,0.240320348402623,0.240320348402623,0,94,93,1,neutral
static_fixed_set,15,I09,GENERAL VELASQUEZ,C010,ESQ BLANCA - ALBERTO LLONA,0.238468098274494,0.238468098274494,0,95,94,1,neutral
static_fixed_set,15,I09,GENERAL VELASQUEZ,C041,VISTA HERMOSA,0.23729046079619398,0.23729046079619398,0,96,95,1,neutral
static_fixed_set,15,I09,GENERAL VELASQUEZ,C087,SALVADOR GUTIERREZ,0.23167583897026392,0.23167583897026392,0,97,96,1,neutral
static_fixed_set,15,I09,GENERAL VELASQUEZ,C019,LAS HIJUELAS SUR - LIBERTADOR BERNARDO OHIGGINS,0.23151138733257812,0.23151138733257812,0,98,97,1,neutral
static_fixed_set,15,I09,GENERAL VELASQUEZ,C017,LA PARINACOTA,0.2279533954363316,0.2279533954363316,0,99,98,1,neutral
static_fixed_set,15,I09,GENERAL VELASQUEZ,C051,JOSE MIGUEL INFANTE - DOMINGO STA MARIA,0.22770327755636682,0.22770327755636682,0,100,99,1,neutral
static_fixed_set,15,I09,GENERAL VELASQUEZ,C008,EL CERRO,0.22664145134727998,0.22664145134727998,0,101,100,1,neutral
static_fixed_set,15,I09,GENERAL VELASQUEZ,C036,RIO REFUGIO - SALAR SURIRE,0.22368469062682966,0.22368469062682966,0,102,101,1,neutral
static_fixed_set,15,I09,GENERAL VELASQUEZ,C077,RICARDO VIAL,0.22334495183243977,0.22334495183243977,0,103,102,1,neutral
static_fixed_set,15,I09,GENERAL VELASQUEZ,C072,COVADONGA,0.2222660174854263,0.2222660174854263,0,104,103,1,neutral
static_fixed_set,15,I09,GENERAL VELASQUEZ,C045,PORTO ALEGRE,0.20695992106916425,0.20695992106916425,0,105,104,1,neutral
static_fixed_set,15,I09,GENERAL VELASQUEZ,C055,ARTURO PRAT,0.1970214926913857,0.1970214926913857,0,106,105,1,neutral
static_fixed_set,15,I09,GENERAL VELASQUEZ,C018,LA PRIMAVERA,0.18728903995307272,0.18728903995307272,0,107,106,1,neutral
static_fixed_set,15,I09,GENERAL VELASQUEZ,C016,JUANITA,0.18668462173835745,0.18668462173835745,0,108,107,1,neutral
static_fixed_set,15,I09,GENERAL VELASQUEZ,C025,LOS DURAZNOS,0.17774436191569817,0.17774436191569817,0,109,108,1,neutral
static_fixed_set,15,I09,GENERAL VELASQUEZ,C073,LOS MORROS,0.16537203853610075,0.16537203853610075,0,110,109,1,neutral
static_fixed_set,16,I08,GENERAL OSCAR BONILLA,I25,SAN FRANCISCO,0.7068397356347429,0.7012427207093698,-0.005597014925373123,1,1,0,substitution_signal
static_fixed_set,16,I08,GENERAL OSCAR BONILLA,I10,GRAN AVENIDA,0.6910782999591554,0.6910782999591554,0,2,2,0,neutral
static_fixed_set,16,I08,GENERAL OSCAR BONILLA,I13,LO ESPEJO-RIQUELME,0.6562709609320989,0.6562709609320989,0,3,3,0,neutral
static_fixed_set,16,I08,GENERAL OSCAR BONILLA,C067,CARDENAL RAUL SILVA HENRIQUEZ,0.6432359934123271,0.6432359934123271,0,4,4,0,neutral
static_fixed_set,16,I08,GENERAL OSCAR BONILLA,I04,DEL FERROCARRIL,0.5456754555004081,0.5458265867790335,0.00015113127862542708,5,5,0,complementarity_signal
static_fixed_set,16,I08,GENERAL OSCAR BONILLA,I21,PEDRO DE VALDIVIA,0.46801394409641356,0.46801394409641356,0,6,6,0,neutral
static_fixed_set,16,I08,GENERAL OSCAR BONILLA,EP-I10,GRAN AVENIDA,0.46298741199259874,0.46298741199259874,0,7,7,0,neutral
static_fixed_set,16,I08,GENERAL OSCAR BONILLA,I19,PAC-LO ESPEJO-SN BDO,0.43297848129865774,0.43297848129865774,0,8,8,0,neutral
static_fixed_set,16,I08,GENERAL OSCAR BONILLA,I27,SANTA CECILIA - NONATO COO,0.42851079104704504,0.42851079104704504,0,9,9,0,neutral
static_fixed_set,16,I08,GENERAL OSCAR BONILLA,EP-I33,LA CHIMBA,0.4110111681099052,0.4110111681099052,0,10,10,0,neutral
static_fixed_set,16,I08,GENERAL OSCAR BONILLA,I06,DIAGONAL ORIENTE,0.40391651880988616,0.40391651880988616,0,11,11,0,neutral
static_fixed_set,16,I08,GENERAL OSCAR BONILLA,C053,CONDELL,0.38363892882868694,0.38363892882868694,0,12,12,0,neutral
static_fixed_set,16,I08,GENERAL OSCAR BONILLA,I29,SANTA ROSA,0.37358368935251995,0.37358368935251995,0,13,13,0,neutral
static_fixed_set,16,I08,GENERAL OSCAR BONILLA,I24,RADAL,0.3729226622062436,0.37330818844956576,0.0003855262433221651,14,14,0,complementarity_signal
static_fixed_set,16,I08,GENERAL OSCAR BONILLA,C086,LA ESTRELLA,0.37211303848354926,0.37211303848354926,0,15,15,0,neutral
static_fixed_set,16,I08,GENERAL OSCAR BONILLA,I17,MATUCANA,0.36212617405782893,0.36212617405782893,0,16,16,0,neutral
static_fixed_set,16,I08,GENERAL OSCAR BONILLA,C060,ROJAS MAGALLANES,0.36012287151124966,0.36012287151124966,0,17,17,0,neutral
static_fixed_set,16,I08,GENERAL OSCAR BONILLA,C070,MENDOZA (EX-CORONEL ROBLES),0.35637389012746173,0.35637389012746173,0,18,18,0,neutral
static_fixed_set,16,I08,GENERAL OSCAR BONILLA,I02,CARLOS VALDOVINOS,0.35528620955926693,0.35528620955926693,0,19,19,0,neutral
static_fixed_set,16,I08,GENERAL OSCAR BONILLA,C014,JOSE DOMINGO CAÑAS,0.3445717507556951,0.3445717507556951,0,20,20,0,neutral
static_fixed_set,16,I08,GENERAL OSCAR BONILLA,C083,ORIENTAL-LAS PARCELAS,0.3340917121382666,0.3340917121382666,0,21,21,0,neutral
static_fixed_set,16,I08,GENERAL OSCAR BONILLA,C043,NEPTUNO,0.33367397332944054,0.3340594995727627,0.0003855262433221651,22,22,0,complementarity_signal
static_fixed_set,16,I08,GENERAL OSCAR BONILLA,C058,ANTONIO EBNER-BARROS ARANA,0.32857919697989507,0.32857919697989507,0,23,23,0,neutral
static_fixed_set,16,I08,GENERAL OSCAR BONILLA,C056,TEMUCO - TORO MAZOTTE,0.3285688640321467,0.3285688640321467,0,24,24,0,neutral
static_fixed_set,16,I08,GENERAL OSCAR BONILLA,I07,EL GUANACO,0.3235831019219907,0.3235831019219907,0,25,26,-1,neutral
static_fixed_set,16,I08,GENERAL OSCAR BONILLA,C081,SAN GREGORIO - DIEGO MEZA,0.3227606645267239,0.3227606645267239,0,26,27,-1,neutral
static_fixed_set,16,I08,GENERAL OSCAR BONILLA,C007,EDUARDO CASTILLO VELASCO,0.3209682481807713,0.3209682481807713,0,27,28,-1,neutral
static_fixed_set,16,I08,GENERAL OSCAR BONILLA,C044,LOS CERRILLOS,0.3207175662916551,0.3207175662916551,0,28,29,-1,neutral
static_fixed_set,16,I08,GENERAL OSCAR BONILLA,C024,LOS ARRAYANES - LOS COPIHUES,0.3164169532190636,0.3164169532190636,0,30,30,0,neutral
static_fixed_set,16,I08,GENERAL OSCAR BONILLA,C061,EL PINAR,0.3146106947615233,0.3146106947615233,0,31,31,0,neutral
static_fixed_set,16,I08,GENERAL OSCAR BONILLA,C074,URETA COX,0.31449957814869145,0.31449957814869145,0,32,32,0,neutral
static_fixed_set,16,I08,GENERAL OSCAR BONILLA,C001,SAN EUGENIO,0.31315225632030524,0.31315225632030524,0,33,33,0,neutral
static_fixed_set,16,I08,GENERAL OSCAR BONILLA,C005,CORONEL ALEJANDRO SEPULVEDA,0.3106497256836105,0.3106497256836105,0,34,34,0,neutral
static_fixed_set,16,I08,GENERAL OSCAR BONILLA,C050,MAR DE DRAKE,0.30811479039196454,0.2878006879420467,-0.020314102449917826,35,63,-28,substitution_signal
static_fixed_set,16,I08,GENERAL OSCAR BONILLA,C049,FEDERICO ERRÁZURIZ (EX SERRANO),0.30793819723021737,0.29005414100941707,-0.017884056220800304,36,62,-26,substitution_signal
static_fixed_set,16,I08,GENERAL OSCAR BONILLA,C023,AVENIDA DORSAL,0.3066800306129391,0.30783660934290547,0.0011565787299663843,37,35,2,complementarity_signal
static_fixed_set,16,I08,GENERAL OSCAR BONILLA,C088,ÑUBLE,0.3063521640095162,0.3063521640095162,0,38,36,2,neutral
static_fixed_set,16,I08,GENERAL OSCAR BONILLA,C057,PADRE VICENTE IRARRAZABAL - MANUEL CHACON,0.3063118533975971,0.3063118533975971,0,39,37,2,neutral
static_fixed_set,16,I08,GENERAL OSCAR BONILLA,I18,NUEVA IMPERIAL,0.30619965665611387,0.30619965665611387,0,40,38,2,neutral
static_fixed_set,16,I08,GENERAL OSCAR BONILLA,C034,PEDRO LEON UGALDE,0.3059054946388892,0.3059054946388892,0,41,39,2,neutral
static_fixed_set,16,I08,GENERAL OSCAR BONILLA,C028,MADRID,0.3057705925608732,0.3057705925608732,0,42,40,2,neutral
static_fixed_set,16,I08,GENERAL OSCAR BONILLA,C020,LATINOAMERICA - PINTOR MURILLO - FRANCISCO TOLEDO,0.3053874986899725,0.3053874986899725,0,43,41,2,neutral
static_fixed_set,16,I08,GENERAL OSCAR BONILLA,C030,MAULE,0.30333268447544404,0.30333268447544404,0,44,42,2,neutral
static_fixed_set,16,I08,GENERAL OSCAR BONILLA,C037,SAN ALFONSO,0.3032697592490899,0.3032697592490899,0,45,43,2,neutral
static_fixed_set,16,I08,GENERAL OSCAR BONILLA,C035,PRODIVENCIA,0.3024653830900083,0.3024653830900083,0,46,44,2,neutral
static_fixed_set,16,I08,GENERAL OSCAR BONILLA,C042,PRINCIPE DE GALES,0.3015275299366899,0.3015275299366899,0,47,46,1,neutral
static_fixed_set,16,I08,GENERAL OSCAR BONILLA,C076,ISLA DECEPCION,0.3008300476650675,0.3016011001517117,0.0007710524866442192,48,45,3,complementarity_signal
static_fixed_set,16,I08,GENERAL OSCAR BONILLA,C063,LONGITUDINAL,0.29904178739898424,0.29904178739898424,0,49,47,2,neutral
static_fixed_set,16,I08,GENERAL OSCAR BONILLA,C032,OBISPO MANUEL UMAÑA,0.299000943058111,0.299000943058111,0,50,48,2,neutral
static_fixed_set,16,I08,GENERAL OSCAR BONILLA,C015,JOSE MANUEL GUZMAN,0.2982069096734652,0.2982069096734652,0,51,49,2,neutral
static_fixed_set,16,I08,GENERAL OSCAR BONILLA,C039,TUPUNGATO,0.2972177850899593,0.2972177850899593,0,52,50,2,neutral
static_fixed_set,16,I08,GENERAL OSCAR BONILLA,C029,MARIA ELENA,0.2969805767826037,0.2969805767826037,0,53,51,2,neutral
static_fixed_set,16,I08,GENERAL OSCAR BONILLA,C064,SILVA CARVALLO - SANTA ELENA,0.29671303455212084,0.29671303455212084,0,54,52,2,neutral
static_fixed_set,16,I08,GENERAL OSCAR BONILLA,C038,TALCAHUANO - SANTA INES - LOS EDILES,0.29573880114313694,0.29573880114313694,0,55,53,2,neutral
static_fixed_set,16,I08,GENERAL OSCAR BONILLA,C031,NECOCHEA,0.29460602459560964,0.29460602459560964,0,56,54,2,neutral
static_fixed_set,16,I08,GENERAL OSCAR BONILLA,C065,NUEVA SAN MARTIN,0.29384044783423063,0.29384044783423063,0,57,55,2,neutral
static_fixed_set,16,I08,GENERAL OSCAR BONILLA,I05,DIAGONAL JOSE MARIA CARO,0.2926800506716095,0.2926800506716095,0,58,56,2,neutral
static_fixed_set,16,I08,GENERAL OSCAR BONILLA,C090,SANTO DOMINGO,0.29198941499230197,0.29198941499230197,0,59,57,2,neutral
static_fixed_set,16,I08,GENERAL OSCAR BONILLA,C013,HEROES DE LA CONCEPCION,0.29161502323158384,0.29161502323158384,0,60,58,2,neutral
static_fixed_set,16,I08,GENERAL OSCAR BONILLA,C004,CONSISTORIAL,0.29093172378697835,0.29093172378697835,0,61,59,2,neutral
static_fixed_set,16,I08,GENERAL OSCAR BONILLA,I32,EINSTEIN,0.2906828105044479,0.2906828105044479,0,62,60,2,neutral
static_fixed_set,16,I08,GENERAL OSCAR BONILLA,C027,LOS PRESIDENTES,0.2903073892430075,0.2903073892430075,0,63,61,2,neutral
static_fixed_set,16,I08,GENERAL OSCAR BONILLA,I28,SANTA RAQUEL,0.2874774442364143,0.2874774442364143,0,64,64,0,neutral
static_fixed_set,16,I08,GENERAL OSCAR BONILLA,I23,PETERSEN - VICUÑA MACKENNA,0.28720997267232284,0.28720997267232284,0,65,65,0,neutral
static_fixed_set,16,I08,GENERAL OSCAR BONILLA,C006,DOMINGO TOCORNAL,0.2871582452605561,0.2871582452605561,0,66,66,0,neutral
static_fixed_set,16,I08,GENERAL OSCAR BONILLA,C003,CONCHA Y TORO,0.28712610672824834,0.28712610672824834,0,67,67,0,neutral
static_fixed_set,16,I08,GENERAL OSCAR BONILLA,C046,EUCALIPTOS,0.2836213631052964,0.2836213631052964,0,68,68,0,neutral
static_fixed_set,16,I08,GENERAL OSCAR BONILLA,C022,LLANURA  - EL DESIERTO,0.2832694397879176,0.2832694397879176,0,69,69,0,neutral
static_fixed_set,16,I08,GENERAL OSCAR BONILLA,C026,LOS MAITENES,0.27922230697225114,0.27922230697225114,0,70,70,0,neutral
static_fixed_set,16,I08,GENERAL OSCAR BONILLA,C012,GABRIELA ORIENTE,0.2756680017176141,0.2756680017176141,0,71,71,0,neutral
static_fixed_set,16,I08,GENERAL OSCAR BONILLA,C052,BAQUEDANO - POSTALES ORIENTE,0.2725119994529144,0.2725119994529144,0,72,72,0,neutral
static_fixed_set,16,I08,GENERAL OSCAR BONILLA,C089,J J PEREZ,0.26495488367176884,0.26495488367176884,0,73,73,0,neutral
static_fixed_set,16,I08,GENERAL OSCAR BONILLA,C047,VIOLETA PARRA,0.2648001936107111,0.2648001936107111,0,74,74,0,neutral
static_fixed_set,16,I08,GENERAL OSCAR BONILLA,C079,LAS AMERICAS,0.2644498310084617,0.2644498310084617,0,75,75,0,neutral
static_fixed_set,16,I08,GENERAL OSCAR BONILLA,C021,LAUTARO,0.2643727886761859,0.2643727886761859,0,76,76,0,neutral
static_fixed_set,16,I08,GENERAL OSCAR BONILLA,C078,WALDO TAFF,0.2640982140605202,0.2640982140605202,0,77,77,0,neutral
static_fixed_set,16,I08,GENERAL OSCAR BONILLA,I31,FERNANDEZ ALBANO,0.2626404601749897,0.2626404601749897,0,78,78,0,neutral
static_fixed_set,16,I08,GENERAL OSCAR BONILLA,C40,VICUÑA MACKENNA - SAN MARTIN,0.2599804114545511,0.2599804114545511,0,79,79,0,neutral
static_fixed_set,16,I08,GENERAL OSCAR BONILLA,C011,EYZAGUIRRE,0.2597262361382782,0.2597262361382782,0,80,80,0,neutral
static_fixed_set,16,I08,GENERAL OSCAR BONILLA,C069,LOS OLMOS,0.2594151168255869,0.2594151168255869,0,81,81,0,neutral
static_fixed_set,16,I08,GENERAL OSCAR BONILLA,C009,EL ROSAL - SANTA ELENA,0.258292338870139,0.258292338870139,0,82,82,0,neutral
static_fixed_set,16,I08,GENERAL OSCAR BONILLA,C002,CAPITAN IGNACIO CARRERA PINTO,0.2546555618818747,0.2546555618818747,0,83,83,0,neutral
static_fixed_set,16,I08,GENERAL OSCAR BONILLA,C048,GENERAL ARRIAGADA,0.2517348978903142,0.2517348978903142,0,84,84,0,neutral
static_fixed_set,16,I08,GENERAL OSCAR BONILLA,C033,OBSERVATORIO,0.25172362934577086,0.25172362934577086,0,85,85,0,neutral
static_fixed_set,16,I08,GENERAL OSCAR BONILLA,C062,CORONA SUECA,0.2513511863347979,0.32620179491551055,0.07485060858071263,86,25,61,complementarity_signal
static_fixed_set,16,I08,GENERAL OSCAR BONILLA,I03,CARRASCAL,0.24854515940907576,0.24854515940907576,0,87,86,1,neutral
static_fixed_set,16,I08,GENERAL OSCAR BONILLA,C054,VICTORIA,0.24818166256108362,0.24818166256108362,0,88,87,1,neutral
static_fixed_set,16,I08,GENERAL OSCAR BONILLA,C084,EL PINO - UNO SUR,0.24424096889796978,0.24424096889796978,0,89,88,1,neutral
static_fixed_set,16,I08,GENERAL OSCAR BONILLA,C071,BARROS ARANA,0.2432718387690382,0.2432718387690382,0,90,89,1,neutral
static_fixed_set,16,I08,GENERAL OSCAR BONILLA,C082,CAUPOLICAN,0.24201028797730914,0.24201028797730914,0,91,90,1,neutral
static_fixed_set,16,I08,GENERAL OSCAR BONILLA,C080,PARAGUAY,0.2404621201898296,0.2404621201898296,0,92,91,1,neutral
static_fixed_set,16,I08,GENERAL OSCAR BONILLA,C085,LOS LIBERTADORES,0.240320348402623,0.23472333347724983,-0.005597014925373178,93,94,-1,substitution_signal
static_fixed_set,16,I08,GENERAL OSCAR BONILLA,C010,ESQ BLANCA - ALBERTO LLONA,0.238468098274494,0.238468098274494,0,94,92,2,neutral
static_fixed_set,16,I08,GENERAL OSCAR BONILLA,C041,VISTA HERMOSA,0.23729046079619398,0.23729046079619398,0,95,93,2,neutral
static_fixed_set,16,I08,GENERAL OSCAR BONILLA,C087,SALVADOR GUTIERREZ,0.23167583897026392,0.23167583897026392,0,96,95,1,neutral
static_fixed_set,16,I08,GENERAL OSCAR BONILLA,C019,LAS HIJUELAS SUR - LIBERTADOR BERNARDO OHIGGINS,0.23151138733257812,0.23151138733257812,0,97,96,1,neutral
static_fixed_set,16,I08,GENERAL OSCAR BONILLA,C017,LA PARINACOTA,0.2279533954363316,0.2279533954363316,0,98,97,1,neutral
static_fixed_set,16,I08,GENERAL OSCAR BONILLA,C051,JOSE MIGUEL INFANTE - DOMINGO STA MARIA,0.22770327755636682,0.22770327755636682,0,99,98,1,neutral
static_fixed_set,16,I08,GENERAL OSCAR BONILLA,C008,EL CERRO,0.22664145134727998,0.22664145134727998,0,100,99,1,neutral
static_fixed_set,16,I08,GENERAL OSCAR BONILLA,C036,RIO REFUGIO - SALAR SURIRE,0.22368469062682966,0.22368469062682966,0,101,100,1,neutral
static_fixed_set,16,I08,GENERAL OSCAR BONILLA,C077,RICARDO VIAL,0.22334495183243977,0.22334495183243977,0,102,101,1,neutral
static_fixed_set,16,I08,GENERAL OSCAR BONILLA,C072,COVADONGA,0.2222660174854263,0.2222660174854263,0,103,102,1,neutral
static_fixed_set,16,I08,GENERAL OSCAR BONILLA,C045,PORTO ALEGRE,0.20695992106916425,0.20695992106916425,0,104,103,1,neutral
static_fixed_set,16,I08,GENERAL OSCAR BONILLA,C055,ARTURO PRAT,0.1970214926913857,0.1970214926913857,0,105,104,1,neutral
static_fixed_set,16,I08,GENERAL OSCAR BONILLA,C018,LA PRIMAVERA,0.18728903995307272,0.18728903995307272,0,106,105,1,neutral
static_fixed_set,16,I08,GENERAL OSCAR BONILLA,C016,JUANITA,0.18668462173835745,0.18668462173835745,0,107,106,1,neutral
static_fixed_set,16,I08,GENERAL OSCAR BONILLA,C025,LOS DURAZNOS,0.17774436191569817,0.17774436191569817,0,108,107,1,neutral
static_fixed_set,16,I08,GENERAL OSCAR BONILLA,C073,LOS MORROS,0.16537203853610075,0.16537203853610075,0,109,108,1,neutral
static_fixed_set,17,C006,DOMINGO TOCORNAL,I25,SAN FRANCISCO,0.7012427207093698,0.7085229299461915,0.007280209236821711,1,1,0,complementarity_signal
static_fixed_set,17,C006,DOMINGO TOCORNAL,I10,GRAN AVENIDA,0.6910782999591554,0.6926047778526937,0.001526477893538325,2,2,0,complementarity_signal
static_fixed_set,17,C006,DOMINGO TOCORNAL,I13,LO ESPEJO-RIQUELME,0.6562709609320989,0.6579541552435476,0.0016831943114486991,3,3,0,complementarity_signal
static_fixed_set,17,C006,DOMINGO TOCORNAL,C067,CARDENAL RAUL SILVA HENRIQUEZ,0.6432359934123271,0.6447624713058654,0.001526477893538325,4,4,0,complementarity_signal
static_fixed_set,17,C006,DOMINGO TOCORNAL,I04,DEL FERROCARRIL,0.5458265867790335,0.5458265867790335,0,5,5,0,neutral
static_fixed_set,17,C006,DOMINGO TOCORNAL,I21,PEDRO DE VALDIVIA,0.46801394409641356,0.46801394409641356,0,6,6,0,neutral
static_fixed_set,17,C006,DOMINGO TOCORNAL,EP-I10,GRAN AVENIDA,0.46298741199259874,0.4635814498060046,0.0005940378134058344,7,7,0,complementarity_signal
static_fixed_set,17,C006,DOMINGO TOCORNAL,I19,PAC-LO ESPEJO-SN BDO,0.43297848129865774,0.43297848129865774,0,8,8,0,neutral
static_fixed_set,17,C006,DOMINGO TOCORNAL,I27,SANTA CECILIA - NONATO COO,0.42851079104704504,0.42889631729036715,0.0003855262433221096,9,9,0,complementarity_signal
static_fixed_set,17,C006,DOMINGO TOCORNAL,EP-I33,LA CHIMBA,0.4110111681099052,0.4110111681099052,0,10,10,0,neutral
static_fixed_set,17,C006,DOMINGO TOCORNAL,I06,DIAGONAL ORIENTE,0.40391651880988616,0.40391651880988616,0,11,11,0,neutral
static_fixed_set,17,C006,DOMINGO TOCORNAL,C053,CONDELL,0.38363892882868694,0.3843888500564538,0.0007499212277668477,12,12,0,complementarity_signal
static_fixed_set,17,C006,DOMINGO TOCORNAL,I29,SANTA ROSA,0.37358368935251995,0.37358368935251995,0,13,13,0,neutral
static_fixed_set,17,C006,DOMINGO TOCORNAL,I24,RADAL,0.37330818844956576,0.37330818844956576,0,14,14,0,neutral
static_fixed_set,17,C006,DOMINGO TOCORNAL,C086,LA ESTRELLA,0.37211303848354926,0.37211303848354926,0,15,15,0,neutral
static_fixed_set,17,C006,DOMINGO TOCORNAL,I17,MATUCANA,0.36212617405782893,0.36212617405782893,0,16,16,0,neutral
static_fixed_set,17,C006,DOMINGO TOCORNAL,C060,ROJAS MAGALLANES,0.36012287151124966,0.36012287151124966,0,17,17,0,neutral
static_fixed_set,17,C006,DOMINGO TOCORNAL,C070,MENDOZA (EX-CORONEL ROBLES),0.35637389012746173,0.35637389012746173,0,18,18,0,neutral
static_fixed_set,17,C006,DOMINGO TOCORNAL,I02,CARLOS VALDOVINOS,0.35528620955926693,0.35528620955926693,0,19,19,0,neutral
static_fixed_set,17,C006,DOMINGO TOCORNAL,C014,JOSE DOMINGO CAÑAS,0.3445717507556951,0.3445717507556951,0,20,20,0,neutral
static_fixed_set,17,C006,DOMINGO TOCORNAL,C083,ORIENTAL-LAS PARCELAS,0.3340917121382666,0.3340917121382666,0,21,21,0,neutral
static_fixed_set,17,C006,DOMINGO TOCORNAL,C043,NEPTUNO,0.3340594995727627,0.3340594995727627,0,22,22,0,neutral
static_fixed_set,17,C006,DOMINGO TOCORNAL,C058,ANTONIO EBNER-BARROS ARANA,0.32857919697989507,0.32857919697989507,0,23,23,0,neutral
static_fixed_set,17,C006,DOMINGO TOCORNAL,C056,TEMUCO - TORO MAZOTTE,0.3285688640321467,0.3285688640321467,0,24,24,0,neutral
static_fixed_set,17,C006,DOMINGO TOCORNAL,C062,CORONA SUECA,0.32620179491551055,0.32620179491551055,0,25,25,0,neutral
static_fixed_set,17,C006,DOMINGO TOCORNAL,I07,EL GUANACO,0.3235831019219907,0.3235831019219907,0,26,26,0,neutral
static_fixed_set,17,C006,DOMINGO TOCORNAL,C081,SAN GREGORIO - DIEGO MEZA,0.3227606645267239,0.3227606645267239,0,27,27,0,neutral
static_fixed_set,17,C006,DOMINGO TOCORNAL,C007,EDUARDO CASTILLO VELASCO,0.3209682481807713,0.3209682481807713,0,28,28,0,neutral
static_fixed_set,17,C006,DOMINGO TOCORNAL,C044,LOS CERRILLOS,0.3207175662916551,0.3207175662916551,0,29,29,0,neutral
static_fixed_set,17,C006,DOMINGO TOCORNAL,C024,LOS ARRAYANES - LOS COPIHUES,0.3164169532190636,0.3164169532190636,0,30,30,0,neutral
static_fixed_set,17,C006,DOMINGO TOCORNAL,C061,EL PINAR,0.3146106947615233,0.3146106947615233,0,31,31,0,neutral
static_fixed_set,17,C006,DOMINGO TOCORNAL,C074,URETA COX,0.31449957814869145,0.31449957814869145,0,32,32,0,neutral
static_fixed_set,17,C006,DOMINGO TOCORNAL,C001,SAN EUGENIO,0.31315225632030524,0.31315225632030524,0,33,33,0,neutral
static_fixed_set,17,C006,DOMINGO TOCORNAL,C005,CORONEL ALEJANDRO SEPULVEDA,0.3106497256836105,0.3106497256836105,0,34,34,0,neutral
static_fixed_set,17,C006,DOMINGO TOCORNAL,C023,AVENIDA DORSAL,0.30783660934290547,0.30783660934290547,0,35,35,0,neutral
static_fixed_set,17,C006,DOMINGO TOCORNAL,C088,ÑUBLE,0.3063521640095162,0.3063521640095162,0,36,36,0,neutral
static_fixed_set,17,C006,DOMINGO TOCORNAL,C057,PADRE VICENTE IRARRAZABAL - MANUEL CHACON,0.3063118533975971,0.3063118533975971,0,37,37,0,neutral
static_fixed_set,17,C006,DOMINGO TOCORNAL,I18,NUEVA IMPERIAL,0.30619965665611387,0.30619965665611387,0,38,38,0,neutral
static_fixed_set,17,C006,DOMINGO TOCORNAL,C034,PEDRO LEON UGALDE,0.3059054946388892,0.3059054946388892,0,39,39,0,neutral
static_fixed_set,17,C006,DOMINGO TOCORNAL,C028,MADRID,0.3057705925608732,0.3057705925608732,0,40,40,0,neutral
static_fixed_set,17,C006,DOMINGO TOCORNAL,C020,LATINOAMERICA - PINTOR MURILLO - FRANCISCO TOLEDO,0.3053874986899725,0.3053874986899725,0,41,41,0,neutral
static_fixed_set,17,C006,DOMINGO TOCORNAL,C030,MAULE,0.30333268447544404,0.30333268447544404,0,42,42,0,neutral
static_fixed_set,17,C006,DOMINGO TOCORNAL,C037,SAN ALFONSO,0.3032697592490899,0.3032697592490899,0,43,43,0,neutral
static_fixed_set,17,C006,DOMINGO TOCORNAL,C035,PRODIVENCIA,0.3024653830900083,0.3024653830900083,0,44,44,0,neutral
static_fixed_set,17,C006,DOMINGO TOCORNAL,C076,ISLA DECEPCION,0.3016011001517117,0.3016011001517117,0,45,45,0,neutral
static_fixed_set,17,C006,DOMINGO TOCORNAL,C042,PRINCIPE DE GALES,0.3015275299366899,0.3015275299366899,0,46,46,0,neutral
static_fixed_set,17,C006,DOMINGO TOCORNAL,C063,LONGITUDINAL,0.29904178739898424,0.29904178739898424,0,47,47,0,neutral
static_fixed_set,17,C006,DOMINGO TOCORNAL,C032,OBISPO MANUEL UMAÑA,0.299000943058111,0.299000943058111,0,48,48,0,neutral
static_fixed_set,17,C006,DOMINGO TOCORNAL,C015,JOSE MANUEL GUZMAN,0.2982069096734652,0.2982069096734652,0,49,49,0,neutral
static_fixed_set,17,C006,DOMINGO TOCORNAL,C039,TUPUNGATO,0.2972177850899593,0.2972177850899593,0,50,50,0,neutral
static_fixed_set,17,C006,DOMINGO TOCORNAL,C029,MARIA ELENA,0.2969805767826037,0.2969805767826037,0,51,51,0,neutral
static_fixed_set,17,C006,DOMINGO TOCORNAL,C064,SILVA CARVALLO - SANTA ELENA,0.29671303455212084,0.29671303455212084,0,52,52,0,neutral
static_fixed_set,17,C006,DOMINGO TOCORNAL,C038,TALCAHUANO - SANTA INES - LOS EDILES,0.29573880114313694,0.29573880114313694,0,53,53,0,neutral
static_fixed_set,17,C006,DOMINGO TOCORNAL,C031,NECOCHEA,0.29460602459560964,0.29460602459560964,0,54,54,0,neutral
static_fixed_set,17,C006,DOMINGO TOCORNAL,C065,NUEVA SAN MARTIN,0.29384044783423063,0.29384044783423063,0,55,55,0,neutral
static_fixed_set,17,C006,DOMINGO TOCORNAL,I05,DIAGONAL JOSE MARIA CARO,0.2926800506716095,0.2926800506716095,0,56,56,0,neutral
static_fixed_set,17,C006,DOMINGO TOCORNAL,C090,SANTO DOMINGO,0.29198941499230197,0.29198941499230197,0,57,57,0,neutral
static_fixed_set,17,C006,DOMINGO TOCORNAL,C013,HEROES DE LA CONCEPCION,0.29161502323158384,0.29161502323158384,0,58,58,0,neutral
static_fixed_set,17,C006,DOMINGO TOCORNAL,C004,CONSISTORIAL,0.29093172378697835,0.29093172378697835,0,59,59,0,neutral
static_fixed_set,17,C006,DOMINGO TOCORNAL,I32,EINSTEIN,0.2906828105044479,0.2906828105044479,0,60,60,0,neutral
static_fixed_set,17,C006,DOMINGO TOCORNAL,C027,LOS PRESIDENTES,0.2903073892430075,0.2903073892430075,0,61,61,0,neutral
static_fixed_set,17,C006,DOMINGO TOCORNAL,C049,FEDERICO ERRÁZURIZ (EX SERRANO),0.29005414100941707,0.29005414100941707,0,62,62,0,neutral
static_fixed_set,17,C006,DOMINGO TOCORNAL,C050,MAR DE DRAKE,0.2878006879420467,0.2878006879420467,0,63,63,0,neutral
static_fixed_set,17,C006,DOMINGO TOCORNAL,I28,SANTA RAQUEL,0.2874774442364143,0.2874774442364143,0,64,64,0,neutral
static_fixed_set,17,C006,DOMINGO TOCORNAL,I23,PETERSEN - VICUÑA MACKENNA,0.28720997267232284,0.28720997267232284,0,65,65,0,neutral
static_fixed_set,17,C006,DOMINGO TOCORNAL,C003,CONCHA Y TORO,0.28712610672824834,0.28712610672824834,0,67,66,1,neutral
static_fixed_set,17,C006,DOMINGO TOCORNAL,C046,EUCALIPTOS,0.2836213631052964,0.2836213631052964,0,68,67,1,neutral
static_fixed_set,17,C006,DOMINGO TOCORNAL,C022,LLANURA  - EL DESIERTO,0.2832694397879176,0.2832694397879176,0,69,68,1,neutral
static_fixed_set,17,C006,DOMINGO TOCORNAL,C026,LOS MAITENES,0.27922230697225114,0.27922230697225114,0,70,69,1,neutral
static_fixed_set,17,C006,DOMINGO TOCORNAL,C012,GABRIELA ORIENTE,0.2756680017176141,0.2756680017176141,0,71,70,1,neutral
static_fixed_set,17,C006,DOMINGO TOCORNAL,C052,BAQUEDANO - POSTALES ORIENTE,0.2725119994529144,0.2725119994529144,0,72,71,1,neutral
static_fixed_set,17,C006,DOMINGO TOCORNAL,C089,J J PEREZ,0.26495488367176884,0.26495488367176884,0,73,72,1,neutral
static_fixed_set,17,C006,DOMINGO TOCORNAL,C047,VIOLETA PARRA,0.2648001936107111,0.2648001936107111,0,74,73,1,neutral
static_fixed_set,17,C006,DOMINGO TOCORNAL,C079,LAS AMERICAS,0.2644498310084617,0.2644498310084617,0,75,74,1,neutral
static_fixed_set,17,C006,DOMINGO TOCORNAL,C021,LAUTARO,0.2643727886761859,0.2643727886761859,0,76,75,1,neutral
static_fixed_set,17,C006,DOMINGO TOCORNAL,C078,WALDO TAFF,0.2640982140605202,0.2640982140605202,0,77,76,1,neutral
static_fixed_set,17,C006,DOMINGO TOCORNAL,I31,FERNANDEZ ALBANO,0.2626404601749897,0.2626404601749897,0,78,77,1,neutral
static_fixed_set,17,C006,DOMINGO TOCORNAL,C40,VICUÑA MACKENNA - SAN MARTIN,0.2599804114545511,0.2599804114545511,0,79,78,1,neutral
static_fixed_set,17,C006,DOMINGO TOCORNAL,C011,EYZAGUIRRE,0.2597262361382782,0.2597262361382782,0,80,79,1,neutral
static_fixed_set,17,C006,DOMINGO TOCORNAL,C069,LOS OLMOS,0.2594151168255869,0.2594151168255869,0,81,80,1,neutral
static_fixed_set,17,C006,DOMINGO TOCORNAL,C009,EL ROSAL - SANTA ELENA,0.258292338870139,0.258292338870139,0,82,81,1,neutral
static_fixed_set,17,C006,DOMINGO TOCORNAL,C002,CAPITAN IGNACIO CARRERA PINTO,0.2546555618818747,0.2546555618818747,0,83,82,1,neutral
static_fixed_set,17,C006,DOMINGO TOCORNAL,C048,GENERAL ARRIAGADA,0.2517348978903142,0.2517348978903142,0,84,83,1,neutral
static_fixed_set,17,C006,DOMINGO TOCORNAL,C033,OBSERVATORIO,0.25172362934577086,0.25172362934577086,0,85,84,1,neutral
static_fixed_set,17,C006,DOMINGO TOCORNAL,I03,CARRASCAL,0.24854515940907576,0.24854515940907576,0,86,85,1,neutral
static_fixed_set,17,C006,DOMINGO TOCORNAL,C054,VICTORIA,0.24818166256108362,0.24818166256108362,0,87,86,1,neutral
static_fixed_set,17,C006,DOMINGO TOCORNAL,C084,EL PINO - UNO SUR,0.24424096889796978,0.24424096889796978,0,88,87,1,neutral
static_fixed_set,17,C006,DOMINGO TOCORNAL,C071,BARROS ARANA,0.2432718387690382,0.2432718387690382,0,89,88,1,neutral
static_fixed_set,17,C006,DOMINGO TOCORNAL,C082,CAUPOLICAN,0.24201028797730914,0.24201028797730914,0,90,89,1,neutral
static_fixed_set,17,C006,DOMINGO TOCORNAL,C080,PARAGUAY,0.2404621201898296,0.2404621201898296,0,91,90,1,neutral
static_fixed_set,17,C006,DOMINGO TOCORNAL,C010,ESQ BLANCA - ALBERTO LLONA,0.238468098274494,0.238468098274494,0,92,91,1,neutral
static_fixed_set,17,C006,DOMINGO TOCORNAL,C041,VISTA HERMOSA,0.23729046079619398,0.23729046079619398,0,93,92,1,neutral
static_fixed_set,17,C006,DOMINGO TOCORNAL,C085,LOS LIBERTADORES,0.23472333347724983,0.23472333347724983,0,94,93,1,neutral
static_fixed_set,17,C006,DOMINGO TOCORNAL,C087,SALVADOR GUTIERREZ,0.23167583897026392,0.23167583897026392,0,95,94,1,neutral
static_fixed_set,17,C006,DOMINGO TOCORNAL,C019,LAS HIJUELAS SUR - LIBERTADOR BERNARDO OHIGGINS,0.23151138733257812,0.23151138733257812,0,96,95,1,neutral
static_fixed_set,17,C006,DOMINGO TOCORNAL,C017,LA PARINACOTA,0.2279533954363316,0.2279533954363316,0,97,96,1,neutral
static_fixed_set,17,C006,DOMINGO TOCORNAL,C051,JOSE MIGUEL INFANTE - DOMINGO STA MARIA,0.22770327755636682,0.22770327755636682,0,98,97,1,neutral
static_fixed_set,17,C006,DOMINGO TOCORNAL,C008,EL CERRO,0.22664145134727998,0.22664145134727998,0,99,98,1,neutral
static_fixed_set,17,C006,DOMINGO TOCORNAL,C036,RIO REFUGIO - SALAR SURIRE,0.22368469062682966,0.22368469062682966,0,100,99,1,neutral
static_fixed_set,17,C006,DOMINGO TOCORNAL,C077,RICARDO VIAL,0.22334495183243977,0.22334495183243977,0,101,100,1,neutral
static_fixed_set,17,C006,DOMINGO TOCORNAL,C072,COVADONGA,0.2222660174854263,0.2222660174854263,0,102,101,1,neutral
static_fixed_set,17,C006,DOMINGO TOCORNAL,C045,PORTO ALEGRE,0.20695992106916425,0.20695992106916425,0,103,102,1,neutral
static_fixed_set,17,C006,DOMINGO TOCORNAL,C055,ARTURO PRAT,0.1970214926913857,0.1970214926913857,0,104,103,1,neutral
static_fixed_set,17,C006,DOMINGO TOCORNAL,C018,LA PRIMAVERA,0.18728903995307272,0.18728903995307272,0,105,104,1,neutral
static_fixed_set,17,C006,DOMINGO TOCORNAL,C016,JUANITA,0.18668462173835745,0.18668462173835745,0,106,105,1,neutral
static_fixed_set,17,C006,DOMINGO TOCORNAL,C025,LOS DURAZNOS,0.17774436191569817,0.17774436191569817,0,107,106,1,neutral
static_fixed_set,17,C006,DOMINGO TOCORNAL,C073,LOS MORROS,0.16537203853610075,0.16537203853610075,0,108,107,1,neutral
static_fixed_set,18,I05,DIAGONAL JOSE MARIA CARO,I25,SAN FRANCISCO,0.7085229299461915,0.7085229299461915,0,1,1,0,neutral
static_fixed_set,18,I05,DIAGONAL JOSE MARIA CARO,I10,GRAN AVENIDA,0.6926047778526937,0.6926047778526937,0,2,2,0,neutral
static_fixed_set,18,I05,DIAGONAL JOSE MARIA CARO,I13,LO ESPEJO-RIQUELME,0.6579541552435476,0.6579541552435476,0,3,3,0,neutral
static_fixed_set,18,I05,DIAGONAL JOSE MARIA CARO,C067,CARDENAL RAUL SILVA HENRIQUEZ,0.6447624713058654,0.6447624713058654,0,4,4,0,neutral
static_fixed_set,18,I05,DIAGONAL JOSE MARIA CARO,I04,DEL FERROCARRIL,0.5458265867790335,0.5458265867790335,0,5,5,0,neutral
static_fixed_set,18,I05,DIAGONAL JOSE MARIA CARO,I21,PEDRO DE VALDIVIA,0.46801394409641356,0.46801394409641356,0,6,6,0,neutral
static_fixed_set,18,I05,DIAGONAL JOSE MARIA CARO,EP-I10,GRAN AVENIDA,0.4635814498060046,0.4635814498060046,0,7,7,0,neutral
static_fixed_set,18,I05,DIAGONAL JOSE MARIA CARO,I19,PAC-LO ESPEJO-SN BDO,0.43297848129865774,0.43297848129865774,0,8,8,0,neutral
static_fixed_set,18,I05,DIAGONAL JOSE MARIA CARO,I27,SANTA CECILIA - NONATO COO,0.42889631729036715,0.42889631729036715,0,9,9,0,neutral
static_fixed_set,18,I05,DIAGONAL JOSE MARIA CARO,EP-I33,LA CHIMBA,0.4110111681099052,0.4110111681099052,0,10,10,0,neutral
static_fixed_set,18,I05,DIAGONAL JOSE MARIA CARO,I06,DIAGONAL ORIENTE,0.40391651880988616,0.40391651880988616,0,11,11,0,neutral
static_fixed_set,18,I05,DIAGONAL JOSE MARIA CARO,C053,CONDELL,0.3843888500564538,0.3843888500564538,0,12,12,0,neutral
static_fixed_set,18,I05,DIAGONAL JOSE MARIA CARO,I29,SANTA ROSA,0.37358368935251995,0.37358368935251995,0,13,13,0,neutral
static_fixed_set,18,I05,DIAGONAL JOSE MARIA CARO,I24,RADAL,0.37330818844956576,0.37330818844956576,0,14,14,0,neutral
static_fixed_set,18,I05,DIAGONAL JOSE MARIA CARO,C086,LA ESTRELLA,0.37211303848354926,0.37211303848354926,0,15,15,0,neutral
static_fixed_set,18,I05,DIAGONAL JOSE MARIA CARO,I17,MATUCANA,0.36212617405782893,0.36212617405782893,0,16,16,0,neutral
static_fixed_set,18,I05,DIAGONAL JOSE MARIA CARO,C060,ROJAS MAGALLANES,0.36012287151124966,0.36012287151124966,0,17,17,0,neutral
static_fixed_set,18,I05,DIAGONAL JOSE MARIA CARO,C070,MENDOZA (EX-CORONEL ROBLES),0.35637389012746173,0.35637389012746173,0,18,18,0,neutral
static_fixed_set,18,I05,DIAGONAL JOSE MARIA CARO,I02,CARLOS VALDOVINOS,0.35528620955926693,0.35528620955926693,0,19,19,0,neutral
static_fixed_set,18,I05,DIAGONAL JOSE MARIA CARO,C014,JOSE DOMINGO CAÑAS,0.3445717507556951,0.3445717507556951,0,20,20,0,neutral
static_fixed_set,18,I05,DIAGONAL JOSE MARIA CARO,C083,ORIENTAL-LAS PARCELAS,0.3340917121382666,0.3340917121382666,0,21,21,0,neutral
static_fixed_set,18,I05,DIAGONAL JOSE MARIA CARO,C043,NEPTUNO,0.3340594995727627,0.3340594995727627,0,22,22,0,neutral
static_fixed_set,18,I05,DIAGONAL JOSE MARIA CARO,C058,ANTONIO EBNER-BARROS ARANA,0.32857919697989507,0.32857919697989507,0,23,23,0,neutral
static_fixed_set,18,I05,DIAGONAL JOSE MARIA CARO,C056,TEMUCO - TORO MAZOTTE,0.3285688640321467,0.3285688640321467,0,24,24,0,neutral
static_fixed_set,18,I05,DIAGONAL JOSE MARIA CARO,C062,CORONA SUECA,0.32620179491551055,0.32620179491551055,0,25,26,-1,neutral
static_fixed_set,18,I05,DIAGONAL JOSE MARIA CARO,I07,EL GUANACO,0.3235831019219907,0.32512520689527913,0.0015421049732884384,26,27,-1,complementarity_signal
static_fixed_set,18,I05,DIAGONAL JOSE MARIA CARO,C081,SAN GREGORIO - DIEGO MEZA,0.3227606645267239,0.3227606645267239,0,27,28,-1,neutral
static_fixed_set,18,I05,DIAGONAL JOSE MARIA CARO,C007,EDUARDO CASTILLO VELASCO,0.3209682481807713,0.3209682481807713,0,28,29,-1,neutral
static_fixed_set,18,I05,DIAGONAL JOSE MARIA CARO,C044,LOS CERRILLOS,0.3207175662916551,0.3207175662916551,0,29,30,-1,neutral
static_fixed_set,18,I05,DIAGONAL JOSE MARIA CARO,C024,LOS ARRAYANES - LOS COPIHUES,0.3164169532190636,0.3164169532190636,0,30,31,-1,neutral
static_fixed_set,18,I05,DIAGONAL JOSE MARIA CARO,C061,EL PINAR,0.3146106947615233,0.3146106947615233,0,31,32,-1,neutral
static_fixed_set,18,I05,DIAGONAL JOSE MARIA CARO,C074,URETA COX,0.31449957814869145,0.31449957814869145,0,32,33,-1,neutral
static_fixed_set,18,I05,DIAGONAL JOSE MARIA CARO,C001,SAN EUGENIO,0.31315225632030524,0.31315225632030524,0,33,34,-1,neutral
static_fixed_set,18,I05,DIAGONAL JOSE MARIA CARO,C005,CORONEL ALEJANDRO SEPULVEDA,0.3106497256836105,0.3106497256836105,0,34,35,-1,neutral
static_fixed_set,18,I05,DIAGONAL JOSE MARIA CARO,C023,AVENIDA DORSAL,0.30783660934290547,0.30783660934290547,0,35,36,-1,neutral
static_fixed_set,18,I05,DIAGONAL JOSE MARIA CARO,C088,ÑUBLE,0.3063521640095162,0.3063521640095162,0,36,37,-1,neutral
static_fixed_set,18,I05,DIAGONAL JOSE MARIA CARO,C057,PADRE VICENTE IRARRAZABAL - MANUEL CHACON,0.3063118533975971,0.3063118533975971,0,37,38,-1,neutral
static_fixed_set,18,I05,DIAGONAL JOSE MARIA CARO,I18,NUEVA IMPERIAL,0.30619965665611387,0.30619965665611387,0,38,39,-1,neutral
static_fixed_set,18,I05,DIAGONAL JOSE MARIA CARO,C034,PEDRO LEON UGALDE,0.3059054946388892,0.3059054946388892,0,39,40,-1,neutral
static_fixed_set,18,I05,DIAGONAL JOSE MARIA CARO,C028,MADRID,0.3057705925608732,0.3057705925608732,0,40,41,-1,neutral
static_fixed_set,18,I05,DIAGONAL JOSE MARIA CARO,C020,LATINOAMERICA - PINTOR MURILLO - FRANCISCO TOLEDO,0.3053874986899725,0.3053874986899725,0,41,42,-1,neutral
static_fixed_set,18,I05,DIAGONAL JOSE MARIA CARO,C030,MAULE,0.30333268447544404,0.30333268447544404,0,42,43,-1,neutral
static_fixed_set,18,I05,DIAGONAL JOSE MARIA CARO,C037,SAN ALFONSO,0.3032697592490899,0.3032697592490899,0,43,44,-1,neutral
static_fixed_set,18,I05,DIAGONAL JOSE MARIA CARO,C035,PRODIVENCIA,0.3024653830900083,0.3024653830900083,0,44,45,-1,neutral
static_fixed_set,18,I05,DIAGONAL JOSE MARIA CARO,C076,ISLA DECEPCION,0.3016011001517117,0.3016011001517117,0,45,46,-1,neutral
static_fixed_set,18,I05,DIAGONAL JOSE MARIA CARO,C042,PRINCIPE DE GALES,0.3015275299366899,0.3015275299366899,0,46,47,-1,neutral
static_fixed_set,18,I05,DIAGONAL JOSE MARIA CARO,C063,LONGITUDINAL,0.29904178739898424,0.29904178739898424,0,47,48,-1,neutral
static_fixed_set,18,I05,DIAGONAL JOSE MARIA CARO,C032,OBISPO MANUEL UMAÑA,0.299000943058111,0.299000943058111,0,48,49,-1,neutral
static_fixed_set,18,I05,DIAGONAL JOSE MARIA CARO,C015,JOSE MANUEL GUZMAN,0.2982069096734652,0.2982069096734652,0,49,50,-1,neutral
static_fixed_set,18,I05,DIAGONAL JOSE MARIA CARO,C039,TUPUNGATO,0.2972177850899593,0.2972177850899593,0,50,51,-1,neutral
static_fixed_set,18,I05,DIAGONAL JOSE MARIA CARO,C029,MARIA ELENA,0.2969805767826037,0.2969805767826037,0,51,52,-1,neutral
static_fixed_set,18,I05,DIAGONAL JOSE MARIA CARO,C064,SILVA CARVALLO - SANTA ELENA,0.29671303455212084,0.29671303455212084,0,52,53,-1,neutral
static_fixed_set,18,I05,DIAGONAL JOSE MARIA CARO,C038,TALCAHUANO - SANTA INES - LOS EDILES,0.29573880114313694,0.29573880114313694,0,53,54,-1,neutral
static_fixed_set,18,I05,DIAGONAL JOSE MARIA CARO,C031,NECOCHEA,0.29460602459560964,0.29460602459560964,0,54,55,-1,neutral
static_fixed_set,18,I05,DIAGONAL JOSE MARIA CARO,C065,NUEVA SAN MARTIN,0.29384044783423063,0.29384044783423063,0,55,56,-1,neutral
static_fixed_set,18,I05,DIAGONAL JOSE MARIA CARO,C090,SANTO DOMINGO,0.29198941499230197,0.29198941499230197,0,57,57,0,neutral
static_fixed_set,18,I05,DIAGONAL JOSE MARIA CARO,C013,HEROES DE LA CONCEPCION,0.29161502323158384,0.29161502323158384,0,58,58,0,neutral
static_fixed_set,18,I05,DIAGONAL JOSE MARIA CARO,C004,CONSISTORIAL,0.29093172378697835,0.29093172378697835,0,59,59,0,neutral
static_fixed_set,18,I05,DIAGONAL JOSE MARIA CARO,I32,EINSTEIN,0.2906828105044479,0.3279486533251347,0.03726584282068679,60,25,35,complementarity_signal
static_fixed_set,18,I05,DIAGONAL JOSE MARIA CARO,C027,LOS PRESIDENTES,0.2903073892430075,0.2903073892430075,0,61,60,1,neutral
static_fixed_set,18,I05,DIAGONAL JOSE MARIA CARO,C049,FEDERICO ERRÁZURIZ (EX SERRANO),0.29005414100941707,0.29005414100941707,0,62,61,1,neutral
static_fixed_set,18,I05,DIAGONAL JOSE MARIA CARO,C050,MAR DE DRAKE,0.2878006879420467,0.2878006879420467,0,63,62,1,neutral
static_fixed_set,18,I05,DIAGONAL JOSE MARIA CARO,I28,SANTA RAQUEL,0.2874774442364143,0.2874774442364143,0,64,63,1,neutral
static_fixed_set,18,I05,DIAGONAL JOSE MARIA CARO,I23,PETERSEN - VICUÑA MACKENNA,0.28720997267232284,0.28720997267232284,0,65,64,1,neutral
static_fixed_set,18,I05,DIAGONAL JOSE MARIA CARO,C003,CONCHA Y TORO,0.28712610672824834,0.28712610672824834,0,66,65,1,neutral
static_fixed_set,18,I05,DIAGONAL JOSE MARIA CARO,C046,EUCALIPTOS,0.2836213631052964,0.2836213631052964,0,67,66,1,neutral
static_fixed_set,18,I05,DIAGONAL JOSE MARIA CARO,C022,LLANURA  - EL DESIERTO,0.2832694397879176,0.2832694397879176,0,68,67,1,neutral
static_fixed_set,18,I05,DIAGONAL JOSE MARIA CARO,C026,LOS MAITENES,0.27922230697225114,0.27922230697225114,0,69,68,1,neutral
static_fixed_set,18,I05,DIAGONAL JOSE MARIA CARO,C012,GABRIELA ORIENTE,0.2756680017176141,0.2756680017176141,0,70,69,1,neutral
static_fixed_set,18,I05,DIAGONAL JOSE MARIA CARO,C052,BAQUEDANO - POSTALES ORIENTE,0.2725119994529144,0.2725119994529144,0,71,70,1,neutral
static_fixed_set,18,I05,DIAGONAL JOSE MARIA CARO,C089,J J PEREZ,0.26495488367176884,0.26495488367176884,0,72,71,1,neutral
static_fixed_set,18,I05,DIAGONAL JOSE MARIA CARO,C047,VIOLETA PARRA,0.2648001936107111,0.2648001936107111,0,73,72,1,neutral
static_fixed_set,18,I05,DIAGONAL JOSE MARIA CARO,C079,LAS AMERICAS,0.2644498310084617,0.2644498310084617,0,74,73,1,neutral
static_fixed_set,18,I05,DIAGONAL JOSE MARIA CARO,C021,LAUTARO,0.2643727886761859,0.2643727886761859,0,75,74,1,neutral
static_fixed_set,18,I05,DIAGONAL JOSE MARIA CARO,C078,WALDO TAFF,0.2640982140605202,0.2640982140605202,0,76,75,1,neutral
static_fixed_set,18,I05,DIAGONAL JOSE MARIA CARO,I31,FERNANDEZ ALBANO,0.2626404601749897,0.2626404601749897,0,77,76,1,neutral
static_fixed_set,18,I05,DIAGONAL JOSE MARIA CARO,C40,VICUÑA MACKENNA - SAN MARTIN,0.2599804114545511,0.2599804114545511,0,78,77,1,neutral
static_fixed_set,18,I05,DIAGONAL JOSE MARIA CARO,C011,EYZAGUIRRE,0.2597262361382782,0.2597262361382782,0,79,78,1,neutral
static_fixed_set,18,I05,DIAGONAL JOSE MARIA CARO,C069,LOS OLMOS,0.2594151168255869,0.2594151168255869,0,80,79,1,neutral
static_fixed_set,18,I05,DIAGONAL JOSE MARIA CARO,C009,EL ROSAL - SANTA ELENA,0.258292338870139,0.258292338870139,0,81,80,1,neutral
static_fixed_set,18,I05,DIAGONAL JOSE MARIA CARO,C002,CAPITAN IGNACIO CARRERA PINTO,0.2546555618818747,0.2546555618818747,0,82,81,1,neutral
static_fixed_set,18,I05,DIAGONAL JOSE MARIA CARO,C048,GENERAL ARRIAGADA,0.2517348978903142,0.2517348978903142,0,83,82,1,neutral
static_fixed_set,18,I05,DIAGONAL JOSE MARIA CARO,C033,OBSERVATORIO,0.25172362934577086,0.25172362934577086,0,84,83,1,neutral
static_fixed_set,18,I05,DIAGONAL JOSE MARIA CARO,I03,CARRASCAL,0.24854515940907576,0.24854515940907576,0,85,84,1,neutral
static_fixed_set,18,I05,DIAGONAL JOSE MARIA CARO,C054,VICTORIA,0.24818166256108362,0.24818166256108362,0,86,85,1,neutral
static_fixed_set,18,I05,DIAGONAL JOSE MARIA CARO,C084,EL PINO - UNO SUR,0.24424096889796978,0.24424096889796978,0,87,86,1,neutral
static_fixed_set,18,I05,DIAGONAL JOSE MARIA CARO,C071,BARROS ARANA,0.2432718387690382,0.2432718387690382,0,88,87,1,neutral
static_fixed_set,18,I05,DIAGONAL JOSE MARIA CARO,C082,CAUPOLICAN,0.24201028797730914,0.24201028797730914,0,89,88,1,neutral
static_fixed_set,18,I05,DIAGONAL JOSE MARIA CARO,C080,PARAGUAY,0.2404621201898296,0.2404621201898296,0,90,89,1,neutral
static_fixed_set,18,I05,DIAGONAL JOSE MARIA CARO,C010,ESQ BLANCA - ALBERTO LLONA,0.238468098274494,0.238468098274494,0,91,90,1,neutral
static_fixed_set,18,I05,DIAGONAL JOSE MARIA CARO,C041,VISTA HERMOSA,0.23729046079619398,0.23729046079619398,0,92,91,1,neutral
static_fixed_set,18,I05,DIAGONAL JOSE MARIA CARO,C085,LOS LIBERTADORES,0.23472333347724983,0.23472333347724983,0,93,92,1,neutral
static_fixed_set,18,I05,DIAGONAL JOSE MARIA CARO,C087,SALVADOR GUTIERREZ,0.23167583897026392,0.23167583897026392,0,94,93,1,neutral
static_fixed_set,18,I05,DIAGONAL JOSE MARIA CARO,C019,LAS HIJUELAS SUR - LIBERTADOR BERNARDO OHIGGINS,0.23151138733257812,0.23151138733257812,0,95,94,1,neutral
static_fixed_set,18,I05,DIAGONAL JOSE MARIA CARO,C017,LA PARINACOTA,0.2279533954363316,0.2279533954363316,0,96,95,1,neutral
static_fixed_set,18,I05,DIAGONAL JOSE MARIA CARO,C051,JOSE MIGUEL INFANTE - DOMINGO STA MARIA,0.22770327755636682,0.22770327755636682,0,97,96,1,neutral
static_fixed_set,18,I05,DIAGONAL JOSE MARIA CARO,C008,EL CERRO,0.22664145134727998,0.22664145134727998,0,98,97,1,neutral
static_fixed_set,18,I05,DIAGONAL JOSE MARIA CARO,C036,RIO REFUGIO - SALAR SURIRE,0.22368469062682966,0.22368469062682966,0,99,98,1,neutral
static_fixed_set,18,I05,DIAGONAL JOSE MARIA CARO,C077,RICARDO VIAL,0.22334495183243977,0.22334495183243977,0,100,99,1,neutral
static_fixed_set,18,I05,DIAGONAL JOSE MARIA CARO,C072,COVADONGA,0.2222660174854263,0.2222660174854263,0,101,100,1,neutral
static_fixed_set,18,I05,DIAGONAL JOSE MARIA CARO,C045,PORTO ALEGRE,0.20695992106916425,0.20695992106916425,0,102,101,1,neutral
static_fixed_set,18,I05,DIAGONAL JOSE MARIA CARO,C055,ARTURO PRAT,0.1970214926913857,0.1970214926913857,0,103,102,1,neutral
static_fixed_set,18,I05,DIAGONAL JOSE MARIA CARO,C018,LA PRIMAVERA,0.18728903995307272,0.18728903995307272,0,104,103,1,neutral
static_fixed_set,18,I05,DIAGONAL JOSE MARIA CARO,C016,JUANITA,0.18668462173835745,0.18668462173835745,0,105,104,1,neutral
static_fixed_set,18,I05,DIAGONAL JOSE MARIA CARO,C025,LOS DURAZNOS,0.17774436191569817,0.17774436191569817,0,106,105,1,neutral
static_fixed_set,18,I05,DIAGONAL JOSE MARIA CARO,C073,LOS MORROS,0.16537203853610075,0.16537203853610075,0,107,106,1,neutral
static_fixed_set,19,EP-I10,GRAN AVENIDA,I25,SAN FRANCISCO,0.7085229299461915,0.7593117275777617,0.05078879763157018,1,1,0,complementarity_signal
static_fixed_set,19,EP-I10,GRAN AVENIDA,I10,GRAN AVENIDA,0.6926047778526937,0.7096743382148851,0.017069560362191427,2,3,-1,complementarity_signal
static_fixed_set,19,EP-I10,GRAN AVENIDA,I13,LO ESPEJO-RIQUELME,0.6579541552435476,0.7090529683979344,0.0510988131543868,3,4,-1,complementarity_signal
static_fixed_set,19,EP-I10,GRAN AVENIDA,C067,CARDENAL RAUL SILVA HENRIQUEZ,0.6447624713058654,0.6944378784438258,0.04967540713796037,4,5,-1,complementarity_signal
static_fixed_set,19,EP-I10,GRAN AVENIDA,I04,DEL FERROCARRIL,0.5458265867790335,0.5671176315551528,0.021291044776119317,5,6,-1,complementarity_signal
static_fixed_set,19,EP-I10,GRAN AVENIDA,I21,PEDRO DE VALDIVIA,0.46801394409641356,0.46801394409641356,0,6,7,-1,neutral
static_fixed_set,19,EP-I10,GRAN AVENIDA,I19,PAC-LO ESPEJO-SN BDO,0.43297848129865774,0.7175704201608727,0.28459193886221495,8,2,6,complementarity_signal
static_fixed_set,19,EP-I10,GRAN AVENIDA,I27,SANTA CECILIA - NONATO COO,0.42889631729036715,0.4292103596284774,0.0003140423381102764,9,8,1,complementarity_signal
static_fixed_set,19,EP-I10,GRAN AVENIDA,EP-I33,LA CHIMBA,0.4110111681099052,0.4110111681099052,0,10,9,1,neutral
static_fixed_set,19,EP-I10,GRAN AVENIDA,I06,DIAGONAL ORIENTE,0.40391651880988616,0.40391651880988616,0,11,10,1,neutral
static_fixed_set,19,EP-I10,GRAN AVENIDA,C053,CONDELL,0.3843888500564538,0.3249756120094549,-0.059413238046998884,12,33,-21,substitution_signal
static_fixed_set,19,EP-I10,GRAN AVENIDA,I29,SANTA ROSA,0.37358368935251995,0.37358368935251995,0,13,11,2,neutral
static_fixed_set,19,EP-I10,GRAN AVENIDA,I24,RADAL,0.37330818844956576,0.37330818844956576,0,14,12,2,neutral
static_fixed_set,19,EP-I10,GRAN AVENIDA,C086,LA ESTRELLA,0.37211303848354926,0.37211303848354926,0,15,14,1,neutral
static_fixed_set,19,EP-I10,GRAN AVENIDA,I17,MATUCANA,0.36212617405782893,0.36212617405782893,0,16,16,0,neutral
static_fixed_set,19,EP-I10,GRAN AVENIDA,C060,ROJAS MAGALLANES,0.36012287151124966,0.36012287151124966,0,17,18,-1,neutral
static_fixed_set,19,EP-I10,GRAN AVENIDA,C070,MENDOZA (EX-CORONEL ROBLES),0.35637389012746173,0.35637389012746173,0,18,19,-1,neutral
static_fixed_set,19,EP-I10,GRAN AVENIDA,I02,CARLOS VALDOVINOS,0.35528620955926693,0.35528620955926693,0,19,20,-1,neutral
static_fixed_set,19,EP-I10,GRAN AVENIDA,C014,JOSE DOMINGO CAÑAS,0.3445717507556951,0.3445717507556951,0,20,21,-1,neutral
static_fixed_set,19,EP-I10,GRAN AVENIDA,C083,ORIENTAL-LAS PARCELAS,0.3340917121382666,0.3340917121382666,0,21,24,-3,neutral
static_fixed_set,19,EP-I10,GRAN AVENIDA,C043,NEPTUNO,0.3340594995727627,0.3340594995727627,0,22,25,-3,neutral
static_fixed_set,19,EP-I10,GRAN AVENIDA,C058,ANTONIO EBNER-BARROS ARANA,0.32857919697989507,0.32857919697989507,0,23,28,-5,neutral
static_fixed_set,19,EP-I10,GRAN AVENIDA,C056,TEMUCO - TORO MAZOTTE,0.3285688640321467,0.3285688640321467,0,24,29,-5,neutral
static_fixed_set,19,EP-I10,GRAN AVENIDA,I32,EINSTEIN,0.3279486533251347,0.3279486533251347,0,25,30,-5,neutral
static_fixed_set,19,EP-I10,GRAN AVENIDA,C062,CORONA SUECA,0.32620179491551055,0.32620179491551055,0,26,31,-5,neutral
static_fixed_set,19,EP-I10,GRAN AVENIDA,I07,EL GUANACO,0.32512520689527913,0.32512520689527913,0,27,32,-5,neutral
static_fixed_set,19,EP-I10,GRAN AVENIDA,C081,SAN GREGORIO - DIEGO MEZA,0.3227606645267239,0.3227606645267239,0,28,34,-6,neutral
static_fixed_set,19,EP-I10,GRAN AVENIDA,C007,EDUARDO CASTILLO VELASCO,0.3209682481807713,0.3209682481807713,0,29,35,-6,neutral
static_fixed_set,19,EP-I10,GRAN AVENIDA,C044,LOS CERRILLOS,0.3207175662916551,0.3725683125603118,0.05185074626865671,30,13,17,complementarity_signal
static_fixed_set,19,EP-I10,GRAN AVENIDA,C024,LOS ARRAYANES - LOS COPIHUES,0.3164169532190636,0.3164169532190636,0,31,36,-5,neutral
static_fixed_set,19,EP-I10,GRAN AVENIDA,C061,EL PINAR,0.3146106947615233,0.3146106947615233,0,32,37,-5,neutral
static_fixed_set,19,EP-I10,GRAN AVENIDA,C074,URETA COX,0.31449957814869145,0.31449957814869145,0,33,38,-5,neutral
static_fixed_set,19,EP-I10,GRAN AVENIDA,C001,SAN EUGENIO,0.31315225632030524,0.31315225632030524,0,34,39,-5,neutral
static_fixed_set,19,EP-I10,GRAN AVENIDA,C005,CORONEL ALEJANDRO SEPULVEDA,0.3106497256836105,0.3106497256836105,0,35,40,-5,neutral
static_fixed_set,19,EP-I10,GRAN AVENIDA,C023,AVENIDA DORSAL,0.30783660934290547,0.30783660934290547,0,36,42,-6,neutral
static_fixed_set,19,EP-I10,GRAN AVENIDA,C088,ÑUBLE,0.3063521640095162,0.3063521640095162,0,37,44,-7,neutral
static_fixed_set,19,EP-I10,GRAN AVENIDA,C057,PADRE VICENTE IRARRAZABAL - MANUEL CHACON,0.3063118533975971,0.3063118533975971,0,38,45,-7,neutral
static_fixed_set,19,EP-I10,GRAN AVENIDA,I18,NUEVA IMPERIAL,0.30619965665611387,0.30619965665611387,0,39,46,-7,neutral
static_fixed_set,19,EP-I10,GRAN AVENIDA,C034,PEDRO LEON UGALDE,0.3059054946388892,0.3059054946388892,0,40,47,-7,neutral
static_fixed_set,19,EP-I10,GRAN AVENIDA,C028,MADRID,0.3057705925608732,0.3057705925608732,0,41,48,-7,neutral
static_fixed_set,19,EP-I10,GRAN AVENIDA,C020,LATINOAMERICA - PINTOR MURILLO - FRANCISCO TOLEDO,0.3053874986899725,0.3053874986899725,0,42,50,-8,neutral
static_fixed_set,19,EP-I10,GRAN AVENIDA,C030,MAULE,0.30333268447544404,0.30333268447544404,0,43,52,-9,neutral
static_fixed_set,19,EP-I10,GRAN AVENIDA,C037,SAN ALFONSO,0.3032697592490899,0.3032697592490899,0,44,53,-9,neutral
static_fixed_set,19,EP-I10,GRAN AVENIDA,C035,PRODIVENCIA,0.3024653830900083,0.3696295621944859,0.06716417910447758,45,15,30,complementarity_signal
static_fixed_set,19,EP-I10,GRAN AVENIDA,C076,ISLA DECEPCION,0.3016011001517117,0.3016011001517117,0,46,54,-8,neutral
static_fixed_set,19,EP-I10,GRAN AVENIDA,C042,PRINCIPE DE GALES,0.3015275299366899,0.3015275299366899,0,47,55,-8,neutral
static_fixed_set,19,EP-I10,GRAN AVENIDA,C063,LONGITUDINAL,0.29904178739898424,0.3359149217273424,0.03687313432835815,48,23,25,complementarity_signal
static_fixed_set,19,EP-I10,GRAN AVENIDA,C032,OBISPO MANUEL UMAÑA,0.299000943058111,0.299000943058111,0,49,57,-8,neutral
static_fixed_set,19,EP-I10,GRAN AVENIDA,C015,JOSE MANUEL GUZMAN,0.2982069096734652,0.2982069096734652,0,50,58,-8,neutral
static_fixed_set,19,EP-I10,GRAN AVENIDA,C039,TUPUNGATO,0.2972177850899593,0.2972177850899593,0,51,59,-8,neutral
static_fixed_set,19,EP-I10,GRAN AVENIDA,C029,MARIA ELENA,0.2969805767826037,0.29701722893877575,0.00003665215617204565,52,60,-8,complementarity_signal
static_fixed_set,19,EP-I10,GRAN AVENIDA,C064,SILVA CARVALLO - SANTA ELENA,0.29671303455212084,0.29671303455212084,0,53,61,-8,neutral
static_fixed_set,19,EP-I10,GRAN AVENIDA,C038,TALCAHUANO - SANTA INES - LOS EDILES,0.29573880114313694,0.29573880114313694,0,54,62,-8,neutral
static_fixed_set,19,EP-I10,GRAN AVENIDA,C031,NECOCHEA,0.29460602459560964,0.29460602459560964,0,55,63,-8,neutral
static_fixed_set,19,EP-I10,GRAN AVENIDA,C065,NUEVA SAN MARTIN,0.29384044783423063,0.29384044783423063,0,56,64,-8,neutral
static_fixed_set,19,EP-I10,GRAN AVENIDA,C090,SANTO DOMINGO,0.29198941499230197,0.29198941499230197,0,57,65,-8,neutral
static_fixed_set,19,EP-I10,GRAN AVENIDA,C013,HEROES DE LA CONCEPCION,0.29161502323158384,0.29161502323158384,0,58,66,-8,neutral
static_fixed_set,19,EP-I10,GRAN AVENIDA,C004,CONSISTORIAL,0.29093172378697835,0.29093172378697835,0,59,67,-8,neutral
static_fixed_set,19,EP-I10,GRAN AVENIDA,C027,LOS PRESIDENTES,0.2903073892430075,0.2903073892430075,0,60,68,-8,neutral
static_fixed_set,19,EP-I10,GRAN AVENIDA,C049,FEDERICO ERRÁZURIZ (EX SERRANO),0.29005414100941707,0.29005414100941707,0,61,69,-8,neutral
static_fixed_set,19,EP-I10,GRAN AVENIDA,C050,MAR DE DRAKE,0.2878006879420467,0.3065394939121959,0.018738805970149208,62,43,19,complementarity_signal
static_fixed_set,19,EP-I10,GRAN AVENIDA,I28,SANTA RAQUEL,0.2874774442364143,0.2874774442364143,0,63,70,-7,neutral
static_fixed_set,19,EP-I10,GRAN AVENIDA,I23,PETERSEN - VICUÑA MACKENNA,0.28720997267232284,0.28720997267232284,0,64,71,-7,neutral
static_fixed_set,19,EP-I10,GRAN AVENIDA,C003,CONCHA Y TORO,0.28712610672824834,0.28716025987377225,0.00003415314552390747,65,72,-7,complementarity_signal
static_fixed_set,19,EP-I10,GRAN AVENIDA,C046,EUCALIPTOS,0.2836213631052964,0.28018177357498764,-0.003439589530308762,66,74,-8,substitution_signal
static_fixed_set,19,EP-I10,GRAN AVENIDA,C022,LLANURA  - EL DESIERTO,0.2832694397879176,0.2832694397879176,0,67,73,-6,neutral
static_fixed_set,19,EP-I10,GRAN AVENIDA,C026,LOS MAITENES,0.27922230697225114,0.27922230697225114,0,68,75,-7,neutral
static_fixed_set,19,EP-I10,GRAN AVENIDA,C012,GABRIELA ORIENTE,0.2756680017176141,0.27575130207255044,0.00008330035493636645,69,76,-7,complementarity_signal
static_fixed_set,19,EP-I10,GRAN AVENIDA,C052,BAQUEDANO - POSTALES ORIENTE,0.2725119994529144,0.2725119994529144,0,70,77,-7,neutral
static_fixed_set,19,EP-I10,GRAN AVENIDA,C089,J J PEREZ,0.26495488367176884,0.36166695360112816,0.09671206992935932,71,17,54,complementarity_signal
static_fixed_set,19,EP-I10,GRAN AVENIDA,C047,VIOLETA PARRA,0.2648001936107111,0.2648001936107111,0,72,79,-7,neutral
static_fixed_set,19,EP-I10,GRAN AVENIDA,C079,LAS AMERICAS,0.2644498310084617,0.2644498310084617,0,73,80,-7,neutral
static_fixed_set,19,EP-I10,GRAN AVENIDA,C021,LAUTARO,0.2643727886761859,0.2652257843107347,0.0008529956345487699,74,78,-4,complementarity_signal
static_fixed_set,19,EP-I10,GRAN AVENIDA,C078,WALDO TAFF,0.2640982140605202,0.2640982140605202,0,75,81,-6,neutral
static_fixed_set,19,EP-I10,GRAN AVENIDA,I31,FERNANDEZ ALBANO,0.2626404601749897,0.2626404601749897,0,76,82,-6,neutral
static_fixed_set,19,EP-I10,GRAN AVENIDA,C40,VICUÑA MACKENNA - SAN MARTIN,0.2599804114545511,0.2599804114545511,0,77,83,-6,neutral
static_fixed_set,19,EP-I10,GRAN AVENIDA,C011,EYZAGUIRRE,0.2597262361382782,0.33178309048798693,0.07205685434970871,78,26,52,complementarity_signal
static_fixed_set,19,EP-I10,GRAN AVENIDA,C069,LOS OLMOS,0.2594151168255869,0.2594151168255869,0,79,84,-5,neutral
static_fixed_set,19,EP-I10,GRAN AVENIDA,C009,EL ROSAL - SANTA ELENA,0.258292338870139,0.258292338870139,0,80,85,-5,neutral
static_fixed_set,19,EP-I10,GRAN AVENIDA,C002,CAPITAN IGNACIO CARRERA PINTO,0.2546555618818747,0.2546555618818747,0,81,86,-5,neutral
static_fixed_set,19,EP-I10,GRAN AVENIDA,C048,GENERAL ARRIAGADA,0.2517348978903142,0.2517348978903142,0,82,87,-5,neutral
static_fixed_set,19,EP-I10,GRAN AVENIDA,C033,OBSERVATORIO,0.25172362934577086,0.3084648310861465,0.05674120174037561,83,41,42,complementarity_signal
static_fixed_set,19,EP-I10,GRAN AVENIDA,I03,CARRASCAL,0.24854515940907576,0.24854515940907576,0,84,88,-4,neutral
static_fixed_set,19,EP-I10,GRAN AVENIDA,C054,VICTORIA,0.24818166256108362,0.343201692962844,0.09502003040176035,85,22,63,complementarity_signal
static_fixed_set,19,EP-I10,GRAN AVENIDA,C084,EL PINO - UNO SUR,0.24424096889796978,0.30087070256276405,0.05662973366479426,86,56,30,complementarity_signal
static_fixed_set,19,EP-I10,GRAN AVENIDA,C071,BARROS ARANA,0.2432718387690382,0.24263265222575167,-0.0006391865432865407,87,89,-2,substitution_signal
static_fixed_set,19,EP-I10,GRAN AVENIDA,C082,CAUPOLICAN,0.24201028797730914,0.24201028797730914,0,88,90,-2,neutral
static_fixed_set,19,EP-I10,GRAN AVENIDA,C080,PARAGUAY,0.2404621201898296,0.2404621201898296,0,89,91,-2,neutral
static_fixed_set,19,EP-I10,GRAN AVENIDA,C010,ESQ BLANCA - ALBERTO LLONA,0.238468098274494,0.3056322773789716,0.06716417910447758,90,49,41,complementarity_signal
static_fixed_set,19,EP-I10,GRAN AVENIDA,C041,VISTA HERMOSA,0.23729046079619398,0.23729046079619398,0,91,92,-1,neutral
static_fixed_set,19,EP-I10,GRAN AVENIDA,C085,LOS LIBERTADORES,0.23472333347724983,0.23472333347724983,0,92,93,-1,neutral
static_fixed_set,19,EP-I10,GRAN AVENIDA,C087,SALVADOR GUTIERREZ,0.23167583897026392,0.23167583897026392,0,93,94,-1,neutral
static_fixed_set,19,EP-I10,GRAN AVENIDA,C019,LAS HIJUELAS SUR - LIBERTADOR BERNARDO OHIGGINS,0.23151138733257812,0.304272161995383,0.07276077466280487,94,51,43,complementarity_signal
static_fixed_set,19,EP-I10,GRAN AVENIDA,C017,LA PARINACOTA,0.2279533954363316,0.2279533954363316,0,95,95,0,neutral
static_fixed_set,19,EP-I10,GRAN AVENIDA,C051,JOSE MIGUEL INFANTE - DOMINGO STA MARIA,0.22770327755636682,0.22770327755636682,0,96,96,0,neutral
static_fixed_set,19,EP-I10,GRAN AVENIDA,C008,EL CERRO,0.22664145134727998,0.22664145134727998,0,97,97,0,neutral
static_fixed_set,19,EP-I10,GRAN AVENIDA,C036,RIO REFUGIO - SALAR SURIRE,0.22368469062682966,0.22368469062682966,0,98,99,-1,neutral
static_fixed_set,19,EP-I10,GRAN AVENIDA,C077,RICARDO VIAL,0.22334495183243977,0.22334495183243977,0,99,100,-1,neutral
static_fixed_set,19,EP-I10,GRAN AVENIDA,C072,COVADONGA,0.2222660174854263,0.33024995361152437,0.10798393612609808,100,27,73,complementarity_signal
static_fixed_set,19,EP-I10,GRAN AVENIDA,C045,PORTO ALEGRE,0.20695992106916425,0.20697241612240472,0.000012495053240468845,101,101,0,complementarity_signal
static_fixed_set,19,EP-I10,GRAN AVENIDA,C055,ARTURO PRAT,0.1970214926913857,0.22407331213030995,0.027051819438924263,102,98,4,complementarity_signal
static_fixed_set,19,EP-I10,GRAN AVENIDA,C018,LA PRIMAVERA,0.18728903995307272,0.18728987295662208,8.330035493608889e-7,103,102,1,complementarity_signal
static_fixed_set,19,EP-I10,GRAN AVENIDA,C016,JUANITA,0.18668462173835745,0.18668545474190681,8.330035493608889e-7,104,103,1,complementarity_signal
static_fixed_set,19,EP-I10,GRAN AVENIDA,C025,LOS DURAZNOS,0.17774436191569817,0.17775269195119178,0.00000833003549360889,105,104,1,complementarity_signal
static_fixed_set,19,EP-I10,GRAN AVENIDA,C073,LOS MORROS,0.16537203853610075,0.16537203853610075,0,106,105,1,neutral
static_fixed_set,20,I21,PEDRO DE VALDIVIA,I25,SAN FRANCISCO,0.7593117275777617,0.7736736699267395,0.014361942348977808,1,1,0,complementarity_signal
static_fixed_set,20,I21,PEDRO DE VALDIVIA,I19,PAC-LO ESPEJO-SN BDO,0.7175704201608727,0.737530210438773,0.01995979027790029,2,2,0,complementarity_signal
static_fixed_set,20,I21,PEDRO DE VALDIVIA,I10,GRAN AVENIDA,0.7096743382148851,0.7240362805638629,0.014361942348977808,3,4,-1,complementarity_signal
static_fixed_set,20,I21,PEDRO DE VALDIVIA,I13,LO ESPEJO-RIQUELME,0.7090529683979344,0.7290127586758347,0.01995979027790029,4,3,1,complementarity_signal
static_fixed_set,20,I21,PEDRO DE VALDIVIA,C067,CARDENAL RAUL SILVA HENRIQUEZ,0.6944378784438258,0.7144643090056751,0.020026430561849384,5,5,0,complementarity_signal
static_fixed_set,20,I21,PEDRO DE VALDIVIA,I04,DEL FERROCARRIL,0.5671176315551528,0.5783116614058992,0.011194029850746356,6,6,0,complementarity_signal
static_fixed_set,20,I21,PEDRO DE VALDIVIA,I27,SANTA CECILIA - NONATO COO,0.4292103596284774,0.4292103596284774,0,8,7,1,neutral
static_fixed_set,20,I21,PEDRO DE VALDIVIA,EP-I33,LA CHIMBA,0.4110111681099052,0.4166081830352783,0.005597014925373123,9,8,1,complementarity_signal
static_fixed_set,20,I21,PEDRO DE VALDIVIA,I06,DIAGONAL ORIENTE,0.40391651880988616,0.40959683409019565,0.005680315280309489,10,9,1,complementarity_signal
static_fixed_set,20,I21,PEDRO DE VALDIVIA,I29,SANTA ROSA,0.37358368935251995,0.37918070427789313,0.005597014925373178,11,10,1,complementarity_signal
static_fixed_set,20,I21,PEDRO DE VALDIVIA,I24,RADAL,0.37330818844956576,0.37330818844956576,0,12,13,-1,neutral
static_fixed_set,20,I21,PEDRO DE VALDIVIA,C044,LOS CERRILLOS,0.3725683125603118,0.378165327485685,0.005597014925373178,13,11,2,complementarity_signal
static_fixed_set,20,I21,PEDRO DE VALDIVIA,C086,LA ESTRELLA,0.37211303848354926,0.3777100534089224,0.005597014925373123,14,12,2,complementarity_signal
static_fixed_set,20,I21,PEDRO DE VALDIVIA,C035,PRODIVENCIA,0.3696295621944859,0.3696295621944859,0,15,14,1,neutral
static_fixed_set,20,I21,PEDRO DE VALDIVIA,I17,MATUCANA,0.36212617405782893,0.36212617405782893,0,16,15,1,neutral
static_fixed_set,20,I21,PEDRO DE VALDIVIA,C089,J J PEREZ,0.36166695360112816,0.36166695360112816,0,17,17,0,neutral
static_fixed_set,20,I21,PEDRO DE VALDIVIA,C060,ROJAS MAGALLANES,0.36012287151124966,0.3602428240223581,0.0001199525111084121,18,18,0,complementarity_signal
static_fixed_set,20,I21,PEDRO DE VALDIVIA,C070,MENDOZA (EX-CORONEL ROBLES),0.35637389012746173,0.36197090505283486,0.005597014925373123,19,16,3,complementarity_signal
static_fixed_set,20,I21,PEDRO DE VALDIVIA,I02,CARLOS VALDOVINOS,0.35528620955926693,0.35528620955926693,0,20,19,1,neutral
static_fixed_set,20,I21,PEDRO DE VALDIVIA,C014,JOSE DOMINGO CAÑAS,0.3445717507556951,0.3453428032423394,0.0007710524866442747,21,20,1,complementarity_signal
static_fixed_set,20,I21,PEDRO DE VALDIVIA,C054,VICTORIA,0.343201692962844,0.343201692962844,0,22,21,1,neutral
static_fixed_set,20,I21,PEDRO DE VALDIVIA,C063,LONGITUDINAL,0.3359149217273424,0.34151193665271556,0.005597014925373178,23,22,1,complementarity_signal
static_fixed_set,20,I21,PEDRO DE VALDIVIA,C083,ORIENTAL-LAS PARCELAS,0.3340917121382666,0.3397720274185761,0.005680315280309489,24,23,1,complementarity_signal
static_fixed_set,20,I21,PEDRO DE VALDIVIA,C043,NEPTUNO,0.3340594995727627,0.3340594995727627,0,25,25,0,neutral
static_fixed_set,20,I21,PEDRO DE VALDIVIA,C011,EYZAGUIRRE,0.33178309048798693,0.33178309048798693,0,26,26,0,neutral
static_fixed_set,20,I21,PEDRO DE VALDIVIA,C072,COVADONGA,0.33024995361152437,0.33024995361152437,0,27,27,0,neutral
static_fixed_set,20,I21,PEDRO DE VALDIVIA,C058,ANTONIO EBNER-BARROS ARANA,0.32857919697989507,0.32857919697989507,0,28,28,0,neutral
static_fixed_set,20,I21,PEDRO DE VALDIVIA,C056,TEMUCO - TORO MAZOTTE,0.3285688640321467,0.33416587895751987,0.005597014925373178,29,24,5,complementarity_signal
static_fixed_set,20,I21,PEDRO DE VALDIVIA,I32,EINSTEIN,0.3279486533251347,0.3279486533251347,0,30,30,0,neutral
static_fixed_set,20,I21,PEDRO DE VALDIVIA,C062,CORONA SUECA,0.32620179491551055,0.32620179491551055,0,31,31,0,neutral
static_fixed_set,20,I21,PEDRO DE VALDIVIA,I07,EL GUANACO,0.32512520689527913,0.32512520689527913,0,32,32,0,neutral
static_fixed_set,20,I21,PEDRO DE VALDIVIA,C053,CONDELL,0.3249756120094549,0.3249756120094549,0,33,33,0,neutral
static_fixed_set,20,I21,PEDRO DE VALDIVIA,C081,SAN GREGORIO - DIEGO MEZA,0.3227606645267239,0.32835767945209704,0.005597014925373123,34,29,5,complementarity_signal
static_fixed_set,20,I21,PEDRO DE VALDIVIA,C007,EDUARDO CASTILLO VELASCO,0.3209682481807713,0.3209682481807713,0,35,34,1,neutral
static_fixed_set,20,I21,PEDRO DE VALDIVIA,C024,LOS ARRAYANES - LOS COPIHUES,0.3164169532190636,0.3164169532190636,0,36,36,0,neutral
static_fixed_set,20,I21,PEDRO DE VALDIVIA,C061,EL PINAR,0.3146106947615233,0.32020770968689644,0.005597014925373123,37,35,2,complementarity_signal
static_fixed_set,20,I21,PEDRO DE VALDIVIA,C074,URETA COX,0.31449957814869145,0.31449957814869145,0,38,37,1,neutral
static_fixed_set,20,I21,PEDRO DE VALDIVIA,C001,SAN EUGENIO,0.31315225632030524,0.31315225632030524,0,39,38,1,neutral
static_fixed_set,20,I21,PEDRO DE VALDIVIA,C005,CORONEL ALEJANDRO SEPULVEDA,0.3106497256836105,0.3106497256836105,0,40,40,0,neutral
static_fixed_set,20,I21,PEDRO DE VALDIVIA,C033,OBSERVATORIO,0.3084648310861465,0.3084648310861465,0,41,41,0,neutral
static_fixed_set,20,I21,PEDRO DE VALDIVIA,C023,AVENIDA DORSAL,0.30783660934290547,0.30783660934290547,0,42,42,0,neutral
static_fixed_set,20,I21,PEDRO DE VALDIVIA,C050,MAR DE DRAKE,0.3065394939121959,0.3065394939121959,0,43,43,0,neutral
static_fixed_set,20,I21,PEDRO DE VALDIVIA,C088,ÑUBLE,0.3063521640095162,0.3063521640095162,0,44,44,0,neutral
static_fixed_set,20,I21,PEDRO DE VALDIVIA,C057,PADRE VICENTE IRARRAZABAL - MANUEL CHACON,0.3063118533975971,0.31190886832297027,0.005597014925373178,45,39,6,complementarity_signal
static_fixed_set,20,I21,PEDRO DE VALDIVIA,I18,NUEVA IMPERIAL,0.30619965665611387,0.30619965665611387,0,46,45,1,neutral
static_fixed_set,20,I21,PEDRO DE VALDIVIA,C034,PEDRO LEON UGALDE,0.3059054946388892,0.3059054946388892,0,47,46,1,neutral
static_fixed_set,20,I21,PEDRO DE VALDIVIA,C028,MADRID,0.3057705925608732,0.3057705925608732,0,48,47,1,neutral
static_fixed_set,20,I21,PEDRO DE VALDIVIA,C010,ESQ BLANCA - ALBERTO LLONA,0.3056322773789716,0.3056322773789716,0,49,48,1,neutral
static_fixed_set,20,I21,PEDRO DE VALDIVIA,C020,LATINOAMERICA - PINTOR MURILLO - FRANCISCO TOLEDO,0.3053874986899725,0.3053874986899725,0,50,49,1,neutral
static_fixed_set,20,I21,PEDRO DE VALDIVIA,C019,LAS HIJUELAS SUR - LIBERTADOR BERNARDO OHIGGINS,0.304272161995383,0.304272161995383,0,51,50,1,neutral
static_fixed_set,20,I21,PEDRO DE VALDIVIA,C030,MAULE,0.30333268447544404,0.30333268447544404,0,52,51,1,neutral
static_fixed_set,20,I21,PEDRO DE VALDIVIA,C037,SAN ALFONSO,0.3032697592490899,0.3032697592490899,0,53,52,1,neutral
static_fixed_set,20,I21,PEDRO DE VALDIVIA,C076,ISLA DECEPCION,0.3016011001517117,0.3016011001517117,0,54,53,1,neutral
static_fixed_set,20,I21,PEDRO DE VALDIVIA,C042,PRINCIPE DE GALES,0.3015275299366899,0.3015275299366899,0,55,54,1,neutral
static_fixed_set,20,I21,PEDRO DE VALDIVIA,C084,EL PINO - UNO SUR,0.30087070256276405,0.30087070256276405,0,56,55,1,neutral
static_fixed_set,20,I21,PEDRO DE VALDIVIA,C032,OBISPO MANUEL UMAÑA,0.299000943058111,0.299000943058111,0,57,56,1,neutral
static_fixed_set,20,I21,PEDRO DE VALDIVIA,C015,JOSE MANUEL GUZMAN,0.2982069096734652,0.2982069096734652,0,58,57,1,neutral
static_fixed_set,20,I21,PEDRO DE VALDIVIA,C039,TUPUNGATO,0.2972177850899593,0.2972177850899593,0,59,58,1,neutral
static_fixed_set,20,I21,PEDRO DE VALDIVIA,C029,MARIA ELENA,0.29701722893877575,0.29701722893877575,0,60,59,1,neutral
static_fixed_set,20,I21,PEDRO DE VALDIVIA,C064,SILVA CARVALLO - SANTA ELENA,0.29671303455212084,0.29671303455212084,0,61,60,1,neutral
static_fixed_set,20,I21,PEDRO DE VALDIVIA,C038,TALCAHUANO - SANTA INES - LOS EDILES,0.29573880114313694,0.29573880114313694,0,62,61,1,neutral
static_fixed_set,20,I21,PEDRO DE VALDIVIA,C031,NECOCHEA,0.29460602459560964,0.29460602459560964,0,63,62,1,neutral
static_fixed_set,20,I21,PEDRO DE VALDIVIA,C065,NUEVA SAN MARTIN,0.29384044783423063,0.29384044783423063,0,64,63,1,neutral
static_fixed_set,20,I21,PEDRO DE VALDIVIA,C090,SANTO DOMINGO,0.29198941499230197,0.29198941499230197,0,65,64,1,neutral
static_fixed_set,20,I21,PEDRO DE VALDIVIA,C013,HEROES DE LA CONCEPCION,0.29161502323158384,0.29161502323158384,0,66,65,1,neutral
static_fixed_set,20,I21,PEDRO DE VALDIVIA,C004,CONSISTORIAL,0.29093172378697835,0.29093172378697835,0,67,66,1,neutral
static_fixed_set,20,I21,PEDRO DE VALDIVIA,C027,LOS PRESIDENTES,0.2903073892430075,0.2903073892430075,0,68,67,1,neutral
static_fixed_set,20,I21,PEDRO DE VALDIVIA,C049,FEDERICO ERRÁZURIZ (EX SERRANO),0.29005414100941707,0.29005414100941707,0,69,68,1,neutral
static_fixed_set,20,I21,PEDRO DE VALDIVIA,I28,SANTA RAQUEL,0.2874774442364143,0.2874774442364143,0,70,69,1,neutral
static_fixed_set,20,I21,PEDRO DE VALDIVIA,I23,PETERSEN - VICUÑA MACKENNA,0.28720997267232284,0.28720997267232284,0,71,70,1,neutral
static_fixed_set,20,I21,PEDRO DE VALDIVIA,C003,CONCHA Y TORO,0.28716025987377225,0.28716025987377225,0,72,71,1,neutral
static_fixed_set,20,I21,PEDRO DE VALDIVIA,C022,LLANURA  - EL DESIERTO,0.2832694397879176,0.2832694397879176,0,73,72,1,neutral
static_fixed_set,20,I21,PEDRO DE VALDIVIA,C046,EUCALIPTOS,0.28018177357498764,0.28018177357498764,0,74,73,1,neutral
static_fixed_set,20,I21,PEDRO DE VALDIVIA,C026,LOS MAITENES,0.27922230697225114,0.27922230697225114,0,75,74,1,neutral
static_fixed_set,20,I21,PEDRO DE VALDIVIA,C012,GABRIELA ORIENTE,0.27575130207255044,0.27575130207255044,0,76,75,1,neutral
static_fixed_set,20,I21,PEDRO DE VALDIVIA,C052,BAQUEDANO - POSTALES ORIENTE,0.2725119994529144,0.2725119994529144,0,77,76,1,neutral
static_fixed_set,20,I21,PEDRO DE VALDIVIA,C021,LAUTARO,0.2652257843107347,0.2652257843107347,0,78,77,1,neutral
static_fixed_set,20,I21,PEDRO DE VALDIVIA,C047,VIOLETA PARRA,0.2648001936107111,0.2648001936107111,0,79,78,1,neutral
static_fixed_set,20,I21,PEDRO DE VALDIVIA,C079,LAS AMERICAS,0.2644498310084617,0.2644498310084617,0,80,79,1,neutral
static_fixed_set,20,I21,PEDRO DE VALDIVIA,C078,WALDO TAFF,0.2640982140605202,0.2640982140605202,0,81,80,1,neutral
static_fixed_set,20,I21,PEDRO DE VALDIVIA,I31,FERNANDEZ ALBANO,0.2626404601749897,0.2626404601749897,0,82,81,1,neutral
static_fixed_set,20,I21,PEDRO DE VALDIVIA,C40,VICUÑA MACKENNA - SAN MARTIN,0.2599804114545511,0.2599804114545511,0,83,82,1,neutral
static_fixed_set,20,I21,PEDRO DE VALDIVIA,C069,LOS OLMOS,0.2594151168255869,0.2594151168255869,0,84,83,1,neutral
static_fixed_set,20,I21,PEDRO DE VALDIVIA,C009,EL ROSAL - SANTA ELENA,0.258292338870139,0.258292338870139,0,85,84,1,neutral
static_fixed_set,20,I21,PEDRO DE VALDIVIA,C002,CAPITAN IGNACIO CARRERA PINTO,0.2546555618818747,0.2546555618818747,0,86,85,1,neutral
static_fixed_set,20,I21,PEDRO DE VALDIVIA,C048,GENERAL ARRIAGADA,0.2517348978903142,0.2517348978903142,0,87,86,1,neutral
static_fixed_set,20,I21,PEDRO DE VALDIVIA,I03,CARRASCAL,0.24854515940907576,0.24854515940907576,0,88,87,1,neutral
static_fixed_set,20,I21,PEDRO DE VALDIVIA,C071,BARROS ARANA,0.24263265222575167,0.24263265222575167,0,89,88,1,neutral
static_fixed_set,20,I21,PEDRO DE VALDIVIA,C082,CAUPOLICAN,0.24201028797730914,0.24201028797730914,0,90,89,1,neutral
static_fixed_set,20,I21,PEDRO DE VALDIVIA,C080,PARAGUAY,0.2404621201898296,0.2404621201898296,0,91,90,1,neutral
static_fixed_set,20,I21,PEDRO DE VALDIVIA,C041,VISTA HERMOSA,0.23729046079619398,0.23729046079619398,0,92,92,0,neutral
static_fixed_set,20,I21,PEDRO DE VALDIVIA,C085,LOS LIBERTADORES,0.23472333347724983,0.240320348402623,0.005597014925373178,93,91,2,complementarity_signal
static_fixed_set,20,I21,PEDRO DE VALDIVIA,C087,SALVADOR GUTIERREZ,0.23167583897026392,0.23167583897026392,0,94,93,1,neutral
static_fixed_set,20,I21,PEDRO DE VALDIVIA,C017,LA PARINACOTA,0.2279533954363316,0.2279533954363316,0,95,94,1,neutral
static_fixed_set,20,I21,PEDRO DE VALDIVIA,C051,JOSE MIGUEL INFANTE - DOMINGO STA MARIA,0.22770327755636682,0.22770327755636682,0,96,95,1,neutral
static_fixed_set,20,I21,PEDRO DE VALDIVIA,C008,EL CERRO,0.22664145134727998,0.22664145134727998,0,97,96,1,neutral
static_fixed_set,20,I21,PEDRO DE VALDIVIA,C055,ARTURO PRAT,0.22407331213030995,0.22407331213030995,0,98,97,1,neutral
static_fixed_set,20,I21,PEDRO DE VALDIVIA,C036,RIO REFUGIO - SALAR SURIRE,0.22368469062682966,0.22368469062682966,0,99,98,1,neutral
static_fixed_set,20,I21,PEDRO DE VALDIVIA,C077,RICARDO VIAL,0.22334495183243977,0.22334495183243977,0,100,99,1,neutral
static_fixed_set,20,I21,PEDRO DE VALDIVIA,C045,PORTO ALEGRE,0.20697241612240472,0.20697241612240472,0,101,100,1,neutral
static_fixed_set,20,I21,PEDRO DE VALDIVIA,C018,LA PRIMAVERA,0.18728987295662208,0.18728987295662208,0,102,101,1,neutral
static_fixed_set,20,I21,PEDRO DE VALDIVIA,C016,JUANITA,0.18668545474190681,0.18668545474190681,0,103,102,1,neutral
static_fixed_set,20,I21,PEDRO DE VALDIVIA,C025,LOS DURAZNOS,0.17775269195119178,0.17775269195119178,0,104,103,1,neutral
static_fixed_set,20,I21,PEDRO DE VALDIVIA,C073,LOS MORROS,0.16537203853610075,0.16537203853610075,0,105,104,1,neutral
static_fixed_set,21,I07,EL GUANACO,I25,SAN FRANCISCO,0.7736736699267395,0.7736736699267395,0,1,1,0,neutral
static_fixed_set,21,I07,EL GUANACO,I19,PAC-LO ESPEJO-SN BDO,0.737530210438773,0.737530210438773,0,2,2,0,neutral
static_fixed_set,21,I07,EL GUANACO,I13,LO ESPEJO-RIQUELME,0.7290127586758347,0.7290127586758347,0,3,3,0,neutral
static_fixed_set,21,I07,EL GUANACO,I10,GRAN AVENIDA,0.7240362805638629,0.7240362805638629,0,4,4,0,neutral
static_fixed_set,21,I07,EL GUANACO,C067,CARDENAL RAUL SILVA HENRIQUEZ,0.7144643090056751,0.7144643090056751,0,5,5,0,neutral
static_fixed_set,21,I07,EL GUANACO,I04,DEL FERROCARRIL,0.5783116614058992,0.5783116614058992,0,6,6,0,neutral
static_fixed_set,21,I07,EL GUANACO,I27,SANTA CECILIA - NONATO COO,0.4292103596284774,0.4292103596284774,0,7,7,0,neutral
static_fixed_set,21,I07,EL GUANACO,EP-I33,LA CHIMBA,0.4166081830352783,0.4173792355219226,0.0007710524866442747,8,8,0,complementarity_signal
static_fixed_set,21,I07,EL GUANACO,I06,DIAGONAL ORIENTE,0.40959683409019565,0.40959683409019565,0,9,9,0,neutral
static_fixed_set,21,I07,EL GUANACO,I29,SANTA ROSA,0.37918070427789313,0.37918070427789313,0,10,10,0,neutral
static_fixed_set,21,I07,EL GUANACO,C044,LOS CERRILLOS,0.378165327485685,0.378165327485685,0,11,11,0,neutral
static_fixed_set,21,I07,EL GUANACO,C086,LA ESTRELLA,0.3777100534089224,0.3777100534089224,0,12,12,0,neutral
static_fixed_set,21,I07,EL GUANACO,I24,RADAL,0.37330818844956576,0.37330818844956576,0,13,13,0,neutral
static_fixed_set,21,I07,EL GUANACO,C035,PRODIVENCIA,0.3696295621944859,0.3696295621944859,0,14,14,0,neutral
static_fixed_set,21,I07,EL GUANACO,I17,MATUCANA,0.36212617405782893,0.36212617405782893,0,15,15,0,neutral
static_fixed_set,21,I07,EL GUANACO,C070,MENDOZA (EX-CORONEL ROBLES),0.36197090505283486,0.36197090505283486,0,16,16,0,neutral
static_fixed_set,21,I07,EL GUANACO,C089,J J PEREZ,0.36166695360112816,0.36166695360112816,0,17,17,0,neutral
static_fixed_set,21,I07,EL GUANACO,C060,ROJAS MAGALLANES,0.3602428240223581,0.3602428240223581,0,18,18,0,neutral
static_fixed_set,21,I07,EL GUANACO,I02,CARLOS VALDOVINOS,0.35528620955926693,0.35528620955926693,0,19,19,0,neutral
static_fixed_set,21,I07,EL GUANACO,C014,JOSE DOMINGO CAÑAS,0.3453428032423394,0.3453428032423394,0,20,20,0,neutral
static_fixed_set,21,I07,EL GUANACO,C054,VICTORIA,0.343201692962844,0.343201692962844,0,21,21,0,neutral
static_fixed_set,21,I07,EL GUANACO,C063,LONGITUDINAL,0.34151193665271556,0.34151193665271556,0,22,22,0,neutral
static_fixed_set,21,I07,EL GUANACO,C083,ORIENTAL-LAS PARCELAS,0.3397720274185761,0.3397720274185761,0,23,23,0,neutral
static_fixed_set,21,I07,EL GUANACO,C056,TEMUCO - TORO MAZOTTE,0.33416587895751987,0.33416587895751987,0,24,24,0,neutral
static_fixed_set,21,I07,EL GUANACO,C043,NEPTUNO,0.3340594995727627,0.3340594995727627,0,25,25,0,neutral
static_fixed_set,21,I07,EL GUANACO,C011,EYZAGUIRRE,0.33178309048798693,0.33178309048798693,0,26,26,0,neutral
static_fixed_set,21,I07,EL GUANACO,C072,COVADONGA,0.33024995361152437,0.33024995361152437,0,27,27,0,neutral
static_fixed_set,21,I07,EL GUANACO,C058,ANTONIO EBNER-BARROS ARANA,0.32857919697989507,0.32857919697989507,0,28,29,-1,neutral
static_fixed_set,21,I07,EL GUANACO,C081,SAN GREGORIO - DIEGO MEZA,0.32835767945209704,0.32835767945209704,0,29,30,-1,neutral
static_fixed_set,21,I07,EL GUANACO,I32,EINSTEIN,0.3279486533251347,0.329105232055101,0.0011565787299663288,30,28,2,complementarity_signal
static_fixed_set,21,I07,EL GUANACO,C062,CORONA SUECA,0.32620179491551055,0.32620179491551055,0,31,31,0,neutral
static_fixed_set,21,I07,EL GUANACO,C053,CONDELL,0.3249756120094549,0.3249756120094549,0,33,32,1,neutral
static_fixed_set,21,I07,EL GUANACO,C007,EDUARDO CASTILLO VELASCO,0.3209682481807713,0.3209682481807713,0,34,33,1,neutral
static_fixed_set,21,I07,EL GUANACO,C061,EL PINAR,0.32020770968689644,0.32020770968689644,0,35,34,1,neutral
static_fixed_set,21,I07,EL GUANACO,C024,LOS ARRAYANES - LOS COPIHUES,0.3164169532190636,0.3164169532190636,0,36,35,1,neutral
static_fixed_set,21,I07,EL GUANACO,C074,URETA COX,0.31449957814869145,0.31449957814869145,0,37,36,1,neutral
static_fixed_set,21,I07,EL GUANACO,C001,SAN EUGENIO,0.31315225632030524,0.31315225632030524,0,38,37,1,neutral
static_fixed_set,21,I07,EL GUANACO,C057,PADRE VICENTE IRARRAZABAL - MANUEL CHACON,0.31190886832297027,0.31190886832297027,0,39,38,1,neutral
static_fixed_set,21,I07,EL GUANACO,C005,CORONEL ALEJANDRO SEPULVEDA,0.3106497256836105,0.3106497256836105,0,40,39,1,neutral
static_fixed_set,21,I07,EL GUANACO,C033,OBSERVATORIO,0.3084648310861465,0.3084648310861465,0,41,40,1,neutral
static_fixed_set,21,I07,EL GUANACO,C023,AVENIDA DORSAL,0.30783660934290547,0.30783660934290547,0,42,41,1,neutral
static_fixed_set,21,I07,EL GUANACO,C050,MAR DE DRAKE,0.3065394939121959,0.3065394939121959,0,43,42,1,neutral
static_fixed_set,21,I07,EL GUANACO,C088,ÑUBLE,0.3063521640095162,0.3063521640095162,0,44,43,1,neutral
static_fixed_set,21,I07,EL GUANACO,I18,NUEVA IMPERIAL,0.30619965665611387,0.30619965665611387,0,45,44,1,neutral
static_fixed_set,21,I07,EL GUANACO,C034,PEDRO LEON UGALDE,0.3059054946388892,0.3059054946388892,0,46,45,1,neutral
static_fixed_set,21,I07,EL GUANACO,C028,MADRID,0.3057705925608732,0.3057705925608732,0,47,46,1,neutral
static_fixed_set,21,I07,EL GUANACO,C010,ESQ BLANCA - ALBERTO LLONA,0.3056322773789716,0.3056322773789716,0,48,47,1,neutral
static_fixed_set,21,I07,EL GUANACO,C020,LATINOAMERICA - PINTOR MURILLO - FRANCISCO TOLEDO,0.3053874986899725,0.3053874986899725,0,49,48,1,neutral
static_fixed_set,21,I07,EL GUANACO,C019,LAS HIJUELAS SUR - LIBERTADOR BERNARDO OHIGGINS,0.304272161995383,0.304272161995383,0,50,49,1,neutral
static_fixed_set,21,I07,EL GUANACO,C030,MAULE,0.30333268447544404,0.30333268447544404,0,51,50,1,neutral
static_fixed_set,21,I07,EL GUANACO,C037,SAN ALFONSO,0.3032697592490899,0.3032697592490899,0,52,51,1,neutral
static_fixed_set,21,I07,EL GUANACO,C076,ISLA DECEPCION,0.3016011001517117,0.3016011001517117,0,53,52,1,neutral
static_fixed_set,21,I07,EL GUANACO,C042,PRINCIPE DE GALES,0.3015275299366899,0.3015275299366899,0,54,53,1,neutral
static_fixed_set,21,I07,EL GUANACO,C084,EL PINO - UNO SUR,0.30087070256276405,0.30087070256276405,0,55,54,1,neutral
static_fixed_set,21,I07,EL GUANACO,C032,OBISPO MANUEL UMAÑA,0.299000943058111,0.299000943058111,0,56,55,1,neutral
static_fixed_set,21,I07,EL GUANACO,C015,JOSE MANUEL GUZMAN,0.2982069096734652,0.2982069096734652,0,57,56,1,neutral
static_fixed_set,21,I07,EL GUANACO,C039,TUPUNGATO,0.2972177850899593,0.2972177850899593,0,58,57,1,neutral
static_fixed_set,21,I07,EL GUANACO,C029,MARIA ELENA,0.29701722893877575,0.29701722893877575,0,59,58,1,neutral
static_fixed_set,21,I07,EL GUANACO,C064,SILVA CARVALLO - SANTA ELENA,0.29671303455212084,0.29671303455212084,0,60,59,1,neutral
static_fixed_set,21,I07,EL GUANACO,C038,TALCAHUANO - SANTA INES - LOS EDILES,0.29573880114313694,0.29573880114313694,0,61,60,1,neutral
static_fixed_set,21,I07,EL GUANACO,C031,NECOCHEA,0.29460602459560964,0.29460602459560964,0,62,61,1,neutral
static_fixed_set,21,I07,EL GUANACO,C065,NUEVA SAN MARTIN,0.29384044783423063,0.29384044783423063,0,63,62,1,neutral
static_fixed_set,21,I07,EL GUANACO,C090,SANTO DOMINGO,0.29198941499230197,0.29198941499230197,0,64,63,1,neutral
static_fixed_set,21,I07,EL GUANACO,C013,HEROES DE LA CONCEPCION,0.29161502323158384,0.29161502323158384,0,65,64,1,neutral
static_fixed_set,21,I07,EL GUANACO,C004,CONSISTORIAL,0.29093172378697835,0.29093172378697835,0,66,65,1,neutral
static_fixed_set,21,I07,EL GUANACO,C027,LOS PRESIDENTES,0.2903073892430075,0.2903073892430075,0,67,66,1,neutral
static_fixed_set,21,I07,EL GUANACO,C049,FEDERICO ERRÁZURIZ (EX SERRANO),0.29005414100941707,0.29005414100941707,0,68,67,1,neutral
static_fixed_set,21,I07,EL GUANACO,I28,SANTA RAQUEL,0.2874774442364143,0.2874774442364143,0,69,68,1,neutral
static_fixed_set,21,I07,EL GUANACO,I23,PETERSEN - VICUÑA MACKENNA,0.28720997267232284,0.28720997267232284,0,70,69,1,neutral
static_fixed_set,21,I07,EL GUANACO,C003,CONCHA Y TORO,0.28716025987377225,0.28716025987377225,0,71,70,1,neutral
static_fixed_set,21,I07,EL GUANACO,C022,LLANURA  - EL DESIERTO,0.2832694397879176,0.2832694397879176,0,72,71,1,neutral
static_fixed_set,21,I07,EL GUANACO,C046,EUCALIPTOS,0.28018177357498764,0.28018177357498764,0,73,72,1,neutral
static_fixed_set,21,I07,EL GUANACO,C026,LOS MAITENES,0.27922230697225114,0.27922230697225114,0,74,73,1,neutral
static_fixed_set,21,I07,EL GUANACO,C012,GABRIELA ORIENTE,0.27575130207255044,0.27575130207255044,0,75,74,1,neutral
static_fixed_set,21,I07,EL GUANACO,C052,BAQUEDANO - POSTALES ORIENTE,0.2725119994529144,0.2725119994529144,0,76,75,1,neutral
static_fixed_set,21,I07,EL GUANACO,C021,LAUTARO,0.2652257843107347,0.2652257843107347,0,77,76,1,neutral
static_fixed_set,21,I07,EL GUANACO,C047,VIOLETA PARRA,0.2648001936107111,0.2648001936107111,0,78,77,1,neutral
static_fixed_set,21,I07,EL GUANACO,C079,LAS AMERICAS,0.2644498310084617,0.2644498310084617,0,79,78,1,neutral
static_fixed_set,21,I07,EL GUANACO,C078,WALDO TAFF,0.2640982140605202,0.2640982140605202,0,80,79,1,neutral
static_fixed_set,21,I07,EL GUANACO,I31,FERNANDEZ ALBANO,0.2626404601749897,0.2626404601749897,0,81,80,1,neutral
static_fixed_set,21,I07,EL GUANACO,C40,VICUÑA MACKENNA - SAN MARTIN,0.2599804114545511,0.2599804114545511,0,82,81,1,neutral
static_fixed_set,21,I07,EL GUANACO,C069,LOS OLMOS,0.2594151168255869,0.2594151168255869,0,83,82,1,neutral
static_fixed_set,21,I07,EL GUANACO,C009,EL ROSAL - SANTA ELENA,0.258292338870139,0.258292338870139,0,84,83,1,neutral
static_fixed_set,21,I07,EL GUANACO,C002,CAPITAN IGNACIO CARRERA PINTO,0.2546555618818747,0.2546555618818747,0,85,84,1,neutral
static_fixed_set,21,I07,EL GUANACO,C048,GENERAL ARRIAGADA,0.2517348978903142,0.2517348978903142,0,86,85,1,neutral
static_fixed_set,21,I07,EL GUANACO,I03,CARRASCAL,0.24854515940907576,0.24854515940907576,0,87,86,1,neutral
static_fixed_set,21,I07,EL GUANACO,C071,BARROS ARANA,0.24263265222575167,0.24263265222575167,0,88,87,1,neutral
static_fixed_set,21,I07,EL GUANACO,C082,CAUPOLICAN,0.24201028797730914,0.24201028797730914,0,89,88,1,neutral
static_fixed_set,21,I07,EL GUANACO,C080,PARAGUAY,0.2404621201898296,0.2404621201898296,0,90,89,1,neutral
static_fixed_set,21,I07,EL GUANACO,C085,LOS LIBERTADORES,0.240320348402623,0.240320348402623,0,91,90,1,neutral
static_fixed_set,21,I07,EL GUANACO,C041,VISTA HERMOSA,0.23729046079619398,0.23729046079619398,0,92,91,1,neutral
static_fixed_set,21,I07,EL GUANACO,C087,SALVADOR GUTIERREZ,0.23167583897026392,0.23167583897026392,0,93,92,1,neutral
static_fixed_set,21,I07,EL GUANACO,C017,LA PARINACOTA,0.2279533954363316,0.2279533954363316,0,94,93,1,neutral
static_fixed_set,21,I07,EL GUANACO,C051,JOSE MIGUEL INFANTE - DOMINGO STA MARIA,0.22770327755636682,0.22770327755636682,0,95,94,1,neutral
static_fixed_set,21,I07,EL GUANACO,C008,EL CERRO,0.22664145134727998,0.22664145134727998,0,96,95,1,neutral
static_fixed_set,21,I07,EL GUANACO,C055,ARTURO PRAT,0.22407331213030995,0.22407331213030995,0,97,96,1,neutral
static_fixed_set,21,I07,EL GUANACO,C036,RIO REFUGIO - SALAR SURIRE,0.22368469062682966,0.22368469062682966,0,98,97,1,neutral
static_fixed_set,21,I07,EL GUANACO,C077,RICARDO VIAL,0.22334495183243977,0.22334495183243977,0,99,98,1,neutral
static_fixed_set,21,I07,EL GUANACO,C045,PORTO ALEGRE,0.20697241612240472,0.20697241612240472,0,100,99,1,neutral
static_fixed_set,21,I07,EL GUANACO,C018,LA PRIMAVERA,0.18728987295662208,0.18728987295662208,0,101,100,1,neutral
static_fixed_set,21,I07,EL GUANACO,C016,JUANITA,0.18668545474190681,0.18668545474190681,0,102,101,1,neutral
static_fixed_set,21,I07,EL GUANACO,C025,LOS DURAZNOS,0.17775269195119178,0.17775269195119178,0,103,102,1,neutral
static_fixed_set,21,I07,EL GUANACO,C073,LOS MORROS,0.16537203853610075,0.16537203853610075,0,104,103,1,neutral
static_fixed_set,22,I02,CARLOS VALDOVINOS,I25,SAN FRANCISCO,0.7736736699267395,0.7736736699267395,0,1,1,0,neutral
static_fixed_set,22,I02,CARLOS VALDOVINOS,I19,PAC-LO ESPEJO-SN BDO,0.737530210438773,0.737530210438773,0,2,2,0,neutral
static_fixed_set,22,I02,CARLOS VALDOVINOS,I13,LO ESPEJO-RIQUELME,0.7290127586758347,0.7290127586758347,0,3,3,0,neutral
static_fixed_set,22,I02,CARLOS VALDOVINOS,I10,GRAN AVENIDA,0.7240362805638629,0.7240362805638629,0,4,4,0,neutral
static_fixed_set,22,I02,CARLOS VALDOVINOS,C067,CARDENAL RAUL SILVA HENRIQUEZ,0.7144643090056751,0.7144643090056751,0,5,5,0,neutral
static_fixed_set,22,I02,CARLOS VALDOVINOS,I04,DEL FERROCARRIL,0.5783116614058992,0.5783116614058992,0,6,6,0,neutral
static_fixed_set,22,I02,CARLOS VALDOVINOS,I27,SANTA CECILIA - NONATO COO,0.4292103596284774,0.4292103596284774,0,7,7,0,neutral
static_fixed_set,22,I02,CARLOS VALDOVINOS,EP-I33,LA CHIMBA,0.4173792355219226,0.4173792355219226,0,8,8,0,neutral
static_fixed_set,22,I02,CARLOS VALDOVINOS,I06,DIAGONAL ORIENTE,0.40959683409019565,0.40959683409019565,0,9,9,0,neutral
static_fixed_set,22,I02,CARLOS VALDOVINOS,I29,SANTA ROSA,0.37918070427789313,0.38110833549450385,0.0019276312166107146,10,10,0,complementarity_signal
static_fixed_set,22,I02,CARLOS VALDOVINOS,C044,LOS CERRILLOS,0.378165327485685,0.378165327485685,0,11,11,0,neutral
static_fixed_set,22,I02,CARLOS VALDOVINOS,C086,LA ESTRELLA,0.3777100534089224,0.3777100534089224,0,12,12,0,neutral
static_fixed_set,22,I02,CARLOS VALDOVINOS,I24,RADAL,0.37330818844956576,0.37330818844956576,0,13,13,0,neutral
static_fixed_set,22,I02,CARLOS VALDOVINOS,C035,PRODIVENCIA,0.3696295621944859,0.3696295621944859,0,14,14,0,neutral
static_fixed_set,22,I02,CARLOS VALDOVINOS,I17,MATUCANA,0.36212617405782893,0.36212617405782893,0,15,15,0,neutral
static_fixed_set,22,I02,CARLOS VALDOVINOS,C070,MENDOZA (EX-CORONEL ROBLES),0.36197090505283486,0.36197090505283486,0,16,16,0,neutral
static_fixed_set,22,I02,CARLOS VALDOVINOS,C089,J J PEREZ,0.36166695360112816,0.36166695360112816,0,17,17,0,neutral
static_fixed_set,22,I02,CARLOS VALDOVINOS,C060,ROJAS MAGALLANES,0.3602428240223581,0.3602428240223581,0,18,18,0,neutral
static_fixed_set,22,I02,CARLOS VALDOVINOS,C014,JOSE DOMINGO CAÑAS,0.3453428032423394,0.3453428032423394,0,20,19,1,neutral
static_fixed_set,22,I02,CARLOS VALDOVINOS,C054,VICTORIA,0.343201692962844,0.343201692962844,0,21,20,1,neutral
static_fixed_set,22,I02,CARLOS VALDOVINOS,C063,LONGITUDINAL,0.34151193665271556,0.34151193665271556,0,22,21,1,neutral
static_fixed_set,22,I02,CARLOS VALDOVINOS,C083,ORIENTAL-LAS PARCELAS,0.3397720274185761,0.3397720274185761,0,23,22,1,neutral
static_fixed_set,22,I02,CARLOS VALDOVINOS,C056,TEMUCO - TORO MAZOTTE,0.33416587895751987,0.33416587895751987,0,24,23,1,neutral
static_fixed_set,22,I02,CARLOS VALDOVINOS,C043,NEPTUNO,0.3340594995727627,0.3340594995727627,0,25,24,1,neutral
static_fixed_set,22,I02,CARLOS VALDOVINOS,C011,EYZAGUIRRE,0.33178309048798693,0.33178309048798693,0,26,25,1,neutral
static_fixed_set,22,I02,CARLOS VALDOVINOS,C072,COVADONGA,0.33024995361152437,0.33024995361152437,0,27,26,1,neutral
static_fixed_set,22,I02,CARLOS VALDOVINOS,I32,EINSTEIN,0.329105232055101,0.329105232055101,0,28,27,1,neutral
static_fixed_set,22,I02,CARLOS VALDOVINOS,C058,ANTONIO EBNER-BARROS ARANA,0.32857919697989507,0.32857919697989507,0,29,29,0,neutral
static_fixed_set,22,I02,CARLOS VALDOVINOS,C081,SAN GREGORIO - DIEGO MEZA,0.32835767945209704,0.32874320569541915,0.0003855262433221096,30,28,2,complementarity_signal
static_fixed_set,22,I02,CARLOS VALDOVINOS,C062,CORONA SUECA,0.32620179491551055,0.32620179491551055,0,31,30,1,neutral
static_fixed_set,22,I02,CARLOS VALDOVINOS,C053,CONDELL,0.3249756120094549,0.3249756120094549,0,32,31,1,neutral
static_fixed_set,22,I02,CARLOS VALDOVINOS,C007,EDUARDO CASTILLO VELASCO,0.3209682481807713,0.3209682481807713,0,33,32,1,neutral
static_fixed_set,22,I02,CARLOS VALDOVINOS,C061,EL PINAR,0.32020770968689644,0.32020770968689644,0,34,33,1,neutral
static_fixed_set,22,I02,CARLOS VALDOVINOS,C024,LOS ARRAYANES - LOS COPIHUES,0.3164169532190636,0.3164169532190636,0,35,34,1,neutral
static_fixed_set,22,I02,CARLOS VALDOVINOS,C074,URETA COX,0.31449957814869145,0.31449957814869145,0,36,35,1,neutral
static_fixed_set,22,I02,CARLOS VALDOVINOS,C001,SAN EUGENIO,0.31315225632030524,0.31315225632030524,0,37,36,1,neutral
static_fixed_set,22,I02,CARLOS VALDOVINOS,C057,PADRE VICENTE IRARRAZABAL - MANUEL CHACON,0.31190886832297027,0.3122943945662924,0.0003855262433221096,38,37,1,complementarity_signal
static_fixed_set,22,I02,CARLOS VALDOVINOS,C005,CORONEL ALEJANDRO SEPULVEDA,0.3106497256836105,0.3106497256836105,0,39,38,1,neutral
static_fixed_set,22,I02,CARLOS VALDOVINOS,C033,OBSERVATORIO,0.3084648310861465,0.3084648310861465,0,40,39,1,neutral
static_fixed_set,22,I02,CARLOS VALDOVINOS,C023,AVENIDA DORSAL,0.30783660934290547,0.30783660934290547,0,41,40,1,neutral
static_fixed_set,22,I02,CARLOS VALDOVINOS,C050,MAR DE DRAKE,0.3065394939121959,0.3065394939121959,0,42,41,1,neutral
static_fixed_set,22,I02,CARLOS VALDOVINOS,C088,ÑUBLE,0.3063521640095162,0.3063521640095162,0,43,42,1,neutral
static_fixed_set,22,I02,CARLOS VALDOVINOS,I18,NUEVA IMPERIAL,0.30619965665611387,0.30619965665611387,0,44,43,1,neutral
static_fixed_set,22,I02,CARLOS VALDOVINOS,C034,PEDRO LEON UGALDE,0.3059054946388892,0.3059054946388892,0,45,44,1,neutral
static_fixed_set,22,I02,CARLOS VALDOVINOS,C028,MADRID,0.3057705925608732,0.3057705925608732,0,46,45,1,neutral
static_fixed_set,22,I02,CARLOS VALDOVINOS,C010,ESQ BLANCA - ALBERTO LLONA,0.3056322773789716,0.3056322773789716,0,47,46,1,neutral
static_fixed_set,22,I02,CARLOS VALDOVINOS,C020,LATINOAMERICA - PINTOR MURILLO - FRANCISCO TOLEDO,0.3053874986899725,0.3053874986899725,0,48,47,1,neutral
static_fixed_set,22,I02,CARLOS VALDOVINOS,C019,LAS HIJUELAS SUR - LIBERTADOR BERNARDO OHIGGINS,0.304272161995383,0.304272161995383,0,49,48,1,neutral
static_fixed_set,22,I02,CARLOS VALDOVINOS,C030,MAULE,0.30333268447544404,0.30333268447544404,0,50,49,1,neutral
static_fixed_set,22,I02,CARLOS VALDOVINOS,C037,SAN ALFONSO,0.3032697592490899,0.3032697592490899,0,51,50,1,neutral
static_fixed_set,22,I02,CARLOS VALDOVINOS,C076,ISLA DECEPCION,0.3016011001517117,0.3016011001517117,0,52,51,1,neutral
static_fixed_set,22,I02,CARLOS VALDOVINOS,C042,PRINCIPE DE GALES,0.3015275299366899,0.3015275299366899,0,53,52,1,neutral
static_fixed_set,22,I02,CARLOS VALDOVINOS,C084,EL PINO - UNO SUR,0.30087070256276405,0.30087070256276405,0,54,53,1,neutral
static_fixed_set,22,I02,CARLOS VALDOVINOS,C032,OBISPO MANUEL UMAÑA,0.299000943058111,0.299000943058111,0,55,54,1,neutral
static_fixed_set,22,I02,CARLOS VALDOVINOS,C015,JOSE MANUEL GUZMAN,0.2982069096734652,0.2982069096734652,0,56,55,1,neutral
static_fixed_set,22,I02,CARLOS VALDOVINOS,C039,TUPUNGATO,0.2972177850899593,0.2972177850899593,0,57,56,1,neutral
static_fixed_set,22,I02,CARLOS VALDOVINOS,C029,MARIA ELENA,0.29701722893877575,0.29701722893877575,0,58,57,1,neutral
static_fixed_set,22,I02,CARLOS VALDOVINOS,C064,SILVA CARVALLO - SANTA ELENA,0.29671303455212084,0.29671303455212084,0,59,58,1,neutral
static_fixed_set,22,I02,CARLOS VALDOVINOS,C038,TALCAHUANO - SANTA INES - LOS EDILES,0.29573880114313694,0.29573880114313694,0,60,59,1,neutral
static_fixed_set,22,I02,CARLOS VALDOVINOS,C031,NECOCHEA,0.29460602459560964,0.29460602459560964,0,61,60,1,neutral
static_fixed_set,22,I02,CARLOS VALDOVINOS,C065,NUEVA SAN MARTIN,0.29384044783423063,0.29384044783423063,0,62,61,1,neutral
static_fixed_set,22,I02,CARLOS VALDOVINOS,C090,SANTO DOMINGO,0.29198941499230197,0.29198941499230197,0,63,62,1,neutral
static_fixed_set,22,I02,CARLOS VALDOVINOS,C013,HEROES DE LA CONCEPCION,0.29161502323158384,0.29161502323158384,0,64,63,1,neutral
static_fixed_set,22,I02,CARLOS VALDOVINOS,C004,CONSISTORIAL,0.29093172378697835,0.29093172378697835,0,65,64,1,neutral
static_fixed_set,22,I02,CARLOS VALDOVINOS,C027,LOS PRESIDENTES,0.2903073892430075,0.2903073892430075,0,66,65,1,neutral
static_fixed_set,22,I02,CARLOS VALDOVINOS,C049,FEDERICO ERRÁZURIZ (EX SERRANO),0.29005414100941707,0.29005414100941707,0,67,66,1,neutral
static_fixed_set,22,I02,CARLOS VALDOVINOS,I28,SANTA RAQUEL,0.2874774442364143,0.2874774442364143,0,68,67,1,neutral
static_fixed_set,22,I02,CARLOS VALDOVINOS,I23,PETERSEN - VICUÑA MACKENNA,0.28720997267232284,0.28720997267232284,0,69,68,1,neutral
static_fixed_set,22,I02,CARLOS VALDOVINOS,C003,CONCHA Y TORO,0.28716025987377225,0.28716025987377225,0,70,69,1,neutral
static_fixed_set,22,I02,CARLOS VALDOVINOS,C022,LLANURA  - EL DESIERTO,0.2832694397879176,0.2832694397879176,0,71,70,1,neutral
static_fixed_set,22,I02,CARLOS VALDOVINOS,C046,EUCALIPTOS,0.28018177357498764,0.28018177357498764,0,72,71,1,neutral
static_fixed_set,22,I02,CARLOS VALDOVINOS,C026,LOS MAITENES,0.27922230697225114,0.27922230697225114,0,73,72,1,neutral
static_fixed_set,22,I02,CARLOS VALDOVINOS,C012,GABRIELA ORIENTE,0.27575130207255044,0.27575130207255044,0,74,73,1,neutral
static_fixed_set,22,I02,CARLOS VALDOVINOS,C052,BAQUEDANO - POSTALES ORIENTE,0.2725119994529144,0.2725119994529144,0,75,74,1,neutral
static_fixed_set,22,I02,CARLOS VALDOVINOS,C021,LAUTARO,0.2652257843107347,0.2652257843107347,0,76,75,1,neutral
static_fixed_set,22,I02,CARLOS VALDOVINOS,C047,VIOLETA PARRA,0.2648001936107111,0.2648001936107111,0,77,76,1,neutral
static_fixed_set,22,I02,CARLOS VALDOVINOS,C079,LAS AMERICAS,0.2644498310084617,0.2644498310084617,0,78,77,1,neutral
static_fixed_set,22,I02,CARLOS VALDOVINOS,C078,WALDO TAFF,0.2640982140605202,0.2640982140605202,0,79,78,1,neutral
static_fixed_set,22,I02,CARLOS VALDOVINOS,I31,FERNANDEZ ALBANO,0.2626404601749897,0.2626404601749897,0,80,79,1,neutral
static_fixed_set,22,I02,CARLOS VALDOVINOS,C40,VICUÑA MACKENNA - SAN MARTIN,0.2599804114545511,0.2599804114545511,0,81,80,1,neutral
static_fixed_set,22,I02,CARLOS VALDOVINOS,C069,LOS OLMOS,0.2594151168255869,0.2594151168255869,0,82,81,1,neutral
static_fixed_set,22,I02,CARLOS VALDOVINOS,C009,EL ROSAL - SANTA ELENA,0.258292338870139,0.258292338870139,0,83,82,1,neutral
static_fixed_set,22,I02,CARLOS VALDOVINOS,C002,CAPITAN IGNACIO CARRERA PINTO,0.2546555618818747,0.2546555618818747,0,84,83,1,neutral
static_fixed_set,22,I02,CARLOS VALDOVINOS,C048,GENERAL ARRIAGADA,0.2517348978903142,0.2517348978903142,0,85,84,1,neutral
static_fixed_set,22,I02,CARLOS VALDOVINOS,I03,CARRASCAL,0.24854515940907576,0.24854515940907576,0,86,85,1,neutral
static_fixed_set,22,I02,CARLOS VALDOVINOS,C071,BARROS ARANA,0.24263265222575167,0.24263265222575167,0,87,86,1,neutral
static_fixed_set,22,I02,CARLOS VALDOVINOS,C082,CAUPOLICAN,0.24201028797730914,0.24201028797730914,0,88,87,1,neutral
static_fixed_set,22,I02,CARLOS VALDOVINOS,C080,PARAGUAY,0.2404621201898296,0.2404621201898296,0,89,88,1,neutral
static_fixed_set,22,I02,CARLOS VALDOVINOS,C085,LOS LIBERTADORES,0.240320348402623,0.240320348402623,0,90,89,1,neutral
static_fixed_set,22,I02,CARLOS VALDOVINOS,C041,VISTA HERMOSA,0.23729046079619398,0.23729046079619398,0,91,90,1,neutral
static_fixed_set,22,I02,CARLOS VALDOVINOS,C087,SALVADOR GUTIERREZ,0.23167583897026392,0.23167583897026392,0,92,91,1,neutral
static_fixed_set,22,I02,CARLOS VALDOVINOS,C017,LA PARINACOTA,0.2279533954363316,0.2279533954363316,0,93,92,1,neutral
static_fixed_set,22,I02,CARLOS VALDOVINOS,C051,JOSE MIGUEL INFANTE - DOMINGO STA MARIA,0.22770327755636682,0.22770327755636682,0,94,93,1,neutral
static_fixed_set,22,I02,CARLOS VALDOVINOS,C008,EL CERRO,0.22664145134727998,0.22664145134727998,0,95,94,1,neutral
static_fixed_set,22,I02,CARLOS VALDOVINOS,C055,ARTURO PRAT,0.22407331213030995,0.22407331213030995,0,96,95,1,neutral
static_fixed_set,22,I02,CARLOS VALDOVINOS,C036,RIO REFUGIO - SALAR SURIRE,0.22368469062682966,0.22368469062682966,0,97,96,1,neutral
static_fixed_set,22,I02,CARLOS VALDOVINOS,C077,RICARDO VIAL,0.22334495183243977,0.22334495183243977,0,98,97,1,neutral
static_fixed_set,22,I02,CARLOS VALDOVINOS,C045,PORTO ALEGRE,0.20697241612240472,0.20697241612240472,0,99,98,1,neutral
static_fixed_set,22,I02,CARLOS VALDOVINOS,C018,LA PRIMAVERA,0.18728987295662208,0.18728987295662208,0,100,99,1,neutral
static_fixed_set,22,I02,CARLOS VALDOVINOS,C016,JUANITA,0.18668545474190681,0.18668545474190681,0,101,100,1,neutral
static_fixed_set,22,I02,CARLOS VALDOVINOS,C025,LOS DURAZNOS,0.17775269195119178,0.17775269195119178,0,102,101,1,neutral
static_fixed_set,22,I02,CARLOS VALDOVINOS,C073,LOS MORROS,0.16537203853610075,0.16537203853610075,0,103,102,1,neutral
static_fixed_set,23,I29,SANTA ROSA,I25,SAN FRANCISCO,0.7736736699267395,0.7741615984664834,0.00048792853974388706,1,1,0,complementarity_signal
static_fixed_set,23,I29,SANTA ROSA,I19,PAC-LO ESPEJO-SN BDO,0.737530210438773,0.738084470154072,0.0005542597152989881,2,2,0,complementarity_signal
static_fixed_set,23,I29,SANTA ROSA,I13,LO ESPEJO-RIQUELME,0.7290127586758347,0.7294998542120291,0.00048709553619441515,3,4,-1,complementarity_signal
static_fixed_set,23,I29,SANTA ROSA,I10,GRAN AVENIDA,0.7240362805638629,0.7301212240289798,0.006084943465116899,4,3,1,complementarity_signal
static_fixed_set,23,I29,SANTA ROSA,C067,CARDENAL RAUL SILVA HENRIQUEZ,0.7144643090056751,0.7150194017245236,0.00055509271884846,5,5,0,complementarity_signal
static_fixed_set,23,I29,SANTA ROSA,I04,DEL FERROCARRIL,0.5783116614058992,0.5783116614058992,0,6,6,0,neutral
static_fixed_set,23,I29,SANTA ROSA,I27,SANTA CECILIA - NONATO COO,0.4292103596284774,0.4292103596284774,0,7,7,0,neutral
static_fixed_set,23,I29,SANTA ROSA,EP-I33,LA CHIMBA,0.4173792355219226,0.4173792355219226,0,8,8,0,neutral
static_fixed_set,23,I29,SANTA ROSA,I06,DIAGONAL ORIENTE,0.40959683409019565,0.40959683409019565,0,9,9,0,neutral
static_fixed_set,23,I29,SANTA ROSA,C044,LOS CERRILLOS,0.378165327485685,0.378165327485685,0,11,10,1,neutral
static_fixed_set,23,I29,SANTA ROSA,C086,LA ESTRELLA,0.3777100534089224,0.3777100534089224,0,12,11,1,neutral
static_fixed_set,23,I29,SANTA ROSA,I24,RADAL,0.37330818844956576,0.37330818844956576,0,13,12,1,neutral
static_fixed_set,23,I29,SANTA ROSA,C035,PRODIVENCIA,0.3696295621944859,0.3696295621944859,0,14,13,1,neutral
static_fixed_set,23,I29,SANTA ROSA,I17,MATUCANA,0.36212617405782893,0.36212617405782893,0,15,14,1,neutral
static_fixed_set,23,I29,SANTA ROSA,C070,MENDOZA (EX-CORONEL ROBLES),0.36197090505283486,0.36197090505283486,0,16,15,1,neutral
static_fixed_set,23,I29,SANTA ROSA,C089,J J PEREZ,0.36166695360112816,0.36166695360112816,0,17,16,1,neutral
static_fixed_set,23,I29,SANTA ROSA,C060,ROJAS MAGALLANES,0.3602428240223581,0.3602428240223581,0,18,17,1,neutral
static_fixed_set,23,I29,SANTA ROSA,C014,JOSE DOMINGO CAÑAS,0.3453428032423394,0.3453428032423394,0,19,18,1,neutral
static_fixed_set,23,I29,SANTA ROSA,C054,VICTORIA,0.343201692962844,0.343201692962844,0,20,19,1,neutral
static_fixed_set,23,I29,SANTA ROSA,C063,LONGITUDINAL,0.34151193665271556,0.34151193665271556,0,21,20,1,neutral
static_fixed_set,23,I29,SANTA ROSA,C083,ORIENTAL-LAS PARCELAS,0.3397720274185761,0.3397720274185761,0,22,21,1,neutral
static_fixed_set,23,I29,SANTA ROSA,C056,TEMUCO - TORO MAZOTTE,0.33416587895751987,0.33416587895751987,0,23,22,1,neutral
static_fixed_set,23,I29,SANTA ROSA,C043,NEPTUNO,0.3340594995727627,0.3340594995727627,0,24,23,1,neutral
static_fixed_set,23,I29,SANTA ROSA,C011,EYZAGUIRRE,0.33178309048798693,0.33178309048798693,0,25,24,1,neutral
static_fixed_set,23,I29,SANTA ROSA,C072,COVADONGA,0.33024995361152437,0.33024995361152437,0,26,25,1,neutral
static_fixed_set,23,I29,SANTA ROSA,I32,EINSTEIN,0.329105232055101,0.329105232055101,0,27,26,1,neutral
static_fixed_set,23,I29,SANTA ROSA,C081,SAN GREGORIO - DIEGO MEZA,0.32874320569541915,0.29723513011219044,-0.03150807558322871,28,53,-25,substitution_signal
static_fixed_set,23,I29,SANTA ROSA,C058,ANTONIO EBNER-BARROS ARANA,0.32857919697989507,0.32857919697989507,0,29,27,2,neutral
static_fixed_set,23,I29,SANTA ROSA,C062,CORONA SUECA,0.32620179491551055,0.32620179491551055,0,30,28,2,neutral
static_fixed_set,23,I29,SANTA ROSA,C053,CONDELL,0.3249756120094549,0.3249756120094549,0,31,29,2,neutral
static_fixed_set,23,I29,SANTA ROSA,C007,EDUARDO CASTILLO VELASCO,0.3209682481807713,0.3209682481807713,0,32,30,2,neutral
static_fixed_set,23,I29,SANTA ROSA,C061,EL PINAR,0.32020770968689644,0.3052669359707163,-0.014940773716180134,33,44,-11,substitution_signal
static_fixed_set,23,I29,SANTA ROSA,C024,LOS ARRAYANES - LOS COPIHUES,0.3164169532190636,0.3164169532190636,0,34,31,3,neutral
static_fixed_set,23,I29,SANTA ROSA,C074,URETA COX,0.31449957814869145,0.2971612237949986,-0.017338354353692853,35,55,-20,substitution_signal
static_fixed_set,23,I29,SANTA ROSA,C001,SAN EUGENIO,0.31315225632030524,0.31315225632030524,0,36,32,4,neutral
static_fixed_set,23,I29,SANTA ROSA,C057,PADRE VICENTE IRARRAZABAL - MANUEL CHACON,0.3122943945662924,0.3122943945662924,0,37,33,4,neutral
static_fixed_set,23,I29,SANTA ROSA,C005,CORONEL ALEJANDRO SEPULVEDA,0.3106497256836105,0.3106497256836105,0,38,34,4,neutral
static_fixed_set,23,I29,SANTA ROSA,C033,OBSERVATORIO,0.3084648310861465,0.3084648310861465,0,39,35,4,neutral
static_fixed_set,23,I29,SANTA ROSA,C023,AVENIDA DORSAL,0.30783660934290547,0.30783660934290547,0,40,36,4,neutral
static_fixed_set,23,I29,SANTA ROSA,C050,MAR DE DRAKE,0.3065394939121959,0.3065394939121959,0,41,38,3,neutral
static_fixed_set,23,I29,SANTA ROSA,C088,ÑUBLE,0.3063521640095162,0.30673769025283837,0.0003855262433221651,42,37,5,complementarity_signal
static_fixed_set,23,I29,SANTA ROSA,I18,NUEVA IMPERIAL,0.30619965665611387,0.30619965665611387,0,43,39,4,neutral
static_fixed_set,23,I29,SANTA ROSA,C034,PEDRO LEON UGALDE,0.3059054946388892,0.3059054946388892,0,44,40,4,neutral
static_fixed_set,23,I29,SANTA ROSA,C028,MADRID,0.3057705925608732,0.3057705925608732,0,45,41,4,neutral
static_fixed_set,23,I29,SANTA ROSA,C010,ESQ BLANCA - ALBERTO LLONA,0.3056322773789716,0.3056322773789716,0,46,42,4,neutral
static_fixed_set,23,I29,SANTA ROSA,C020,LATINOAMERICA - PINTOR MURILLO - FRANCISCO TOLEDO,0.3053874986899725,0.3053874986899725,0,47,43,4,neutral
static_fixed_set,23,I29,SANTA ROSA,C019,LAS HIJUELAS SUR - LIBERTADOR BERNARDO OHIGGINS,0.304272161995383,0.304272161995383,0,48,45,3,neutral
static_fixed_set,23,I29,SANTA ROSA,C030,MAULE,0.30333268447544404,0.3037182107187662,0.0003855262433221651,49,46,3,complementarity_signal
static_fixed_set,23,I29,SANTA ROSA,C037,SAN ALFONSO,0.3032697592490899,0.3032697592490899,0,50,47,3,neutral
static_fixed_set,23,I29,SANTA ROSA,C076,ISLA DECEPCION,0.3016011001517117,0.3016011001517117,0,51,48,3,neutral
static_fixed_set,23,I29,SANTA ROSA,C042,PRINCIPE DE GALES,0.3015275299366899,0.3015275299366899,0,52,49,3,neutral
static_fixed_set,23,I29,SANTA ROSA,C084,EL PINO - UNO SUR,0.30087070256276405,0.30087070256276405,0,53,50,3,neutral
static_fixed_set,23,I29,SANTA ROSA,C032,OBISPO MANUEL UMAÑA,0.299000943058111,0.299000943058111,0,54,51,3,neutral
static_fixed_set,23,I29,SANTA ROSA,C015,JOSE MANUEL GUZMAN,0.2982069096734652,0.2982069096734652,0,55,52,3,neutral
static_fixed_set,23,I29,SANTA ROSA,C039,TUPUNGATO,0.2972177850899593,0.2972177850899593,0,56,54,2,neutral
static_fixed_set,23,I29,SANTA ROSA,C029,MARIA ELENA,0.29701722893877575,0.29701722893877575,0,57,56,1,neutral
static_fixed_set,23,I29,SANTA ROSA,C064,SILVA CARVALLO - SANTA ELENA,0.29671303455212084,0.29671303455212084,0,58,57,1,neutral
static_fixed_set,23,I29,SANTA ROSA,C038,TALCAHUANO - SANTA INES - LOS EDILES,0.29573880114313694,0.29573880114313694,0,59,58,1,neutral
static_fixed_set,23,I29,SANTA ROSA,C031,NECOCHEA,0.29460602459560964,0.29460602459560964,0,60,59,1,neutral
static_fixed_set,23,I29,SANTA ROSA,C065,NUEVA SAN MARTIN,0.29384044783423063,0.29384044783423063,0,61,60,1,neutral
static_fixed_set,23,I29,SANTA ROSA,C090,SANTO DOMINGO,0.29198941499230197,0.29198941499230197,0,62,61,1,neutral
static_fixed_set,23,I29,SANTA ROSA,C013,HEROES DE LA CONCEPCION,0.29161502323158384,0.29161502323158384,0,63,62,1,neutral
static_fixed_set,23,I29,SANTA ROSA,C004,CONSISTORIAL,0.29093172378697835,0.29093172378697835,0,64,63,1,neutral
static_fixed_set,23,I29,SANTA ROSA,C027,LOS PRESIDENTES,0.2903073892430075,0.2903073892430075,0,65,64,1,neutral
static_fixed_set,23,I29,SANTA ROSA,C049,FEDERICO ERRÁZURIZ (EX SERRANO),0.29005414100941707,0.29005414100941707,0,66,65,1,neutral
static_fixed_set,23,I29,SANTA ROSA,I28,SANTA RAQUEL,0.2874774442364143,0.2874774442364143,0,67,66,1,neutral
static_fixed_set,23,I29,SANTA ROSA,I23,PETERSEN - VICUÑA MACKENNA,0.28720997267232284,0.28720997267232284,0,68,67,1,neutral
static_fixed_set,23,I29,SANTA ROSA,C003,CONCHA Y TORO,0.28716025987377225,0.28716025987377225,0,69,68,1,neutral
static_fixed_set,23,I29,SANTA ROSA,C022,LLANURA  - EL DESIERTO,0.2832694397879176,0.2832694397879176,0,70,69,1,neutral
static_fixed_set,23,I29,SANTA ROSA,C046,EUCALIPTOS,0.28018177357498764,0.28018177357498764,0,71,70,1,neutral
static_fixed_set,23,I29,SANTA ROSA,C026,LOS MAITENES,0.27922230697225114,0.27922230697225114,0,72,71,1,neutral
static_fixed_set,23,I29,SANTA ROSA,C012,GABRIELA ORIENTE,0.27575130207255044,0.27575130207255044,0,73,72,1,neutral
static_fixed_set,23,I29,SANTA ROSA,C052,BAQUEDANO - POSTALES ORIENTE,0.2725119994529144,0.2725119994529144,0,74,73,1,neutral
static_fixed_set,23,I29,SANTA ROSA,C021,LAUTARO,0.2652257843107347,0.2652257843107347,0,75,74,1,neutral
static_fixed_set,23,I29,SANTA ROSA,C047,VIOLETA PARRA,0.2648001936107111,0.2648001936107111,0,76,75,1,neutral
static_fixed_set,23,I29,SANTA ROSA,C079,LAS AMERICAS,0.2644498310084617,0.2644498310084617,0,77,76,1,neutral
static_fixed_set,23,I29,SANTA ROSA,C078,WALDO TAFF,0.2640982140605202,0.2640982140605202,0,78,77,1,neutral
static_fixed_set,23,I29,SANTA ROSA,I31,FERNANDEZ ALBANO,0.2626404601749897,0.2626404601749897,0,79,78,1,neutral
static_fixed_set,23,I29,SANTA ROSA,C40,VICUÑA MACKENNA - SAN MARTIN,0.2599804114545511,0.2599804114545511,0,80,79,1,neutral
static_fixed_set,23,I29,SANTA ROSA,C069,LOS OLMOS,0.2594151168255869,0.2594151168255869,0,81,80,1,neutral
static_fixed_set,23,I29,SANTA ROSA,C009,EL ROSAL - SANTA ELENA,0.258292338870139,0.258292338870139,0,82,81,1,neutral
static_fixed_set,23,I29,SANTA ROSA,C002,CAPITAN IGNACIO CARRERA PINTO,0.2546555618818747,0.2546555618818747,0,83,82,1,neutral
static_fixed_set,23,I29,SANTA ROSA,C048,GENERAL ARRIAGADA,0.2517348978903142,0.2517348978903142,0,84,83,1,neutral
static_fixed_set,23,I29,SANTA ROSA,I03,CARRASCAL,0.24854515940907576,0.24854515940907576,0,85,84,1,neutral
static_fixed_set,23,I29,SANTA ROSA,C071,BARROS ARANA,0.24263265222575167,0.24263265222575167,0,86,85,1,neutral
static_fixed_set,23,I29,SANTA ROSA,C082,CAUPOLICAN,0.24201028797730914,0.24201028797730914,0,87,86,1,neutral
static_fixed_set,23,I29,SANTA ROSA,C080,PARAGUAY,0.2404621201898296,0.2404621201898296,0,88,87,1,neutral
static_fixed_set,23,I29,SANTA ROSA,C085,LOS LIBERTADORES,0.240320348402623,0.240320348402623,0,89,88,1,neutral
static_fixed_set,23,I29,SANTA ROSA,C041,VISTA HERMOSA,0.23729046079619398,0.23729046079619398,0,90,89,1,neutral
static_fixed_set,23,I29,SANTA ROSA,C087,SALVADOR GUTIERREZ,0.23167583897026392,0.23167583897026392,0,91,90,1,neutral
static_fixed_set,23,I29,SANTA ROSA,C017,LA PARINACOTA,0.2279533954363316,0.2279533954363316,0,92,91,1,neutral
static_fixed_set,23,I29,SANTA ROSA,C051,JOSE MIGUEL INFANTE - DOMINGO STA MARIA,0.22770327755636682,0.22770327755636682,0,93,92,1,neutral
static_fixed_set,23,I29,SANTA ROSA,C008,EL CERRO,0.22664145134727998,0.22664145134727998,0,94,93,1,neutral
static_fixed_set,23,I29,SANTA ROSA,C055,ARTURO PRAT,0.22407331213030995,0.22407331213030995,0,95,94,1,neutral
static_fixed_set,23,I29,SANTA ROSA,C036,RIO REFUGIO - SALAR SURIRE,0.22368469062682966,0.22368469062682966,0,96,95,1,neutral
static_fixed_set,23,I29,SANTA ROSA,C077,RICARDO VIAL,0.22334495183243977,0.22334495183243977,0,97,96,1,neutral
static_fixed_set,23,I29,SANTA ROSA,C045,PORTO ALEGRE,0.20697241612240472,0.20697241612240472,0,98,97,1,neutral
static_fixed_set,23,I29,SANTA ROSA,C018,LA PRIMAVERA,0.18728987295662208,0.18728987295662208,0,99,98,1,neutral
static_fixed_set,23,I29,SANTA ROSA,C016,JUANITA,0.18668545474190681,0.18668545474190681,0,100,99,1,neutral
static_fixed_set,23,I29,SANTA ROSA,C025,LOS DURAZNOS,0.17775269195119178,0.17775269195119178,0,101,100,1,neutral
static_fixed_set,23,I29,SANTA ROSA,C073,LOS MORROS,0.16537203853610075,0.16537203853610075,0,102,101,1,neutral
static_fixed_set,24,C060,ROJAS MAGALLANES,I25,SAN FRANCISCO,0.7741615984664834,0.775023142169865,0.0008615437033816509,1,1,0,complementarity_signal
static_fixed_set,24,C060,ROJAS MAGALLANES,I19,PAC-LO ESPEJO-SN BDO,0.738084470154072,0.7388564616186476,0.0007719914645756276,2,2,0,complementarity_signal
static_fixed_set,24,C060,ROJAS MAGALLANES,I10,GRAN AVENIDA,0.7301212240289798,0.7308932154935556,0.0007719914645757386,3,3,0,complementarity_signal
static_fixed_set,24,C060,ROJAS MAGALLANES,I13,LO ESPEJO-RIQUELME,0.7294998542120291,0.730271845676605,0.0007719914645758497,4,4,0,complementarity_signal
static_fixed_set,24,C060,ROJAS MAGALLANES,C067,CARDENAL RAUL SILVA HENRIQUEZ,0.7150194017245236,0.7157242290099948,0.0007048272854711657,5,5,0,complementarity_signal
static_fixed_set,24,C060,ROJAS MAGALLANES,I04,DEL FERROCARRIL,0.5783116614058992,0.5783116614058992,0,6,6,0,neutral
static_fixed_set,24,C060,ROJAS MAGALLANES,I27,SANTA CECILIA - NONATO COO,0.4292103596284774,0.4292103596284774,0,7,7,0,neutral
static_fixed_set,24,C060,ROJAS MAGALLANES,EP-I33,LA CHIMBA,0.4173792355219226,0.4173792355219226,0,8,8,0,neutral
static_fixed_set,24,C060,ROJAS MAGALLANES,I06,DIAGONAL ORIENTE,0.40959683409019565,0.40959683409019565,0,9,9,0,neutral
static_fixed_set,24,C060,ROJAS MAGALLANES,C044,LOS CERRILLOS,0.378165327485685,0.378165327485685,0,10,11,-1,neutral
static_fixed_set,24,C060,ROJAS MAGALLANES,C086,LA ESTRELLA,0.3777100534089224,0.3777100534089224,0,11,12,-1,neutral
static_fixed_set,24,C060,ROJAS MAGALLANES,I24,RADAL,0.37330818844956576,0.37330818844956576,0,12,13,-1,neutral
static_fixed_set,24,C060,ROJAS MAGALLANES,C035,PRODIVENCIA,0.3696295621944859,0.3696295621944859,0,13,14,-1,neutral
static_fixed_set,24,C060,ROJAS MAGALLANES,I17,MATUCANA,0.36212617405782893,0.36212617405782893,0,14,15,-1,neutral
static_fixed_set,24,C060,ROJAS MAGALLANES,C070,MENDOZA (EX-CORONEL ROBLES),0.36197090505283486,0.36197090505283486,0,15,16,-1,neutral
static_fixed_set,24,C060,ROJAS MAGALLANES,C089,J J PEREZ,0.36166695360112816,0.36166695360112816,0,16,17,-1,neutral
static_fixed_set,24,C060,ROJAS MAGALLANES,C014,JOSE DOMINGO CAÑAS,0.3453428032423394,0.3453428032423394,0,18,18,0,neutral
static_fixed_set,24,C060,ROJAS MAGALLANES,C054,VICTORIA,0.343201692962844,0.343201692962844,0,19,19,0,neutral
static_fixed_set,24,C060,ROJAS MAGALLANES,C063,LONGITUDINAL,0.34151193665271556,0.34151193665271556,0,20,20,0,neutral
static_fixed_set,24,C060,ROJAS MAGALLANES,C083,ORIENTAL-LAS PARCELAS,0.3397720274185761,0.3397720274185761,0,21,21,0,neutral
static_fixed_set,24,C060,ROJAS MAGALLANES,C056,TEMUCO - TORO MAZOTTE,0.33416587895751987,0.33416587895751987,0,22,22,0,neutral
static_fixed_set,24,C060,ROJAS MAGALLANES,C043,NEPTUNO,0.3340594995727627,0.3340594995727627,0,23,23,0,neutral
static_fixed_set,24,C060,ROJAS MAGALLANES,C011,EYZAGUIRRE,0.33178309048798693,0.33178309048798693,0,24,24,0,neutral
static_fixed_set,24,C060,ROJAS MAGALLANES,C072,COVADONGA,0.33024995361152437,0.33024995361152437,0,25,25,0,neutral
static_fixed_set,24,C060,ROJAS MAGALLANES,I32,EINSTEIN,0.329105232055101,0.329105232055101,0,26,26,0,neutral
static_fixed_set,24,C060,ROJAS MAGALLANES,C058,ANTONIO EBNER-BARROS ARANA,0.32857919697989507,0.32857919697989507,0,27,27,0,neutral
static_fixed_set,24,C060,ROJAS MAGALLANES,C062,CORONA SUECA,0.32620179491551055,0.32620179491551055,0,28,28,0,neutral
static_fixed_set,24,C060,ROJAS MAGALLANES,C053,CONDELL,0.3249756120094549,0.3249756120094549,0,29,29,0,neutral
static_fixed_set,24,C060,ROJAS MAGALLANES,C007,EDUARDO CASTILLO VELASCO,0.3209682481807713,0.3209682481807713,0,30,30,0,neutral
static_fixed_set,24,C060,ROJAS MAGALLANES,C024,LOS ARRAYANES - LOS COPIHUES,0.3164169532190636,0.3164169532190636,0,31,31,0,neutral
static_fixed_set,24,C060,ROJAS MAGALLANES,C001,SAN EUGENIO,0.31315225632030524,0.31315225632030524,0,32,32,0,neutral
static_fixed_set,24,C060,ROJAS MAGALLANES,C057,PADRE VICENTE IRARRAZABAL - MANUEL CHACON,0.3122943945662924,0.3122943945662924,0,33,33,0,neutral
static_fixed_set,24,C060,ROJAS MAGALLANES,C005,CORONEL ALEJANDRO SEPULVEDA,0.3106497256836105,0.3106497256836105,0,34,34,0,neutral
static_fixed_set,24,C060,ROJAS MAGALLANES,C033,OBSERVATORIO,0.3084648310861465,0.3084648310861465,0,35,35,0,neutral
static_fixed_set,24,C060,ROJAS MAGALLANES,C023,AVENIDA DORSAL,0.30783660934290547,0.30783660934290547,0,36,36,0,neutral
static_fixed_set,24,C060,ROJAS MAGALLANES,C088,ÑUBLE,0.30673769025283837,0.30673769025283837,0,37,37,0,neutral
static_fixed_set,24,C060,ROJAS MAGALLANES,C050,MAR DE DRAKE,0.3065394939121959,0.3065394939121959,0,38,38,0,neutral
static_fixed_set,24,C060,ROJAS MAGALLANES,I18,NUEVA IMPERIAL,0.30619965665611387,0.30619965665611387,0,39,39,0,neutral
static_fixed_set,24,C060,ROJAS MAGALLANES,C034,PEDRO LEON UGALDE,0.3059054946388892,0.3059054946388892,0,40,40,0,neutral
static_fixed_set,24,C060,ROJAS MAGALLANES,C028,MADRID,0.3057705925608732,0.3057705925608732,0,41,41,0,neutral
static_fixed_set,24,C060,ROJAS MAGALLANES,C010,ESQ BLANCA - ALBERTO LLONA,0.3056322773789716,0.3056322773789716,0,42,42,0,neutral
static_fixed_set,24,C060,ROJAS MAGALLANES,C020,LATINOAMERICA - PINTOR MURILLO - FRANCISCO TOLEDO,0.3053874986899725,0.3053874986899725,0,43,43,0,neutral
static_fixed_set,24,C060,ROJAS MAGALLANES,C061,EL PINAR,0.3052669359707163,0.3052669359707163,0,44,44,0,neutral
static_fixed_set,24,C060,ROJAS MAGALLANES,C019,LAS HIJUELAS SUR - LIBERTADOR BERNARDO OHIGGINS,0.304272161995383,0.304272161995383,0,45,45,0,neutral
static_fixed_set,24,C060,ROJAS MAGALLANES,C030,MAULE,0.3037182107187662,0.3037182107187662,0,46,46,0,neutral
static_fixed_set,24,C060,ROJAS MAGALLANES,C037,SAN ALFONSO,0.3032697592490899,0.3032697592490899,0,47,47,0,neutral
static_fixed_set,24,C060,ROJAS MAGALLANES,C076,ISLA DECEPCION,0.3016011001517117,0.3016011001517117,0,48,48,0,neutral
static_fixed_set,24,C060,ROJAS MAGALLANES,C042,PRINCIPE DE GALES,0.3015275299366899,0.3015275299366899,0,49,49,0,neutral
static_fixed_set,24,C060,ROJAS MAGALLANES,C084,EL PINO - UNO SUR,0.30087070256276405,0.30087070256276405,0,50,50,0,neutral
static_fixed_set,24,C060,ROJAS MAGALLANES,C032,OBISPO MANUEL UMAÑA,0.299000943058111,0.299000943058111,0,51,51,0,neutral
static_fixed_set,24,C060,ROJAS MAGALLANES,C015,JOSE MANUEL GUZMAN,0.2982069096734652,0.2982069096734652,0,52,52,0,neutral
static_fixed_set,24,C060,ROJAS MAGALLANES,C081,SAN GREGORIO - DIEGO MEZA,0.29723513011219044,0.29723513011219044,0,53,53,0,neutral
static_fixed_set,24,C060,ROJAS MAGALLANES,C039,TUPUNGATO,0.2972177850899593,0.2972177850899593,0,54,54,0,neutral
static_fixed_set,24,C060,ROJAS MAGALLANES,C074,URETA COX,0.2971612237949986,0.2971612237949986,0,55,55,0,neutral
static_fixed_set,24,C060,ROJAS MAGALLANES,C029,MARIA ELENA,0.29701722893877575,0.29701722893877575,0,56,56,0,neutral
static_fixed_set,24,C060,ROJAS MAGALLANES,C064,SILVA CARVALLO - SANTA ELENA,0.29671303455212084,0.29671303455212084,0,57,57,0,neutral
static_fixed_set,24,C060,ROJAS MAGALLANES,C038,TALCAHUANO - SANTA INES - LOS EDILES,0.29573880114313694,0.29573880114313694,0,58,58,0,neutral
static_fixed_set,24,C060,ROJAS MAGALLANES,C031,NECOCHEA,0.29460602459560964,0.29460602459560964,0,59,59,0,neutral
static_fixed_set,24,C060,ROJAS MAGALLANES,C065,NUEVA SAN MARTIN,0.29384044783423063,0.29384044783423063,0,60,60,0,neutral
static_fixed_set,24,C060,ROJAS MAGALLANES,C090,SANTO DOMINGO,0.29198941499230197,0.29198941499230197,0,61,61,0,neutral
static_fixed_set,24,C060,ROJAS MAGALLANES,C013,HEROES DE LA CONCEPCION,0.29161502323158384,0.29161502323158384,0,62,62,0,neutral
static_fixed_set,24,C060,ROJAS MAGALLANES,C004,CONSISTORIAL,0.29093172378697835,0.29093172378697835,0,63,63,0,neutral
static_fixed_set,24,C060,ROJAS MAGALLANES,C027,LOS PRESIDENTES,0.2903073892430075,0.2903073892430075,0,64,64,0,neutral
static_fixed_set,24,C060,ROJAS MAGALLANES,C049,FEDERICO ERRÁZURIZ (EX SERRANO),0.29005414100941707,0.29005414100941707,0,65,65,0,neutral
static_fixed_set,24,C060,ROJAS MAGALLANES,I28,SANTA RAQUEL,0.2874774442364143,0.4052511090847929,0.11777366484837859,66,10,56,complementarity_signal
static_fixed_set,24,C060,ROJAS MAGALLANES,I23,PETERSEN - VICUÑA MACKENNA,0.28720997267232284,0.28720997267232284,0,67,66,1,neutral
static_fixed_set,24,C060,ROJAS MAGALLANES,C003,CONCHA Y TORO,0.28716025987377225,0.28716025987377225,0,68,67,1,neutral
static_fixed_set,24,C060,ROJAS MAGALLANES,C022,LLANURA  - EL DESIERTO,0.2832694397879176,0.2832694397879176,0,69,68,1,neutral
static_fixed_set,24,C060,ROJAS MAGALLANES,C046,EUCALIPTOS,0.28018177357498764,0.28018177357498764,0,70,69,1,neutral
static_fixed_set,24,C060,ROJAS MAGALLANES,C026,LOS MAITENES,0.27922230697225114,0.27922230697225114,0,71,70,1,neutral
static_fixed_set,24,C060,ROJAS MAGALLANES,C012,GABRIELA ORIENTE,0.27575130207255044,0.27575130207255044,0,72,71,1,neutral
static_fixed_set,24,C060,ROJAS MAGALLANES,C052,BAQUEDANO - POSTALES ORIENTE,0.2725119994529144,0.2725119994529144,0,73,72,1,neutral
static_fixed_set,24,C060,ROJAS MAGALLANES,C021,LAUTARO,0.2652257843107347,0.2652257843107347,0,74,73,1,neutral
static_fixed_set,24,C060,ROJAS MAGALLANES,C047,VIOLETA PARRA,0.2648001936107111,0.2648001936107111,0,75,74,1,neutral
static_fixed_set,24,C060,ROJAS MAGALLANES,C079,LAS AMERICAS,0.2644498310084617,0.2644498310084617,0,76,75,1,neutral
static_fixed_set,24,C060,ROJAS MAGALLANES,C078,WALDO TAFF,0.2640982140605202,0.2640982140605202,0,77,76,1,neutral
static_fixed_set,24,C060,ROJAS MAGALLANES,I31,FERNANDEZ ALBANO,0.2626404601749897,0.2626404601749897,0,78,77,1,neutral
static_fixed_set,24,C060,ROJAS MAGALLANES,C40,VICUÑA MACKENNA - SAN MARTIN,0.2599804114545511,0.2599804114545511,0,79,78,1,neutral
static_fixed_set,24,C060,ROJAS MAGALLANES,C069,LOS OLMOS,0.2594151168255869,0.2594151168255869,0,80,79,1,neutral
static_fixed_set,24,C060,ROJAS MAGALLANES,C009,EL ROSAL - SANTA ELENA,0.258292338870139,0.258292338870139,0,81,80,1,neutral
static_fixed_set,24,C060,ROJAS MAGALLANES,C002,CAPITAN IGNACIO CARRERA PINTO,0.2546555618818747,0.2546555618818747,0,82,81,1,neutral
static_fixed_set,24,C060,ROJAS MAGALLANES,C048,GENERAL ARRIAGADA,0.2517348978903142,0.2517348978903142,0,83,82,1,neutral
static_fixed_set,24,C060,ROJAS MAGALLANES,I03,CARRASCAL,0.24854515940907576,0.24854515940907576,0,84,83,1,neutral
static_fixed_set,24,C060,ROJAS MAGALLANES,C071,BARROS ARANA,0.24263265222575167,0.24263265222575167,0,85,84,1,neutral
static_fixed_set,24,C060,ROJAS MAGALLANES,C082,CAUPOLICAN,0.24201028797730914,0.24201028797730914,0,86,85,1,neutral
static_fixed_set,24,C060,ROJAS MAGALLANES,C080,PARAGUAY,0.2404621201898296,0.2404621201898296,0,87,86,1,neutral
static_fixed_set,24,C060,ROJAS MAGALLANES,C085,LOS LIBERTADORES,0.240320348402623,0.240320348402623,0,88,87,1,neutral
static_fixed_set,24,C060,ROJAS MAGALLANES,C041,VISTA HERMOSA,0.23729046079619398,0.23729046079619398,0,89,88,1,neutral
static_fixed_set,24,C060,ROJAS MAGALLANES,C087,SALVADOR GUTIERREZ,0.23167583897026392,0.23167583897026392,0,90,89,1,neutral
static_fixed_set,24,C060,ROJAS MAGALLANES,C017,LA PARINACOTA,0.2279533954363316,0.2279533954363316,0,91,90,1,neutral
static_fixed_set,24,C060,ROJAS MAGALLANES,C051,JOSE MIGUEL INFANTE - DOMINGO STA MARIA,0.22770327755636682,0.22770327755636682,0,92,91,1,neutral
static_fixed_set,24,C060,ROJAS MAGALLANES,C008,EL CERRO,0.22664145134727998,0.22664145134727998,0,93,92,1,neutral
static_fixed_set,24,C060,ROJAS MAGALLANES,C055,ARTURO PRAT,0.22407331213030995,0.22407331213030995,0,94,93,1,neutral
static_fixed_set,24,C060,ROJAS MAGALLANES,C036,RIO REFUGIO - SALAR SURIRE,0.22368469062682966,0.22368469062682966,0,95,94,1,neutral
static_fixed_set,24,C060,ROJAS MAGALLANES,C077,RICARDO VIAL,0.22334495183243977,0.22334495183243977,0,96,95,1,neutral
static_fixed_set,24,C060,ROJAS MAGALLANES,C045,PORTO ALEGRE,0.20697241612240472,0.20697241612240472,0,97,96,1,neutral
static_fixed_set,24,C060,ROJAS MAGALLANES,C018,LA PRIMAVERA,0.18728987295662208,0.18728987295662208,0,98,97,1,neutral
static_fixed_set,24,C060,ROJAS MAGALLANES,C016,JUANITA,0.18668545474190681,0.18668545474190681,0,99,98,1,neutral
static_fixed_set,24,C060,ROJAS MAGALLANES,C025,LOS DURAZNOS,0.17775269195119178,0.17775269195119178,0,100,99,1,neutral
static_fixed_set,24,C060,ROJAS MAGALLANES,C073,LOS MORROS,0.16537203853610075,0.16537203853610075,0,101,100,1,neutral
static_fixed_set,25,C057,PADRE VICENTE IRARRAZABAL - MANUEL CHACON,I25,SAN FRANCISCO,0.775023142169865,0.775023142169865,0,1,1,0,neutral
static_fixed_set,25,C057,PADRE VICENTE IRARRAZABAL - MANUEL CHACON,I19,PAC-LO ESPEJO-SN BDO,0.7388564616186476,0.7388564616186476,0,2,2,0,neutral
static_fixed_set,25,C057,PADRE VICENTE IRARRAZABAL - MANUEL CHACON,I10,GRAN AVENIDA,0.7308932154935556,0.7252962005681824,-0.005597014925373123,3,4,-1,substitution_signal
static_fixed_set,25,C057,PADRE VICENTE IRARRAZABAL - MANUEL CHACON,I13,LO ESPEJO-RIQUELME,0.730271845676605,0.730271845676605,0,4,3,1,neutral
static_fixed_set,25,C057,PADRE VICENTE IRARRAZABAL - MANUEL CHACON,C067,CARDENAL RAUL SILVA HENRIQUEZ,0.7157242290099948,0.7157242290099948,0,5,5,0,neutral
static_fixed_set,25,C057,PADRE VICENTE IRARRAZABAL - MANUEL CHACON,I04,DEL FERROCARRIL,0.5783116614058992,0.5788574564381564,0.000545795032257268,6,6,0,complementarity_signal
static_fixed_set,25,C057,PADRE VICENTE IRARRAZABAL - MANUEL CHACON,I27,SANTA CECILIA - NONATO COO,0.4292103596284774,0.4292103596284774,0,7,7,0,neutral
static_fixed_set,25,C057,PADRE VICENTE IRARRAZABAL - MANUEL CHACON,EP-I33,LA CHIMBA,0.4173792355219226,0.4173792355219226,0,8,8,0,neutral
static_fixed_set,25,C057,PADRE VICENTE IRARRAZABAL - MANUEL CHACON,I06,DIAGONAL ORIENTE,0.40959683409019565,0.40959683409019565,0,9,9,0,neutral
static_fixed_set,25,C057,PADRE VICENTE IRARRAZABAL - MANUEL CHACON,I28,SANTA RAQUEL,0.4052511090847929,0.39965409415941977,-0.005597014925373123,10,10,0,substitution_signal
static_fixed_set,25,C057,PADRE VICENTE IRARRAZABAL - MANUEL CHACON,C044,LOS CERRILLOS,0.378165327485685,0.378165327485685,0,11,11,0,neutral
static_fixed_set,25,C057,PADRE VICENTE IRARRAZABAL - MANUEL CHACON,C086,LA ESTRELLA,0.3777100534089224,0.3777100534089224,0,12,12,0,neutral
static_fixed_set,25,C057,PADRE VICENTE IRARRAZABAL - MANUEL CHACON,I24,RADAL,0.37330818844956576,0.37330818844956576,0,13,13,0,neutral
static_fixed_set,25,C057,PADRE VICENTE IRARRAZABAL - MANUEL CHACON,C035,PRODIVENCIA,0.3696295621944859,0.3696295621944859,0,14,14,0,neutral
static_fixed_set,25,C057,PADRE VICENTE IRARRAZABAL - MANUEL CHACON,I17,MATUCANA,0.36212617405782893,0.36212617405782893,0,15,15,0,neutral
static_fixed_set,25,C057,PADRE VICENTE IRARRAZABAL - MANUEL CHACON,C070,MENDOZA (EX-CORONEL ROBLES),0.36197090505283486,0.36197090505283486,0,16,16,0,neutral
static_fixed_set,25,C057,PADRE VICENTE IRARRAZABAL - MANUEL CHACON,C089,J J PEREZ,0.36166695360112816,0.36166695360112816,0,17,17,0,neutral
static_fixed_set,25,C057,PADRE VICENTE IRARRAZABAL - MANUEL CHACON,C014,JOSE DOMINGO CAÑAS,0.3453428032423394,0.3453428032423394,0,18,18,0,neutral
static_fixed_set,25,C057,PADRE VICENTE IRARRAZABAL - MANUEL CHACON,C054,VICTORIA,0.343201692962844,0.343201692962844,0,19,19,0,neutral
static_fixed_set,25,C057,PADRE VICENTE IRARRAZABAL - MANUEL CHACON,C063,LONGITUDINAL,0.34151193665271556,0.34151193665271556,0,20,20,0,neutral
static_fixed_set,25,C057,PADRE VICENTE IRARRAZABAL - MANUEL CHACON,C083,ORIENTAL-LAS PARCELAS,0.3397720274185761,0.3397720274185761,0,21,21,0,neutral
static_fixed_set,25,C057,PADRE VICENTE IRARRAZABAL - MANUEL CHACON,C056,TEMUCO - TORO MAZOTTE,0.33416587895751987,0.3267545819222264,-0.007411297035293474,22,27,-5,substitution_signal
static_fixed_set,25,C057,PADRE VICENTE IRARRAZABAL - MANUEL CHACON,C043,NEPTUNO,0.3340594995727627,0.3340594995727627,0,23,22,1,neutral
static_fixed_set,25,C057,PADRE VICENTE IRARRAZABAL - MANUEL CHACON,C011,EYZAGUIRRE,0.33178309048798693,0.33178309048798693,0,24,23,1,neutral
static_fixed_set,25,C057,PADRE VICENTE IRARRAZABAL - MANUEL CHACON,C072,COVADONGA,0.33024995361152437,0.33024995361152437,0,25,24,1,neutral
static_fixed_set,25,C057,PADRE VICENTE IRARRAZABAL - MANUEL CHACON,I32,EINSTEIN,0.329105232055101,0.329105232055101,0,26,25,1,neutral
static_fixed_set,25,C057,PADRE VICENTE IRARRAZABAL - MANUEL CHACON,C058,ANTONIO EBNER-BARROS ARANA,0.32857919697989507,0.32857919697989507,0,27,26,1,neutral
static_fixed_set,25,C057,PADRE VICENTE IRARRAZABAL - MANUEL CHACON,C062,CORONA SUECA,0.32620179491551055,0.32620179491551055,0,28,28,0,neutral
static_fixed_set,25,C057,PADRE VICENTE IRARRAZABAL - MANUEL CHACON,C053,CONDELL,0.3249756120094549,0.3249756120094549,0,29,29,0,neutral
static_fixed_set,25,C057,PADRE VICENTE IRARRAZABAL - MANUEL CHACON,C007,EDUARDO CASTILLO VELASCO,0.3209682481807713,0.3209682481807713,0,30,30,0,neutral
static_fixed_set,25,C057,PADRE VICENTE IRARRAZABAL - MANUEL CHACON,C024,LOS ARRAYANES - LOS COPIHUES,0.3164169532190636,0.3164169532190636,0,31,31,0,neutral
static_fixed_set,25,C057,PADRE VICENTE IRARRAZABAL - MANUEL CHACON,C001,SAN EUGENIO,0.31315225632030524,0.31315225632030524,0,32,32,0,neutral
static_fixed_set,25,C057,PADRE VICENTE IRARRAZABAL - MANUEL CHACON,C005,CORONEL ALEJANDRO SEPULVEDA,0.3106497256836105,0.3106497256836105,0,34,33,1,neutral
static_fixed_set,25,C057,PADRE VICENTE IRARRAZABAL - MANUEL CHACON,C033,OBSERVATORIO,0.3084648310861465,0.3084648310861465,0,35,34,1,neutral
static_fixed_set,25,C057,PADRE VICENTE IRARRAZABAL - MANUEL CHACON,C023,AVENIDA DORSAL,0.30783660934290547,0.30783660934290547,0,36,35,1,neutral
static_fixed_set,25,C057,PADRE VICENTE IRARRAZABAL - MANUEL CHACON,C088,ÑUBLE,0.30673769025283837,0.30673769025283837,0,37,36,1,neutral
static_fixed_set,25,C057,PADRE VICENTE IRARRAZABAL - MANUEL CHACON,C050,MAR DE DRAKE,0.3065394939121959,0.3065394939121959,0,38,37,1,neutral
static_fixed_set,25,C057,PADRE VICENTE IRARRAZABAL - MANUEL CHACON,I18,NUEVA IMPERIAL,0.30619965665611387,0.30619965665611387,0,39,38,1,neutral
static_fixed_set,25,C057,PADRE VICENTE IRARRAZABAL - MANUEL CHACON,C034,PEDRO LEON UGALDE,0.3059054946388892,0.3059054946388892,0,40,39,1,neutral
static_fixed_set,25,C057,PADRE VICENTE IRARRAZABAL - MANUEL CHACON,C028,MADRID,0.3057705925608732,0.3057705925608732,0,41,40,1,neutral
static_fixed_set,25,C057,PADRE VICENTE IRARRAZABAL - MANUEL CHACON,C010,ESQ BLANCA - ALBERTO LLONA,0.3056322773789716,0.3056322773789716,0,42,41,1,neutral
static_fixed_set,25,C057,PADRE VICENTE IRARRAZABAL - MANUEL CHACON,C020,LATINOAMERICA - PINTOR MURILLO - FRANCISCO TOLEDO,0.3053874986899725,0.3053874986899725,0,43,42,1,neutral
static_fixed_set,25,C057,PADRE VICENTE IRARRAZABAL - MANUEL CHACON,C061,EL PINAR,0.3052669359707163,0.3052669359707163,0,44,43,1,neutral
static_fixed_set,25,C057,PADRE VICENTE IRARRAZABAL - MANUEL CHACON,C019,LAS HIJUELAS SUR - LIBERTADOR BERNARDO OHIGGINS,0.304272161995383,0.304272161995383,0,45,44,1,neutral
static_fixed_set,25,C057,PADRE VICENTE IRARRAZABAL - MANUEL CHACON,C030,MAULE,0.3037182107187662,0.3037182107187662,0,46,45,1,neutral
static_fixed_set,25,C057,PADRE VICENTE IRARRAZABAL - MANUEL CHACON,C037,SAN ALFONSO,0.3032697592490899,0.3032697592490899,0,47,46,1,neutral
static_fixed_set,25,C057,PADRE VICENTE IRARRAZABAL - MANUEL CHACON,C076,ISLA DECEPCION,0.3016011001517117,0.3016011001517117,0,48,47,1,neutral
static_fixed_set,25,C057,PADRE VICENTE IRARRAZABAL - MANUEL CHACON,C042,PRINCIPE DE GALES,0.3015275299366899,0.3015275299366899,0,49,48,1,neutral
static_fixed_set,25,C057,PADRE VICENTE IRARRAZABAL - MANUEL CHACON,C084,EL PINO - UNO SUR,0.30087070256276405,0.30087070256276405,0,50,49,1,neutral
static_fixed_set,25,C057,PADRE VICENTE IRARRAZABAL - MANUEL CHACON,C032,OBISPO MANUEL UMAÑA,0.299000943058111,0.28294411321071705,-0.016056829847393927,51,67,-16,substitution_signal
static_fixed_set,25,C057,PADRE VICENTE IRARRAZABAL - MANUEL CHACON,C015,JOSE MANUEL GUZMAN,0.2982069096734652,0.2982069096734652,0,52,50,2,neutral
static_fixed_set,25,C057,PADRE VICENTE IRARRAZABAL - MANUEL CHACON,C081,SAN GREGORIO - DIEGO MEZA,0.29723513011219044,0.29723513011219044,0,53,51,2,neutral
static_fixed_set,25,C057,PADRE VICENTE IRARRAZABAL - MANUEL CHACON,C039,TUPUNGATO,0.2972177850899593,0.2972177850899593,0,54,52,2,neutral
static_fixed_set,25,C057,PADRE VICENTE IRARRAZABAL - MANUEL CHACON,C074,URETA COX,0.2971612237949986,0.2971612237949986,0,55,53,2,neutral
static_fixed_set,25,C057,PADRE VICENTE IRARRAZABAL - MANUEL CHACON,C029,MARIA ELENA,0.29701722893877575,0.29701722893877575,0,56,54,2,neutral
static_fixed_set,25,C057,PADRE VICENTE IRARRAZABAL - MANUEL CHACON,C064,SILVA CARVALLO - SANTA ELENA,0.29671303455212084,0.29671303455212084,0,57,55,2,neutral
static_fixed_set,25,C057,PADRE VICENTE IRARRAZABAL - MANUEL CHACON,C038,TALCAHUANO - SANTA INES - LOS EDILES,0.29573880114313694,0.29573880114313694,0,58,56,2,neutral
static_fixed_set,25,C057,PADRE VICENTE IRARRAZABAL - MANUEL CHACON,C031,NECOCHEA,0.29460602459560964,0.29460602459560964,0,59,57,2,neutral
static_fixed_set,25,C057,PADRE VICENTE IRARRAZABAL - MANUEL CHACON,C065,NUEVA SAN MARTIN,0.29384044783423063,0.29384044783423063,0,60,58,2,neutral
static_fixed_set,25,C057,PADRE VICENTE IRARRAZABAL - MANUEL CHACON,C090,SANTO DOMINGO,0.29198941499230197,0.29198941499230197,0,61,59,2,neutral
static_fixed_set,25,C057,PADRE VICENTE IRARRAZABAL - MANUEL CHACON,C013,HEROES DE LA CONCEPCION,0.29161502323158384,0.29161502323158384,0,62,60,2,neutral
static_fixed_set,25,C057,PADRE VICENTE IRARRAZABAL - MANUEL CHACON,C004,CONSISTORIAL,0.29093172378697835,0.29093172378697835,0,63,61,2,neutral
static_fixed_set,25,C057,PADRE VICENTE IRARRAZABAL - MANUEL CHACON,C027,LOS PRESIDENTES,0.2903073892430075,0.2903073892430075,0,64,62,2,neutral
static_fixed_set,25,C057,PADRE VICENTE IRARRAZABAL - MANUEL CHACON,C049,FEDERICO ERRÁZURIZ (EX SERRANO),0.29005414100941707,0.29005414100941707,0,65,63,2,neutral
static_fixed_set,25,C057,PADRE VICENTE IRARRAZABAL - MANUEL CHACON,I23,PETERSEN - VICUÑA MACKENNA,0.28720997267232284,0.28720997267232284,0,66,64,2,neutral
static_fixed_set,25,C057,PADRE VICENTE IRARRAZABAL - MANUEL CHACON,C003,CONCHA Y TORO,0.28716025987377225,0.28716025987377225,0,67,65,2,neutral
static_fixed_set,25,C057,PADRE VICENTE IRARRAZABAL - MANUEL CHACON,C022,LLANURA  - EL DESIERTO,0.2832694397879176,0.2832694397879176,0,68,66,2,neutral
static_fixed_set,25,C057,PADRE VICENTE IRARRAZABAL - MANUEL CHACON,C046,EUCALIPTOS,0.28018177357498764,0.28018177357498764,0,69,68,1,neutral
static_fixed_set,25,C057,PADRE VICENTE IRARRAZABAL - MANUEL CHACON,C026,LOS MAITENES,0.27922230697225114,0.27922230697225114,0,70,69,1,neutral
static_fixed_set,25,C057,PADRE VICENTE IRARRAZABAL - MANUEL CHACON,C012,GABRIELA ORIENTE,0.27575130207255044,0.27575130207255044,0,71,70,1,neutral
static_fixed_set,25,C057,PADRE VICENTE IRARRAZABAL - MANUEL CHACON,C052,BAQUEDANO - POSTALES ORIENTE,0.2725119994529144,0.2725119994529144,0,72,71,1,neutral
static_fixed_set,25,C057,PADRE VICENTE IRARRAZABAL - MANUEL CHACON,C021,LAUTARO,0.2652257843107347,0.2652257843107347,0,73,72,1,neutral
static_fixed_set,25,C057,PADRE VICENTE IRARRAZABAL - MANUEL CHACON,C047,VIOLETA PARRA,0.2648001936107111,0.2648001936107111,0,74,73,1,neutral
static_fixed_set,25,C057,PADRE VICENTE IRARRAZABAL - MANUEL CHACON,C079,LAS AMERICAS,0.2644498310084617,0.2644498310084617,0,75,74,1,neutral
static_fixed_set,25,C057,PADRE VICENTE IRARRAZABAL - MANUEL CHACON,C078,WALDO TAFF,0.2640982140605202,0.2640982140605202,0,76,75,1,neutral
static_fixed_set,25,C057,PADRE VICENTE IRARRAZABAL - MANUEL CHACON,I31,FERNANDEZ ALBANO,0.2626404601749897,0.2626404601749897,0,77,76,1,neutral
static_fixed_set,25,C057,PADRE VICENTE IRARRAZABAL - MANUEL CHACON,C40,VICUÑA MACKENNA - SAN MARTIN,0.2599804114545511,0.2599804114545511,0,78,77,1,neutral
static_fixed_set,25,C057,PADRE VICENTE IRARRAZABAL - MANUEL CHACON,C069,LOS OLMOS,0.2594151168255869,0.2594151168255869,0,79,78,1,neutral
static_fixed_set,25,C057,PADRE VICENTE IRARRAZABAL - MANUEL CHACON,C009,EL ROSAL - SANTA ELENA,0.258292338870139,0.258292338870139,0,80,79,1,neutral
static_fixed_set,25,C057,PADRE VICENTE IRARRAZABAL - MANUEL CHACON,C002,CAPITAN IGNACIO CARRERA PINTO,0.2546555618818747,0.2546555618818747,0,81,80,1,neutral
static_fixed_set,25,C057,PADRE VICENTE IRARRAZABAL - MANUEL CHACON,C048,GENERAL ARRIAGADA,0.2517348978903142,0.2517348978903142,0,82,81,1,neutral
static_fixed_set,25,C057,PADRE VICENTE IRARRAZABAL - MANUEL CHACON,I03,CARRASCAL,0.24854515940907576,0.24854515940907576,0,83,82,1,neutral
static_fixed_set,25,C057,PADRE VICENTE IRARRAZABAL - MANUEL CHACON,C071,BARROS ARANA,0.24263265222575167,0.24263265222575167,0,84,83,1,neutral
static_fixed_set,25,C057,PADRE VICENTE IRARRAZABAL - MANUEL CHACON,C082,CAUPOLICAN,0.24201028797730914,0.24201028797730914,0,85,84,1,neutral
static_fixed_set,25,C057,PADRE VICENTE IRARRAZABAL - MANUEL CHACON,C080,PARAGUAY,0.2404621201898296,0.2404621201898296,0,86,85,1,neutral
static_fixed_set,25,C057,PADRE VICENTE IRARRAZABAL - MANUEL CHACON,C085,LOS LIBERTADORES,0.240320348402623,0.240320348402623,0,87,86,1,neutral
static_fixed_set,25,C057,PADRE VICENTE IRARRAZABAL - MANUEL CHACON,C041,VISTA HERMOSA,0.23729046079619398,0.23729046079619398,0,88,87,1,neutral
static_fixed_set,25,C057,PADRE VICENTE IRARRAZABAL - MANUEL CHACON,C087,SALVADOR GUTIERREZ,0.23167583897026392,0.23167583897026392,0,89,88,1,neutral
static_fixed_set,25,C057,PADRE VICENTE IRARRAZABAL - MANUEL CHACON,C017,LA PARINACOTA,0.2279533954363316,0.2279533954363316,0,90,89,1,neutral
static_fixed_set,25,C057,PADRE VICENTE IRARRAZABAL - MANUEL CHACON,C051,JOSE MIGUEL INFANTE - DOMINGO STA MARIA,0.22770327755636682,0.22770327755636682,0,91,90,1,neutral
static_fixed_set,25,C057,PADRE VICENTE IRARRAZABAL - MANUEL CHACON,C008,EL CERRO,0.22664145134727998,0.22664145134727998,0,92,91,1,neutral
static_fixed_set,25,C057,PADRE VICENTE IRARRAZABAL - MANUEL CHACON,C055,ARTURO PRAT,0.22407331213030995,0.22407331213030995,0,93,92,1,neutral
static_fixed_set,25,C057,PADRE VICENTE IRARRAZABAL - MANUEL CHACON,C036,RIO REFUGIO - SALAR SURIRE,0.22368469062682966,0.22368469062682966,0,94,93,1,neutral
static_fixed_set,25,C057,PADRE VICENTE IRARRAZABAL - MANUEL CHACON,C077,RICARDO VIAL,0.22334495183243977,0.22334495183243977,0,95,94,1,neutral
static_fixed_set,25,C057,PADRE VICENTE IRARRAZABAL - MANUEL CHACON,C045,PORTO ALEGRE,0.20697241612240472,0.20697241612240472,0,96,95,1,neutral
static_fixed_set,25,C057,PADRE VICENTE IRARRAZABAL - MANUEL CHACON,C018,LA PRIMAVERA,0.18728987295662208,0.18728987295662208,0,97,96,1,neutral
static_fixed_set,25,C057,PADRE VICENTE IRARRAZABAL - MANUEL CHACON,C016,JUANITA,0.18668545474190681,0.18668545474190681,0,98,97,1,neutral
static_fixed_set,25,C057,PADRE VICENTE IRARRAZABAL - MANUEL CHACON,C025,LOS DURAZNOS,0.17775269195119178,0.17775269195119178,0,99,98,1,neutral
static_fixed_set,25,C057,PADRE VICENTE IRARRAZABAL - MANUEL CHACON,C073,LOS MORROS,0.16537203853610075,0.16537203853610075,0,100,99,1,neutral
static_fixed_set,26,I24,RADAL,I25,SAN FRANCISCO,0.775023142169865,0.775023142169865,0,1,1,0,neutral
static_fixed_set,26,I24,RADAL,I19,PAC-LO ESPEJO-SN BDO,0.7388564616186476,0.7332594466932745,-0.005597014925373123,2,2,0,substitution_signal
static_fixed_set,26,I24,RADAL,I13,LO ESPEJO-RIQUELME,0.730271845676605,0.7246748307512318,-0.005597014925373123,3,4,-1,substitution_signal
static_fixed_set,26,I24,RADAL,I10,GRAN AVENIDA,0.7252962005681824,0.7252962005681824,0,4,3,1,neutral
static_fixed_set,26,I24,RADAL,C067,CARDENAL RAUL SILVA HENRIQUEZ,0.7157242290099948,0.7101272140846216,-0.005597014925373123,5,5,0,substitution_signal
static_fixed_set,26,I24,RADAL,I04,DEL FERROCARRIL,0.5788574564381564,0.5788574564381564,0,6,6,0,neutral
static_fixed_set,26,I24,RADAL,I27,SANTA CECILIA - NONATO COO,0.4292103596284774,0.4292103596284774,0,7,7,0,neutral
static_fixed_set,26,I24,RADAL,EP-I33,LA CHIMBA,0.4173792355219226,0.4173792355219226,0,8,8,0,neutral
static_fixed_set,26,I24,RADAL,I06,DIAGONAL ORIENTE,0.40959683409019565,0.40959683409019565,0,9,10,-1,neutral
static_fixed_set,26,I24,RADAL,I28,SANTA RAQUEL,0.39965409415941977,0.39965409415941977,0,10,11,-1,neutral
static_fixed_set,26,I24,RADAL,C044,LOS CERRILLOS,0.378165327485685,0.378165327485685,0,11,12,-1,neutral
static_fixed_set,26,I24,RADAL,C086,LA ESTRELLA,0.3777100534089224,0.3692127237892345,-0.00849732961968791,12,14,-2,substitution_signal
static_fixed_set,26,I24,RADAL,C035,PRODIVENCIA,0.3696295621944859,0.3696295621944859,0,14,13,1,neutral
static_fixed_set,26,I24,RADAL,I17,MATUCANA,0.36212617405782893,0.36212617405782893,0,15,15,0,neutral
static_fixed_set,26,I24,RADAL,C070,MENDOZA (EX-CORONEL ROBLES),0.36197090505283486,0.287379184127985,-0.07459172092484984,16,63,-47,substitution_signal
static_fixed_set,26,I24,RADAL,C089,J J PEREZ,0.36166695360112816,0.36166695360112816,0,17,16,1,neutral
static_fixed_set,26,I24,RADAL,C014,JOSE DOMINGO CAÑAS,0.3453428032423394,0.3453428032423394,0,18,17,1,neutral
static_fixed_set,26,I24,RADAL,C054,VICTORIA,0.343201692962844,0.343201692962844,0,19,18,1,neutral
static_fixed_set,26,I24,RADAL,C063,LONGITUDINAL,0.34151193665271556,0.34151193665271556,0,20,19,1,neutral
static_fixed_set,26,I24,RADAL,C083,ORIENTAL-LAS PARCELAS,0.3397720274185761,0.3397720274185761,0,21,20,1,neutral
static_fixed_set,26,I24,RADAL,C043,NEPTUNO,0.3340594995727627,0.3340594995727627,0,22,21,1,neutral
static_fixed_set,26,I24,RADAL,C011,EYZAGUIRRE,0.33178309048798693,0.33178309048798693,0,23,22,1,neutral
static_fixed_set,26,I24,RADAL,C072,COVADONGA,0.33024995361152437,0.33024995361152437,0,24,23,1,neutral
static_fixed_set,26,I24,RADAL,I32,EINSTEIN,0.329105232055101,0.329105232055101,0,25,25,0,neutral
static_fixed_set,26,I24,RADAL,C058,ANTONIO EBNER-BARROS ARANA,0.32857919697989507,0.32935024946653935,0.0007710524866442747,26,24,2,complementarity_signal
static_fixed_set,26,I24,RADAL,C056,TEMUCO - TORO MAZOTTE,0.3267545819222264,0.3267545819222264,0,27,26,1,neutral
static_fixed_set,26,I24,RADAL,C062,CORONA SUECA,0.32620179491551055,0.32620179491551055,0,28,27,1,neutral
static_fixed_set,26,I24,RADAL,C053,CONDELL,0.3249756120094549,0.3249756120094549,0,29,28,1,neutral
static_fixed_set,26,I24,RADAL,C007,EDUARDO CASTILLO VELASCO,0.3209682481807713,0.3209682481807713,0,30,29,1,neutral
static_fixed_set,26,I24,RADAL,C024,LOS ARRAYANES - LOS COPIHUES,0.3164169532190636,0.3164169532190636,0,31,30,1,neutral
static_fixed_set,26,I24,RADAL,C001,SAN EUGENIO,0.31315225632030524,0.31315225632030524,0,32,31,1,neutral
static_fixed_set,26,I24,RADAL,C005,CORONEL ALEJANDRO SEPULVEDA,0.3106497256836105,0.3106497256836105,0,33,32,1,neutral
static_fixed_set,26,I24,RADAL,C033,OBSERVATORIO,0.3084648310861465,0.3084648310861465,0,34,33,1,neutral
static_fixed_set,26,I24,RADAL,C023,AVENIDA DORSAL,0.30783660934290547,0.30783660934290547,0,35,34,1,neutral
static_fixed_set,26,I24,RADAL,C088,ÑUBLE,0.30673769025283837,0.30673769025283837,0,36,36,0,neutral
static_fixed_set,26,I24,RADAL,C050,MAR DE DRAKE,0.3065394939121959,0.3065394939121959,0,37,37,0,neutral
static_fixed_set,26,I24,RADAL,I18,NUEVA IMPERIAL,0.30619965665611387,0.30697070914275815,0.0007710524866442747,38,35,3,complementarity_signal
static_fixed_set,26,I24,RADAL,C034,PEDRO LEON UGALDE,0.3059054946388892,0.3059054946388892,0,39,38,1,neutral
static_fixed_set,26,I24,RADAL,C028,MADRID,0.3057705925608732,0.3057705925608732,0,40,39,1,neutral
static_fixed_set,26,I24,RADAL,C010,ESQ BLANCA - ALBERTO LLONA,0.3056322773789716,0.3056322773789716,0,41,40,1,neutral
static_fixed_set,26,I24,RADAL,C020,LATINOAMERICA - PINTOR MURILLO - FRANCISCO TOLEDO,0.3053874986899725,0.3053874986899725,0,42,41,1,neutral
static_fixed_set,26,I24,RADAL,C061,EL PINAR,0.3052669359707163,0.3052669359707163,0,43,42,1,neutral
static_fixed_set,26,I24,RADAL,C019,LAS HIJUELAS SUR - LIBERTADOR BERNARDO OHIGGINS,0.304272161995383,0.304272161995383,0,44,43,1,neutral
static_fixed_set,26,I24,RADAL,C030,MAULE,0.3037182107187662,0.3037182107187662,0,45,44,1,neutral
static_fixed_set,26,I24,RADAL,C037,SAN ALFONSO,0.3032697592490899,0.3032697592490899,0,46,45,1,neutral
static_fixed_set,26,I24,RADAL,C076,ISLA DECEPCION,0.3016011001517117,0.3016011001517117,0,47,46,1,neutral
static_fixed_set,26,I24,RADAL,C042,PRINCIPE DE GALES,0.3015275299366899,0.3015275299366899,0,48,47,1,neutral
static_fixed_set,26,I24,RADAL,C084,EL PINO - UNO SUR,0.30087070256276405,0.30087070256276405,0,49,48,1,neutral
static_fixed_set,26,I24,RADAL,C015,JOSE MANUEL GUZMAN,0.2982069096734652,0.2982069096734652,0,50,49,1,neutral
static_fixed_set,26,I24,RADAL,C081,SAN GREGORIO - DIEGO MEZA,0.29723513011219044,0.29723513011219044,0,51,50,1,neutral
static_fixed_set,26,I24,RADAL,C039,TUPUNGATO,0.2972177850899593,0.2972177850899593,0,52,51,1,neutral
static_fixed_set,26,I24,RADAL,C074,URETA COX,0.2971612237949986,0.2971612237949986,0,53,52,1,neutral
static_fixed_set,26,I24,RADAL,C029,MARIA ELENA,0.29701722893877575,0.29701722893877575,0,54,53,1,neutral
static_fixed_set,26,I24,RADAL,C064,SILVA CARVALLO - SANTA ELENA,0.29671303455212084,0.29671303455212084,0,55,54,1,neutral
static_fixed_set,26,I24,RADAL,C038,TALCAHUANO - SANTA INES - LOS EDILES,0.29573880114313694,0.29573880114313694,0,56,55,1,neutral
static_fixed_set,26,I24,RADAL,C031,NECOCHEA,0.29460602459560964,0.29460602459560964,0,57,56,1,neutral
static_fixed_set,26,I24,RADAL,C065,NUEVA SAN MARTIN,0.29384044783423063,0.29384044783423063,0,58,57,1,neutral
static_fixed_set,26,I24,RADAL,C090,SANTO DOMINGO,0.29198941499230197,0.29198941499230197,0,59,58,1,neutral
static_fixed_set,26,I24,RADAL,C013,HEROES DE LA CONCEPCION,0.29161502323158384,0.29161502323158384,0,60,59,1,neutral
static_fixed_set,26,I24,RADAL,C004,CONSISTORIAL,0.29093172378697835,0.29093172378697835,0,61,60,1,neutral
static_fixed_set,26,I24,RADAL,C027,LOS PRESIDENTES,0.2903073892430075,0.2903073892430075,0,62,61,1,neutral
static_fixed_set,26,I24,RADAL,C049,FEDERICO ERRÁZURIZ (EX SERRANO),0.29005414100941707,0.29005414100941707,0,63,62,1,neutral
static_fixed_set,26,I24,RADAL,I23,PETERSEN - VICUÑA MACKENNA,0.28720997267232284,0.28720997267232284,0,64,64,0,neutral
static_fixed_set,26,I24,RADAL,C003,CONCHA Y TORO,0.28716025987377225,0.28716025987377225,0,65,65,0,neutral
static_fixed_set,26,I24,RADAL,C022,LLANURA  - EL DESIERTO,0.2832694397879176,0.2832694397879176,0,66,66,0,neutral
static_fixed_set,26,I24,RADAL,C032,OBISPO MANUEL UMAÑA,0.28294411321071705,0.28294411321071705,0,67,67,0,neutral
static_fixed_set,26,I24,RADAL,C046,EUCALIPTOS,0.28018177357498764,0.28018177357498764,0,68,68,0,neutral
static_fixed_set,26,I24,RADAL,C026,LOS MAITENES,0.27922230697225114,0.27922230697225114,0,69,69,0,neutral
static_fixed_set,26,I24,RADAL,C012,GABRIELA ORIENTE,0.27575130207255044,0.27575130207255044,0,70,70,0,neutral
static_fixed_set,26,I24,RADAL,C052,BAQUEDANO - POSTALES ORIENTE,0.2725119994529144,0.2725119994529144,0,71,71,0,neutral
static_fixed_set,26,I24,RADAL,C021,LAUTARO,0.2652257843107347,0.2652257843107347,0,72,72,0,neutral
static_fixed_set,26,I24,RADAL,C047,VIOLETA PARRA,0.2648001936107111,0.2648001936107111,0,73,73,0,neutral
static_fixed_set,26,I24,RADAL,C079,LAS AMERICAS,0.2644498310084617,0.2644498310084617,0,74,74,0,neutral
static_fixed_set,26,I24,RADAL,C078,WALDO TAFF,0.2640982140605202,0.2640982140605202,0,75,75,0,neutral
static_fixed_set,26,I24,RADAL,I31,FERNANDEZ ALBANO,0.2626404601749897,0.2626404601749897,0,76,76,0,neutral
static_fixed_set,26,I24,RADAL,C40,VICUÑA MACKENNA - SAN MARTIN,0.2599804114545511,0.2599804114545511,0,77,77,0,neutral
static_fixed_set,26,I24,RADAL,C069,LOS OLMOS,0.2594151168255869,0.2594151168255869,0,78,78,0,neutral
static_fixed_set,26,I24,RADAL,C009,EL ROSAL - SANTA ELENA,0.258292338870139,0.258292338870139,0,79,79,0,neutral
static_fixed_set,26,I24,RADAL,C002,CAPITAN IGNACIO CARRERA PINTO,0.2546555618818747,0.2546555618818747,0,80,80,0,neutral
static_fixed_set,26,I24,RADAL,C048,GENERAL ARRIAGADA,0.2517348978903142,0.2517348978903142,0,81,81,0,neutral
static_fixed_set,26,I24,RADAL,I03,CARRASCAL,0.24854515940907576,0.41527425293216486,0.1667290935230891,82,9,73,complementarity_signal
static_fixed_set,26,I24,RADAL,C071,BARROS ARANA,0.24263265222575167,0.24263265222575167,0,83,82,1,neutral
static_fixed_set,26,I24,RADAL,C082,CAUPOLICAN,0.24201028797730914,0.24201028797730914,0,84,83,1,neutral
static_fixed_set,26,I24,RADAL,C080,PARAGUAY,0.2404621201898296,0.2404621201898296,0,85,84,1,neutral
static_fixed_set,26,I24,RADAL,C085,LOS LIBERTADORES,0.240320348402623,0.240320348402623,0,86,85,1,neutral
static_fixed_set,26,I24,RADAL,C041,VISTA HERMOSA,0.23729046079619398,0.23729046079619398,0,87,87,0,neutral
static_fixed_set,26,I24,RADAL,C087,SALVADOR GUTIERREZ,0.23167583897026392,0.2401524098642701,0.008476570894006191,88,86,2,complementarity_signal
static_fixed_set,26,I24,RADAL,C017,LA PARINACOTA,0.2279533954363316,0.2279533954363316,0,89,88,1,neutral
static_fixed_set,26,I24,RADAL,C051,JOSE MIGUEL INFANTE - DOMINGO STA MARIA,0.22770327755636682,0.22770327755636682,0,90,89,1,neutral
static_fixed_set,26,I24,RADAL,C008,EL CERRO,0.22664145134727998,0.22664145134727998,0,91,90,1,neutral
static_fixed_set,26,I24,RADAL,C055,ARTURO PRAT,0.22407331213030995,0.22407331213030995,0,92,91,1,neutral
static_fixed_set,26,I24,RADAL,C036,RIO REFUGIO - SALAR SURIRE,0.22368469062682966,0.22368469062682966,0,93,92,1,neutral
static_fixed_set,26,I24,RADAL,C077,RICARDO VIAL,0.22334495183243977,0.22334495183243977,0,94,93,1,neutral
static_fixed_set,26,I24,RADAL,C045,PORTO ALEGRE,0.20697241612240472,0.20697241612240472,0,95,94,1,neutral
static_fixed_set,26,I24,RADAL,C018,LA PRIMAVERA,0.18728987295662208,0.18728987295662208,0,96,95,1,neutral
static_fixed_set,26,I24,RADAL,C016,JUANITA,0.18668545474190681,0.18668545474190681,0,97,96,1,neutral
static_fixed_set,26,I24,RADAL,C025,LOS DURAZNOS,0.17775269195119178,0.17775269195119178,0,98,97,1,neutral
static_fixed_set,26,I24,RADAL,C073,LOS MORROS,0.16537203853610075,0.16537203853610075,0,99,98,1,neutral
static_fixed_set,27,I19,PAC-LO ESPEJO-SN BDO,I25,SAN FRANCISCO,0.775023142169865,0.4628772568485667,-0.31214588532129833,1,3,-2,substitution_signal
static_fixed_set,27,I19,PAC-LO ESPEJO-SN BDO,I10,GRAN AVENIDA,0.7252962005681824,0.37146374808270505,-0.3538324524854774,3,14,-11,substitution_signal
static_fixed_set,27,I19,PAC-LO ESPEJO-SN BDO,I13,LO ESPEJO-RIQUELME,0.7246748307512318,0.38493640511463395,-0.3397384256365979,4,9,-5,substitution_signal
static_fixed_set,27,I19,PAC-LO ESPEJO-SN BDO,C067,CARDENAL RAUL SILVA HENRIQUEZ,0.7101272140846216,0.408973866076756,-0.30115334800786564,5,7,-2,substitution_signal
static_fixed_set,27,I19,PAC-LO ESPEJO-SN BDO,I04,DEL FERROCARRIL,0.5788574564381564,0.6046760405679268,0.02581858412977034,6,1,5,complementarity_signal
static_fixed_set,27,I19,PAC-LO ESPEJO-SN BDO,I27,SANTA CECILIA - NONATO COO,0.4292103596284774,0.48136439146817983,0.05215403183970241,7,2,5,complementarity_signal
static_fixed_set,27,I19,PAC-LO ESPEJO-SN BDO,EP-I33,LA CHIMBA,0.4173792355219226,0.42297625044729575,0.005597014925373178,8,5,3,complementarity_signal
static_fixed_set,27,I19,PAC-LO ESPEJO-SN BDO,I03,CARRASCAL,0.41527425293216486,0.4320652977082843,0.016791044776119424,9,4,5,complementarity_signal
static_fixed_set,27,I19,PAC-LO ESPEJO-SN BDO,I06,DIAGONAL ORIENTE,0.40959683409019565,0.40959683409019565,0,10,6,4,neutral
static_fixed_set,27,I19,PAC-LO ESPEJO-SN BDO,I28,SANTA RAQUEL,0.39965409415941977,0.4065799464203025,0.0069258522608827144,11,8,3,complementarity_signal
static_fixed_set,27,I19,PAC-LO ESPEJO-SN BDO,C044,LOS CERRILLOS,0.378165327485685,0.3782527928583682,0.0000874653726832264,12,12,0,complementarity_signal
static_fixed_set,27,I19,PAC-LO ESPEJO-SN BDO,C035,PRODIVENCIA,0.3696295621944859,0.3753656887126028,0.005736126518116891,13,13,0,complementarity_signal
static_fixed_set,27,I19,PAC-LO ESPEJO-SN BDO,C086,LA ESTRELLA,0.3692127237892345,0.3804067536399807,0.011194029850746245,14,10,4,complementarity_signal
static_fixed_set,27,I19,PAC-LO ESPEJO-SN BDO,I17,MATUCANA,0.36212617405782893,0.36772318898320205,0.005597014925373123,15,15,0,complementarity_signal
static_fixed_set,27,I19,PAC-LO ESPEJO-SN BDO,C089,J J PEREZ,0.36166695360112816,0.38005819819557596,0.018391244594447798,16,11,5,complementarity_signal
static_fixed_set,27,I19,PAC-LO ESPEJO-SN BDO,C014,JOSE DOMINGO CAÑAS,0.3453428032423394,0.3453428032423394,0,17,19,-2,neutral
static_fixed_set,27,I19,PAC-LO ESPEJO-SN BDO,C054,VICTORIA,0.343201692962844,0.3553678379556981,0.012166144992854122,18,16,2,complementarity_signal
static_fixed_set,27,I19,PAC-LO ESPEJO-SN BDO,C063,LONGITUDINAL,0.34151193665271556,0.35285674014589674,0.011344803493181177,19,17,2,complementarity_signal
static_fixed_set,27,I19,PAC-LO ESPEJO-SN BDO,C083,ORIENTAL-LAS PARCELAS,0.3397720274185761,0.3397720274185761,0,20,20,0,neutral
static_fixed_set,27,I19,PAC-LO ESPEJO-SN BDO,C043,NEPTUNO,0.3340594995727627,0.3340594995727627,0,21,23,-2,neutral
static_fixed_set,27,I19,PAC-LO ESPEJO-SN BDO,C011,EYZAGUIRRE,0.33178309048798693,0.3381646403568276,0.0063815498688406525,22,21,1,complementarity_signal
static_fixed_set,27,I19,PAC-LO ESPEJO-SN BDO,C072,COVADONGA,0.33024995361152437,0.3362459772370429,0.005996023625518543,23,22,1,complementarity_signal
static_fixed_set,27,I19,PAC-LO ESPEJO-SN BDO,C058,ANTONIO EBNER-BARROS ARANA,0.32935024946653935,0.32935024946653935,0,24,24,0,neutral
static_fixed_set,27,I19,PAC-LO ESPEJO-SN BDO,I32,EINSTEIN,0.329105232055101,0.329105232055101,0,25,25,0,neutral
static_fixed_set,27,I19,PAC-LO ESPEJO-SN BDO,C056,TEMUCO - TORO MAZOTTE,0.3267545819222264,0.3267545819222264,0,26,26,0,neutral
static_fixed_set,27,I19,PAC-LO ESPEJO-SN BDO,C062,CORONA SUECA,0.32620179491551055,0.32620179491551055,0,27,27,0,neutral
static_fixed_set,27,I19,PAC-LO ESPEJO-SN BDO,C053,CONDELL,0.3249756120094549,0.34901385174223765,0.02403823973278274,28,18,10,complementarity_signal
static_fixed_set,27,I19,PAC-LO ESPEJO-SN BDO,C007,EDUARDO CASTILLO VELASCO,0.3209682481807713,0.3209682481807713,0,29,28,1,neutral
static_fixed_set,27,I19,PAC-LO ESPEJO-SN BDO,C024,LOS ARRAYANES - LOS COPIHUES,0.3164169532190636,0.3164169532190636,0,30,30,0,neutral
static_fixed_set,27,I19,PAC-LO ESPEJO-SN BDO,C001,SAN EUGENIO,0.31315225632030524,0.31315225632030524,0,31,31,0,neutral
static_fixed_set,27,I19,PAC-LO ESPEJO-SN BDO,C005,CORONEL ALEJANDRO SEPULVEDA,0.3106497256836105,0.3106497256836105,0,32,34,-2,neutral
static_fixed_set,27,I19,PAC-LO ESPEJO-SN BDO,C033,OBSERVATORIO,0.3084648310861465,0.3084648310861465,0,33,35,-2,neutral
static_fixed_set,27,I19,PAC-LO ESPEJO-SN BDO,C023,AVENIDA DORSAL,0.30783660934290547,0.30783660934290547,0,34,36,-2,neutral
static_fixed_set,27,I19,PAC-LO ESPEJO-SN BDO,I18,NUEVA IMPERIAL,0.30697070914275815,0.31256772406813127,0.005597014925373123,35,33,2,complementarity_signal
static_fixed_set,27,I19,PAC-LO ESPEJO-SN BDO,C088,ÑUBLE,0.30673769025283837,0.30673769025283837,0,36,37,-1,neutral
static_fixed_set,27,I19,PAC-LO ESPEJO-SN BDO,C050,MAR DE DRAKE,0.3065394939121959,0.3065394939121959,0,37,38,-1,neutral
static_fixed_set,27,I19,PAC-LO ESPEJO-SN BDO,C034,PEDRO LEON UGALDE,0.3059054946388892,0.3059054946388892,0,38,39,-1,neutral
static_fixed_set,27,I19,PAC-LO ESPEJO-SN BDO,C028,MADRID,0.3057705925608732,0.3057705925608732,0,39,40,-1,neutral
static_fixed_set,27,I19,PAC-LO ESPEJO-SN BDO,C010,ESQ BLANCA - ALBERTO LLONA,0.3056322773789716,0.3056322773789716,0,40,41,-1,neutral
static_fixed_set,27,I19,PAC-LO ESPEJO-SN BDO,C020,LATINOAMERICA - PINTOR MURILLO - FRANCISCO TOLEDO,0.3053874986899725,0.3053874986899725,0,41,42,-1,neutral
static_fixed_set,27,I19,PAC-LO ESPEJO-SN BDO,C061,EL PINAR,0.3052669359707163,0.3052669359707163,0,42,43,-1,neutral
static_fixed_set,27,I19,PAC-LO ESPEJO-SN BDO,C019,LAS HIJUELAS SUR - LIBERTADOR BERNARDO OHIGGINS,0.304272161995383,0.3046576882387051,0.0003855262433221096,43,44,-1,complementarity_signal
static_fixed_set,27,I19,PAC-LO ESPEJO-SN BDO,C030,MAULE,0.3037182107187662,0.3037182107187662,0,44,45,-1,neutral
static_fixed_set,27,I19,PAC-LO ESPEJO-SN BDO,C037,SAN ALFONSO,0.3032697592490899,0.3032697592490899,0,45,46,-1,neutral
static_fixed_set,27,I19,PAC-LO ESPEJO-SN BDO,C076,ISLA DECEPCION,0.3016011001517117,0.3016011001517117,0,46,47,-1,neutral
static_fixed_set,27,I19,PAC-LO ESPEJO-SN BDO,C042,PRINCIPE DE GALES,0.3015275299366899,0.3015275299366899,0,47,48,-1,neutral
static_fixed_set,27,I19,PAC-LO ESPEJO-SN BDO,C084,EL PINO - UNO SUR,0.30087070256276405,0.3130160224668841,0.012145319904120044,48,32,16,complementarity_signal
static_fixed_set,27,I19,PAC-LO ESPEJO-SN BDO,C015,JOSE MANUEL GUZMAN,0.2982069096734652,0.2982069096734652,0,49,49,0,neutral
static_fixed_set,27,I19,PAC-LO ESPEJO-SN BDO,C081,SAN GREGORIO - DIEGO MEZA,0.29723513011219044,0.29723513011219044,0,50,50,0,neutral
static_fixed_set,27,I19,PAC-LO ESPEJO-SN BDO,C039,TUPUNGATO,0.2972177850899593,0.2972177850899593,0,51,51,0,neutral
static_fixed_set,27,I19,PAC-LO ESPEJO-SN BDO,C074,URETA COX,0.2971612237949986,0.2971612237949986,0,52,52,0,neutral
static_fixed_set,27,I19,PAC-LO ESPEJO-SN BDO,C029,MARIA ELENA,0.29701722893877575,0.31690038289013445,0.0198831539513587,53,29,24,complementarity_signal
static_fixed_set,27,I19,PAC-LO ESPEJO-SN BDO,C064,SILVA CARVALLO - SANTA ELENA,0.29671303455212084,0.29671303455212084,0,54,53,1,neutral
static_fixed_set,27,I19,PAC-LO ESPEJO-SN BDO,C038,TALCAHUANO - SANTA INES - LOS EDILES,0.29573880114313694,0.29573880114313694,0,55,54,1,neutral
static_fixed_set,27,I19,PAC-LO ESPEJO-SN BDO,C031,NECOCHEA,0.29460602459560964,0.29460602459560964,0,56,56,0,neutral
static_fixed_set,27,I19,PAC-LO ESPEJO-SN BDO,C065,NUEVA SAN MARTIN,0.29384044783423063,0.29384044783423063,0,57,57,0,neutral
static_fixed_set,27,I19,PAC-LO ESPEJO-SN BDO,C090,SANTO DOMINGO,0.29198941499230197,0.29198941499230197,0,58,60,-2,neutral
static_fixed_set,27,I19,PAC-LO ESPEJO-SN BDO,C013,HEROES DE LA CONCEPCION,0.29161502323158384,0.29161502323158384,0,59,61,-2,neutral
static_fixed_set,27,I19,PAC-LO ESPEJO-SN BDO,C004,CONSISTORIAL,0.29093172378697835,0.29093172378697835,0,60,62,-2,neutral
static_fixed_set,27,I19,PAC-LO ESPEJO-SN BDO,C027,LOS PRESIDENTES,0.2903073892430075,0.2903073892430075,0,61,63,-2,neutral
static_fixed_set,27,I19,PAC-LO ESPEJO-SN BDO,C049,FEDERICO ERRÁZURIZ (EX SERRANO),0.29005414100941707,0.2956511559347902,0.005597014925373123,62,55,7,complementarity_signal
static_fixed_set,27,I19,PAC-LO ESPEJO-SN BDO,C070,MENDOZA (EX-CORONEL ROBLES),0.287379184127985,0.29297619905335814,0.005597014925373123,63,59,4,complementarity_signal
static_fixed_set,27,I19,PAC-LO ESPEJO-SN BDO,I23,PETERSEN - VICUÑA MACKENNA,0.28720997267232284,0.28720997267232284,0,64,66,-2,neutral
static_fixed_set,27,I19,PAC-LO ESPEJO-SN BDO,C003,CONCHA Y TORO,0.28716025987377225,0.29320126569095645,0.006041005817184197,65,58,7,complementarity_signal
static_fixed_set,27,I19,PAC-LO ESPEJO-SN BDO,C022,LLANURA  - EL DESIERTO,0.2832694397879176,0.2832694397879176,0,66,68,-2,neutral
static_fixed_set,27,I19,PAC-LO ESPEJO-SN BDO,C032,OBISPO MANUEL UMAÑA,0.28294411321071705,0.2885411281360902,0.005597014925373123,67,64,3,complementarity_signal
static_fixed_set,27,I19,PAC-LO ESPEJO-SN BDO,C046,EUCALIPTOS,0.28018177357498764,0.28018177357498764,0,68,69,-1,neutral
static_fixed_set,27,I19,PAC-LO ESPEJO-SN BDO,C026,LOS MAITENES,0.27922230697225114,0.28481932189762427,0.005597014925373123,69,67,2,complementarity_signal
static_fixed_set,27,I19,PAC-LO ESPEJO-SN BDO,C012,GABRIELA ORIENTE,0.27575130207255044,0.2882389864354591,0.012487684362908646,70,65,5,complementarity_signal
static_fixed_set,27,I19,PAC-LO ESPEJO-SN BDO,C052,BAQUEDANO - POSTALES ORIENTE,0.2725119994529144,0.2725119994529144,0,71,71,0,neutral
static_fixed_set,27,I19,PAC-LO ESPEJO-SN BDO,C021,LAUTARO,0.2652257843107347,0.2770187437134737,0.011792959402739,72,70,2,complementarity_signal
static_fixed_set,27,I19,PAC-LO ESPEJO-SN BDO,C047,VIOLETA PARRA,0.2648001936107111,0.2648001936107111,0,73,73,0,neutral
static_fixed_set,27,I19,PAC-LO ESPEJO-SN BDO,C079,LAS AMERICAS,0.2644498310084617,0.27006850402611826,0.005618673017656561,74,72,2,complementarity_signal
static_fixed_set,27,I19,PAC-LO ESPEJO-SN BDO,C078,WALDO TAFF,0.2640982140605202,0.2640982140605202,0,75,74,1,neutral
static_fixed_set,27,I19,PAC-LO ESPEJO-SN BDO,I31,FERNANDEZ ALBANO,0.2626404601749897,0.2626404601749897,0,76,75,1,neutral
static_fixed_set,27,I19,PAC-LO ESPEJO-SN BDO,C40,VICUÑA MACKENNA - SAN MARTIN,0.2599804114545511,0.2599804114545511,0,77,76,1,neutral
static_fixed_set,27,I19,PAC-LO ESPEJO-SN BDO,C069,LOS OLMOS,0.2594151168255869,0.2594151168255869,0,78,77,1,neutral
static_fixed_set,27,I19,PAC-LO ESPEJO-SN BDO,C009,EL ROSAL - SANTA ELENA,0.258292338870139,0.258292338870139,0,79,78,1,neutral
static_fixed_set,27,I19,PAC-LO ESPEJO-SN BDO,C002,CAPITAN IGNACIO CARRERA PINTO,0.2546555618818747,0.2546555618818747,0,80,79,1,neutral
static_fixed_set,27,I19,PAC-LO ESPEJO-SN BDO,C048,GENERAL ARRIAGADA,0.2517348978903142,0.2517348978903142,0,81,80,1,neutral
static_fixed_set,27,I19,PAC-LO ESPEJO-SN BDO,C071,BARROS ARANA,0.24263265222575167,0.24263265222575167,0,82,83,-1,neutral
static_fixed_set,27,I19,PAC-LO ESPEJO-SN BDO,C082,CAUPOLICAN,0.24201028797730914,0.24201028797730914,0,83,84,-1,neutral
static_fixed_set,27,I19,PAC-LO ESPEJO-SN BDO,C080,PARAGUAY,0.2404621201898296,0.2404621201898296,0,84,85,-1,neutral
static_fixed_set,27,I19,PAC-LO ESPEJO-SN BDO,C085,LOS LIBERTADORES,0.240320348402623,0.24591736332799613,0.005597014925373123,85,81,4,complementarity_signal
static_fixed_set,27,I19,PAC-LO ESPEJO-SN BDO,C087,SALVADOR GUTIERREZ,0.2401524098642701,0.24574942478964323,0.005597014925373123,86,82,4,complementarity_signal
static_fixed_set,27,I19,PAC-LO ESPEJO-SN BDO,C041,VISTA HERMOSA,0.23729046079619398,0.23729046079619398,0,87,86,1,neutral
static_fixed_set,27,I19,PAC-LO ESPEJO-SN BDO,C017,LA PARINACOTA,0.2279533954363316,0.2279533954363316,0,88,87,1,neutral
static_fixed_set,27,I19,PAC-LO ESPEJO-SN BDO,C051,JOSE MIGUEL INFANTE - DOMINGO STA MARIA,0.22770327755636682,0.22770327755636682,0,89,88,1,neutral
static_fixed_set,27,I19,PAC-LO ESPEJO-SN BDO,C008,EL CERRO,0.22664145134727998,0.22664145134727998,0,90,89,1,neutral
static_fixed_set,27,I19,PAC-LO ESPEJO-SN BDO,C055,ARTURO PRAT,0.22407331213030995,0.22407331213030995,0,91,90,1,neutral
static_fixed_set,27,I19,PAC-LO ESPEJO-SN BDO,C036,RIO REFUGIO - SALAR SURIRE,0.22368469062682966,0.22368469062682966,0,92,91,1,neutral
static_fixed_set,27,I19,PAC-LO ESPEJO-SN BDO,C077,RICARDO VIAL,0.22334495183243977,0.22334495183243977,0,93,92,1,neutral
static_fixed_set,27,I19,PAC-LO ESPEJO-SN BDO,C045,PORTO ALEGRE,0.20697241612240472,0.2070448874311994,0.0000724713087946749,94,93,1,complementarity_signal
static_fixed_set,27,I19,PAC-LO ESPEJO-SN BDO,C018,LA PRIMAVERA,0.18728987295662208,0.18729403797436894,0.000004165017746859956,95,94,1,complementarity_signal
static_fixed_set,27,I19,PAC-LO ESPEJO-SN BDO,C016,JUANITA,0.18668545474190681,0.18668961975965365,0.0000041650177468322,96,95,1,complementarity_signal
static_fixed_set,27,I19,PAC-LO ESPEJO-SN BDO,C025,LOS DURAZNOS,0.17775269195119178,0.17779517513220938,0.000042483181017599625,97,96,1,complementarity_signal
static_fixed_set,27,I19,PAC-LO ESPEJO-SN BDO,C073,LOS MORROS,0.16537203853610075,0.16537203853610075,0,98,97,1,neutral
static_fixed_set,28,I10,GRAN AVENIDA,I04,DEL FERROCARRIL,0.6046760405679268,0.6046760405679268,0,1,1,0,neutral
static_fixed_set,28,I10,GRAN AVENIDA,I27,SANTA CECILIA - NONATO COO,0.48136439146817983,0.48136439146817983,0,2,2,0,neutral
static_fixed_set,28,I10,GRAN AVENIDA,I25,SAN FRANCISCO,0.4628772568485667,0.4628772568485667,0,3,3,0,neutral
static_fixed_set,28,I10,GRAN AVENIDA,I03,CARRASCAL,0.4320652977082843,0.4320652977082843,0,4,4,0,neutral
static_fixed_set,28,I10,GRAN AVENIDA,EP-I33,LA CHIMBA,0.42297625044729575,0.42297625044729575,0,5,5,0,neutral
static_fixed_set,28,I10,GRAN AVENIDA,I06,DIAGONAL ORIENTE,0.40959683409019565,0.40959683409019565,0,6,6,0,neutral
static_fixed_set,28,I10,GRAN AVENIDA,C067,CARDENAL RAUL SILVA HENRIQUEZ,0.408973866076756,0.408973866076756,0,7,7,0,neutral
static_fixed_set,28,I10,GRAN AVENIDA,I28,SANTA RAQUEL,0.4065799464203025,0.4065799464203025,0,8,8,0,neutral
static_fixed_set,28,I10,GRAN AVENIDA,I13,LO ESPEJO-RIQUELME,0.38493640511463395,0.3585389188117493,-0.026397486302884632,9,14,-5,substitution_signal
static_fixed_set,28,I10,GRAN AVENIDA,C086,LA ESTRELLA,0.3804067536399807,0.3804067536399807,0,10,9,1,neutral
static_fixed_set,28,I10,GRAN AVENIDA,C089,J J PEREZ,0.38005819819557596,0.38005819819557596,0,11,10,1,neutral
static_fixed_set,28,I10,GRAN AVENIDA,C044,LOS CERRILLOS,0.3782527928583682,0.3782527928583682,0,12,11,1,neutral
static_fixed_set,28,I10,GRAN AVENIDA,C035,PRODIVENCIA,0.3753656887126028,0.3753656887126028,0,13,12,1,neutral
static_fixed_set,28,I10,GRAN AVENIDA,I17,MATUCANA,0.36772318898320205,0.36772318898320205,0,15,13,2,neutral
static_fixed_set,28,I10,GRAN AVENIDA,C054,VICTORIA,0.3553678379556981,0.3553678379556981,0,16,15,1,neutral
static_fixed_set,28,I10,GRAN AVENIDA,C063,LONGITUDINAL,0.35285674014589674,0.35285674014589674,0,17,16,1,neutral
static_fixed_set,28,I10,GRAN AVENIDA,C053,CONDELL,0.34901385174223765,0.34901385174223765,0,18,17,1,neutral
static_fixed_set,28,I10,GRAN AVENIDA,C014,JOSE DOMINGO CAÑAS,0.3453428032423394,0.3453428032423394,0,19,18,1,neutral
static_fixed_set,28,I10,GRAN AVENIDA,C083,ORIENTAL-LAS PARCELAS,0.3397720274185761,0.3397720274185761,0,20,20,0,neutral
static_fixed_set,28,I10,GRAN AVENIDA,C011,EYZAGUIRRE,0.3381646403568276,0.3381646403568276,0,21,21,0,neutral
static_fixed_set,28,I10,GRAN AVENIDA,C072,COVADONGA,0.3362459772370429,0.3362459772370429,0,22,22,0,neutral
static_fixed_set,28,I10,GRAN AVENIDA,C043,NEPTUNO,0.3340594995727627,0.3340594995727627,0,23,23,0,neutral
static_fixed_set,28,I10,GRAN AVENIDA,C058,ANTONIO EBNER-BARROS ARANA,0.32935024946653935,0.32935024946653935,0,24,24,0,neutral
static_fixed_set,28,I10,GRAN AVENIDA,I32,EINSTEIN,0.329105232055101,0.329105232055101,0,25,25,0,neutral
static_fixed_set,28,I10,GRAN AVENIDA,C056,TEMUCO - TORO MAZOTTE,0.3267545819222264,0.3267545819222264,0,26,26,0,neutral
static_fixed_set,28,I10,GRAN AVENIDA,C062,CORONA SUECA,0.32620179491551055,0.32620179491551055,0,27,27,0,neutral
static_fixed_set,28,I10,GRAN AVENIDA,C007,EDUARDO CASTILLO VELASCO,0.3209682481807713,0.3209682481807713,0,28,28,0,neutral
static_fixed_set,28,I10,GRAN AVENIDA,C029,MARIA ELENA,0.31690038289013445,0.31690038289013445,0,29,29,0,neutral
static_fixed_set,28,I10,GRAN AVENIDA,C024,LOS ARRAYANES - LOS COPIHUES,0.3164169532190636,0.3164169532190636,0,30,30,0,neutral
static_fixed_set,28,I10,GRAN AVENIDA,C001,SAN EUGENIO,0.31315225632030524,0.31315225632030524,0,31,32,-1,neutral
static_fixed_set,28,I10,GRAN AVENIDA,C084,EL PINO - UNO SUR,0.3130160224668841,0.31340154871020626,0.0003855262433221651,32,31,1,complementarity_signal
static_fixed_set,28,I10,GRAN AVENIDA,I18,NUEVA IMPERIAL,0.31256772406813127,0.31256772406813127,0,33,33,0,neutral
static_fixed_set,28,I10,GRAN AVENIDA,C005,CORONEL ALEJANDRO SEPULVEDA,0.3106497256836105,0.3106497256836105,0,34,34,0,neutral
static_fixed_set,28,I10,GRAN AVENIDA,C033,OBSERVATORIO,0.3084648310861465,0.3084648310861465,0,35,35,0,neutral
static_fixed_set,28,I10,GRAN AVENIDA,C023,AVENIDA DORSAL,0.30783660934290547,0.30783660934290547,0,36,36,0,neutral
static_fixed_set,28,I10,GRAN AVENIDA,C088,ÑUBLE,0.30673769025283837,0.30673769025283837,0,37,37,0,neutral
static_fixed_set,28,I10,GRAN AVENIDA,C050,MAR DE DRAKE,0.3065394939121959,0.3065394939121959,0,38,38,0,neutral
static_fixed_set,28,I10,GRAN AVENIDA,C034,PEDRO LEON UGALDE,0.3059054946388892,0.3059054946388892,0,39,39,0,neutral
static_fixed_set,28,I10,GRAN AVENIDA,C028,MADRID,0.3057705925608732,0.3057705925608732,0,40,40,0,neutral
static_fixed_set,28,I10,GRAN AVENIDA,C010,ESQ BLANCA - ALBERTO LLONA,0.3056322773789716,0.3056322773789716,0,41,41,0,neutral
static_fixed_set,28,I10,GRAN AVENIDA,C020,LATINOAMERICA - PINTOR MURILLO - FRANCISCO TOLEDO,0.3053874986899725,0.3053874986899725,0,42,42,0,neutral
static_fixed_set,28,I10,GRAN AVENIDA,C061,EL PINAR,0.3052669359707163,0.3052669359707163,0,43,43,0,neutral
static_fixed_set,28,I10,GRAN AVENIDA,C019,LAS HIJUELAS SUR - LIBERTADOR BERNARDO OHIGGINS,0.3046576882387051,0.3046576882387051,0,44,44,0,neutral
static_fixed_set,28,I10,GRAN AVENIDA,C030,MAULE,0.3037182107187662,0.3037182107187662,0,45,45,0,neutral
static_fixed_set,28,I10,GRAN AVENIDA,C037,SAN ALFONSO,0.3032697592490899,0.3032697592490899,0,46,46,0,neutral
static_fixed_set,28,I10,GRAN AVENIDA,C076,ISLA DECEPCION,0.3016011001517117,0.3016011001517117,0,47,47,0,neutral
static_fixed_set,28,I10,GRAN AVENIDA,C042,PRINCIPE DE GALES,0.3015275299366899,0.3015275299366899,0,48,48,0,neutral
static_fixed_set,28,I10,GRAN AVENIDA,C015,JOSE MANUEL GUZMAN,0.2982069096734652,0.2982069096734652,0,49,49,0,neutral
static_fixed_set,28,I10,GRAN AVENIDA,C081,SAN GREGORIO - DIEGO MEZA,0.29723513011219044,0.29723513011219044,0,50,50,0,neutral
static_fixed_set,28,I10,GRAN AVENIDA,C039,TUPUNGATO,0.2972177850899593,0.2972177850899593,0,51,51,0,neutral
static_fixed_set,28,I10,GRAN AVENIDA,C074,URETA COX,0.2971612237949986,0.2971612237949986,0,52,52,0,neutral
static_fixed_set,28,I10,GRAN AVENIDA,C064,SILVA CARVALLO - SANTA ELENA,0.29671303455212084,0.29671303455212084,0,53,53,0,neutral
static_fixed_set,28,I10,GRAN AVENIDA,C038,TALCAHUANO - SANTA INES - LOS EDILES,0.29573880114313694,0.29573880114313694,0,54,54,0,neutral
static_fixed_set,28,I10,GRAN AVENIDA,C049,FEDERICO ERRÁZURIZ (EX SERRANO),0.2956511559347902,0.2956511559347902,0,55,55,0,neutral
static_fixed_set,28,I10,GRAN AVENIDA,C031,NECOCHEA,0.29460602459560964,0.29460602459560964,0,56,56,0,neutral
static_fixed_set,28,I10,GRAN AVENIDA,C065,NUEVA SAN MARTIN,0.29384044783423063,0.29384044783423063,0,57,57,0,neutral
static_fixed_set,28,I10,GRAN AVENIDA,C003,CONCHA Y TORO,0.29320126569095645,0.29320126569095645,0,58,58,0,neutral
static_fixed_set,28,I10,GRAN AVENIDA,C070,MENDOZA (EX-CORONEL ROBLES),0.29297619905335814,0.29297619905335814,0,59,59,0,neutral
static_fixed_set,28,I10,GRAN AVENIDA,C090,SANTO DOMINGO,0.29198941499230197,0.29198941499230197,0,60,60,0,neutral
static_fixed_set,28,I10,GRAN AVENIDA,C013,HEROES DE LA CONCEPCION,0.29161502323158384,0.29161502323158384,0,61,61,0,neutral
static_fixed_set,28,I10,GRAN AVENIDA,C004,CONSISTORIAL,0.29093172378697835,0.29093172378697835,0,62,62,0,neutral
static_fixed_set,28,I10,GRAN AVENIDA,C027,LOS PRESIDENTES,0.2903073892430075,0.2903073892430075,0,63,63,0,neutral
static_fixed_set,28,I10,GRAN AVENIDA,C032,OBISPO MANUEL UMAÑA,0.2885411281360902,0.2885411281360902,0,64,64,0,neutral
static_fixed_set,28,I10,GRAN AVENIDA,C012,GABRIELA ORIENTE,0.2882389864354591,0.2882389864354591,0,65,65,0,neutral
static_fixed_set,28,I10,GRAN AVENIDA,I23,PETERSEN - VICUÑA MACKENNA,0.28720997267232284,0.28720997267232284,0,66,66,0,neutral
static_fixed_set,28,I10,GRAN AVENIDA,C026,LOS MAITENES,0.28481932189762427,0.28481932189762427,0,67,67,0,neutral
static_fixed_set,28,I10,GRAN AVENIDA,C022,LLANURA  - EL DESIERTO,0.2832694397879176,0.2832694397879176,0,68,68,0,neutral
static_fixed_set,28,I10,GRAN AVENIDA,C046,EUCALIPTOS,0.28018177357498764,0.28018177357498764,0,69,69,0,neutral
static_fixed_set,28,I10,GRAN AVENIDA,C021,LAUTARO,0.2770187437134737,0.2770187437134737,0,70,70,0,neutral
static_fixed_set,28,I10,GRAN AVENIDA,C052,BAQUEDANO - POSTALES ORIENTE,0.2725119994529144,0.2725119994529144,0,71,71,0,neutral
static_fixed_set,28,I10,GRAN AVENIDA,C079,LAS AMERICAS,0.27006850402611826,0.27006850402611826,0,72,72,0,neutral
static_fixed_set,28,I10,GRAN AVENIDA,C047,VIOLETA PARRA,0.2648001936107111,0.2648001936107111,0,73,73,0,neutral
static_fixed_set,28,I10,GRAN AVENIDA,C078,WALDO TAFF,0.2640982140605202,0.2640982140605202,0,74,74,0,neutral
static_fixed_set,28,I10,GRAN AVENIDA,I31,FERNANDEZ ALBANO,0.2626404601749897,0.3439215838129833,0.08128112363799361,75,19,56,complementarity_signal
static_fixed_set,28,I10,GRAN AVENIDA,C40,VICUÑA MACKENNA - SAN MARTIN,0.2599804114545511,0.2599804114545511,0,76,75,1,neutral
static_fixed_set,28,I10,GRAN AVENIDA,C069,LOS OLMOS,0.2594151168255869,0.2594151168255869,0,77,76,1,neutral
static_fixed_set,28,I10,GRAN AVENIDA,C009,EL ROSAL - SANTA ELENA,0.258292338870139,0.258292338870139,0,78,77,1,neutral
static_fixed_set,28,I10,GRAN AVENIDA,C002,CAPITAN IGNACIO CARRERA PINTO,0.2546555618818747,0.2546555618818747,0,79,78,1,neutral
static_fixed_set,28,I10,GRAN AVENIDA,C048,GENERAL ARRIAGADA,0.2517348978903142,0.2517348978903142,0,80,79,1,neutral
static_fixed_set,28,I10,GRAN AVENIDA,C085,LOS LIBERTADORES,0.24591736332799613,0.24591736332799613,0,81,80,1,neutral
static_fixed_set,28,I10,GRAN AVENIDA,C087,SALVADOR GUTIERREZ,0.24574942478964323,0.24574942478964323,0,82,81,1,neutral
static_fixed_set,28,I10,GRAN AVENIDA,C071,BARROS ARANA,0.24263265222575167,0.24263265222575167,0,83,82,1,neutral
static_fixed_set,28,I10,GRAN AVENIDA,C082,CAUPOLICAN,0.24201028797730914,0.24201028797730914,0,84,83,1,neutral
static_fixed_set,28,I10,GRAN AVENIDA,C080,PARAGUAY,0.2404621201898296,0.2404621201898296,0,85,84,1,neutral
static_fixed_set,28,I10,GRAN AVENIDA,C041,VISTA HERMOSA,0.23729046079619398,0.23729046079619398,0,86,85,1,neutral
static_fixed_set,28,I10,GRAN AVENIDA,C017,LA PARINACOTA,0.2279533954363316,0.2279533954363316,0,87,86,1,neutral
static_fixed_set,28,I10,GRAN AVENIDA,C051,JOSE MIGUEL INFANTE - DOMINGO STA MARIA,0.22770327755636682,0.22770327755636682,0,88,87,1,neutral
static_fixed_set,28,I10,GRAN AVENIDA,C008,EL CERRO,0.22664145134727998,0.22664145134727998,0,89,88,1,neutral
static_fixed_set,28,I10,GRAN AVENIDA,C055,ARTURO PRAT,0.22407331213030995,0.22407331213030995,0,90,89,1,neutral
static_fixed_set,28,I10,GRAN AVENIDA,C036,RIO REFUGIO - SALAR SURIRE,0.22368469062682966,0.22368469062682966,0,91,90,1,neutral
static_fixed_set,28,I10,GRAN AVENIDA,C077,RICARDO VIAL,0.22334495183243977,0.22334495183243977,0,92,91,1,neutral
static_fixed_set,28,I10,GRAN AVENIDA,C045,PORTO ALEGRE,0.2070448874311994,0.2070448874311994,0,93,92,1,neutral
static_fixed_set,28,I10,GRAN AVENIDA,C018,LA PRIMAVERA,0.18729403797436894,0.18729403797436894,0,94,93,1,neutral
static_fixed_set,28,I10,GRAN AVENIDA,C016,JUANITA,0.18668961975965365,0.18668961975965365,0,95,94,1,neutral
static_fixed_set,28,I10,GRAN AVENIDA,C025,LOS DURAZNOS,0.17779517513220938,0.17779517513220938,0,96,95,1,neutral
static_fixed_set,28,I10,GRAN AVENIDA,C073,LOS MORROS,0.16537203853610075,0.16537203853610075,0,97,96,1,neutral
static_fixed_set,29,C058,ANTONIO EBNER-BARROS ARANA,I04,DEL FERROCARRIL,0.6046760405679268,0.6046760405679268,0,1,1,0,neutral
static_fixed_set,29,C058,ANTONIO EBNER-BARROS ARANA,I27,SANTA CECILIA - NONATO COO,0.48136439146817983,0.48136439146817983,0,2,2,0,neutral
static_fixed_set,29,C058,ANTONIO EBNER-BARROS ARANA,I25,SAN FRANCISCO,0.4628772568485667,0.4628772568485667,0,3,3,0,neutral
static_fixed_set,29,C058,ANTONIO EBNER-BARROS ARANA,I03,CARRASCAL,0.4320652977082843,0.4320652977082843,0,4,4,0,neutral
static_fixed_set,29,C058,ANTONIO EBNER-BARROS ARANA,EP-I33,LA CHIMBA,0.42297625044729575,0.42297625044729575,0,5,5,0,neutral
static_fixed_set,29,C058,ANTONIO EBNER-BARROS ARANA,I06,DIAGONAL ORIENTE,0.40959683409019565,0.40959683409019565,0,6,6,0,neutral
static_fixed_set,29,C058,ANTONIO EBNER-BARROS ARANA,C067,CARDENAL RAUL SILVA HENRIQUEZ,0.408973866076756,0.408973866076756,0,7,7,0,neutral
static_fixed_set,29,C058,ANTONIO EBNER-BARROS ARANA,I28,SANTA RAQUEL,0.4065799464203025,0.4065799464203025,0,8,8,0,neutral
static_fixed_set,29,C058,ANTONIO EBNER-BARROS ARANA,C086,LA ESTRELLA,0.3804067536399807,0.3804067536399807,0,9,9,0,neutral
static_fixed_set,29,C058,ANTONIO EBNER-BARROS ARANA,C089,J J PEREZ,0.38005819819557596,0.38005819819557596,0,10,10,0,neutral
static_fixed_set,29,C058,ANTONIO EBNER-BARROS ARANA,C044,LOS CERRILLOS,0.3782527928583682,0.3782527928583682,0,11,11,0,neutral
static_fixed_set,29,C058,ANTONIO EBNER-BARROS ARANA,C035,PRODIVENCIA,0.3753656887126028,0.3753656887126028,0,12,12,0,neutral
static_fixed_set,29,C058,ANTONIO EBNER-BARROS ARANA,I17,MATUCANA,0.36772318898320205,0.36772318898320205,0,13,13,0,neutral
static_fixed_set,29,C058,ANTONIO EBNER-BARROS ARANA,I13,LO ESPEJO-RIQUELME,0.3585389188117493,0.3585389188117493,0,14,14,0,neutral
static_fixed_set,29,C058,ANTONIO EBNER-BARROS ARANA,C054,VICTORIA,0.3553678379556981,0.3553678379556981,0,15,15,0,neutral
static_fixed_set,29,C058,ANTONIO EBNER-BARROS ARANA,C063,LONGITUDINAL,0.35285674014589674,0.35285674014589674,0,16,16,0,neutral
static_fixed_set,29,C058,ANTONIO EBNER-BARROS ARANA,C053,CONDELL,0.34901385174223765,0.34901385174223765,0,17,17,0,neutral
static_fixed_set,29,C058,ANTONIO EBNER-BARROS ARANA,C014,JOSE DOMINGO CAÑAS,0.3453428032423394,0.3453428032423394,0,18,19,-1,neutral
static_fixed_set,29,C058,ANTONIO EBNER-BARROS ARANA,I31,FERNANDEZ ALBANO,0.3439215838129833,0.3439215838129833,0,19,20,-1,neutral
static_fixed_set,29,C058,ANTONIO EBNER-BARROS ARANA,C083,ORIENTAL-LAS PARCELAS,0.3397720274185761,0.3397720274185761,0,20,21,-1,neutral
static_fixed_set,29,C058,ANTONIO EBNER-BARROS ARANA,C011,EYZAGUIRRE,0.3381646403568276,0.3381646403568276,0,21,22,-1,neutral
static_fixed_set,29,C058,ANTONIO EBNER-BARROS ARANA,C072,COVADONGA,0.3362459772370429,0.3362459772370429,0,22,23,-1,neutral
static_fixed_set,29,C058,ANTONIO EBNER-BARROS ARANA,C043,NEPTUNO,0.3340594995727627,0.3340594995727627,0,23,24,-1,neutral
static_fixed_set,29,C058,ANTONIO EBNER-BARROS ARANA,I32,EINSTEIN,0.329105232055101,0.329105232055101,0,25,25,0,neutral
static_fixed_set,29,C058,ANTONIO EBNER-BARROS ARANA,C056,TEMUCO - TORO MAZOTTE,0.3267545819222264,0.32906773938215916,0.0023131574599327687,26,26,0,complementarity_signal
static_fixed_set,29,C058,ANTONIO EBNER-BARROS ARANA,C062,CORONA SUECA,0.32620179491551055,0.32620179491551055,0,27,27,0,neutral
static_fixed_set,29,C058,ANTONIO EBNER-BARROS ARANA,C007,EDUARDO CASTILLO VELASCO,0.3209682481807713,0.3209682481807713,0,28,28,0,neutral
static_fixed_set,29,C058,ANTONIO EBNER-BARROS ARANA,C029,MARIA ELENA,0.31690038289013445,0.31690038289013445,0,29,29,0,neutral
static_fixed_set,29,C058,ANTONIO EBNER-BARROS ARANA,C024,LOS ARRAYANES - LOS COPIHUES,0.3164169532190636,0.3164169532190636,0,30,30,0,neutral
static_fixed_set,29,C058,ANTONIO EBNER-BARROS ARANA,C084,EL PINO - UNO SUR,0.31340154871020626,0.31340154871020626,0,31,32,-1,neutral
static_fixed_set,29,C058,ANTONIO EBNER-BARROS ARANA,C001,SAN EUGENIO,0.31315225632030524,0.31315225632030524,0,32,33,-1,neutral
static_fixed_set,29,C058,ANTONIO EBNER-BARROS ARANA,I18,NUEVA IMPERIAL,0.31256772406813127,0.3141098290414198,0.0015421049732885495,33,31,2,complementarity_signal
static_fixed_set,29,C058,ANTONIO EBNER-BARROS ARANA,C005,CORONEL ALEJANDRO SEPULVEDA,0.3106497256836105,0.3106497256836105,0,34,34,0,neutral
static_fixed_set,29,C058,ANTONIO EBNER-BARROS ARANA,C033,OBSERVATORIO,0.3084648310861465,0.3084648310861465,0,35,35,0,neutral
static_fixed_set,29,C058,ANTONIO EBNER-BARROS ARANA,C023,AVENIDA DORSAL,0.30783660934290547,0.30783660934290547,0,36,36,0,neutral
static_fixed_set,29,C058,ANTONIO EBNER-BARROS ARANA,C088,ÑUBLE,0.30673769025283837,0.30673769025283837,0,37,37,0,neutral
static_fixed_set,29,C058,ANTONIO EBNER-BARROS ARANA,C050,MAR DE DRAKE,0.3065394939121959,0.3065394939121959,0,38,38,0,neutral
static_fixed_set,29,C058,ANTONIO EBNER-BARROS ARANA,C034,PEDRO LEON UGALDE,0.3059054946388892,0.3059054946388892,0,39,39,0,neutral
static_fixed_set,29,C058,ANTONIO EBNER-BARROS ARANA,C028,MADRID,0.3057705925608732,0.3057705925608732,0,40,40,0,neutral
static_fixed_set,29,C058,ANTONIO EBNER-BARROS ARANA,C010,ESQ BLANCA - ALBERTO LLONA,0.3056322773789716,0.3056322773789716,0,41,41,0,neutral
static_fixed_set,29,C058,ANTONIO EBNER-BARROS ARANA,C020,LATINOAMERICA - PINTOR MURILLO - FRANCISCO TOLEDO,0.3053874986899725,0.3053874986899725,0,42,42,0,neutral
static_fixed_set,29,C058,ANTONIO EBNER-BARROS ARANA,C061,EL PINAR,0.3052669359707163,0.3052669359707163,0,43,43,0,neutral
static_fixed_set,29,C058,ANTONIO EBNER-BARROS ARANA,C019,LAS HIJUELAS SUR - LIBERTADOR BERNARDO OHIGGINS,0.3046576882387051,0.3046576882387051,0,44,44,0,neutral
static_fixed_set,29,C058,ANTONIO EBNER-BARROS ARANA,C030,MAULE,0.3037182107187662,0.3037182107187662,0,45,45,0,neutral
static_fixed_set,29,C058,ANTONIO EBNER-BARROS ARANA,C037,SAN ALFONSO,0.3032697592490899,0.3032697592490899,0,46,46,0,neutral
static_fixed_set,29,C058,ANTONIO EBNER-BARROS ARANA,C076,ISLA DECEPCION,0.3016011001517117,0.3016011001517117,0,47,47,0,neutral
static_fixed_set,29,C058,ANTONIO EBNER-BARROS ARANA,C042,PRINCIPE DE GALES,0.3015275299366899,0.3015275299366899,0,48,48,0,neutral
static_fixed_set,29,C058,ANTONIO EBNER-BARROS ARANA,C015,JOSE MANUEL GUZMAN,0.2982069096734652,0.2982069096734652,0,49,49,0,neutral
static_fixed_set,29,C058,ANTONIO EBNER-BARROS ARANA,C081,SAN GREGORIO - DIEGO MEZA,0.29723513011219044,0.29723513011219044,0,50,50,0,neutral
static_fixed_set,29,C058,ANTONIO EBNER-BARROS ARANA,C039,TUPUNGATO,0.2972177850899593,0.2972177850899593,0,51,51,0,neutral
static_fixed_set,29,C058,ANTONIO EBNER-BARROS ARANA,C074,URETA COX,0.2971612237949986,0.2971612237949986,0,52,52,0,neutral
static_fixed_set,29,C058,ANTONIO EBNER-BARROS ARANA,C064,SILVA CARVALLO - SANTA ELENA,0.29671303455212084,0.29671303455212084,0,53,53,0,neutral
static_fixed_set,29,C058,ANTONIO EBNER-BARROS ARANA,C038,TALCAHUANO - SANTA INES - LOS EDILES,0.29573880114313694,0.29573880114313694,0,54,54,0,neutral
static_fixed_set,29,C058,ANTONIO EBNER-BARROS ARANA,C049,FEDERICO ERRÁZURIZ (EX SERRANO),0.2956511559347902,0.2956511559347902,0,55,55,0,neutral
static_fixed_set,29,C058,ANTONIO EBNER-BARROS ARANA,C031,NECOCHEA,0.29460602459560964,0.29460602459560964,0,56,56,0,neutral
static_fixed_set,29,C058,ANTONIO EBNER-BARROS ARANA,C065,NUEVA SAN MARTIN,0.29384044783423063,0.29384044783423063,0,57,58,-1,neutral
static_fixed_set,29,C058,ANTONIO EBNER-BARROS ARANA,C003,CONCHA Y TORO,0.29320126569095645,0.29320126569095645,0,58,59,-1,neutral
static_fixed_set,29,C058,ANTONIO EBNER-BARROS ARANA,C070,MENDOZA (EX-CORONEL ROBLES),0.29297619905335814,0.29413277778332453,0.0011565787299663843,59,57,2,complementarity_signal
static_fixed_set,29,C058,ANTONIO EBNER-BARROS ARANA,C090,SANTO DOMINGO,0.29198941499230197,0.34873061673267763,0.05674120174037567,60,18,42,complementarity_signal
static_fixed_set,29,C058,ANTONIO EBNER-BARROS ARANA,C013,HEROES DE LA CONCEPCION,0.29161502323158384,0.29161502323158384,0,61,60,1,neutral
static_fixed_set,29,C058,ANTONIO EBNER-BARROS ARANA,C004,CONSISTORIAL,0.29093172378697835,0.29093172378697835,0,62,61,1,neutral
static_fixed_set,29,C058,ANTONIO EBNER-BARROS ARANA,C027,LOS PRESIDENTES,0.2903073892430075,0.2903073892430075,0,63,62,1,neutral
static_fixed_set,29,C058,ANTONIO EBNER-BARROS ARANA,C032,OBISPO MANUEL UMAÑA,0.2885411281360902,0.2885411281360902,0,64,63,1,neutral
static_fixed_set,29,C058,ANTONIO EBNER-BARROS ARANA,C012,GABRIELA ORIENTE,0.2882389864354591,0.2882389864354591,0,65,64,1,neutral
static_fixed_set,29,C058,ANTONIO EBNER-BARROS ARANA,I23,PETERSEN - VICUÑA MACKENNA,0.28720997267232284,0.28720997267232284,0,66,65,1,neutral
static_fixed_set,29,C058,ANTONIO EBNER-BARROS ARANA,C026,LOS MAITENES,0.28481932189762427,0.28481932189762427,0,67,66,1,neutral
static_fixed_set,29,C058,ANTONIO EBNER-BARROS ARANA,C022,LLANURA  - EL DESIERTO,0.2832694397879176,0.2832694397879176,0,68,67,1,neutral
static_fixed_set,29,C058,ANTONIO EBNER-BARROS ARANA,C046,EUCALIPTOS,0.28018177357498764,0.28018177357498764,0,69,68,1,neutral
static_fixed_set,29,C058,ANTONIO EBNER-BARROS ARANA,C021,LAUTARO,0.2770187437134737,0.2770187437134737,0,70,69,1,neutral
static_fixed_set,29,C058,ANTONIO EBNER-BARROS ARANA,C052,BAQUEDANO - POSTALES ORIENTE,0.2725119994529144,0.2725119994529144,0,71,70,1,neutral
static_fixed_set,29,C058,ANTONIO EBNER-BARROS ARANA,C079,LAS AMERICAS,0.27006850402611826,0.27006850402611826,0,72,71,1,neutral
static_fixed_set,29,C058,ANTONIO EBNER-BARROS ARANA,C047,VIOLETA PARRA,0.2648001936107111,0.2648001936107111,0,73,72,1,neutral
static_fixed_set,29,C058,ANTONIO EBNER-BARROS ARANA,C078,WALDO TAFF,0.2640982140605202,0.2640982140605202,0,74,73,1,neutral
static_fixed_set,29,C058,ANTONIO EBNER-BARROS ARANA,C40,VICUÑA MACKENNA - SAN MARTIN,0.2599804114545511,0.2599804114545511,0,75,74,1,neutral
static_fixed_set,29,C058,ANTONIO EBNER-BARROS ARANA,C069,LOS OLMOS,0.2594151168255869,0.2594151168255869,0,76,75,1,neutral
static_fixed_set,29,C058,ANTONIO EBNER-BARROS ARANA,C009,EL ROSAL - SANTA ELENA,0.258292338870139,0.258292338870139,0,77,76,1,neutral
static_fixed_set,29,C058,ANTONIO EBNER-BARROS ARANA,C002,CAPITAN IGNACIO CARRERA PINTO,0.2546555618818747,0.2546555618818747,0,78,77,1,neutral
static_fixed_set,29,C058,ANTONIO EBNER-BARROS ARANA,C048,GENERAL ARRIAGADA,0.2517348978903142,0.2517348978903142,0,79,78,1,neutral
static_fixed_set,29,C058,ANTONIO EBNER-BARROS ARANA,C085,LOS LIBERTADORES,0.24591736332799613,0.24591736332799613,0,80,79,1,neutral
static_fixed_set,29,C058,ANTONIO EBNER-BARROS ARANA,C087,SALVADOR GUTIERREZ,0.24574942478964323,0.24574942478964323,0,81,80,1,neutral
static_fixed_set,29,C058,ANTONIO EBNER-BARROS ARANA,C071,BARROS ARANA,0.24263265222575167,0.24263265222575167,0,82,81,1,neutral
static_fixed_set,29,C058,ANTONIO EBNER-BARROS ARANA,C082,CAUPOLICAN,0.24201028797730914,0.24201028797730914,0,83,82,1,neutral
static_fixed_set,29,C058,ANTONIO EBNER-BARROS ARANA,C080,PARAGUAY,0.2404621201898296,0.2404621201898296,0,84,83,1,neutral
static_fixed_set,29,C058,ANTONIO EBNER-BARROS ARANA,C041,VISTA HERMOSA,0.23729046079619398,0.23729046079619398,0,85,84,1,neutral
static_fixed_set,29,C058,ANTONIO EBNER-BARROS ARANA,C017,LA PARINACOTA,0.2279533954363316,0.2279533954363316,0,86,85,1,neutral
static_fixed_set,29,C058,ANTONIO EBNER-BARROS ARANA,C051,JOSE MIGUEL INFANTE - DOMINGO STA MARIA,0.22770327755636682,0.22770327755636682,0,87,86,1,neutral
static_fixed_set,29,C058,ANTONIO EBNER-BARROS ARANA,C008,EL CERRO,0.22664145134727998,0.22664145134727998,0,88,87,1,neutral
static_fixed_set,29,C058,ANTONIO EBNER-BARROS ARANA,C055,ARTURO PRAT,0.22407331213030995,0.22407331213030995,0,89,88,1,neutral
static_fixed_set,29,C058,ANTONIO EBNER-BARROS ARANA,C036,RIO REFUGIO - SALAR SURIRE,0.22368469062682966,0.22368469062682966,0,90,89,1,neutral
static_fixed_set,29,C058,ANTONIO EBNER-BARROS ARANA,C077,RICARDO VIAL,0.22334495183243977,0.22334495183243977,0,91,90,1,neutral
static_fixed_set,29,C058,ANTONIO EBNER-BARROS ARANA,C045,PORTO ALEGRE,0.2070448874311994,0.2070448874311994,0,92,91,1,neutral
static_fixed_set,29,C058,ANTONIO EBNER-BARROS ARANA,C018,LA PRIMAVERA,0.18729403797436894,0.18729403797436894,0,93,92,1,neutral
static_fixed_set,29,C058,ANTONIO EBNER-BARROS ARANA,C016,JUANITA,0.18668961975965365,0.18668961975965365,0,94,93,1,neutral
static_fixed_set,29,C058,ANTONIO EBNER-BARROS ARANA,C025,LOS DURAZNOS,0.17779517513220938,0.17779517513220938,0,95,94,1,neutral
static_fixed_set,29,C058,ANTONIO EBNER-BARROS ARANA,C073,LOS MORROS,0.16537203853610075,0.16537203853610075,0,96,95,1,neutral
static_fixed_set,30,EP-I33,LA CHIMBA,I04,DEL FERROCARRIL,0.6046760405679268,0.5990790256425537,-0.005597014925373123,1,1,0,substitution_signal
static_fixed_set,30,EP-I33,LA CHIMBA,I27,SANTA CECILIA - NONATO COO,0.48136439146817983,0.48136439146817983,0,2,2,0,neutral
static_fixed_set,30,EP-I33,LA CHIMBA,I25,SAN FRANCISCO,0.4628772568485667,0.45728024192319355,-0.005597014925373123,3,3,0,substitution_signal
static_fixed_set,30,EP-I33,LA CHIMBA,I03,CARRASCAL,0.4320652977082843,0.4408126387609547,0.008747341052670443,4,5,-1,complementarity_signal
static_fixed_set,30,EP-I33,LA CHIMBA,I06,DIAGONAL ORIENTE,0.40959683409019565,0.40959683409019565,0,6,6,0,neutral
static_fixed_set,30,EP-I33,LA CHIMBA,C067,CARDENAL RAUL SILVA HENRIQUEZ,0.408973866076756,0.408973866076756,0,7,7,0,neutral
static_fixed_set,30,EP-I33,LA CHIMBA,I28,SANTA RAQUEL,0.4065799464203025,0.4065799464203025,0,8,8,0,neutral
static_fixed_set,30,EP-I33,LA CHIMBA,C086,LA ESTRELLA,0.3804067536399807,0.45653926716112353,0.07613251352114281,9,4,5,complementarity_signal
static_fixed_set,30,EP-I33,LA CHIMBA,C089,J J PEREZ,0.38005819819557596,0.38005819819557596,0,10,10,0,neutral
static_fixed_set,30,EP-I33,LA CHIMBA,C044,LOS CERRILLOS,0.3782527928583682,0.3782527928583682,0,11,12,-1,neutral
static_fixed_set,30,EP-I33,LA CHIMBA,C035,PRODIVENCIA,0.3753656887126028,0.3753656887126028,0,12,13,-1,neutral
static_fixed_set,30,EP-I33,LA CHIMBA,I17,MATUCANA,0.36772318898320205,0.36212617405782893,-0.005597014925373123,13,14,-1,substitution_signal
static_fixed_set,30,EP-I33,LA CHIMBA,I13,LO ESPEJO-RIQUELME,0.3585389188117493,0.3585389188117493,0,14,15,-1,neutral
static_fixed_set,30,EP-I33,LA CHIMBA,C054,VICTORIA,0.3553678379556981,0.3553678379556981,0,15,16,-1,neutral
static_fixed_set,30,EP-I33,LA CHIMBA,C063,LONGITUDINAL,0.35285674014589674,0.35285674014589674,0,16,17,-1,neutral
static_fixed_set,30,EP-I33,LA CHIMBA,C053,CONDELL,0.34901385174223765,0.3434168368168645,-0.005597014925373123,17,21,-4,substitution_signal
static_fixed_set,30,EP-I33,LA CHIMBA,C090,SANTO DOMINGO,0.34873061673267763,0.34873061673267763,0,18,18,0,neutral
static_fixed_set,30,EP-I33,LA CHIMBA,C014,JOSE DOMINGO CAÑAS,0.3453428032423394,0.3453428032423394,0,19,19,0,neutral
static_fixed_set,30,EP-I33,LA CHIMBA,I31,FERNANDEZ ALBANO,0.3439215838129833,0.3439215838129833,0,20,20,0,neutral
static_fixed_set,30,EP-I33,LA CHIMBA,C083,ORIENTAL-LAS PARCELAS,0.3397720274185761,0.3397720274185761,0,21,22,-1,neutral
static_fixed_set,30,EP-I33,LA CHIMBA,C011,EYZAGUIRRE,0.3381646403568276,0.3381646403568276,0,22,23,-1,neutral
static_fixed_set,30,EP-I33,LA CHIMBA,C072,COVADONGA,0.3362459772370429,0.3362459772370429,0,23,24,-1,neutral
static_fixed_set,30,EP-I33,LA CHIMBA,C043,NEPTUNO,0.3340594995727627,0.3340594995727627,0,24,25,-1,neutral
static_fixed_set,30,EP-I33,LA CHIMBA,I32,EINSTEIN,0.329105232055101,0.329105232055101,0,25,26,-1,neutral
static_fixed_set,30,EP-I33,LA CHIMBA,C056,TEMUCO - TORO MAZOTTE,0.32906773938215916,0.32906773938215916,0,26,27,-1,neutral
static_fixed_set,30,EP-I33,LA CHIMBA,C062,CORONA SUECA,0.32620179491551055,0.32620179491551055,0,27,28,-1,neutral
static_fixed_set,30,EP-I33,LA CHIMBA,C007,EDUARDO CASTILLO VELASCO,0.3209682481807713,0.3209682481807713,0,28,29,-1,neutral
static_fixed_set,30,EP-I33,LA CHIMBA,C029,MARIA ELENA,0.31690038289013445,0.31690038289013445,0,29,30,-1,neutral
static_fixed_set,30,EP-I33,LA CHIMBA,C024,LOS ARRAYANES - LOS COPIHUES,0.3164169532190636,0.3164169532190636,0,30,31,-1,neutral
static_fixed_set,30,EP-I33,LA CHIMBA,I18,NUEVA IMPERIAL,0.3141098290414198,0.30851281411604664,-0.005597014925373178,31,35,-4,substitution_signal
static_fixed_set,30,EP-I33,LA CHIMBA,C084,EL PINO - UNO SUR,0.31340154871020626,0.31340154871020626,0,32,32,0,neutral
static_fixed_set,30,EP-I33,LA CHIMBA,C001,SAN EUGENIO,0.31315225632030524,0.31315225632030524,0,33,33,0,neutral
static_fixed_set,30,EP-I33,LA CHIMBA,C005,CORONEL ALEJANDRO SEPULVEDA,0.3106497256836105,0.3106497256836105,0,34,34,0,neutral
static_fixed_set,30,EP-I33,LA CHIMBA,C033,OBSERVATORIO,0.3084648310861465,0.3084648310861465,0,35,36,-1,neutral
static_fixed_set,30,EP-I33,LA CHIMBA,C023,AVENIDA DORSAL,0.30783660934290547,0.30783660934290547,0,36,37,-1,neutral
static_fixed_set,30,EP-I33,LA CHIMBA,C088,ÑUBLE,0.30673769025283837,0.30673769025283837,0,37,38,-1,neutral
static_fixed_set,30,EP-I33,LA CHIMBA,C050,MAR DE DRAKE,0.3065394939121959,0.3065394939121959,0,38,39,-1,neutral
static_fixed_set,30,EP-I33,LA CHIMBA,C034,PEDRO LEON UGALDE,0.3059054946388892,0.3059054946388892,0,39,40,-1,neutral
static_fixed_set,30,EP-I33,LA CHIMBA,C028,MADRID,0.3057705925608732,0.3057705925608732,0,40,41,-1,neutral
static_fixed_set,30,EP-I33,LA CHIMBA,C010,ESQ BLANCA - ALBERTO LLONA,0.3056322773789716,0.3056322773789716,0,41,42,-1,neutral
static_fixed_set,30,EP-I33,LA CHIMBA,C020,LATINOAMERICA - PINTOR MURILLO - FRANCISCO TOLEDO,0.3053874986899725,0.3053874986899725,0,42,43,-1,neutral
static_fixed_set,30,EP-I33,LA CHIMBA,C061,EL PINAR,0.3052669359707163,0.3052669359707163,0,43,44,-1,neutral
static_fixed_set,30,EP-I33,LA CHIMBA,C019,LAS HIJUELAS SUR - LIBERTADOR BERNARDO OHIGGINS,0.3046576882387051,0.3046576882387051,0,44,45,-1,neutral
static_fixed_set,30,EP-I33,LA CHIMBA,C030,MAULE,0.3037182107187662,0.3037182107187662,0,45,46,-1,neutral
static_fixed_set,30,EP-I33,LA CHIMBA,C037,SAN ALFONSO,0.3032697592490899,0.3032697592490899,0,46,47,-1,neutral
static_fixed_set,30,EP-I33,LA CHIMBA,C076,ISLA DECEPCION,0.3016011001517117,0.3016011001517117,0,47,48,-1,neutral
static_fixed_set,30,EP-I33,LA CHIMBA,C042,PRINCIPE DE GALES,0.3015275299366899,0.3015275299366899,0,48,49,-1,neutral
static_fixed_set,30,EP-I33,LA CHIMBA,C015,JOSE MANUEL GUZMAN,0.2982069096734652,0.2982069096734652,0,49,50,-1,neutral
static_fixed_set,30,EP-I33,LA CHIMBA,C081,SAN GREGORIO - DIEGO MEZA,0.29723513011219044,0.29723513011219044,0,50,51,-1,neutral
static_fixed_set,30,EP-I33,LA CHIMBA,C039,TUPUNGATO,0.2972177850899593,0.2972177850899593,0,51,52,-1,neutral
static_fixed_set,30,EP-I33,LA CHIMBA,C074,URETA COX,0.2971612237949986,0.2971612237949986,0,52,53,-1,neutral
static_fixed_set,30,EP-I33,LA CHIMBA,C064,SILVA CARVALLO - SANTA ELENA,0.29671303455212084,0.29671303455212084,0,53,54,-1,neutral
static_fixed_set,30,EP-I33,LA CHIMBA,C038,TALCAHUANO - SANTA INES - LOS EDILES,0.29573880114313694,0.29573880114313694,0,54,55,-1,neutral
static_fixed_set,30,EP-I33,LA CHIMBA,C049,FEDERICO ERRÁZURIZ (EX SERRANO),0.2956511559347902,0.2956511559347902,0,55,56,-1,neutral
static_fixed_set,30,EP-I33,LA CHIMBA,C031,NECOCHEA,0.29460602459560964,0.29460602459560964,0,56,57,-1,neutral
static_fixed_set,30,EP-I33,LA CHIMBA,C070,MENDOZA (EX-CORONEL ROBLES),0.29413277778332453,0.28853576285795135,-0.005597014925373178,57,63,-6,substitution_signal
static_fixed_set,30,EP-I33,LA CHIMBA,C065,NUEVA SAN MARTIN,0.29384044783423063,0.29384044783423063,0,58,58,0,neutral
static_fixed_set,30,EP-I33,LA CHIMBA,C003,CONCHA Y TORO,0.29320126569095645,0.29320126569095645,0,59,59,0,neutral
static_fixed_set,30,EP-I33,LA CHIMBA,C013,HEROES DE LA CONCEPCION,0.29161502323158384,0.29161502323158384,0,60,60,0,neutral
static_fixed_set,30,EP-I33,LA CHIMBA,C004,CONSISTORIAL,0.29093172378697835,0.29093172378697835,0,61,61,0,neutral
static_fixed_set,30,EP-I33,LA CHIMBA,C027,LOS PRESIDENTES,0.2903073892430075,0.2903073892430075,0,62,62,0,neutral
static_fixed_set,30,EP-I33,LA CHIMBA,C032,OBISPO MANUEL UMAÑA,0.2885411281360902,0.28294411321071705,-0.005597014925373123,63,68,-5,substitution_signal
static_fixed_set,30,EP-I33,LA CHIMBA,C012,GABRIELA ORIENTE,0.2882389864354591,0.2882389864354591,0,64,64,0,neutral
static_fixed_set,30,EP-I33,LA CHIMBA,I23,PETERSEN - VICUÑA MACKENNA,0.28720997267232284,0.28720997267232284,0,65,65,0,neutral
static_fixed_set,30,EP-I33,LA CHIMBA,C026,LOS MAITENES,0.28481932189762427,0.28481932189762427,0,66,66,0,neutral
static_fixed_set,30,EP-I33,LA CHIMBA,C022,LLANURA  - EL DESIERTO,0.2832694397879176,0.2832694397879176,0,67,67,0,neutral
static_fixed_set,30,EP-I33,LA CHIMBA,C046,EUCALIPTOS,0.28018177357498764,0.28018177357498764,0,68,69,-1,neutral
static_fixed_set,30,EP-I33,LA CHIMBA,C021,LAUTARO,0.2770187437134737,0.2770187437134737,0,69,70,-1,neutral
static_fixed_set,30,EP-I33,LA CHIMBA,C052,BAQUEDANO - POSTALES ORIENTE,0.2725119994529144,0.2725119994529144,0,70,71,-1,neutral
static_fixed_set,30,EP-I33,LA CHIMBA,C079,LAS AMERICAS,0.27006850402611826,0.27006850402611826,0,71,72,-1,neutral
static_fixed_set,30,EP-I33,LA CHIMBA,C047,VIOLETA PARRA,0.2648001936107111,0.2648001936107111,0,72,73,-1,neutral
static_fixed_set,30,EP-I33,LA CHIMBA,C078,WALDO TAFF,0.2640982140605202,0.2640982140605202,0,73,74,-1,neutral
static_fixed_set,30,EP-I33,LA CHIMBA,C40,VICUÑA MACKENNA - SAN MARTIN,0.2599804114545511,0.2599804114545511,0,74,75,-1,neutral
static_fixed_set,30,EP-I33,LA CHIMBA,C069,LOS OLMOS,0.2594151168255869,0.2594151168255869,0,75,76,-1,neutral
static_fixed_set,30,EP-I33,LA CHIMBA,C009,EL ROSAL - SANTA ELENA,0.258292338870139,0.258292338870139,0,76,77,-1,neutral
static_fixed_set,30,EP-I33,LA CHIMBA,C002,CAPITAN IGNACIO CARRERA PINTO,0.2546555618818747,0.2546555618818747,0,77,78,-1,neutral
static_fixed_set,30,EP-I33,LA CHIMBA,C048,GENERAL ARRIAGADA,0.2517348978903142,0.2517348978903142,0,78,79,-1,neutral
static_fixed_set,30,EP-I33,LA CHIMBA,C085,LOS LIBERTADORES,0.24591736332799613,0.240320348402623,-0.005597014925373123,79,83,-4,substitution_signal
static_fixed_set,30,EP-I33,LA CHIMBA,C087,SALVADOR GUTIERREZ,0.24574942478964323,0.24574942478964323,0,80,80,0,neutral
static_fixed_set,30,EP-I33,LA CHIMBA,C071,BARROS ARANA,0.24263265222575167,0.24263265222575167,0,81,81,0,neutral
static_fixed_set,30,EP-I33,LA CHIMBA,C082,CAUPOLICAN,0.24201028797730914,0.3797579758397239,0.13774768786241479,82,11,71,complementarity_signal
static_fixed_set,30,EP-I33,LA CHIMBA,C080,PARAGUAY,0.2404621201898296,0.2404621201898296,0,83,82,1,neutral
static_fixed_set,30,EP-I33,LA CHIMBA,C041,VISTA HERMOSA,0.23729046079619398,0.23729046079619398,0,84,84,0,neutral
static_fixed_set,30,EP-I33,LA CHIMBA,C017,LA PARINACOTA,0.2279533954363316,0.2279533954363316,0,85,85,0,neutral
static_fixed_set,30,EP-I33,LA CHIMBA,C051,JOSE MIGUEL INFANTE - DOMINGO STA MARIA,0.22770327755636682,0.3911976797873269,0.16349440223096007,86,9,77,complementarity_signal
static_fixed_set,30,EP-I33,LA CHIMBA,C008,EL CERRO,0.22664145134727998,0.22664145134727998,0,87,86,1,neutral
static_fixed_set,30,EP-I33,LA CHIMBA,C055,ARTURO PRAT,0.22407331213030995,0.22407331213030995,0,88,87,1,neutral
static_fixed_set,30,EP-I33,LA CHIMBA,C036,RIO REFUGIO - SALAR SURIRE,0.22368469062682966,0.22368469062682966,0,89,88,1,neutral
static_fixed_set,30,EP-I33,LA CHIMBA,C077,RICARDO VIAL,0.22334495183243977,0.22334495183243977,0,90,89,1,neutral
static_fixed_set,30,EP-I33,LA CHIMBA,C045,PORTO ALEGRE,0.2070448874311994,0.2070448874311994,0,91,90,1,neutral
static_fixed_set,30,EP-I33,LA CHIMBA,C018,LA PRIMAVERA,0.18729403797436894,0.18729403797436894,0,92,91,1,neutral
static_fixed_set,30,EP-I33,LA CHIMBA,C016,JUANITA,0.18668961975965365,0.18668961975965365,0,93,92,1,neutral
static_fixed_set,30,EP-I33,LA CHIMBA,C025,LOS DURAZNOS,0.17779517513220938,0.17779517513220938,0,94,93,1,neutral
static_fixed_set,30,EP-I33,LA CHIMBA,C073,LOS MORROS,0.16537203853610075,0.16537203853610075,0,95,94,1,neutral
