{"type":"FeatureCollection","name":"Ferias_Libres_Persas_RM","crs":{"type":"name","properties":{"name":"urn:ogc:def:crs:OGC:1.3:CRS84"}},"_meta":{"fuente":"Catastro de Ferias Libres y Persas, RM","n":395},"features":[{"type":"Feature","properties":{"id":"001_CNV_1","nombre":"La Viñita","comuna":"CERRO NAVIA","tipo":"Feria","dias":["Martes","Viernes"],"diasAbbr":"Mar, Vie","diasTexto":"Martes / Viernes","ubic":"Av. La Estrella, entre Mapocho y Nocedal","calle":"AV.LA ESTRELLA","inicio":"10:00","levante":"14:00","puestos":300},"geometry":{"type":"MultiLineString","coordinates":[[[-70.751889,-33.422222],[-70.751404,-33.424496]]]}},{"type":"Feature","properties":{"id":"002_CNV_2","nombre":"N3 Cauquenes","comuna":"CERRO NAVIA","tipo":"Feria y Persa","dias":["Miercoles","Sabado"],"diasAbbr":"Mié, Sáb","diasTexto":"Miercoles / Sabado","ubic":"Calle Cauquenes, entre Lo Lopez y Hipolito Salas","calle":"CALLE CAUQUENES","inicio":null,"levante":null,"puestos":503},"geometry":{"type":"MultiLineString","coordinates":[[[-70.725718,-33.426065],[-70.721756,-33.42711]]]}},{"type":"Feature","properties":{"id":"003_CNV_3","nombre":"Mares de Chile","comuna":"CERRO NAVIA","tipo":"Feria","dias":["Miercoles","Sabado"],"diasAbbr":"Mié, Sáb","diasTexto":"Miercoles / Sabado","ubic":"Calle Mares de Chile, entre La Capilla y Costanera Sur","calle":"MAR DE CHILE","inicio":"8:00","levante":"16:00","puestos":132},"geometry":{"type":"MultiLineString","coordinates":[[[-70.765184,-33.41463],[-70.765173,-33.416479],[-70.765097,-33.418141]]]}},{"type":"Feature","properties":{"id":"004_CNV_4","nombre":"Tomas Edison","comuna":"CERRO NAVIA","tipo":"Feria y Persa","dias":["Jueves","Domingo"],"diasAbbr":"Jue, Dom","diasTexto":"Jueves / Domingo","ubic":"Calle Tomas Edison, entre J. Washington y Estados Unidos /","calle":"TOMÁS EDISON","inicio":null,"levante":null,"puestos":192},"geometry":{"type":"MultiLineString","coordinates":[[[-70.737399,-33.433771],[-70.734609,-33.433761]]]}},{"type":"Feature","properties":{"id":"005_CNV_5","nombre":"N6 Salvador Gutierrez","comuna":"CERRO NAVIA","tipo":"Feria y Persa","dias":["Jueves","Domingo"],"diasAbbr":"Jue, Dom","diasTexto":"Jueves / Domingo","ubic":"Calle Salvador Gutierrez, entre Lo Duarte y 5 de Febrero /","calle":"SALVADOR GUTIERREZ","inicio":null,"levante":null,"puestos":179},"geometry":{"type":"MultiLineString","coordinates":[[[-70.73283,-33.419233],[-70.726305,-33.420334]]]}},{"type":"Feature","properties":{"id":"006_CNV_6","nombre":"N7 Loyola","comuna":"CERRO NAVIA","tipo":"Feria y Persa","dias":["Jueves","Domingo"],"diasAbbr":"Jue, Dom","diasTexto":"Jueves / Domingo","ubic":"Calle Camino de Loyola, entre Neptuno y Las Margaritas /","calle":"LOYOLA","inicio":null,"levante":null,"puestos":300},"geometry":{"type":"MultiLineString","coordinates":[[[-70.724365,-33.436559],[-70.721631,-33.436677],[-70.721509,-33.436676]]]}},{"type":"Feature","properties":{"id":"007_CNV_7","nombre":"N8 Mapocho","comuna":"CERRO NAVIA","tipo":"Feria y Persa","dias":["Miercoles","Sabado"],"diasAbbr":"Mié, Sáb","diasTexto":"Miercoles / Sabado","ubic":"Calle Mapocho, entre Huelen y El Resbalon /","calle":"MAPOCHO","inicio":null,"levante":null,"puestos":423},"geometry":{"type":"MultiLineString","coordinates":[[[-70.74022,-33.422844],[-70.735976,-33.423177]]]}},{"type":"Feature","properties":{"id":"008_CNV_8","nombre":"Sara Gajardo","comuna":"CERRO NAVIA","tipo":"Feria y Persa","dias":["Martes","Viernes"],"diasAbbr":"Mar, Vie","diasTexto":"Martes / Viernes","ubic":"Calle Heriberto Rojas, entre Neptuno y Sara Gajardo /","calle":"HERIBERTO ROJAS","inicio":"10:00","levante":"15:30","puestos":665},"geometry":{"type":"MultiLineString","coordinates":[[[-70.716904,-33.417475],[-70.719162,-33.417078],[-70.719228,-33.417088],[-70.719742,-33.417901],[-70.71982,-33.418308]]]}},{"type":"Feature","properties":{"id":"009_CNV_9","nombre":"N10 El Mortijo","comuna":"CERRO NAVIA","tipo":"Feria","dias":["Jueves","Domingo"],"diasAbbr":"Jue, Dom","diasTexto":"Jueves / Domingo","ubic":"Calle Salvador Gutierrez, entre La Estrella y Rolando Petersen /","calle":"SALVADOR GUTIERREZ","inicio":null,"levante":null,"puestos":281},"geometry":{"type":"MultiLineString","coordinates":[[[-70.753189,-33.416617],[-70.747399,-33.417168]]]}},{"type":"Feature","properties":{"id":"010_CNV_10","nombre":"La Capilla","comuna":"CERRO NAVIA","tipo":"Feria y Persa","dias":["Martes","Viernes"],"diasAbbr":"Mar, Vie","diasTexto":"Martes / Viernes","ubic":"Calle La Capilla, entre Huelen y Resbalon /","calle":"LA CAPILLA","inicio":null,"levante":null,"puestos":375},"geometry":{"type":"MultiLineString","coordinates":[[[-70.742218,-33.414997],[-70.738201,-33.415041]]]}},{"type":"Feature","properties":{"id":"011_LPD_1","nombre":"Las Torres","comuna":"LO PRADO","tipo":"Feria y Persa","dias":["Miercoles","Sabado"],"diasAbbr":"Mié, Sáb","diasTexto":"Miercoles / Sabado","ubic":"Calle Las Torres entre Los Copihues y San Pablo","calle":"LAS TORRES","inicio":"10:00","levante":"15:00","puestos":466},"geometry":{"type":"MultiLineString","coordinates":[[[-70.730881,-33.439334],[-70.730925,-33.444574]]]}},{"type":"Feature","properties":{"id":"012_LPD_2","nombre":"N2 Neptuno","comuna":"LO PRADO","tipo":"Feria y Persa","dias":["Martes","Viernes"],"diasAbbr":"Mar, Vie","diasTexto":"Martes / Viernes","ubic":"Calle Neptuno entre Reina Maud y Dorsal","calle":"NEPTUNO","inicio":"10:00","levante":"15:00","puestos":575},"geometry":{"type":"MultiLineString","coordinates":[[[-70.722774,-33.445597],[-70.722411,-33.450748]]]}},{"type":"Feature","properties":{"id":"013_LPD_3","nombre":"Santa Marta","comuna":"LO PRADO","tipo":"Feria y Persa","dias":["Jueves","Domingo"],"diasAbbr":"Jue, Dom","diasTexto":"Jueves / Domingo","ubic":"Santa Marta entre Portales y Obispo Rodríguez","calle":"SANTA MARTA","inicio":"10:00","levante":"15:00/15:30","puestos":639},"geometry":{"type":"MultiLineString","coordinates":[[[-70.715416,-33.445326],[-70.715152,-33.446189],[-70.714892,-33.450335],[-70.714801,-33.450791]]]}},{"type":"Feature","properties":{"id":"014_LPD_4","nombre":"Paula Jaraquemada","comuna":"LO PRADO","tipo":"Feria y Persa","dias":["Jueves","Domingo"],"diasAbbr":"Jue, Dom","diasTexto":"Jueves / Domingo","ubic":"Paula Jaraquemada entre Gabriela Mistral y Corona Sueca","calle":"PAULA JARAQUEMADA","inicio":"10:00","levante":"15:00","puestos":121},"geometry":{"type":"MultiLineString","coordinates":[[[-70.73732,-33.449425],[-70.735962,-33.449692],[-70.735899,-33.449747],[-70.736147,-33.450562]]]}},{"type":"Feature","properties":{"id":"015_LPD_5","nombre":"torres chicas","comuna":"LO PRADO","tipo":"Feria y Persa","dias":["Martes","Viernes"],"diasAbbr":"Mar, Vie","diasTexto":"Martes / Viernes","ubic":"calle las torres entre dorsal y milton rossel","calle":"LAS TORRES","inicio":"10:00","levante":"15:00","puestos":78},"geometry":{"type":"MultiLineString","coordinates":[[[-70.730985,-33.450975],[-70.731014,-33.452817]]]}},{"type":"Feature","properties":{"id":"016_LPD_6","nombre":"n6 Ibis","comuna":"LO PRADO","tipo":"Feria y Persa","dias":["Miercoles","Sabado"],"diasAbbr":"Mié, Sáb","diasTexto":"Miercoles / Sabado","ubic":"Ibis-Pedro de Cordova entre Perú y Caleta Iquique","calle":"P DE CORDOVA/IBIS","inicio":"10:00","levante":"15:30","puestos":613},"geometry":{"type":"MultiLineString","coordinates":[[[-70.710583,-33.452955],[-70.711361,-33.451936],[-70.713163,-33.452273]]]}},{"type":"Feature","properties":{"id":"017_QNR_1","nombre":"ALBERDI","comuna":"QUINTA NORMAL","tipo":"Feria","dias":["Jueves","Domingo"],"diasAbbr":"Jue, Dom","diasTexto":"Jueves / Domingo","ubic":"ALBERDI ENTRE SALVADOR GUTIÉRREZ Y HOEVEL","calle":"ALBERDI","inicio":null,"levante":null,"puestos":130},"geometry":{"type":"MultiLineString","coordinates":[[[-70.710669,-33.421019],[-70.711249,-33.423021]]]}},{"type":"Feature","properties":{"id":"018_QNR_2","nombre":"LOS SAUCES","comuna":"QUINTA NORMAL","tipo":"Feria","dias":["Martes","Sabado"],"diasAbbr":"Mar, Sáb","diasTexto":"Martes / Sabado","ubic":"LOS SAUCES ENTRE SAMUEL IZQUIERDO Y LO ESPINOZA","calle":"LOS SAUCES","inicio":null,"levante":null,"puestos":495},"geometry":{"type":"MultiLineString","coordinates":[[[-70.710221,-33.412831],[-70.705225,-33.414541],[-70.705156,-33.414471]]]}},{"type":"Feature","properties":{"id":"019_QNR_3","nombre":"EDUARDO CHARME","comuna":"QUINTA NORMAL","tipo":"Feria","dias":["Viernes"],"diasAbbr":"Vie","diasTexto":"Viernes","ubic":"ED. CHARME ENTRE J.J. PEREZ Y VICUÑA DE ROZAS,","calle":"EDUADDO CHARME","inicio":null,"levante":null,"puestos":219},"geometry":{"type":"MultiLineString","coordinates":[[[-70.701621,-33.432097],[-70.701008,-33.435247],[-70.701094,-33.435331]]]}},{"type":"Feature","properties":{"id":"020_QNR_4","nombre":"N3 Mercurio","comuna":"QUINTA NORMAL","tipo":"Feria","dias":["Miercoles"],"diasAbbr":"Mié","diasTexto":"Miercoles","ubic":"MERCURIO ENTRE LOYOLA Y VICUÑA DE ROSAS,","calle":"MERCURIO","inicio":null,"levante":null,"puestos":146},"geometry":{"type":"MultiLineString","coordinates":[[[-70.717022,-33.437248],[-70.716629,-33.435394]]]}},{"type":"Feature","properties":{"id":"021_QNR_5","nombre":"AUGUSTO MATTER","comuna":"QUINTA NORMAL","tipo":"Feria","dias":["Domingo"],"diasAbbr":"Dom","diasTexto":"Domingo","ubic":"AUGUSTO MATTE ENTRE JAUN DE BARROS Y JULIO BAÑADOS,","calle":"PADRE TADEO","inicio":"9:00","levante":"16:00","puestos":366},"geometry":{"type":"MultiLineString","coordinates":[[[-70.69925,-33.42828],[-70.693062,-33.429496]]]}},{"type":"Feature","properties":{"id":"022_QNR_6","nombre":"EDISON","comuna":"QUINTA NORMAL","tipo":"Feria","dias":["Sabado"],"diasAbbr":"Sáb","diasTexto":"Sabado","ubic":"EDISON, ENTRE RADAL Y EBNER,","calle":"EDISON","inicio":"9:00","levante":"14:30","puestos":478},"geometry":{"type":"MultiLineString","coordinates":[[[-70.70304,-33.438902],[-70.701291,-33.438402],[-70.700373,-33.438075],[-70.699318,-33.437651],[-70.696441,-33.437294]]]}},{"type":"Feature","properties":{"id":"023_QNR_7","nombre":"JOSÉ BESA","comuna":"QUINTA NORMAL","tipo":"Feria y Persa","dias":["Martes"],"diasAbbr":"Mar","diasTexto":"Martes","ubic":"José Besa entre San Pablo y El Quilo,","calle":"JOSE BEZA","inicio":"9:00","levante":"14:30","puestos":472},"geometry":{"type":"MultiLineString","coordinates":[[[-70.704577,-33.440775],[-70.705881,-33.437544]]]}},{"type":"Feature","properties":{"id":"024_QNR_8","nombre":"LOPE DE ULLOA","comuna":"QUINTA NORMAL","tipo":"Feria","dias":["Jueves"],"diasAbbr":"Jue","diasTexto":"Jueves","ubic":"024_QNR_8LOPE DE ULLOA ENTRE MAPOCHO Y DOCTOR SIERRA,","calle":"LOPE DE ULLOA","inicio":"9:00","levante":"14:30","puestos":187},"geometry":{"type":"MultiLineString","coordinates":[[[-70.689593,-33.432283],[-70.688933,-33.428739]]]}},{"type":"Feature","properties":{"id":"025_QNR_9","nombre":"SAN GUMERCINDO","comuna":"QUINTA NORMAL","tipo":"Feria","dias":["Viernes"],"diasAbbr":"Vie","diasTexto":"Viernes","ubic":"SAN GUMERCINDO ENTRE EDWARDS Y PORT SEGURO,","calle":"SAN GUMERCINDO","inicio":"9:00","levante":"14:30","puestos":155},"geometry":{"type":"MultiLineString","coordinates":[[[-70.694678,-33.446128],[-70.694787,-33.447857]]]}},{"type":"Feature","properties":{"id":"026_QNR_10","nombre":"VICTORINO LAYNES","comuna":"QUINTA NORMAL","tipo":"Feria","dias":["Miercoles"],"diasAbbr":"Mié","diasTexto":"Miercoles","ubic":"VICTORINO LAYNES ENTRE CATEDRAL Y NUEVA IMPERIAL,","calle":"VICTORIO LAYNEZ","inicio":"9:00","levante":"14:30","puestos":167},"geometry":{"type":"MultiLineString","coordinates":[[[-70.697871,-33.441474],[-70.698191,-33.445627]]]}},{"type":"Feature","properties":{"id":"027_QNR_11","nombre":"ALBERDI","comuna":"QUINTA NORMAL","tipo":"Feria","dias":["Miercoles"],"diasAbbr":"Mié","diasTexto":"Miercoles","ubic":"ALBERDI ENTRE MAPOCHO Y JANAQUEO,","calle":"ALBERDI","inicio":null,"levante":null,"puestos":240},"geometry":{"type":"MultiLineString","coordinates":[[[-70.712291,-33.426867],[-70.712968,-33.429504]]]}},{"type":"Feature","properties":{"id":"028_QNR_12","nombre":"ALSINO","comuna":"QUINTA NORMAL","tipo":"Feria","dias":["Sabado"],"diasAbbr":"Sáb","diasTexto":"Sabado","ubic":"ALSINO ENTRE RADAL Y BOMBERO ROBERTS","calle":"ALSINO","inicio":null,"levante":null,"puestos":423},"geometry":{"type":"MultiLineString","coordinates":[[[-70.708716,-33.425118],[-70.70332,-33.426225]]]}},{"type":"Feature","properties":{"id":"029_QNR_13","nombre":"FRANCISCO JAVIER","comuna":"QUINTA NORMAL","tipo":"Feria","dias":["Martes"],"diasAbbr":"Mar","diasTexto":"Martes","ubic":"FRANCISCO JAVIER ENTRE NUEVA IMPERIAL Y EDWARDS","calle":"FRANCISCO JAVIER","inicio":null,"levante":null,"puestos":34},"geometry":{"type":"MultiLineString","coordinates":[[[-70.693432,-33.444702],[-70.693339,-33.444783],[-70.693563,-33.447927]]]}},{"type":"Feature","properties":{"id":"030_QNR_14","nombre":"JOSE TOBIAS","comuna":"QUINTA NORMAL","tipo":"Feria","dias":["Jueves"],"diasAbbr":"Jue","diasTexto":"Jueves","ubic":"DR JOSE TOBIAS ENTRE OTTOLENGHI Y EMBAJADOR GOMEZ","calle":"DR.JOSE TOBIAS","inicio":null,"levante":null,"puestos":292},"geometry":{"type":"MultiLineString","coordinates":[[[-70.698914,-33.419142],[-70.699172,-33.415776]]]}},{"type":"Feature","properties":{"id":"031_QNR_15","nombre":"MARCELO FITTE","comuna":"QUINTA NORMAL","tipo":"Feria","dias":["Domingo"],"diasAbbr":"Dom","diasTexto":"Domingo","ubic":"MARCELO FITTE ENTRE GONZALO BULNES Y VICTOR HUGO","calle":"DR.MARCELO FITT","inicio":null,"levante":null,"puestos":466},"geometry":{"type":"MultiLineString","coordinates":[[[-70.693007,-33.416817],[-70.69483,-33.417245],[-70.697966,-33.417392]]]}},{"type":"Feature","properties":{"id":"032_QNR_16","nombre":"N2 Transito","comuna":"QUINTA NORMAL","tipo":"Feria","dias":["Viernes"],"diasAbbr":"Vie","diasTexto":"Viernes","ubic":"TRANSITO ENTRE NEPTUNO Y MERCURIO","calle":"TRANSITO","inicio":null,"levante":null,"puestos":326},"geometry":{"type":"MultiLineString","coordinates":[[[-70.716364,-33.434289],[-70.720715,-33.433015]]]}},{"type":"Feature","properties":{"id":"033_SGO_1","nombre":"Aldunate","comuna":"SANTIAGO","tipo":"Feria","dias":["Jueves","Domingo"],"diasAbbr":"Jue, Dom","diasTexto":"Jueves / Domingo","ubic":"ALDUNATE ENTRE COPIAPO Y COQUIMBO","calle":"ALDUNATE","inicio":"9:00","levante":"15:30","puestos":51},"geometry":{"type":"MultiLineString","coordinates":[[[-70.65477,-33.45604],[-70.654545,-33.457791]]]}},{"type":"Feature","properties":{"id":"034_SGO_2","nombre":"Feria Coquimbo","comuna":"SANTIAGO","tipo":"Feria y Persa","dias":["Miercoles","Sabado"],"diasAbbr":"Mié, Sáb","diasTexto":"Miercoles / Sabado","ubic":"Coquimbo entre Nueva de Valdés y San Diego","calle":"COQUIMBO","inicio":"9:00","levante":"15:30","puestos":262},"geometry":{"type":"MultiLineString","coordinates":[[[-70.648689,-33.456799],[-70.647807,-33.456635],[-70.644774,-33.456072]]]}},{"type":"Feature","properties":{"id":"036_SGO_4","nombre":"Gapar de la Barrera","comuna":"SANTIAGO","tipo":"Feria","dias":["Jueves","Domingo"],"diasAbbr":"Jue, Dom","diasTexto":"Jueves / Domingo","ubic":"GASPAR DE LA BARRA ENTRE LOGAVI Y CAMINO MELIPILLA","calle":"STA MARGARITA","inicio":"9:00","levante":"15:30","puestos":94},"geometry":{"type":"MultiLineString","coordinates":[[[-70.676802,-33.467226],[-70.673798,-33.467211]]]}},{"type":"Feature","properties":{"id":"037_SGO_5","nombre":"10 DE JULIO","comuna":"SANTIAGO","tipo":"Feria","dias":["Domingo"],"diasAbbr":"Dom","diasTexto":"Domingo","ubic":"10 DE JULIO ENTRE VICUÑA Y PORTUGAL","calle":"DIEZ DE JULIO","inicio":"9:00","levante":"15:30","puestos":254},"geometry":{"type":"MultiLineString","coordinates":[[[-70.634398,-33.451585],[-70.634278,-33.451634],[-70.632473,-33.451594],[-70.630901,-33.451914]]]}},{"type":"Feature","properties":{"id":"039_SGO_7","nombre":"Martínez de Rosas","comuna":"SANTIAGO","tipo":"Feria y Persa","dias":["Miercoles","Sabado"],"diasAbbr":"Mié, Sáb","diasTexto":"Miercoles / Sabado","ubic":"Martínez de Rosas entre Cumming y Brasil","calle":"MARTINEZ DE ROSAS","inicio":"9:00","levante":"15:30","puestos":329},"geometry":{"type":"MultiLineString","coordinates":[[[-70.669028,-33.433823],[-70.66512,-33.433569],[-70.664999,-33.433559]]]}},{"type":"Feature","properties":{"id":"040_SGO_8","nombre":"PEDRO LAGOS","comuna":"SANTIAGO","tipo":"Feria","dias":["Miercoles","Sabado"],"diasAbbr":"Mié, Sáb","diasTexto":"Miercoles / Sabado","ubic":"PEDRO LAGOS ENTRE CARMEN Y LIRA","calle":"PEDRO LAGOS","inicio":"9:00","levante":"15:30","puestos":147},"geometry":{"type":"MultiLineString","coordinates":[[[-70.637649,-33.464625],[-70.635108,-33.464157]]]}},{"type":"Feature","properties":{"id":"041_SGO_9","nombre":"portales","comuna":"SANTIAGO","tipo":"Feria","dias":["Jueves"],"diasAbbr":"Jue","diasTexto":"Jueves","ubic":"PORTALES ENTRE MAIPÚ Y LIBERTAD","calle":"PORTALES","inicio":"9:00","levante":"15:30","puestos":153},"geometry":{"type":"MultiLineString","coordinates":[[[-70.676337,-33.443323],[-70.675377,-33.443196],[-70.673951,-33.443044]]]}},{"type":"Feature","properties":{"id":"042_SGO_10","nombre":"ESPERANZA","comuna":"SANTIAGO","tipo":"Feria","dias":["Domingo"],"diasAbbr":"Dom","diasTexto":"Domingo","ubic":"ESPERANZA ENTRE AVENIDA PORTALES Y ERASMO ESCALA","calle":"ESPERANZA","inicio":"9:00","levante":"15:30","puestos":509},"geometry":{"type":"MultiLineString","coordinates":[[[-70.675359,-33.443244],[-70.67522,-33.444727],[-70.675084,-33.445852],[-70.675068,-33.445984]]]}},{"type":"Feature","properties":{"id":"043_SGO_11","nombre":"ROBERTO ESPINOZA","comuna":"SANTIAGO","tipo":"Feria","dias":["Miercoles","Sabado"],"diasAbbr":"Mié, Sáb","diasTexto":"Miercoles / Sabado","ubic":"ROBERTO ESPINOZA ENTRE VICTORIA Y PEDRO LAGOS","calle":"ROBERTO ESPINOZA","inicio":"9:00","levante":"15:30","puestos":71},"geometry":{"type":"MultiLineString","coordinates":[[[-70.651923,-33.464093],[-70.651604,-33.466409]]]}},{"type":"Feature","properties":{"id":"044_SGO_12","nombre":"ROMERO","comuna":"SANTIAGO","tipo":"Feria","dias":["Martes","Viernes"],"diasAbbr":"Mar, Vie","diasTexto":"Martes / Viernes","ubic":"ROMERO ENTRE GARCIA REYES Y LIBERTAD","calle":"ROMERO","inicio":"9:00","levante":"17:00","puestos":117},"geometry":{"type":"MultiLineString","coordinates":[[[-70.673261,-33.447711],[-70.671872,-33.447398],[-70.670623,-33.447122],[-70.670529,-33.447075]]]}},{"type":"Feature","properties":{"id":"045_SGO_13","nombre":"SAN AGUSTIN","comuna":"SANTIAGO","tipo":"Feria","dias":["Miercoles","Sabado"],"diasAbbr":"Mié, Sáb","diasTexto":"Miercoles / Sabado","ubic":"SAN AGUSTIN ENTRE BASCUÑAN Y PIZARRO","calle":"SAN AGUSTIN","inicio":"9:00","levante":"17:00","puestos":37},"geometry":{"type":"MultiLineString","coordinates":[[[-70.671568,-33.474415],[-70.670264,-33.474409]]]}},{"type":"Feature","properties":{"id":"046_SGO_14","nombre":"SAN CAMILO","comuna":"SANTIAGO","tipo":"Feria","dias":["Viernes"],"diasAbbr":"Vie","diasTexto":"Viernes","ubic":"SAN CAMILO ENTRE MARIN Y ARGOMEDO","calle":"SAN CAMILO","inicio":"9:00","levante":"17:00","puestos":276},"geometry":{"type":"MultiLineString","coordinates":[[[-70.635,-33.445857],[-70.634042,-33.449319]]]}},{"type":"Feature","properties":{"id":"047_SGO_15","nombre":"VENTURA LAVALLE","comuna":"SANTIAGO","tipo":"Feria","dias":["Martes"],"diasAbbr":"Mar","diasTexto":"Martes","ubic":"VENTURA LAVALLE ENTRE PEDRO LEON UGALDE Y LIRA","calle":"VENTURA LAVALLE","inicio":"9:00","levante":"17:00","puestos":68},"geometry":{"type":"MultiLineString","coordinates":[[[-70.63653,-33.458566],[-70.635982,-33.458457],[-70.634781,-33.458278]]]}},{"type":"Feature","properties":{"id":"038_SGO_6","nombre":"herrera","comuna":"SANTIAGO","tipo":"Feria","dias":["Martes","Viernes"],"diasAbbr":"Mar, Vie","diasTexto":"Martes / Viernes","ubic":"HERRERA ENTRE MAPOCHO Y SAN PABLO","calle":"HERRERA","inicio":"9:00","levante":"15:30","puestos":165},"geometry":{"type":"MultiLineString","coordinates":[[[-70.67832,-33.432779],[-70.678084,-33.435584]]]}},{"type":"Feature","properties":{"id":"048_IDP_1","nombre":"carlos medina","comuna":"INDEPENDENCIA","tipo":"Feria","dias":["Domingo"],"diasAbbr":"Dom","diasTexto":"Domingo","ubic":"alcalde dominguez entre sack y gamero","calle":"ALCALDE DOMINGUEZ","inicio":"8:00","levante":"18:00","puestos":83},"geometry":{"type":"MultiLineString","coordinates":[[[-70.675756,-33.41678],[-70.67739,-33.418497]]]}},{"type":"Feature","properties":{"id":"049_IDP_2","nombre":"COLON","comuna":"INDEPENDENCIA","tipo":"Feria y Persa","dias":["Jueves","Domingo"],"diasAbbr":"Jue, Dom","diasTexto":"Jueves / Domingo","ubic":"CALLE COLON ENTRE LOPEZ DE ALCAZAR Y VIVACETA","calle":"COLON","inicio":"10:00","levante":"16:00","puestos":165},"geometry":{"type":"MultiLineString","coordinates":[[[-70.662196,-33.423332],[-70.659906,-33.422863],[-70.658477,-33.422565]]]}},{"type":"Feature","properties":{"id":"050_IDP_3","nombre":"Cronista Gongora","comuna":"INDEPENDENCIA","tipo":"Feria","dias":["Miercoles","Sabado"],"diasAbbr":"Mié, Sáb","diasTexto":"Miercoles / Sabado","ubic":"Calle Cronista Gongora desde Juliet","calle":"CRONISTA GONGORA","inicio":"8:00","levante":"18:00","puestos":22},"geometry":{"type":"MultiLineString","coordinates":[[[-70.668315,-33.411547],[-70.668347,-33.412484]]]}},{"type":"Feature","properties":{"id":"051_IDP_4","nombre":"El Pino","comuna":"INDEPENDENCIA","tipo":"Feria","dias":["Miercoles","Sabado"],"diasAbbr":"Mié, Sáb","diasTexto":"Miercoles / Sabado","ubic":"Calle el pino entre Salomón Sack y Los Angeles","calle":"EL PINO","inicio":"9:00","levante":"16:00","puestos":126},"geometry":{"type":"MultiLineString","coordinates":[[[-70.666678,-33.422254],[-70.665914,-33.424185]]]}},{"type":"Feature","properties":{"id":"052_IDP_5","nombre":"GUANACO","comuna":"INDEPENDENCIA","tipo":"Feria","dias":["Jueves","Domingo"],"diasAbbr":"Jue, Dom","diasTexto":"Jueves / Domingo","ubic":"CALLE EL GUANACO ENTRE MEXICO Y EINSTEIN","calle":"EL GUANACO","inicio":"8:30","levante":"15:00","puestos":242},"geometry":{"type":"MultiLineString","coordinates":[[[-70.657633,-33.402871],[-70.657158,-33.405337]]]}},{"type":"Feature","properties":{"id":"053_IDP_6","nombre":"Mirador Viejo","comuna":"INDEPENDENCIA","tipo":"Feria y Persa","dias":["Miercoles","Sabado"],"diasAbbr":"Mié, Sáb","diasTexto":"Miercoles / Sabado","ubic":"Calle Las Cañas, entre B de Saravia y Nueva de Matte","calle":"LAS CAÑAS","inicio":"9:00","levante":"16:00","puestos":171},"geometry":{"type":"MultiLineString","coordinates":[[[-70.675626,-33.407344],[-70.674927,-33.408754]]]}},{"type":"Feature","properties":{"id":"054_IDP_7","nombre":"MARURI","comuna":"INDEPENDENCIA","tipo":"Feria","dias":["Martes","Viernes"],"diasAbbr":"Mar, Vie","diasTexto":"Martes / Viernes","ubic":"MARURI ENTRE BEZANILLA Y DGO. SANTA MARIA","calle":"MARURI","inicio":"9:00","levante":"16:00","puestos":216},"geometry":{"type":"MultiLineString","coordinates":[[[-70.660105,-33.414207],[-70.658869,-33.416036],[-70.658728,-33.416614]]]}},{"type":"Feature","properties":{"id":"055_IDP_8","nombre":"enrique sara","comuna":"INDEPENDENCIA","tipo":"Feria","dias":["Martes","Viernes"],"diasAbbr":"Mar, Vie","diasTexto":"Martes / Viernes","ubic":"enrique sara, salomon sack y panamericana norte","calle":"ENRIQUE SORO","inicio":"9:00","levante":"16:00","puestos":80},"geometry":{"type":"MultiLineString","coordinates":[[[-70.674703,-33.421301],[-70.672425,-33.418851]]]}},{"type":"Feature","properties":{"id":"056_RNC_1","nombre":"DORSAL","comuna":"RENCA","tipo":"Feria y Persa","dias":["Sabado"],"diasAbbr":"Sáb","diasTexto":"Sabado","ubic":"J.M. BALMACEDA ENTRE CAUPÓLICAN Y CHERCÁN /","calle":"J.M.BALMACEDA","inicio":"8:30","levante":"15:30","puestos":178},"geometry":{"type":"MultiLineString","coordinates":[[[-70.701326,-33.403216],[-70.701087,-33.403185],[-70.699987,-33.403268]]]}},{"type":"Feature","properties":{"id":"057_RNC_2","nombre":"MANUEL RODRIGUEZ","comuna":"RENCA","tipo":"Feria","dias":["Miercoles"],"diasAbbr":"Mié","diasTexto":"Miercoles","ubic":"MANUEL RODRIGUEZ ENTRE RIO HUASCO Y RIO TOLTEN /","calle":"MANUEL RODRIGUEZ","inicio":"8:30","levante":"15:30","puestos":25},"geometry":{"type":"MultiLineString","coordinates":[[[-70.723155,-33.396131],[-70.723321,-33.395714]]]}},{"type":"Feature","properties":{"id":"058_RNC_3","nombre":"LOS ACACIOS","comuna":"RENCA","tipo":"Feria","dias":["Jueves","Domingo"],"diasAbbr":"Jue, Dom","diasTexto":"Jueves / Domingo","ubic":"LOS ACACIOS ENTRE LOS AROMOS Y PASAJE RUBÍ /","calle":"LOS ACACIOS","inicio":"8:30","levante":"15:30","puestos":256},"geometry":{"type":"MultiLineString","coordinates":[[[-70.692352,-33.407811],[-70.691792,-33.406649],[-70.691524,-33.404058]]]}},{"type":"Feature","properties":{"id":"059_RNC_4","nombre":"HUAMACHUCO 1","comuna":"RENCA","tipo":"Feria","dias":["Martes","Viernes"],"diasAbbr":"Mar, Vie","diasTexto":"Martes / Viernes","ubic":"LOS CLARINES DESDE MARGARITAS /","calle":"LOS CLARINES","inicio":"8:30","levante":"15:30","puestos":211},"geometry":{"type":"MultiLineString","coordinates":[[[-70.699276,-33.400837],[-70.700118,-33.399539],[-70.700884,-33.3983]]]}},{"type":"Feature","properties":{"id":"060_RNC_5","nombre":"HUAMACHUCO 2","comuna":"RENCA","tipo":"Feria","dias":["Miercoles","Sabado"],"diasAbbr":"Mié, Sáb","diasTexto":"Miercoles / Sabado","ubic":"LAS MARGARITAS ENTRE PUERTO MONTT Y LOS GIRASOLES /","calle":"LAS MARGARITAS","inicio":"8:30","levante":"15:30","puestos":133},"geometry":{"type":"MultiLineString","coordinates":[[[-70.697708,-33.39372],[-70.697981,-33.394703]]]}},{"type":"Feature","properties":{"id":"061_RNC_6","nombre":"Colo Colo","comuna":"RENCA","tipo":"Feria","dias":["Jueves","Domingo"],"diasAbbr":"Jue, Dom","diasTexto":"Jueves / Domingo","ubic":"COLO-COLO ENTRE PRAT Y FREIRE /","calle":"COLO COLO","inicio":"8:30","levante":"15:30","puestos":459},"geometry":{"type":"MultiLineString","coordinates":[[[-70.726333,-33.401099],[-70.72483,-33.404633]]]}},{"type":"Feature","properties":{"id":"062_RNC_7","nombre":"LOURDES","comuna":"RENCA","tipo":"Feria","dias":["Martes","Viernes"],"diasAbbr":"Mar, Vie","diasTexto":"Martes / Viernes","ubic":"DIEGO PORTALES ENTRE CARRERA PINTO Y MONTT VARAS /","calle":"DIEGO PORTALES","inicio":"8:30","levante":"15:30","puestos":139},"geometry":{"type":"MultiLineString","coordinates":[[[-70.712027,-33.401346],[-70.710796,-33.401521],[-70.710713,-33.40151]]]}},{"type":"Feature","properties":{"id":"063_RNC_8","nombre":"CONDELL","comuna":"RENCA","tipo":"Feria y Persa","dias":["Miercoles","Sabado"],"diasAbbr":"Mié, Sáb","diasTexto":"Miercoles / Sabado","ubic":"CONDELL ENTRE J.M. INFANTE Y ESPINO /","calle":"AV.CONDEL","inicio":"8:30","levante":"15:30","puestos":429},"geometry":{"type":"MultiLineString","coordinates":[[[-70.727631,-33.406558],[-70.724447,-33.409061]]]}},{"type":"Feature","properties":{"id":"064_RNC_9","nombre":"BULNES","comuna":"RENCA","tipo":"Feria y Persa","dias":["Miercoles","Sabado"],"diasAbbr":"Mié, Sáb","diasTexto":"Miercoles / Sabado","ubic":"BARROS ARANA DESDE SANTIAGO ALDUNATE","calle":"BARROS ARANA","inicio":"8:30","levante":"15:30","puestos":166},"geometry":{"type":"MultiLineString","coordinates":[[[-70.686384,-33.413819],[-70.68577,-33.415861]]]}},{"type":"Feature","properties":{"id":"065_RNC_10","nombre":"PELLUHUE","comuna":"RENCA","tipo":"Feria","dias":["Martes","Viernes","Domingo"],"diasAbbr":"Mar, Vie, Dom","diasTexto":"Martes / Viernes / Domingo","ubic":"PELLUHUE ENTRE J.C. INFANTE Y TOPOCALMA","calle":"PELLUHUE","inicio":"8:30","levante":"15.30","puestos":515},"geometry":{"type":"MultiLineString","coordinates":[[[-70.734456,-33.406854],[-70.734521,-33.407789],[-70.734169,-33.409957]]]}},{"type":"Feature","properties":{"id":"066_RNC_11","nombre":"CHILECTRA","comuna":"RENCA","tipo":"Feria","dias":["Miercoles","Sabado"],"diasAbbr":"Mié, Sáb","diasTexto":"Miercoles / Sabado","ubic":"NICANOR FAJARDO ENTRE SANTA MARIA Y COSTANERA NORTE","calle":"NICANOR FAJARDO","inicio":"8:30","levante":"15:30","puestos":447},"geometry":{"type":"MultiLineString","coordinates":[[[-70.70954,-33.404801],[-70.708477,-33.406871],[-70.708255,-33.40742]]]}},{"type":"Feature","properties":{"id":"067_RNC_12","nombre":"V. MACKENNA","comuna":"RENCA","tipo":"Feria y Persa","dias":["Jueves","Domingo"],"diasAbbr":"Jue, Dom","diasTexto":"Jueves / Domingo","ubic":"V. MACKENNA ENTRE J.M. INFANTE Y MIRAFLORES","calle":"V.MACKENNA","inicio":"8:30","levante":"15:30","puestos":425},"geometry":{"type":"MultiLineString","coordinates":[[[-70.74541,-33.40561],[-70.744758,-33.404353],[-70.744741,-33.404119],[-70.744749,-33.403914],[-70.745159,-33.402954]]]}},{"type":"Feature","properties":{"id":"068_RCT_1","nombre":"Arzobispo Valdivieso","comuna":"RECOLETA","tipo":"Feria y Persa","dias":["Viernes"],"diasAbbr":"Vie","diasTexto":"Viernes","ubic":"Calle Arzobispo Valdivieso, entre Alicante y 8 Norte","calle":"ARZOBISPO VALDIVIESO","inicio":"8:30","levante":"15:00","puestos":203},"geometry":{"type":"MultiLineString","coordinates":[[[-70.630581,-33.411514],[-70.628963,-33.411359],[-70.627181,-33.411149]]]}},{"type":"Feature","properties":{"id":"069_RCT_2","nombre":"HEROES DE LA CONCEPCCION","comuna":"RECOLETA","tipo":"Feria","dias":["Sabado"],"diasAbbr":"Sáb","diasTexto":"Sabado","ubic":"CALLE HEROES DE LA CONCEPCCION","calle":"HEROES DE LA CONCEPC","inicio":"9:00","levante":"15:00","puestos":594},"geometry":{"type":"MultiLineString","coordinates":[[[-70.627471,-33.401999],[-70.623465,-33.40093]]]}},{"type":"Feature","properties":{"id":"070_RCT_3","nombre":"raquel","comuna":"RECOLETA","tipo":"Feria y Persa","dias":["Viernes"],"diasAbbr":"Vie","diasTexto":"Viernes","ubic":"calle raquel entre recoleta y campiño","calle":"RAQUEL","inicio":"8:30","levante":"16:00","puestos":409},"geometry":{"type":"MultiLineString","coordinates":[[[-70.642838,-33.400346],[-70.641421,-33.400394],[-70.636388,-33.401453],[-70.63633,-33.401474]]]}},{"type":"Feature","properties":{"id":"071_RCT_4","nombre":"Zapadores","comuna":"RECOLETA","tipo":"Feria y Persa","dias":["Jueves"],"diasAbbr":"Jue","diasTexto":"Jueves","ubic":"Calle San José, entre Luis Antonio Vergara y Sta Mónica","calle":"SAN JOSE","inicio":null,"levante":null,"puestos":43},"geometry":{"type":"MultiLineString","coordinates":[[[-70.630921,-33.397323],[-70.631191,-33.398099],[-70.631203,-33.398099]]]}},{"type":"Feature","properties":{"id":"072_RCT_5","nombre":"sin nombre","comuna":"RECOLETA","tipo":"Feria y Persa","dias":["Sabado"],"diasAbbr":"Sáb","diasTexto":"Sabado","ubic":"calle el roble, entre recoleta y aurelio diaz meza","calle":"EL ROBLE","inicio":"8:30","levante":"15:00","puestos":597},"geometry":{"type":"MultiLineString","coordinates":[[[-70.640972,-33.406428],[-70.635113,-33.406273]]]}},{"type":"Feature","properties":{"id":"073_RCT_6","nombre":"sin nombre","comuna":"RECOLETA","tipo":"Feria y Persa","dias":["Domingo"],"diasAbbr":"Dom","diasTexto":"Domingo","ubic":"calle la serena entre josé miguel carrera y recoleta","calle":"LA SERENA","inicio":"8:30","levante":"15:00","puestos":734},"geometry":{"type":"MultiLineString","coordinates":[[[-70.64953,-33.395125],[-70.642696,-33.395374]]]}},{"type":"Feature","properties":{"id":"074_RCT_7","nombre":"Sin Nombre","comuna":"RECOLETA","tipo":"Feria y Persa","dias":["Jueves"],"diasAbbr":"Jue","diasTexto":"Jueves","ubic":"Calle San José entre Zapadores y Pedro Donoso","calle":"SAN JOSE","inicio":"8:30","levante":"15:00","puestos":543},"geometry":{"type":"MultiLineString","coordinates":[[[-70.629644,-33.395143],[-70.630766,-33.396895],[-70.631411,-33.398774]]]}},{"type":"Feature","properties":{"id":"075_RCT_8","nombre":"Sin Nombre","comuna":"RECOLETA","tipo":"Feria","dias":["Jueves"],"diasAbbr":"Jue","diasTexto":"Jueves","ubic":"Calle Eisnten entre Manuel Roriguez y el Ebro","calle":"EINSTEIN","inicio":"8:30","levante":"15:00","puestos":125},"geometry":{"type":"MultiLineString","coordinates":[[[-70.629272,-33.406461],[-70.626678,-33.406775]]]}},{"type":"Feature","properties":{"id":"077_RCT_9","nombre":"sin nombre","comuna":"RECOLETA","tipo":"Feria y Persa","dias":["Martes","Domingo"],"diasAbbr":"Mar, Dom","diasTexto":"Martes / Domingo","ubic":"zapadores entre recoleta y carrera","calle":"ZAPADORES","inicio":null,"levante":null,"puestos":1180},"geometry":{"type":"MultiLineString","coordinates":[[[-70.642429,-33.39096],[-70.648444,-33.38808]]]}},{"type":"Feature","properties":{"id":"078_RCT_10","nombre":"Sin Nombre","comuna":"RECOLETA","tipo":"Persa","dias":["Sabado"],"diasAbbr":"Sáb","diasTexto":"Sabado","ubic":"Calle Zapadores entre Recoleta y Guanaco","calle":"ZAPADORES","inicio":null,"levante":null,"puestos":2000},"geometry":{"type":"MultiLineString","coordinates":[[[-70.64248,-33.390953],[-70.649294,-33.387723],[-70.64997,-33.387505],[-70.65049,-33.387403],[-70.657194,-33.386819]]]}},{"type":"Feature","properties":{"id":"079_CCH_1","nombre":"Abraham Lincoln","comuna":"CONCHALI","tipo":"Feria y Persa","dias":["Domingo"],"diasAbbr":"Dom","diasTexto":"Domingo","ubic":"Abraham Lincoln entre El Pino y El Cortijo, El Cortijo hasta Baron de Juras Reales","calle":"ABRAHAM LINCOLN","inicio":"9:00","levante":"15:00","puestos":749},"geometry":{"type":"MultiLineString","coordinates":[[[-70.685923,-33.378442],[-70.685294,-33.38076]]]}},{"type":"Feature","properties":{"id":"080_CCH_2","nombre":"Alberto González","comuna":"CONCHALI","tipo":"Feria y Persa","dias":["Domingo"],"diasAbbr":"Dom","diasTexto":"Domingo","ubic":"Alberto Gonzalez entre Ignacio Carrera Pinto y Zapadores","calle":"ALBERTO GONZALEZ","inicio":"9:00","levante":"15:00","puestos":1132},"geometry":{"type":"MultiLineString","coordinates":[[[-70.668461,-33.379666],[-70.668237,-33.380818],[-70.666849,-33.386257]]]}},{"type":"Feature","properties":{"id":"081_CCH_3","nombre":"cardenal caro","comuna":"CONCHALI","tipo":"Feria","dias":["Martes"],"diasAbbr":"Mar","diasTexto":"Martes","ubic":"calle cardenal caro entre independencia y estocolmo psje 12","calle":"CARDENAL CARO","inicio":null,"levante":null,"puestos":793},"geometry":{"type":"MultiLineString","coordinates":[[[-70.686376,-33.37367],[-70.684299,-33.372872],[-70.681807,-33.37368]]]}},{"type":"Feature","properties":{"id":"082_CCH_4","nombre":"El Guanaco","comuna":"CONCHALI","tipo":"Feria y Persa","dias":["Viernes"],"diasAbbr":"Vie","diasTexto":"Viernes","ubic":"El Guanaco entre Los Zapadores y Las Vertientes","calle":"EL GUANACO","inicio":"9:00","levante":"15:00","puestos":1316},"geometry":{"type":"MultiLineString","coordinates":[[[-70.657603,-33.380624],[-70.657559,-33.380766],[-70.657523,-33.382096],[-70.657319,-33.384306],[-70.657172,-33.385482],[-70.657119,-33.386735]]]}},{"type":"Feature","properties":{"id":"083_CCH_5","nombre":"El Pino","comuna":"CONCHALI","tipo":"Feria y Persa","dias":["Viernes"],"diasAbbr":"Vie","diasTexto":"Viernes","ubic":"El Pino entre Independencia y Quilicura","calle":"EL PINO","inicio":"9:00","levante":"15:00","puestos":264},"geometry":{"type":"MultiLineString","coordinates":[[[-70.681724,-33.382955],[-70.681833,-33.383028],[-70.683765,-33.383638]]]}},{"type":"Feature","properties":{"id":"084_CCH_6","nombre":"Barón Juras Reales 4","comuna":"CONCHALI","tipo":"Feria y Persa","dias":["Martes"],"diasAbbr":"Mar","diasTexto":"Martes","ubic":"Calle Baron Juras Reales entre Parral y Norte","calle":"BN. JURAS REALES","inicio":null,"levante":null,"puestos":170},"geometry":{"type":"MultiLineString","coordinates":[[[-70.684915,-33.38804],[-70.68373,-33.390438]]]}},{"type":"Feature","properties":{"id":"085_CCH_7","nombre":"independencia","comuna":"CONCHALI","tipo":"Feria y Persa","dias":["Sabado"],"diasAbbr":"Sáb","diasTexto":"Sabado","ubic":"Calle Independencia entre Jose Maria Caro y Cuzco","calle":"INDEPENDENCIA","inicio":"10:30","levante":"15:00","puestos":493},"geometry":{"type":"MultiLineString","coordinates":[[[-70.686515,-33.373667],[-70.687983,-33.371034],[-70.689003,-33.368149]]]}},{"type":"Feature","properties":{"id":"086_CCH_8","nombre":"jose maria caro","comuna":"CONCHALI","tipo":"Feria y Persa","dias":["Domingo"],"diasAbbr":"Dom","diasTexto":"domingo (antes jueves)","ubic":"Calle Jose Maria Caro entre Independencia y Julio Montt","calle":"JOSE MARIA CARO","inicio":"9:00","levante":"15:00","puestos":236},"geometry":{"type":"MultiLineString","coordinates":[[[-70.688057,-33.37389],[-70.691135,-33.373982]]]}},{"type":"Feature","properties":{"id":"087_CCH_9","nombre":"teniente ponce","comuna":"CONCHALI","tipo":"Feria y Persa","dias":["Martes"],"diasAbbr":"Mar","diasTexto":"Martes","ubic":"Calle Jose Maria caro entre Marsella y Granada","calle":"JOSE MARIA CARO","inicio":"9:00","levante":"16:00","puestos":309},"geometry":{"type":"MultiLineString","coordinates":[[[-70.68474,-33.373092],[-70.684284,-33.372921],[-70.680885,-33.374061]]]}},{"type":"Feature","properties":{"id":"088_CCH_10","nombre":"Baron de Juras Reales 2","comuna":"CONCHALI","tipo":"Feria y Persa","dias":["Sabado"],"diasAbbr":"Sáb","diasTexto":"Sabado","ubic":"Calle Baron de Juras Reales entre El Olivo y Norte","calle":"BN. JURAS REALES","inicio":"10:00","levante":"15:30","puestos":1052},"geometry":{"type":"MultiLineString","coordinates":[[[-70.683652,-33.390507],[-70.683112,-33.391597],[-70.683127,-33.392397],[-70.683101,-33.392642],[-70.6824,-33.393774]]]}},{"type":"Feature","properties":{"id":"089_CCH_11","nombre":"Monterrey","comuna":"CONCHALI","tipo":"Feria y Persa","dias":["Miercoles"],"diasAbbr":"Mié","diasTexto":"Miercoles","ubic":"Viena entre Primavera y Costa Rica. Costa Rica entre Viena y Santa Ines","calle":"VIENA","inicio":"9:00","levante":"15:00","puestos":511},"geometry":{"type":"MultiLineString","coordinates":[[[-70.679319,-33.39964],[-70.674588,-33.397905]]]}},{"type":"Feature","properties":{"id":"090_CCH_12","nombre":"nahuelbuta","comuna":"CONCHALI","tipo":"Feria y Persa","dias":["Jueves"],"diasAbbr":"Jue","diasTexto":"Jueves","ubic":"Calle Nahuelbuta entre Independencia y Pedro Fontova","calle":"NAHUELBUTA","inicio":"9:00","levante":"15:00","puestos":1320},"geometry":{"type":"MultiLineString","coordinates":[[[-70.683225,-33.380018],[-70.679597,-33.380611],[-70.678888,-33.380693],[-70.678033,-33.380704],[-70.676437,-33.380735]]]}},{"type":"Feature","properties":{"id":"091_CCH_13","nombre":"Sandra","comuna":"CONCHALI","tipo":"Feria y Persa","dias":["Martes"],"diasAbbr":"Mar","diasTexto":"Martes","ubic":"Calle Sandra entre Catalina y Noemi","calle":"SANDRA","inicio":"9:00","levante":"15:00","puestos":268},"geometry":{"type":"MultiLineString","coordinates":[[[-70.666959,-33.381866],[-70.665864,-33.381657],[-70.662397,-33.381729]]]}},{"type":"Feature","properties":{"id":"092_HCH_1","nombre":"huechuraba","comuna":"HUECHURABA","tipo":"Feria y Persa","dias":["Miercoles","Sabado"],"diasAbbr":"Mié, Sáb","diasTexto":"Miercoles / Sabado","ubic":"PABLO NERUDA ENTRE EL PINCOY Y JACARANDA","calle":"PABLO NERUDA","inicio":"9:00","levante":"15:30","puestos":1094},"geometry":{"type":"MultiLineString","coordinates":[[[-70.62972,-33.364131],[-70.633568,-33.368926],[-70.634501,-33.368701]]]}},{"type":"Feature","properties":{"id":"093_HCH_2","nombre":"Sin Nombre","comuna":"HUECHURABA","tipo":"Feria","dias":["Martes"],"diasAbbr":"Mar","diasTexto":"Martes","ubic":"Calle J.J Aguirre entre Reinaldo Prado y Progreso","calle":"J.J.AGUIRRE LUCO","inicio":null,"levante":null,"puestos":175},"geometry":{"type":"MultiLineString","coordinates":[[[-70.644443,-33.376517],[-70.643093,-33.376896]]]}},{"type":"Feature","properties":{"id":"094_HCH_3","nombre":"Sin nombre","comuna":"HUECHURABA","tipo":"Feria y Persa","dias":["Domingo"],"diasAbbr":"Dom","diasTexto":"Domingo","ubic":"Calle Bosque Santiago entre Recoleta y Las Aralias","calle":"BOSQUE SANTIAGO","inicio":null,"levante":null,"puestos":1066},"geometry":{"type":"MultiLineString","coordinates":[[[-70.636699,-33.374241],[-70.63643,-33.374129],[-70.636242,-33.374091],[-70.636086,-33.374087],[-70.635739,-33.374161],[-70.634682,-33.374522],[-70.633384,-33.374961]]]}},{"type":"Feature","properties":{"id":"095_QLC_1","nombre":"Las Violetas","comuna":"QUILICURA","tipo":"Feria","dias":["Jueves","Domingo"],"diasAbbr":"Jue, Dom","diasTexto":"Jueves / Domingo","ubic":"Calle Toconce, entre Caspana y San Luis","calle":"SAN LUIS","inicio":"9:00","levante":"16.00","puestos":467},"geometry":{"type":"MultiLineString","coordinates":[[[-70.742796,-33.365963],[-70.742884,-33.366276],[-70.743052,-33.366823],[-70.743256,-33.367463],[-70.743411,-33.367885]]]}},{"type":"Feature","properties":{"id":"096_QLC_2","nombre":"Lo Marcoleta","comuna":"QUILICURA","tipo":"Feria y Persa","dias":["Viernes"],"diasAbbr":"Vie","diasTexto":"Viernes","ubic":"Calle Lo Marcoleta entre Bernardo O´Higgins y Santa Luisa","calle":"LO MARCOLETA","inicio":"9:00","levante":"14:00","puestos":401},"geometry":{"type":"MultiLineString","coordinates":[[[-70.729229,-33.357816],[-70.733883,-33.357919]]]}},{"type":"Feature","properties":{"id":"097_QLC_3","nombre":"MARCOLETA 2","comuna":"QUILICURA","tipo":"Feria y Persa","dias":["Martes"],"diasAbbr":"Mar","diasTexto":"Martes","ubic":"CALLE LO MARCOLETA DESDE AFRICA Y STA. LAURA","calle":"LO MARCOLETA","inicio":"9:00","levante":"16:00","puestos":258},"geometry":{"type":"MultiLineString","coordinates":[[[-70.746381,-33.360426],[-70.740925,-33.359092]]]}},{"type":"Feature","properties":{"id":"098_QLC_4","nombre":"Raúl Silva Henriquez","comuna":"QUILICURA","tipo":"Feria y Persa","dias":["Miercoles"],"diasAbbr":"Mié","diasTexto":"Miercoles","ubic":"Calle Marcoleta entre San Luis y Parroquia Jesus Obrero","calle":"LO MARCOLETA","inicio":null,"levante":null,"puestos":640},"geometry":{"type":"MultiLineString","coordinates":[[[-70.756376,-33.362145],[-70.754022,-33.361763]]]}},{"type":"Feature","properties":{"id":"099_QLC_5","nombre":"Villa Santa Luisa","comuna":"QUILICURA","tipo":"Feria","dias":["Martes","Viernes"],"diasAbbr":"Mar, Vie","diasTexto":"Martes / Viernes","ubic":"Santa Luisa entre Matta y Los Platanos","calle":"M.A.MATTA","inicio":"9:00","levante":"15:00","puestos":144},"geometry":{"type":"MultiLineString","coordinates":[[[-70.736328,-33.36215],[-70.736928,-33.363132]]]}},{"type":"Feature","properties":{"id":"100_QLC_6","nombre":"Villa Sodimac","comuna":"QUILICURA","tipo":"Feria y Persa","dias":["Jueves"],"diasAbbr":"Jue","diasTexto":"Jueves","ubic":"Calle Septimo de Linea, entre Matta y Los Maitenes","calle":"7 DE LINEA","inicio":"9:30","levante":"15:00","puestos":271},"geometry":{"type":"MultiLineString","coordinates":[[[-70.713672,-33.366788],[-70.714096,-33.36545],[-70.713929,-33.363719]]]}},{"type":"Feature","properties":{"id":"101_QLC_7","nombre":"sin nombre","comuna":"QUILICURA","tipo":"Feria","dias":["Domingo"],"diasAbbr":"Dom","diasTexto":"Domingo","ubic":"SAN ENRIQUE DESDE M.A. MATTA","calle":"SAN ENRIQUE","inicio":"9:30","levante":"15:00","puestos":563},"geometry":{"type":"MultiLineString","coordinates":[[[-70.741235,-33.366156],[-70.741399,-33.365938],[-70.741643,-33.365611],[-70.741854,-33.365328],[-70.742115,-33.36498],[-70.742389,-33.36459],[-70.742781,-33.363978],[-70.743396,-33.363012],[-70.743527,-33.362808],[-70.744165,-33.36181],[-70.744568,-33.361151],[-70.745073,-33.360359],[-70.745108,-33.360288]]]}},{"type":"Feature","properties":{"id":"102_QLC_8","nombre":"sin nombre","comuna":"QUILICURA","tipo":"Feria y Persa","dias":["Martes","Viernes"],"diasAbbr":"Mar, Vie","diasTexto":"Martes / Viernes","ubic":"calle del trigal","calle":"LO MARCOLETA","inicio":null,"levante":null,"puestos":173},"geometry":{"type":"MultiLineString","coordinates":[[[-70.730598,-33.357716],[-70.730662,-33.355958]]]}},{"type":"Feature","properties":{"id":"103_QLC_9","nombre":"sin nombre","comuna":"QUILICURA","tipo":"Feria","dias":["Domingo"],"diasAbbr":"Dom","diasTexto":"Domingo","ubic":"CARAMPAGUE DESDE OSVALDO LIRA","calle":"CARAMPANGUE","inicio":"9:30","levante":"15:00","puestos":644},"geometry":{"type":"MultiLineString","coordinates":[[[-70.720243,-33.368181],[-70.718834,-33.368485]]]}},{"type":"Feature","properties":{"id":"104_QLC_10","nombre":"sin nombre","comuna":"QUILICURA","tipo":"Feria y Persa","dias":["Miercoles"],"diasAbbr":"Mié","diasTexto":"Miercoles","ubic":"Calle Las Torres entre Ramón Rosales y Filomena Gárate","calle":"LAS TORRES","inicio":"9:30","levante":"15:00","puestos":175},"geometry":{"type":"MultiLineString","coordinates":[[[-70.721014,-33.370271],[-70.721525,-33.371103]]]}},{"type":"Feature","properties":{"id":"105_MCL_1","nombre":"Santa Carolina","comuna":"MACUL","tipo":"Feria","dias":["Domingo"],"diasAbbr":"Dom","diasTexto":"Domingo","ubic":"Calle Castillo Urizar entre Los Platanos y Quilín","calle":"CASTILLO URIZAR","inicio":"8:00/9:00","levante":"15:00","puestos":15},"geometry":{"type":"MultiLineString","coordinates":[[[-70.609194,-33.482513],[-70.609011,-33.48499]]]}},{"type":"Feature","properties":{"id":"106_MCL_2","nombre":"Ramón Cruz","comuna":"MACUL","tipo":"Feria y Persa","dias":["Martes","Viernes"],"diasAbbr":"Mar, Vie","diasTexto":"Martes / Viernes","ubic":"Amanda Labarca / Esquina Ramón Cruz","calle":"AMANDA LABARCA","inicio":"8:00/9:00","levante":"15:00","puestos":220},"geometry":{"type":"MultiLineString","coordinates":[[[-70.584407,-33.47356],[-70.584495,-33.473929],[-70.581704,-33.474439]]]}},{"type":"Feature","properties":{"id":"107_MCL_3","nombre":"Juan Pinto Durán","comuna":"MACUL","tipo":"Feria y Persa","dias":["Jueves","Domingo"],"diasAbbr":"Jue, Dom","diasTexto":"Jueves /Domingo","ubic":"El Líbano desde Macul","calle":"EL LIBANO","inicio":"8:00/9:00","levante":"15:00","puestos":218},"geometry":{"type":"MultiLineString","coordinates":[[[-70.594072,-33.501956],[-70.593568,-33.501716],[-70.593242,-33.501384],[-70.593017,-33.501006],[-70.59249,-33.49939]]]}},{"type":"Feature","properties":{"id":"108_MCL_4","nombre":"Los tres Antonios","comuna":"MACUL","tipo":"Feria y Persa","dias":["Miercoles"],"diasAbbr":"Mié","diasTexto":"Miercoles","ubic":"Tres Antonios con Camino Agrícola","calle":"LOS TRES ANTONIOS","inicio":"8:00/9:00","levante":"15:00","puestos":222},"geometry":{"type":"MultiLineString","coordinates":[[[-70.60465,-33.48683],[-70.604724,-33.488863],[-70.604709,-33.48947],[-70.604795,-33.490439]]]}},{"type":"Feature","properties":{"id":"109_MCL_5","nombre":"Santa Julia","comuna":"MACUL","tipo":"Feria","dias":["Sabado"],"diasAbbr":"Sáb","diasTexto":"Sabado","ubic":"Calle Santa Julia entre Rodrigo de Araya y pasaje Aucopujo","calle":"STA.JULIA","inicio":"8:00/9:00","levante":"15:00","puestos":1020},"geometry":{"type":"MultiLineString","coordinates":[[[-70.592062,-33.47387],[-70.5923,-33.475743]]]}},{"type":"Feature","properties":{"id":"110_MCL_6","nombre":"Las Codornices","comuna":"MACUL","tipo":"Feria y Persa","dias":["Jueves","Domingo"],"diasAbbr":"Jue, Dom","diasTexto":"Jueves /Domingo","ubic":"Las Cordornices entre Missouri y Los Milanos","calle":"LAS CODORNICES","inicio":"8:00/9:00","levante":"15:00","puestos":72},"geometry":{"type":"MultiLineString","coordinates":[[[-70.592927,-33.505481],[-70.592167,-33.505593]]]}},{"type":"Feature","properties":{"id":"111_MCL_7","nombre":"Universidad Catolica","comuna":"MACUL","tipo":"Feria y Persa","dias":["Jueves","Domingo"],"diasAbbr":"Jue, Dom","diasTexto":"Jueves /Domingo","ubic":"Los Platanos entre Siria y Ramon Cruz","calle":"LOS PLATANOS","inicio":"8:00/9:00","levante":"15:00","puestos":71},"geometry":{"type":"MultiLineString","coordinates":[[[-70.585911,-33.483395],[-70.584635,-33.483758]]]}},{"type":"Feature","properties":{"id":"112_MCL_8","nombre":"Modelo Quilín","comuna":"MACUL","tipo":"Feria y Persa","dias":["Martes","Sabado"],"diasAbbr":"Mar, Sáb","diasTexto":"Martes / Sabado","ubic":"Avenida Quilín entre Los Apóstoles y Los Evangelistas","calle":"AV.QUILIN","inicio":"8:00/9:00","levante":"15:00","puestos":110},"geometry":{"type":"MultiLineString","coordinates":[[[-70.5857,-33.488048],[-70.584878,-33.488324]]]}},{"type":"Feature","properties":{"id":"113_MCL_9","nombre":"Villa Santa Elena","comuna":"MACUL","tipo":"Feria y Persa","dias":["Martes","Viernes"],"diasAbbr":"Mar, Vie","diasTexto":"Martes / Viernes","ubic":"Maratón con Colo Colo","calle":"AV MARATON","inicio":"8:00/9:00","levante":"15:00","puestos":24},"geometry":{"type":"MultiLineString","coordinates":[[[-70.607551,-33.505189],[-70.607165,-33.504725],[-70.606983,-33.504837]]]}},{"type":"Feature","properties":{"id":"114_PÑL_1","nombre":"El Parral","comuna":"PEÑALOLEN","tipo":"Feria y Persa","dias":["Jueves","Domingo"],"diasAbbr":"Jue, Dom","diasTexto":"Jueves / Domingo","ubic":"Av. El Valle entre Caracas, Santa Maria, Ceminolas","calle":"AV.EL VALLE","inicio":"9:00","levante":"14:30/15:30","puestos":1043},"geometry":{"type":"MultiLineString","coordinates":[[[-70.565742,-33.478058],[-70.567575,-33.477653],[-70.568154,-33.477244],[-70.571803,-33.476479]],[[-70.568032,-33.477321],[-70.567613,-33.4759]]]}},{"type":"Feature","properties":{"id":"115_PÑL_2","nombre":"San Luis","comuna":"PEÑALOLEN","tipo":"Feria y Persa","dias":["Miercoles"],"diasAbbr":"Mié","diasTexto":"Miercoles","ubic":"Av. San Luis entre Los Talladores y Los Arrieros","calle":"AV.SAN LUIS","inicio":"9:00","levante":"14:30","puestos":203},"geometry":{"type":"MultiLineString","coordinates":[[[-70.569003,-33.507481],[-70.567255,-33.507723]]]}},{"type":"Feature","properties":{"id":"116_PÑL_3","nombre":"Los Presidentes","comuna":"PEÑALOLEN","tipo":"Feria","dias":["Miercoles","Sabado"],"diasAbbr":"Mié, Sáb","diasTexto":"Miercoles / Sabado","ubic":"Calle Caracas entre Bolivar y Los Presidentes","calle":"CARACAS","inicio":"9:00","levante":"14:30/15:30","puestos":249},"geometry":{"type":"MultiLineString","coordinates":[[[-70.567683,-33.483276],[-70.566707,-33.481161]]]}},{"type":"Feature","properties":{"id":"117_PÑL_4","nombre":"Departamental","comuna":"PEÑALOLEN","tipo":"Feria","dias":["Jueves","Domingo"],"diasAbbr":"Jue, Dom","diasTexto":"Jueves / Domingo","ubic":"Calle Departamntal entre Los Cerezos y Los Talladores","calle":"DEPARTAMENTAL","inicio":"9:00","levante":"14:30/15:30","puestos":802},"geometry":{"type":"MultiLineString","coordinates":[[[-70.569618,-33.511227],[-70.573866,-33.51089],[-70.576057,-33.510687]]]}},{"type":"Feature","properties":{"id":"118_PÑL_5","nombre":"Ictinos","comuna":"PEÑALOLEN","tipo":"Feria y Persa","dias":["Sabado"],"diasAbbr":"Sáb","diasTexto":"Sabado","ubic":"Calle Ictinos entre Grecia y Av. Oriental","calle":"ICTINOS","inicio":"9:00","levante":"15:30","puestos":2346},"geometry":{"type":"MultiLineString","coordinates":[[[-70.5628,-33.471761],[-70.560886,-33.466982]]]}},{"type":"Feature","properties":{"id":"119_PÑL_6","nombre":"jose arrieta","comuna":"PEÑALOLEN","tipo":"Feria y Persa","dias":["Jueves","Domingo"],"diasAbbr":"Jue, Dom","diasTexto":"Jueves / Domingo","ubic":"calle jose arrieta desde tobalaba","calle":"JOSE ARRIETA","inicio":"9:00","levante":"14:30/15:30","puestos":795},"geometry":{"type":"MultiLineString","coordinates":[[[-70.559964,-33.464673],[-70.559833,-33.464293],[-70.559843,-33.462559],[-70.551639,-33.462638]]]}},{"type":"Feature","properties":{"id":"120_PÑL_7","nombre":"Las Perdices","comuna":"PEÑALOLEN","tipo":"Feria y Persa","dias":["Martes","Viernes"],"diasAbbr":"Mar, Vie","diasTexto":"Martes / Viernes","ubic":"Calle Las Perdices entre Los Baqueanos y Roca Viva","calle":"LAS PERDICES","inicio":"9:00","levante":"16:00","puestos":545},"geometry":{"type":"MultiLineString","coordinates":[[[-70.530897,-33.470816],[-70.531691,-33.473592]]]}},{"type":"Feature","properties":{"id":"121_PÑL_8","nombre":"Las Torres","comuna":"PEÑALOLEN","tipo":"Feria y Persa","dias":["Sabado"],"diasAbbr":"Sáb","diasTexto":"Sabado","ubic":"Calle Las Torres entre Pje 461 y Pje 465","calle":"LAS TORRES","inicio":"9:00","levante":"15:30","puestos":622},"geometry":{"type":"MultiLineString","coordinates":[[[-70.570228,-33.503509],[-70.56816,-33.503895]]]}},{"type":"Feature","properties":{"id":"122_PÑL_9","nombre":"los molineros","comuna":"PEÑALOLEN","tipo":"Feria y Persa","dias":["Miercoles"],"diasAbbr":"Mié","diasTexto":"Miercoles","ubic":"calle los molinos entre grecia y oriental","calle":"LOS MOLINEROS","inicio":"9:30","levante":"14:30","puestos":1122},"geometry":{"type":"MultiLineString","coordinates":[[[-70.568594,-33.47059],[-70.567532,-33.467809],[-70.566588,-33.468069],[-70.566117,-33.468155],[-70.565848,-33.468194],[-70.564735,-33.468497]]]}},{"type":"Feature","properties":{"id":"123_PÑL_10","nombre":"Palena","comuna":"PEÑALOLEN","tipo":"Feria y Persa","dias":["Miercoles","Domingo"],"diasAbbr":"Mié, Dom","diasTexto":"Miercoles / Domingo","ubic":"Av. Consistorial entre Tagua Tagua y Las Parcelas","calle":"AV.CONSISTORIAL","inicio":"9:00","levante":"14:30/15:00","puestos":493},"geometry":{"type":"MultiLineString","coordinates":[[[-70.541561,-33.471752],[-70.542184,-33.473729],[-70.540535,-33.474071]]]}},{"type":"Feature","properties":{"id":"124_PÑL_11","nombre":"Juan Pablo II","comuna":"PEÑALOLEN","tipo":"Feria y Persa","dias":["Martes","Viernes"],"diasAbbr":"Mar, Vie","diasTexto":"Martes / Viernes","ubic":"Acantilado y Frontera desde El Valle hasta Grecia","calle":"FRONTERA","inicio":null,"levante":null,"puestos":1490},"geometry":{"type":"MultiLineString","coordinates":[[[-70.572691,-33.47452],[-70.573444,-33.476148]]]}},{"type":"Feature","properties":{"id":"125_PÑL_12","nombre":"los mares","comuna":"PEÑALOLEN","tipo":"Feria y Persa","dias":["Viernes"],"diasAbbr":"Vie","diasTexto":"Viernes","ubic":"calle 4 oriente y calle las brisas entre san luis de macul y departamental","calle":"4 ORIENTE","inicio":null,"levante":null,"puestos":404},"geometry":{"type":"MultiLineString","coordinates":[[[-70.580982,-33.506094],[-70.581298,-33.507896],[-70.580465,-33.507979],[-70.580079,-33.506205]]]}},{"type":"Feature","properties":{"id":"126_LRN_1","nombre":"Bilbao","comuna":"LA REINA","tipo":"Feria","dias":["Martes","Sabado"],"diasAbbr":"Mar, Sáb","diasTexto":"Martes / Sabado","ubic":"Calle Bilbao entre Florencio Barrios y Duqueco","calle":"BILBAO","inicio":"8:30","levante":"15:00","puestos":90},"geometry":{"type":"MultiLineString","coordinates":[[[-70.551532,-33.430183],[-70.547389,-33.429726]]]}},{"type":"Feature","properties":{"id":"127_LRN_2","nombre":"Clorinda Henriquez","comuna":"LA REINA","tipo":"Feria","dias":["Domingo"],"diasAbbr":"Dom","diasTexto":"Domingo","ubic":"Clorinda Henriquez entre Larrain y Loreley","calle":"CLORINDA HENRIQUEZ","inicio":"8:30","levante":"15:30","puestos":60},"geometry":{"type":"MultiLineString","coordinates":[[[-70.558331,-33.451841],[-70.55807,-33.451477]]]}},{"type":"Feature","properties":{"id":"128_LRN_3","nombre":"plaza Quinchamali","comuna":"LA REINA","tipo":"Feria","dias":["Domingo"],"diasAbbr":"Dom","diasTexto":"Domingo","ubic":"plaza quinchamali entre chapilca/achao y melinka/quinchamali","calle":"PZA.QUINCHAMALI","inicio":"8:30","levante":"15:00","puestos":45},"geometry":{"type":"MultiLineString","coordinates":[[[-70.539035,-33.455801],[-70.539517,-33.455887],[-70.53961,-33.45655],[-70.539142,-33.456689],[-70.539031,-33.455801]]]}},{"type":"Feature","properties":{"id":"129_LRN_4","nombre":"tobalaba","comuna":"LA REINA","tipo":"Feria","dias":["Miercoles","Sabado"],"diasAbbr":"Mié, Sáb","diasTexto":"Miercoles / Sabado","ubic":"tobalaba entre principe de gales y av. ossa","calle":"TOBALABA","inicio":"8:00","levante":"14:00","puestos":60},"geometry":{"type":"MultiLineString","coordinates":[[[-70.57338,-33.437858],[-70.573557,-33.437893],[-70.573722,-33.437826],[-70.574084,-33.43772],[-70.574412,-33.437568],[-70.574533,-33.437566]]]}},{"type":"Feature","properties":{"id":"130_ÑUÑ_1","nombre":"emilia tellez","comuna":"ÑUÑOA","tipo":"Feria","dias":["Miercoles","Sabado"],"diasAbbr":"Mié, Sáb","diasTexto":"Miercoles / Sabado","ubic":"calle emilia tellez entre psje 7 y psje 9","calle":"EMILIA TELLEZ","inicio":"8:00","levante":"15:00","puestos":71},"geometry":{"type":"MultiLineString","coordinates":[[[-70.578535,-33.442463],[-70.581547,-33.441677]]]}},{"type":"Feature","properties":{"id":"131_ÑUÑ_2","nombre":"Guillermo Mann","comuna":"ÑUÑOA","tipo":"Feria","dias":["Martes","Viernes"],"diasAbbr":"Mar, Vie","diasTexto":"Martes / Viernes","ubic":"Guillermo Mann / Pedro de Valdivia y Marathon","calle":"GUILLERMO MANN","inicio":"8:00","levante":"15:00","puestos":110},"geometry":{"type":"MultiLineString","coordinates":[[[-70.613576,-33.470603],[-70.606518,-33.470204]]]}},{"type":"Feature","properties":{"id":"132_ÑUÑ_3","nombre":"los alerces","comuna":"ÑUÑOA","tipo":"Feria","dias":["Miercoles"],"diasAbbr":"Mié","diasTexto":"Miercoles","ubic":"calle ignacio carrera pinto entre juan moya morales y premio nobel","calle":"IGNACIO CARRERA","inicio":"8:00","levante":"15:00","puestos":95},"geometry":{"type":"MultiLineString","coordinates":[[[-70.592534,-33.468919],[-70.590495,-33.471268]]]}},{"type":"Feature","properties":{"id":"133_ÑUÑ_4","nombre":"Maria Celeste","comuna":"ÑUÑOA","tipo":"Feria","dias":["Viernes","Domingo"],"diasAbbr":"Vie, Dom","diasTexto":"Viernes / Domingo","ubic":"Maria Celeste entre Vespucio y Ramon Cruz","calle":"AV.GRECIA","inicio":"8:00","levante":"15:00","puestos":277},"geometry":{"type":"MultiLineString","coordinates":[[[-70.577218,-33.468917],[-70.577367,-33.468805],[-70.581748,-33.467206]]]}},{"type":"Feature","properties":{"id":"134_ÑUÑ_5","nombre":"Duble Almeyda","comuna":"ÑUÑOA","tipo":"Feria","dias":["Viernes"],"diasAbbr":"Vie","diasTexto":"Viernes","ubic":"Duble Almeyda / Ramon Cruz y Lo Plaza","calle":"DUBLE ALMEYDA","inicio":"8:00","levante":"15:00","puestos":19},"geometry":{"type":"MultiLineString","coordinates":[[[-70.580459,-33.458951],[-70.584046,-33.458327],[-70.583839,-33.457443]]]}},{"type":"Feature","properties":{"id":"135_ÑUÑ_6","nombre":"grecia","comuna":"ÑUÑOA","tipo":"Feria","dias":["Jueves","Domingo"],"diasAbbr":"Jue, Dom","diasTexto":"Jueves / Domingo","ubic":"marathon esquina nevados","calle":"MARATHON","inicio":"8:00","levante":"15:00","puestos":170},"geometry":{"type":"MultiLineString","coordinates":[[[-70.614079,-33.467735],[-70.614396,-33.467108]]]}},{"type":"Feature","properties":{"id":"136_ÑUÑ_7","nombre":"Los Aromos","comuna":"ÑUÑOA","tipo":"Feria y Persa","dias":["Sabado"],"diasAbbr":"Sáb","diasTexto":"Sabado","ubic":"Juan Gomez Millas entre Pedro de Valdivia y Suarez Mujica","calle":"JUAN GOMEZ MILLA","inicio":"8:00","levante":"15:00","puestos":176},"geometry":{"type":"MultiLineString","coordinates":[[[-70.606054,-33.461385],[-70.603603,-33.461532]]]}},{"type":"Feature","properties":{"id":"138_ÑUÑ_9","nombre":"matta oriente","comuna":"ÑUÑOA","tipo":"Feria","dias":["Miercoles","Sabado"],"diasAbbr":"Mié, Sáb","diasTexto":"Miercoles / Sabado","ubic":"matta oriente entre lo encalada y irarrazabal","calle":"MATTA ORIENTE","inicio":"8:00","levante":"15:00","puestos":34},"geometry":{"type":"MultiLineString","coordinates":[[[-70.621744,-33.453749],[-70.622033,-33.453746],[-70.622236,-33.453817],[-70.624589,-33.454461],[-70.624967,-33.454488]]]}},{"type":"Feature","properties":{"id":"139_ÑUÑ_10","nombre":"ortuzar","comuna":"ÑUÑOA","tipo":"Feria","dias":["Domingo"],"diasAbbr":"Dom","diasTexto":"Domingo","ubic":"calle ortuzar entre simon bolivar y las veronicas","calle":"ORTUZAR","inicio":"8:00","levante":"15:00","puestos":32},"geometry":{"type":"MultiLineString","coordinates":[[[-70.583451,-33.448342],[-70.583604,-33.449859]]]}},{"type":"Feature","properties":{"id":"140_ÑUÑ_11","nombre":"San Eugenio","comuna":"ÑUÑOA","tipo":"Feria y Persa","dias":["Sabado"],"diasAbbr":"Sáb","diasTexto":"Sabado","ubic":"Calle San Eugenio entre Guillermo Mann y Carlos Dittborn","calle":"SAN EUGENIO","inicio":"8:00","levante":"15:00","puestos":298},"geometry":{"type":"MultiLineString","coordinates":[[[-70.623399,-33.467104],[-70.623,-33.468493],[-70.622953,-33.470168]]]}},{"type":"Feature","properties":{"id":"141_MPU_1","nombre":"3 poniente","comuna":"MAIPU","tipo":"Feria","dias":["Miercoles","Sabado"],"diasAbbr":"Mié, Sáb","diasTexto":"Miercoles / Sabado","ubic":"san jose - borgoño","calle":"3 PONIENTE","inicio":"9:00","levante":"16:00","puestos":631},"geometry":{"type":"MultiLineString","coordinates":[[[-70.779094,-33.511616],[-70.779167,-33.518246]]]}},{"type":"Feature","properties":{"id":"143_MPU_3","nombre":"4 alamos","comuna":"MAIPU","tipo":"Feria","dias":["Martes","Viernes"],"diasAbbr":"Mar, Vie","diasTexto":"Martes / Viernes","ubic":"La feria cambió de dirección, ahora se ubica entre Segunda Tranversal y Vicente Reyes por Santa María que continua hacia","calle":"SANTA MARIA","inicio":"9:00","levante":"16:00","puestos":104},"geometry":{"type":"MultiLineString","coordinates":[[[-70.749647,-33.518716],[-70.747218,-33.518713]]]}},{"type":"Feature","properties":{"id":"144_MPU_4","nombre":"guayaquil","comuna":"MAIPU","tipo":"Feria y Persa","dias":["Martes","Viernes"],"diasAbbr":"Mar, Vie","diasTexto":"Martes / Viernes","ubic":"Calle O'higgins, entre Victoria y Miraflores","calle":"OHIGGINS","inicio":"9:00","levante":"16:00","puestos":442},"geometry":{"type":"MultiLineString","coordinates":[[[-70.7732,-33.502676],[-70.771544,-33.502668],[-70.768736,-33.502178]]]}},{"type":"Feature","properties":{"id":"145_MPU_5","nombre":"las naciones","comuna":"MAIPU","tipo":"Feria y Persa","dias":["Martes","Viernes"],"diasAbbr":"Mar, Vie","diasTexto":"Martes / Viernes","ubic":"LAS NACIONES entre Candelaria y Rinconada, JOSÉ BORGOÑO entre Las Naciones y 4 Poniente.","calle":"BORGOÑO","inicio":"9:00","levante":"16:00","puestos":653},"geometry":{"type":"MultiLineString","coordinates":[[[-70.784446,-33.509386],[-70.784656,-33.509335],[-70.786271,-33.509188],[-70.790385,-33.508744]]]}},{"type":"Feature","properties":{"id":"146_MPU_6","nombre":"Caletera Camino a Melipilla","comuna":"MAIPU","tipo":"Feria","dias":["Jueves","Domingo"],"diasAbbr":"Jue, Dom","diasTexto":"Jueves / Domingo","ubic":"Caletera Camino a Melipilla","calle":"CAL.CNO. A MELIPILLA","inicio":"9:00","levante":"16:00","puestos":190},"geometry":{"type":"MultiLineString","coordinates":[[[-70.795379,-33.554166],[-70.797649,-33.555718]]]}},{"type":"Feature","properties":{"id":"147_MPU_7","nombre":"campanario","comuna":"MAIPU","tipo":"Feria","dias":["Jueves","Domingo"],"diasAbbr":"Jue, Dom","diasTexto":"Jueves / Domingo","ubic":"Calle Campanario, entre La Galaxia y 4 Poniente","calle":"CAMPANARIO","inicio":"9:00","levante":"16:00","puestos":258},"geometry":{"type":"MultiLineString","coordinates":[[[-70.794294,-33.520473],[-70.791484,-33.520392]]]}},{"type":"Feature","properties":{"id":"148_MPU_8","nombre":"los conquistadores","comuna":"MAIPU","tipo":"Feria y Persa","dias":["Martes","Viernes"],"diasAbbr":"Mar, Vie","diasTexto":"Viernes/ Martes","ubic":"Los Conquistadores, entre Portales y San Jose","calle":"EL CONQUISTADOR","inicio":"9:00","levante":"16:00","puestos":546},"geometry":{"type":"MultiLineString","coordinates":[[[-70.796856,-33.519862],[-70.796818,-33.516341]]]}},{"type":"Feature","properties":{"id":"149_MPU_9","nombre":"3 poniente","comuna":"MAIPU","tipo":"Feria","dias":["Miercoles","Sabado"],"diasAbbr":"Mié, Sáb","diasTexto":"Miercoles / Sabado","ubic":"el descanso ( entre gustavo eiffel y longitudinal)","calle":"EL DESCANSO","inicio":"9:30","levante":"16:30","puestos":502},"geometry":{"type":"MultiLineString","coordinates":[[[-70.750003,-33.469939],[-70.748005,-33.47003]]]}},{"type":"Feature","properties":{"id":"150_MPU_10","nombre":"feria modelo","comuna":"MAIPU","tipo":"Feria","dias":["Martes","Viernes"],"diasAbbr":"Mar, Vie","diasTexto":"Martes / Viernes","ubic":"calle santa rosa desde isabel riquelme","calle":"STA.ROSA","inicio":"10:00","levante":"14:00","puestos":7},"geometry":{"type":"MultiLineString","coordinates":[[[-70.737634,-33.483397],[-70.737792,-33.48405],[-70.737759,-33.485574]]]}},{"type":"Feature","properties":{"id":"151_MPU_11","nombre":"Huascar","comuna":"MAIPU","tipo":"Feria","dias":["Martes","Viernes"],"diasAbbr":"Mar, Vie","diasTexto":"Viernes/ Martes","ubic":"Huascar, entre Padre Hurtado y Portales","calle":"HUASCAR","inicio":"10:00","levante":"16:00","puestos":300},"geometry":{"type":"MultiLineString","coordinates":[[[-70.768952,-33.513245],[-70.766837,-33.515842]]]}},{"type":"Feature","properties":{"id":"152_MPU_12","nombre":"la reforma","comuna":"MAIPU","tipo":"Feria y Persa","dias":["Martes","Viernes"],"diasAbbr":"Mar, Vie","diasTexto":"Viernes/ Martes","ubic":"La Reforma, entre Alessandri y Excalibur","calle":"LA REFORMA","inicio":"9:00","levante":"16:00","puestos":235},"geometry":{"type":"MultiLineString","coordinates":[[[-70.762709,-33.486282],[-70.763595,-33.486786],[-70.763759,-33.486856]]]}},{"type":"Feature","properties":{"id":"153_MPU_13","nombre":"las naciones","comuna":"MAIPU","tipo":"Feria y Persa","dias":["Jueves","Domingo"],"diasAbbr":"Jue, Dom","diasTexto":"Jueves / Domingo","ubic":"Las Naciones, entre Portales y Borgoño","calle":"LAS NACIONES","inicio":"9:00","levante":"16:00","puestos":972},"geometry":{"type":"MultiLineString","coordinates":[[[-70.78435,-33.509386],[-70.785889,-33.518374]]]}},{"type":"Feature","properties":{"id":"154_MPU_14","nombre":"lumen","comuna":"MAIPU","tipo":"Feria","dias":["Miercoles","Sabado"],"diasAbbr":"Mié, Sáb","diasTexto":"Miercoles / Sabado","ubic":"CALLE LUMEN ENTRE 3 NORTE Y ALASKA","calle":"LUMEN","inicio":"10:00","levante":"14:00","puestos":279},"geometry":{"type":"MultiLineString","coordinates":[[[-70.735866,-33.492786],[-70.73657,-33.495891]]]}},{"type":"Feature","properties":{"id":"155_MPU_15","nombre":"Silva Carvallo","comuna":"MAIPU","tipo":"Feria","dias":["Miercoles","Sabado"],"diasAbbr":"Mié, Sáb","diasTexto":"Miercoles / Sabado","ubic":"S. Carvallo / Hermogenes Perez de Arce y Andres Amenabar","calle":"HEMOGENES PEREZ DE A","inicio":"9:00","levante":"16:00","puestos":315},"geometry":{"type":"MultiLineString","coordinates":[[[-70.771512,-33.529525],[-70.769038,-33.53155]]]}},{"type":"Feature","properties":{"id":"156_MPU_16","nombre":"jorge guerra","comuna":"MAIPU","tipo":"Feria y Persa","dias":["Jueves","Domingo"],"diasAbbr":"Jue, Dom","diasTexto":"Jueves / Domingo","ubic":"Jorge Guerra entre 4 Poniente y Gengis Kahn","calle":"LAS INDUSTRIAS","inicio":"10:00","levante":"14:00","puestos":238},"geometry":{"type":"MultiLineString","coordinates":[[[-70.773359,-33.544517],[-70.774021,-33.545534]]]}},{"type":"Feature","properties":{"id":"157_MPU_17","nombre":"las parcelas","comuna":"MAIPU","tipo":"Feria","dias":["Jueves","Domingo"],"diasAbbr":"Jue, Dom","diasTexto":"Jueves / Domingo","ubic":"CALLE LAS PARCELAS ENTRE GHANDI Y MANCHESTER","calle":"LAS PARCELAS","inicio":"10:00","levante":"14:00","puestos":297},"geometry":{"type":"MultiLineString","coordinates":[[[-70.733648,-33.475875],[-70.731431,-33.47438]]]}},{"type":"Feature","properties":{"id":"158_MPU_18","nombre":"sin nombre","comuna":"MAIPU","tipo":"Feria","dias":["Jueves","Domingo"],"diasAbbr":"Jue, Dom","diasTexto":"Jueves / Domingo","ubic":"CALLE 3 PONIENTE ENTRE RINCONADA Y MAIPÚ","calle":"3 PONIENTE","inicio":"10:00","levante":"14:00","puestos":30},"geometry":{"type":"MultiLineString","coordinates":[[[-70.779231,-33.508502],[-70.779286,-33.508394],[-70.779438,-33.506117]]]}},{"type":"Feature","properties":{"id":"159_CRR_1","nombre":"Arturo Prat","comuna":"CERRILLOS","tipo":"Feria","dias":["Miercoles","Sabado"],"diasAbbr":"Mié, Sáb","diasTexto":"Miercoles / Sabado","ubic":"Arturo Pratt entre 14 de Octubre y Santa  Teresita","calle":"ARTURO PRAT","inicio":"8:00","levante":"14:00","puestos":71},"geometry":{"type":"MultiLineString","coordinates":[[[-70.724851,-33.500086],[-70.724792,-33.49998],[-70.724562,-33.499816]]]}},{"type":"Feature","properties":{"id":"160_CRR_2","nombre":"Av. Cuatro","comuna":"CERRILLOS","tipo":"Feria","dias":["Miercoles","Sabado"],"diasAbbr":"Mié, Sáb","diasTexto":"Miercoles / Sabado","ubic":"Av. Cuatro entre Buseta y San Andres","calle":"AV.CUATRO","inicio":"8:00","levante":"14:00","puestos":82},"geometry":{"type":"MultiLineString","coordinates":[[[-70.690237,-33.480543],[-70.688891,-33.482331]]]}},{"type":"Feature","properties":{"id":"161_CRR_3","nombre":"Costanera  Norte","comuna":"CERRILLOS","tipo":"Feria","dias":["Martes","Viernes"],"diasAbbr":"Mar, Vie","diasTexto":"Viernes/Martes","ubic":"Costanera  Norte entre Lo Errazuriz y J.M. Caro","calle":"COSTANERA NORTE","inicio":"8:00","levante":"14.00","puestos":67},"geometry":{"type":"MultiLineString","coordinates":[[[-70.724364,-33.481856],[-70.72165,-33.481625]]]}},{"type":"Feature","properties":{"id":"162_CRR_4","nombre":"EL MIRADOR","comuna":"CERRILLOS","tipo":"Feria","dias":["Miercoles","Sabado"],"diasAbbr":"Mié, Sáb","diasTexto":"Miercoles / Sabado","ubic":"El Mirador entre Las Torres y Divino Maestro","calle":"EL MIRADOR","inicio":"8:00","levante":"14:00","puestos":442},"geometry":{"type":"MultiLineString","coordinates":[[[-70.728952,-33.502315],[-70.731541,-33.502179],[-70.732169,-33.502133],[-70.733902,-33.501895]]]}},{"type":"Feature","properties":{"id":"163_CRR_5","nombre":"Lagos Palacios","comuna":"CERRILLOS","tipo":"Feria y Persa","dias":["Jueves","Domingo"],"diasAbbr":"Jue, Dom","diasTexto":"Domingo/Jueves","ubic":"Lagos Palacios entre Antonia y Errazuriz","calle":"LAGOS PALACIOS","inicio":"10:00","levante":"16:00","puestos":475},"geometry":{"type":"MultiLineString","coordinates":[[[-70.722935,-33.490334],[-70.72735,-33.492394]]]}},{"type":"Feature","properties":{"id":"164_CRR_6","nombre":"Salomon Sack","comuna":"CERRILLOS","tipo":"Feria","dias":["Martes","Viernes"],"diasAbbr":"Mar, Vie","diasTexto":"Viernes/Martes","ubic":"Salomon Sacks entre Comercio y Clarines","calle":"SALOMON SACK","inicio":"8:00","levante":"14:00","puestos":114},"geometry":{"type":"MultiLineString","coordinates":[[[-70.712942,-33.494986],[-70.711573,-33.495482]]]}},{"type":"Feature","properties":{"id":"166_ECN_1","nombre":"AMENGUAL","comuna":"ESTACION CENTRAL","tipo":"Feria","dias":["Jueves","Domingo"],"diasAbbr":"Jue, Dom","diasTexto":"Jueves / Domingo","ubic":"CALLE AMENGUAL ENTRE ROCREO Y MANUEL THOMPSON","calle":"AMENGUAL","inicio":"9:30","levante":"16:30","puestos":18},"geometry":{"type":"MultiLineString","coordinates":[[[-70.696803,-33.457158],[-70.695977,-33.456921]]]}},{"type":"Feature","properties":{"id":"167_ECN_2","nombre":"Aeropuerto","comuna":"ESTACION CENTRAL","tipo":"Feria y Persa","dias":["Miercoles","Sabado"],"diasAbbr":"Mié, Sáb","diasTexto":"Sabado/Miercoles","ubic":"San Jose, entre 5 de Abril y Aysen","calle":"SAN JOSE","inicio":"9:30","levante":"16:30","puestos":1014},"geometry":{"type":"MultiLineString","coordinates":[[[-70.700695,-33.463043],[-70.702175,-33.469092],[-70.701492,-33.469639],[-70.702151,-33.471782]]]}},{"type":"Feature","properties":{"id":"168_ECN_3","nombre":"NOGALES","comuna":"ESTACION CENTRAL","tipo":"Feria","dias":["Jueves","Domingo"],"diasAbbr":"Jue, Dom","diasTexto":"Jueves / Domingo","ubic":"ANTARTICA ENTRE SANTA TERESA Y PINGUINOS","calle":"ANTARTICA","inicio":"10:00","levante":"16:00","puestos":264},"geometry":{"type":"MultiLineString","coordinates":[[[-70.688388,-33.46983],[-70.691532,-33.469929],[-70.691578,-33.471418]]]}},{"type":"Feature","properties":{"id":"169_ECN_4","nombre":"rivas vicuña","comuna":"ESTACION CENTRAL","tipo":"Feria","dias":["Martes","Viernes"],"diasAbbr":"Mar, Vie","diasTexto":"Martes / Viernes","ubic":"calle toro mazotte entre 5 de abril y naturalista","calle":"TORO MAZOTTE","inicio":null,"levante":null,"puestos":184},"geometry":{"type":"MultiLineString","coordinates":[[[-70.691845,-33.459252],[-70.691796,-33.459951],[-70.691696,-33.461808]]]}},{"type":"Feature","properties":{"id":"170_ECN_5","nombre":"El Cristo","comuna":"ESTACION CENTRAL","tipo":"Feria","dias":["Martes","Viernes"],"diasAbbr":"Mar, Vie","diasTexto":"Martes / Viernes","ubic":"Calle Las Violetas desde El Boldo","calle":"LAS VIOLETAS","inicio":"9:30","levante":"16:30","puestos":43},"geometry":{"type":"MultiLineString","coordinates":[[[-70.709497,-33.459056],[-70.708668,-33.458867],[-70.708485,-33.459425],[-70.708143,-33.459399]]]}},{"type":"Feature","properties":{"id":"171_ECN_6","nombre":"QUEMCHI","comuna":"ESTACION CENTRAL","tipo":"Feria","dias":["Jueves"],"diasAbbr":"Jue","diasTexto":"Jueves","ubic":"QUEMCHI ENTRE LAS ESTEPAS Y COCHAMÓ","calle":"QUEMCHI","inicio":null,"levante":null,"puestos":546},"geometry":{"type":"MultiLineString","coordinates":[[[-70.714764,-33.473922],[-70.709182,-33.474827]]]}},{"type":"Feature","properties":{"id":"172_ECN_7","nombre":"Rivas Vicuña","comuna":"ESTACION CENTRAL","tipo":"Feria","dias":["Martes","Viernes"],"diasAbbr":"Mar, Vie","diasTexto":"Martes / Viernes","ubic":"Calle Manuel Rivera Vicuña entre 5 de Abril y El Trigal","calle":"MANUEL RIV.VICUÑA","inicio":"9:30","levante":"16:30","puestos":82},"geometry":{"type":"MultiLineString","coordinates":[[[-70.71307,-33.468006],[-70.713841,-33.46485]]]}},{"type":"Feature","properties":{"id":"173_ECN_8","nombre":"Santiago","comuna":"ESTACION CENTRAL","tipo":"Feria y Persa","dias":["Martes","Viernes"],"diasAbbr":"Mar, Vie","diasTexto":"Viernes/ Martes","ubic":"Luis Cruz Martínez entre Uspallata y Gandarillas","calle":"LUIS CRUZ MARTINEZ","inicio":"9:30","levante":"16:30","puestos":209},"geometry":{"type":"MultiLineString","coordinates":[[[-70.6928,-33.474651],[-70.694707,-33.475507],[-70.695957,-33.476057]]]}},{"type":"Feature","properties":{"id":"174_ECN_9","nombre":"Aeropuerto","comuna":"ESTACION CENTRAL","tipo":"Feria","dias":["Miercoles","Sabado"],"diasAbbr":"Mié, Sáb","diasTexto":"Sabado/Miercoles","ubic":"Aeropuerto, entre Curanilahue y Lemuy","calle":"AEROPUERTO","inicio":"9:30","levante":"16:30","puestos":112},"geometry":{"type":"MultiLineString","coordinates":[[[-70.7112,-33.470331],[-70.711383,-33.471137]]]}},{"type":"Feature","properties":{"id":"175_ECN_10","nombre":"SANTA PETRONILA","comuna":"ESTACION CENTRAL","tipo":"Feria","dias":["Jueves","Domingo"],"diasAbbr":"Jue, Dom","diasTexto":"Jueves / Domingo","ubic":"SANTA PETRONILA ENTRE EMB. QUINTANA Y PORTO SEGURO","calle":"STA.PETRONILA","inicio":"9:30","levante":"16:30","puestos":116},"geometry":{"type":"MultiLineString","coordinates":[[[-70.70535,-33.448585],[-70.704431,-33.451589]]]}},{"type":"Feature","properties":{"id":"176_ECN_11","nombre":"Curacaví","comuna":"ESTACION CENTRAL","tipo":"Feria y Persa","dias":["Martes","Viernes"],"diasAbbr":"Mar, Vie","diasTexto":"Viernes/ Martes","ubic":"Curacaví entre 5 de Abril y Las Parcelas","calle":"CURACAVI","inicio":"8:30","levante":"16:00","puestos":488},"geometry":{"type":"MultiLineString","coordinates":[[[-70.721119,-33.472486],[-70.723907,-33.469406]]]}},{"type":"Feature","properties":{"id":"177_PDH_1","nombre":"centenario N3","comuna":"PUDAHUEL","tipo":"Feria y Persa","dias":["Miercoles","Sabado"],"diasAbbr":"Mié, Sáb","diasTexto":"Miercoles / Sabado","ubic":"La Travesía entre Teniente Cruz y Jorge Prat","calle":"TENIENTE CRUZ","inicio":"9","levante":"16","puestos":917},"geometry":{"type":"MultiLineString","coordinates":[[[-70.738319,-33.458215],[-70.744257,-33.457159]]]}},{"type":"Feature","properties":{"id":"178_PDH_2","nombre":"la capilla","comuna":"PUDAHUEL","tipo":"Feria y Persa","dias":["Miercoles","Sabado"],"diasAbbr":"Mié, Sáb","diasTexto":"Miercoles / Sabado","ubic":"Calle J.J. Perez, entre Teniente Cruz e Inca Garcilazo","calle":"J.J.PEREZ","inicio":"9","levante":"16","puestos":606},"geometry":{"type":"MultiLineString","coordinates":[[[-70.740767,-33.429879],[-70.746682,-33.429988],[-70.74679,-33.429966]]]}},{"type":"Feature","properties":{"id":"179_PDH_3","nombre":"el morro","comuna":"PUDAHUEL","tipo":"Feria y Persa","dias":["Jueves","Domingo"],"diasAbbr":"Jue, Dom","diasTexto":"Jueves / Domingo","ubic":"Faldas del Morro entre Los Onas y Luis Beltrán","calle":"FALDAS DEL MORRO","inicio":"9","levante":"16","puestos":125},"geometry":{"type":"MultiLineString","coordinates":[[[-70.75483,-33.448528],[-70.757232,-33.448069]]]}},{"type":"Feature","properties":{"id":"180_PDH_4","nombre":"feria estrella N4","comuna":"PUDAHUEL","tipo":"Feria y Persa","dias":["Jueves","Domingo"],"diasAbbr":"Jue, Dom","diasTexto":"Jueves / Domingo","ubic":"La Estrella desde Laguna Sur hasta Los Mares","calle":"LAS ESTRELLA","inicio":"9","levante":"16","puestos":800},"geometry":{"type":"MultiLineString","coordinates":[[[-70.752204,-33.460028],[-70.753557,-33.46545]]]}},{"type":"Feature","properties":{"id":"181_PDH_5","nombre":"estrella N4","comuna":"PUDAHUEL","tipo":"Feria y Persa","dias":["Martes","Viernes"],"diasAbbr":"Mar, Vie","diasTexto":"Martes / Viernes","ubic":"Calle Victoria, entre San Pablo y San Francisco","calle":"VICTORIA","inicio":"8:30","levante":"16:30","puestos":516},"geometry":{"type":"MultiLineString","coordinates":[[[-70.758301,-33.443104],[-70.757949,-33.440627],[-70.757944,-33.439442],[-70.758398,-33.437665],[-70.758404,-33.436116],[-70.758373,-33.435516]]]}},{"type":"Feature","properties":{"id":"182_PDH_6","nombre":"santa corina","comuna":"PUDAHUEL","tipo":"Feria y Persa","dias":["Sabado"],"diasAbbr":"Sáb","diasTexto":"Sabado","ubic":"Calle Corona Sueca, entre Los Ediles y El Salitre","calle":"CORONA SUECA(BJON)","inicio":"8:30","levante":"16:30","puestos":405},"geometry":{"type":"MultiLineString","coordinates":[[[-70.750141,-33.447108],[-70.744261,-33.448217]]]}},{"type":"Feature","properties":{"id":"183_PDH_7","nombre":"serrano","comuna":"PUDAHUEL","tipo":"Feria y Persa","dias":["Jueves","Domingo"],"diasAbbr":"Jue, Dom","diasTexto":"Jueves / Domingo","ubic":"Serrano entre Santa Victoria y San Daniel","calle":"SERRANO","inicio":"8:30","levante":"16:30","puestos":660},"geometry":{"type":"MultiLineString","coordinates":[[[-70.764959,-33.429473],[-70.765144,-33.429761],[-70.765323,-33.430339],[-70.765509,-33.430892],[-70.766548,-33.433262],[-70.766838,-33.434159]]]}},{"type":"Feature","properties":{"id":"184_PDH_8","nombre":"travesia N6","comuna":"PUDAHUEL","tipo":"Feria y Persa","dias":["Martes","Viernes"],"diasAbbr":"Mar, Vie","diasTexto":"Martes / Viernes","ubic":"Calle Travesia, entre Oceania y Tierra del Fuego","calle":"TRAVESIA","inicio":"9","levante":"16","puestos":546},"geometry":{"type":"MultiLineString","coordinates":[[[-70.7549,-33.455103],[-70.759539,-33.454247]]]}},{"type":"Feature","properties":{"id":"185_PDH_9","nombre":"S/N","comuna":"PUDAHUEL","tipo":"Persa","dias":["Martes","Viernes"],"diasAbbr":"Mar, Vie","diasTexto":"Martes / Viernes","ubic":"AV. LOS MARES/LA ESTRELLA Y OCEANIA","calle":"TENIENTE CRUZ(ESTAC)","inicio":"8:30","levante":"16","puestos":163},"geometry":{"type":"MultiLineString","coordinates":[[[-70.74088,-33.436342],[-70.740496,-33.441841]]]}},{"type":"Feature","properties":{"id":"186_LGJ_1","nombre":"Coronel","comuna":"LA GRANJA","tipo":"Feria y Persa","dias":["Jueves","Domingo"],"diasAbbr":"Jue, Dom","diasTexto":"Jueves / Domingo","ubic":"Calle Coronel entre Tomé y Puerto Montt","calle":"CORONEL","inicio":null,"levante":null,"puestos":547},"geometry":{"type":"MultiLineString","coordinates":[[[-70.616754,-33.529052],[-70.616306,-33.533224],[-70.619989,-33.533487]]]}},{"type":"Feature","properties":{"id":"187_LGJ_2","nombre":"Industrias","comuna":"LA GRANJA","tipo":"Feria y Persa","dias":["Jueves","Domingo"],"diasAbbr":"Jue, Dom","diasTexto":"Jueves / Domingo","ubic":"Calle Luiz Inazio Lula Da Silva entre Calle K y Calle P","calle":"LULA DA SILVA","inicio":"10:00","levante":"15:30","puestos":512},"geometry":{"type":"MultiLineString","coordinates":[[[-70.619392,-33.515264],[-70.622011,-33.519682]]]}},{"type":"Feature","properties":{"id":"188_LGJ_3","nombre":"Joao Gourlat","comuna":"LA GRANJA","tipo":"Feria y Persa","dias":["Miercoles","Sabado"],"diasAbbr":"Mié, Sáb","diasTexto":"Miercoles / Sabado","ubic":"Padre Esteban, entre Los Vilos y La Serena","calle":"AV.PADRE ESTEBAN GUM","inicio":null,"levante":null,"puestos":415},"geometry":{"type":"MultiLineString","coordinates":[[[-70.626922,-33.52023],[-70.631341,-33.520697]]]}},{"type":"Feature","properties":{"id":"189_LGJ_4","nombre":"Los Buses","comuna":"LA GRANJA","tipo":"Feria y Persa","dias":["Martes","Viernes"],"diasAbbr":"Mar, Vie","diasTexto":"Martes / Viernes","ubic":"Calle Osorno entre Coronel y A. Vespucio","calle":"OSORNO","inicio":"11:00","levante":"14:00","puestos":392},"geometry":{"type":"MultiLineString","coordinates":[[[-70.616296,-33.539107],[-70.611226,-33.538736]]]}},{"type":"Feature","properties":{"id":"190_LGJ_5","nombre":"Malaquias Concha","comuna":"LA GRANJA","tipo":"Feria y Persa","dias":["Miercoles","Sabado"],"diasAbbr":"Mié, Sáb","diasTexto":"Miercoles / Sabado","ubic":"Calle Combarbala entre Quilpue y El Coronel","calle":"COMBARBALA","inicio":"9:00","levante":"15:00","puestos":482},"geometry":{"type":"MultiLineString","coordinates":[[[-70.621597,-33.52957],[-70.616819,-33.529118]]]}},{"type":"Feature","properties":{"id":"191_LGJ_6","nombre":"Poeta Neruda","comuna":"LA GRANJA","tipo":"Feria y Persa","dias":["Jueves","Domingo"],"diasAbbr":"Jue, Dom","diasTexto":"Jueves / Domingo","ubic":"Calle Canto General entre Santa Rosa y Joaquin Edwards Bello","calle":"CANTO GENERAL","inicio":"9:30","levante":"15:00","puestos":447},"geometry":{"type":"MultiLineString","coordinates":[[[-70.632492,-33.551477],[-70.624986,-33.550566]]]}},{"type":"Feature","properties":{"id":"192_LGJ_7","nombre":"Santa Claudia","comuna":"LA GRANJA","tipo":"Feria y Persa","dias":["Martes","Viernes"],"diasAbbr":"Mar, Vie","diasTexto":"Martes / Viernes","ubic":"Calle Vicuña Mackenna entre Edwards Bello y Sofia Eastman","calle":"V.MACKENNA","inicio":"9:30","levante":"14:00","puestos":396},"geometry":{"type":"MultiLineString","coordinates":[[[-70.629778,-33.547236],[-70.62781,-33.546992],[-70.627446,-33.546955],[-70.626963,-33.546941],[-70.625093,-33.546871]]]}},{"type":"Feature","properties":{"id":"193_LGJ_8","nombre":"Sebastopol","comuna":"LA GRANJA","tipo":"Feria","dias":["Miercoles","Sabado"],"diasAbbr":"Mié, Sáb","diasTexto":"Miercoles / Sabado","ubic":"Calle Sebastopol entre Mañio y Av. La Castrina","calle":"SEBASTOPOL","inicio":"8:30","levante":"15:00","puestos":122},"geometry":{"type":"MultiLineString","coordinates":[[[-70.615346,-33.515088],[-70.615691,-33.515013],[-70.617248,-33.514753]]]}},{"type":"Feature","properties":{"id":"194_LGJ_9","nombre":"Tacora","comuna":"LA GRANJA","tipo":"Feria y Persa","dias":["Miercoles","Sabado"],"diasAbbr":"Mié, Sáb","diasTexto":"Miercoles / Sabado","ubic":"Av. Sur entre Los Vilos y El Tabo","calle":"AV.SUR","inicio":"9:30","levante":"15:00","puestos":311},"geometry":{"type":"MultiLineString","coordinates":[[[-70.624231,-33.540081],[-70.628801,-33.539562]]]}},{"type":"Feature","properties":{"id":"195_LGJ_10","nombre":"Tomé","comuna":"LA GRANJA","tipo":"Feria y Persa","dias":["Martes","Viernes"],"diasAbbr":"Mar, Vie","diasTexto":"Martes / Viernes","ubic":"Calle Tomé entre Santa Rosa y Los Vilos","calle":"TOME","inicio":"10:00","levante":"14:00","puestos":730},"geometry":{"type":"MultiLineString","coordinates":[[[-70.634763,-33.532915],[-70.629686,-33.532545]]]}},{"type":"Feature","properties":{"id":"196_LGJ_11","nombre":"Villa La Serena","comuna":"LA GRANJA","tipo":"Feria y Persa","dias":["Miercoles","Sabado"],"diasAbbr":"Mié, Sáb","diasTexto":"Miercoles / Sabado","ubic":"Calle Santo Tomas entre Bahia Catalina y Cardenal Raul Silva Henriquez (ex- La Serena","calle":"STO.TOMAS","inicio":"9:00","levante":"15:00","puestos":350},"geometry":{"type":"MultiLineString","coordinates":[[[-70.612191,-33.55565],[-70.616196,-33.556519]]]}},{"type":"Feature","properties":{"id":"197_LGJ_12","nombre":"Yungay","comuna":"LA GRANJA","tipo":"Feria y Persa","dias":["Martes","Viernes"],"diasAbbr":"Mar, Vie","diasTexto":"Martes / Viernes","ubic":"Calle Mañio entre Yungay y Padre E. Gumucio","calle":"MAÑIO","inicio":"9:00","levante":"15:00","puestos":124},"geometry":{"type":"MultiLineString","coordinates":[[[-70.618676,-33.521125],[-70.619518,-33.52254],[-70.620968,-33.523229],[-70.621031,-33.523375],[-70.620986,-33.523857]]]}},{"type":"Feature","properties":{"id":"198_LGJ_13","nombre":"Manco Capac","comuna":"LA GRANJA","tipo":"Feria y Persa","dias":["Jueves","Domingo"],"diasAbbr":"Jue, Dom","diasTexto":"Jueves / Domingo","ubic":"Calle Manco Capacdesde Coronel","calle":"MANCO CAPAC","inicio":"9:00","levante":"15:00","puestos":335},"geometry":{"type":"MultiLineString","coordinates":[[[-70.615334,-33.543585],[-70.610439,-33.543349]]]}},{"type":"Feature","properties":{"id":"199_LFD_1","nombre":"Villa O'higgins","comuna":"LA FLORIDA","tipo":"Feria","dias":["Miercoles","Viernes"],"diasAbbr":"Mié, Vie","diasTexto":"Miercoles /Viernes","ubic":"Avenida 1 entre Calle 1 y Trinidad","calle":"AVENIDA 1","inicio":"11:00","levante":"14:00","puestos":793},"geometry":{"type":"MultiLineString","coordinates":[[[-70.60813,-33.546688],[-70.606506,-33.55039]]]}},{"type":"Feature","properties":{"id":"202_LFD_4","nombre":"Villa O'higgins","comuna":"LA FLORIDA","tipo":"Feria y Persa","dias":["Martes","Viernes"],"diasAbbr":"Mar, Vie","diasTexto":"Martes / Viernes","ubic":"Calle B entre Geronimo de Alderete y Santa Julia","calle":"CALLE B","inicio":"11:00","levante":"14:00","puestos":238},"geometry":{"type":"MultiLineString","coordinates":[[[-70.60696,-33.530018],[-70.605214,-33.527343],[-70.605103,-33.527266]]]}},{"type":"Feature","properties":{"id":"203_LFD_5","nombre":"Chaiten","comuna":"LA FLORIDA","tipo":"Feria y Persa","dias":["Jueves"],"diasAbbr":"Jue","diasTexto":"Jueves","ubic":"Calle Chaiten entre Sotero del Rio y Rojas Magallenes","calle":"CHAITEN","inicio":"11:00","levante":"14:00","puestos":325},"geometry":{"type":"MultiLineString","coordinates":[[[-70.599603,-33.535537],[-70.599697,-33.539216]]]}},{"type":"Feature","properties":{"id":"204_LFD_6","nombre":"Los Copihues","comuna":"LA FLORIDA","tipo":"Feria","dias":["Jueves","Domingo"],"diasAbbr":"Jue, Dom","diasTexto":"Jueves /Domingo","ubic":"Calle Departamental enre Volcan Tolhuaca y Volcan Chacabuco","calle":"DEPARTAMENTAL","inicio":"8:00","levante":"16:30","puestos":470},"geometry":{"type":"MultiLineString","coordinates":[[[-70.567234,-33.511821],[-70.572985,-33.511229]]]}},{"type":"Feature","properties":{"id":"205_LFD_7","nombre":"General Arriagada","comuna":"LA FLORIDA","tipo":"Feria","dias":["Miercoles","Sabado"],"diasAbbr":"Mié, Sáb","diasTexto":"Miercoles / Sabado","ubic":"General Arriagada entre Julio Cesar hasta Av. La Serena","calle":"GENERAL ARRIAGADA","inicio":"10:30","levante":"15:30","puestos":631},"geometry":{"type":"MultiLineString","coordinates":[[[-70.611063,-33.559766],[-70.609441,-33.559606],[-70.606552,-33.559308],[-70.605873,-33.559239]]]}},{"type":"Feature","properties":{"id":"206_LFD_8","nombre":"La Florida","comuna":"LA FLORIDA","tipo":"Feria","dias":["Miercoles","Sabado"],"diasAbbr":"Mié, Sáb","diasTexto":"Miercoles / Sabado","ubic":"Av. La Florida y Av. Departamental Plaza de Abastos","calle":"LA FLORIDA","inicio":"8:00","levante":"16:30","puestos":1550},"geometry":{"type":"MultiLineString","coordinates":[[[-70.586109,-33.513639],[-70.588084,-33.511033],[-70.588394,-33.510888],[-70.588802,-33.510802],[-70.589142,-33.510959],[-70.586596,-33.513936],[-70.586134,-33.513659]]]}},{"type":"Feature","properties":{"id":"207_LFD_9","nombre":"Villa O'higgins","comuna":"LA FLORIDA","tipo":"Feria","dias":["Martes","Viernes"],"diasAbbr":"Mar, Vie","diasTexto":"Martes / Viernes","ubic":"Calle Los Alerces entre Santa Raquel y Manutara","calle":"LOS ALERCES","inicio":"11:00","levante":"14:00","puestos":255},"geometry":{"type":"MultiLineString","coordinates":[[[-70.603118,-33.530302],[-70.601011,-33.530371],[-70.599433,-33.530411]]]}},{"type":"Feature","properties":{"id":"208_LFD_10","nombre":"Villa O'Higgins","comuna":"LA FLORIDA","tipo":"Feria y Persa","dias":["Domingo"],"diasAbbr":"Dom","diasTexto":"Domingo","ubic":"Rojas Magallanes entre Vicuña Mackenna y Alta Mar","calle":"ROJAS MAGALLANES","inicio":"11:00","levante":"14:00","puestos":391},"geometry":{"type":"MultiLineString","coordinates":[[[-70.607248,-33.53427],[-70.60457,-33.535503],[-70.601032,-33.535569]]]}},{"type":"Feature","properties":{"id":"210_LFD_12","nombre":"Villa O'Higgins","comuna":"LA FLORIDA","tipo":"Feria y Persa","dias":["Sabado"],"diasAbbr":"Sáb","diasTexto":"Sabado","ubic":"Calle Santa Amalia desde Santa Raquel hasta Manutara","calle":"STA. AMALIA","inicio":"11:00","levante":"14:00","puestos":1166},"geometry":{"type":"MultiLineString","coordinates":[[[-70.603419,-33.542806],[-70.596503,-33.54291],[-70.595691,-33.543334],[-70.594984,-33.543343]]]}},{"type":"Feature","properties":{"id":"213_LFD_15","nombre":"Bellavista","comuna":"LA FLORIDA","tipo":"Persa","dias":["Domingo"],"diasAbbr":"Dom","diasTexto":"Domingo","ubic":"Calle Pudeto entre San Carlos de Ancud y El Cabildo","calle":"PUDETO","inicio":null,"levante":null,"puestos":102},"geometry":{"type":"MultiLineString","coordinates":[[[-70.602574,-33.518368],[-70.601905,-33.518959],[-70.601431,-33.519708]]]}},{"type":"Feature","properties":{"id":"214_LFD_16","nombre":"Manuel Rodriguez","comuna":"LA FLORIDA","tipo":"Feria","dias":["Sabado"],"diasAbbr":"Sáb","diasTexto":"Sabado","ubic":"Calle Santa Julia entre Pedro Donoso / V. Mackenna","calle":"STA.JULIA","inicio":null,"levante":null,"puestos":165},"geometry":{"type":"MultiLineString","coordinates":[[[-70.594431,-33.532527],[-70.596176,-33.532536],[-70.596548,-33.532524],[-70.597109,-33.532415],[-70.597474,-33.532379],[-70.597724,-33.532355],[-70.598151,-33.532332]]]}},{"type":"Feature","properties":{"id":"215_LFD_17","nombre":"Unión","comuna":"LA FLORIDA","tipo":"Feria y Persa","dias":["Martes","Viernes"],"diasAbbr":"Mar, Vie","diasTexto":"Martes / Viernes","ubic":"Jorge Cisternas entre Bahía Catalina y Punta Arenas","calle":"JORGE CISTERNAS","inicio":null,"levante":null,"puestos":26},"geometry":{"type":"MultiLineString","coordinates":[[[-70.613241,-33.552022],[-70.610771,-33.552096]]]}},{"type":"Feature","properties":{"id":"217_LFD_19","nombre":"Bellavista","comuna":"LA FLORIDA","tipo":"Feria y Persa","dias":["Sabado"],"diasAbbr":"Sáb","diasTexto":"Sabado","ubic":"Calle San Jorge entre Joaquín Tocornal y Bactereológico","calle":"SAN JORGE","inicio":null,"levante":null,"puestos":1310},"geometry":{"type":"MultiLineString","coordinates":[[[-70.585365,-33.5596],[-70.583947,-33.559475],[-70.580701,-33.559058],[-70.577518,-33.558649],[-70.574145,-33.558213],[-70.570876,-33.557832],[-70.570213,-33.557723],[-70.569345,-33.557623],[-70.568317,-33.557498],[-70.56732,-33.557366],[-70.566547,-33.557268],[-70.565598,-33.557148]]]}},{"type":"Feature","properties":{"id":"218_LFD_20","nombre":"Manuel Rodriguez","comuna":"LA FLORIDA","tipo":"Feria","dias":["Martes","Viernes"],"diasAbbr":"Mar, Vie","diasTexto":"Martes / Viernes","ubic":"Calle Los Tremolinos entre San Jorge y calle Central","calle":"SAN JORGE","inicio":null,"levante":null,"puestos":202},"geometry":{"type":"MultiLineString","coordinates":[[[-70.575886,-33.558473],[-70.57178,-33.557971]]]}},{"type":"Feature","properties":{"id":"221_LFD_23","nombre":"Manuel Rodriguez","comuna":"LA FLORIDA","tipo":"Feria y Persa","dias":["Domingo"],"diasAbbr":"Dom","diasTexto":"Domingo","ubic":"Calle J.M. Carrera entre Vicuña Mackenna y Burr Petri","calle":"JOSE M.CARRERA","inicio":null,"levante":null,"puestos":389},"geometry":{"type":"MultiLineString","coordinates":[[[-70.581988,-33.55005],[-70.582963,-33.55004],[-70.584821,-33.549993],[-70.585819,-33.550197],[-70.586929,-33.550243]]]}},{"type":"Feature","properties":{"id":"222_LFD_24","nombre":"BELLAVISTA","comuna":"LA FLORIDA","tipo":"Feria y Persa","dias":["Miercoles"],"diasAbbr":"Mié","diasTexto":"Miercoles","ubic":"CALLE SANTA AMALIA ENTRE COLOMBIA Y YUCATAN","calle":"STA.AMALIA","inicio":null,"levante":null,"puestos":290},"geometry":{"type":"MultiLineString","coordinates":[[[-70.580442,-33.543571],[-70.575844,-33.54361]]]}},{"type":"Feature","properties":{"id":"223_LFD_25","nombre":"Bellavista","comuna":"LA FLORIDA","tipo":"Feria","dias":["Jueves"],"diasAbbr":"Jue","diasTexto":"Jueves","ubic":"Calle Enrique Olivares entre Peru y Colombia","calle":"ENRIQUE OLIVARES","inicio":null,"levante":null,"puestos":232},"geometry":{"type":"MultiLineString","coordinates":[[[-70.585653,-33.539719],[-70.583102,-33.539703]]]}},{"type":"Feature","properties":{"id":"224_LFD_26","nombre":"Los Copihues","comuna":"LA FLORIDA","tipo":"Feria y Persa","dias":["Martes"],"diasAbbr":"Mar","diasTexto":"Martes","ubic":"Calle Alonso de Ercilla entre Geronimo de Alderete y Perpetua Freire","calle":"GERONIMO ALDERETE","inicio":null,"levante":null,"puestos":375},"geometry":{"type":"MultiLineString","coordinates":[[[-70.57997,-33.527933],[-70.580624,-33.528087],[-70.582949,-33.528087],[-70.584667,-33.528141]]]}},{"type":"Feature","properties":{"id":"225_LFD_27","nombre":"Los Copihues","comuna":"LA FLORIDA","tipo":"Feria y Persa","dias":["Viernes"],"diasAbbr":"Vie","diasTexto":"Viernes","ubic":"Calle Nazario calle Zamorano / Caletera Avenida La Florida desde el Parque","calle":"NAZARIO CHAC.ZAMORA","inicio":null,"levante":null,"puestos":576},"geometry":{"type":"MultiLineString","coordinates":[[[-70.577789,-33.519391],[-70.577721,-33.51952],[-70.577514,-33.520285],[-70.577043,-33.522268],[-70.57702,-33.522467]]]}},{"type":"Feature","properties":{"id":"227_LFD_29","nombre":"Villa O'higgins","comuna":"LA FLORIDA","tipo":"Feria","dias":["Miercoles"],"diasAbbr":"Mié","diasTexto":"Miercoles","ubic":"Calle Luis de Valdivia entre A. Vespucio y Punta Arenas","calle":"LUIS DE VALDIVIA","inicio":null,"levante":null,"puestos":33},"geometry":{"type":"MultiLineString","coordinates":[[[-70.607482,-33.533835],[-70.609894,-33.532742]]]}},{"type":"Feature","properties":{"id":"228_LFD_30","nombre":"Union","comuna":"LA FLORIDA","tipo":"Feria y Persa","dias":["Martes","Viernes"],"diasAbbr":"Mar, Vie","diasTexto":"Martes/ Viernes","ubic":"Maria Elena entre La Serena y Bahia Catalina","calle":"MARIA ELENA","inicio":null,"levante":null,"puestos":65},"geometry":{"type":"MultiLineString","coordinates":[[[-70.612241,-33.563962],[-70.610162,-33.563757]]]}},{"type":"Feature","properties":{"id":"231_PAC_1","nombre":"Centroamerica","comuna":"PAC","tipo":"Feria","dias":["Jueves","Domingo"],"diasAbbr":"Jue, Dom","diasTexto":"Domingo/Jueves","ubic":"Calle Centroamerica, entre Haiti y Av. Central","calle":"CENTRO AMERICA","inicio":"8:30","levante":"15:00","puestos":88},"geometry":{"type":"MultiLineString","coordinates":[[[-70.686686,-33.494012],[-70.684305,-33.493875]]]}},{"type":"Feature","properties":{"id":"232_PAC_2","nombre":"Fraternal","comuna":"PAC","tipo":"Feria y Persa","dias":["Miercoles","Sabado"],"diasAbbr":"Mié, Sáb","diasTexto":"Sabado/Miercoles","ubic":"Cooperación entre Lo Ovalle y Cura Morelo","calle":"COOPERACION","inicio":"8:30","levante":"15:00","puestos":896},"geometry":{"type":"MultiLineString","coordinates":[[[-70.685927,-33.501579],[-70.687454,-33.504724]]]}},{"type":"Feature","properties":{"id":"233_PAC_3","nombre":"San Joaquín","comuna":"PAC","tipo":"Feria y Persa","dias":["Martes","Viernes"],"diasAbbr":"Mar, Vie","diasTexto":"Viernes/ Martes","ubic":"2 de Abril entre Clotario Blest y 1 de Mayo","calle":"2 DE ABRIL","inicio":"8:30","levante":"15:00","puestos":398},"geometry":{"type":"MultiLineString","coordinates":[[[-70.678233,-33.483477],[-70.673921,-33.485032]]]}},{"type":"Feature","properties":{"id":"234_PAC_4","nombre":"Ismael Valdez","comuna":"PAC","tipo":"Feria y Persa","dias":["Miercoles","Sabado"],"diasAbbr":"Mié, Sáb","diasTexto":"Sabado/Miercoles","ubic":"Enrique Matte entre club hipico y manuela errazuriz","calle":"ENRIQUE MATTE","inicio":"9:00","levante":"14:00","puestos":501},"geometry":{"type":"MultiLineString","coordinates":[[[-70.66471,-33.482478],[-70.660913,-33.483698]]]}},{"type":"Feature","properties":{"id":"235_PAC_5","nombre":"La Marina","comuna":"PAC","tipo":"Feria y Persa","dias":["Miercoles","Sabado"],"diasAbbr":"Mié, Sáb","diasTexto":"Sabado/Miercoles","ubic":"Felix Mendelssohn entre Departamental y La Marina","calle":"FELIX MENDELSSOHN","inicio":"8:30","levante":"15:00","puestos":347},"geometry":{"type":"MultiLineString","coordinates":[[[-70.671839,-33.49178],[-70.673112,-33.494436]]]}},{"type":"Feature","properties":{"id":"236_PAC_6","nombre":"30 de Octubre","comuna":"PAC","tipo":"Feria y Persa","dias":["Miercoles","Sabado"],"diasAbbr":"Mié, Sáb","diasTexto":"Sabado/Miercoles","ubic":"Calle Galo Gonzalez, entre 30 de Octubre y Carlos Marx","calle":"GALO GONZALEZ","inicio":"8:30","levante":"15:00","puestos":420},"geometry":{"type":"MultiLineString","coordinates":[[[-70.677222,-33.48965],[-70.675353,-33.48594]]]}},{"type":"Feature","properties":{"id":"237_PAC_7","nombre":"Dávila","comuna":"PAC","tipo":"Feria y Persa","dias":["Miercoles","Sabado"],"diasAbbr":"Mié, Sáb","diasTexto":"Sabado/Miercoles","ubic":"Manuela Errázuriz entre Carelmapu y Melinka","calle":"MANUELA ERRAZURIZ","inicio":"8:30","levante":"15:00","puestos":471},"geometry":{"type":"MultiLineString","coordinates":[[[-70.673718,-33.502593],[-70.673784,-33.502584],[-70.673857,-33.502629],[-70.674259,-33.50327],[-70.674641,-33.503894],[-70.67473,-33.503854],[-70.675563,-33.50518],[-70.676108,-33.506082]]]}},{"type":"Feature","properties":{"id":"238_PAC_8","nombre":"Villa Sur","comuna":"PAC","tipo":"Feria y Persa","dias":["Jueves","Domingo"],"diasAbbr":"Jue, Dom","diasTexto":"Domingo/Jueves","ubic":"Paseo Gohnert entre Bombero Ossandón y Departamental","calle":"PASEO GROHNERT","inicio":"8:30","levante":"15:00","puestos":1363},"geometry":{"type":"MultiLineString","coordinates":[[[-70.678905,-33.492487],[-70.681494,-33.497484]]]}},{"type":"Feature","properties":{"id":"239_SMG_1","nombre":"atacama","comuna":"SAN MIGUEL","tipo":"Feria","dias":["Miercoles"],"diasAbbr":"Mié","diasTexto":"Miercoles","ubic":"octava avenida entre cuatro transversal y cinco transversal","calle":"OCTAVA AVENIDA","inicio":"7:00","levante":"16:00","puestos":107},"geometry":{"type":"MultiLineString","coordinates":[[[-70.665827,-33.509025],[-70.666172,-33.508921],[-70.668005,-33.508375]]]}},{"type":"Feature","properties":{"id":"240_SMG_2","nombre":"Chiloé","comuna":"SAN MIGUEL","tipo":"Feria y Persa","dias":["Viernes"],"diasAbbr":"Vie","diasTexto":"Viernes","ubic":"calle Chiloé entre Varas Mera y Av Departamental","calle":"CHILOE","inicio":"7:00","levante":"16:00","puestos":310},"geometry":{"type":"MultiLineString","coordinates":[[[-70.646232,-33.505575],[-70.647099,-33.51094]]]}},{"type":"Feature","properties":{"id":"241_SMG_3","nombre":"carmen mena","comuna":"SAN MIGUEL","tipo":"Feria y Persa","dias":["Martes"],"diasAbbr":"Mar","diasTexto":"Martes","ubic":"calle miguel cerda entre varas mena y leon prado","calle":"MIGUEL LUIS CERDA","inicio":"7:00","levante":"16:00","puestos":334},"geometry":{"type":"MultiLineString","coordinates":[[[-70.648639,-33.506384],[-70.649823,-33.510328]]]}},{"type":"Feature","properties":{"id":"242_SMG_4","nombre":"Salesianos","comuna":"SAN MIGUEL","tipo":"Feria y Persa","dias":["Viernes"],"diasAbbr":"Vie","diasTexto":"Viernes","ubic":"Calle San Francisco entre alvarez de toledo y a.p alarcon","calle":"SAN FRANCISCO","inicio":"7:00","levante":"16:00","puestos":189},"geometry":{"type":"MultiLineString","coordinates":[[[-70.646551,-33.490888],[-70.645523,-33.487141]]]}},{"type":"Feature","properties":{"id":"243_SMG_5","nombre":"Soto Aguilar","comuna":"SAN MIGUEL","tipo":"Feria y Persa","dias":["Jueves","Domingo"],"diasAbbr":"Jue, Dom","diasTexto":"Jueves / Domingo","ubic":"Soto Aguilar entre San Ignacio y Ramón Barros Luco","calle":"SOTO AGUILAR","inicio":"7:00","levante":"16:00","puestos":125},"geometry":{"type":"MultiLineString","coordinates":[[[-70.657335,-33.485629],[-70.655558,-33.486099]]]}},{"type":"Feature","properties":{"id":"244_SMG_6","nombre":"Tristán Matta","comuna":"SAN MIGUEL","tipo":"Feria y Persa","dias":["Jueves","Domingo"],"diasAbbr":"Jue, Dom","diasTexto":"Jueves / Domingo","ubic":"Tristán Matta entre J.J. Prieto y Gauss","calle":"TRISTAN MATTA","inicio":"7:00","levante":"16:00","puestos":444},"geometry":{"type":"MultiLineString","coordinates":[[[-70.65974,-33.50126],[-70.661608,-33.500765],[-70.661654,-33.500718],[-70.665503,-33.49969]]]}},{"type":"Feature","properties":{"id":"245_SJQ_1","nombre":"LA LEGUA","comuna":"SAN JOAQUIN","tipo":"Feria","dias":["Jueves","Domingo"],"diasAbbr":"Jue, Dom","diasTexto":"Jueves / Domingo","ubic":"CTE.RIESLER entre A.P.ALARCON y SAN GREGORIO","calle":"CTE.RIESLER","inicio":"8:30","levante":"15:00","puestos":null},"geometry":{"type":"MultiLineString","coordinates":[[[-70.634818,-33.487874],[-70.631181,-33.489695],[-70.631111,-33.489792],[-70.63112,-33.490311]]]}},{"type":"Feature","properties":{"id":"246_SJQ_2","nombre":"SAN JUAN","comuna":"SAN JOAQUIN","tipo":"Feria","dias":["Martes","Viernes"],"diasAbbr":"Mar, Vie","diasTexto":"Martes / Viernes","ubic":"CALLE COMERCIO ENTRE AVENIDA CENTRAL Y SAN JOAQUIN","calle":"COMERCIO","inicio":"8:30","levante":"16:00","puestos":391},"geometry":{"type":"MultiLineString","coordinates":[[[-70.623756,-33.494001],[-70.618585,-33.49418]]]}},{"type":"Feature","properties":{"id":"247_SJQ_3","nombre":"GASPAR DE SOTO","comuna":"SAN JOAQUIN","tipo":"Feria","dias":["Miercoles","Domingo"],"diasAbbr":"Mié, Dom","diasTexto":"Miercoles / Domingo","ubic":"GASPAR DE SOTO ENTRE SANTA ROSA Y SAN GREGORIO","calle":"GASPAR DE SOTO","inicio":"8:30","levante":"15:00","puestos":219},"geometry":{"type":"MultiLineString","coordinates":[[[-70.639616,-33.496359],[-70.636135,-33.496549]]]}},{"type":"Feature","properties":{"id":"248_SJQ_4","nombre":"CHILE","comuna":"SAN JOAQUIN","tipo":"Feria y Persa","dias":["Miercoles"],"diasAbbr":"Mié","diasTexto":"Miercoles","ubic":"J. S. BACH ENTRE GUIDO DAREZZO Y PALESTRINA","calle":"JUAN SEBASTIAN BACH","inicio":"8:30","levante":"15:00","puestos":283},"geometry":{"type":"MultiLineString","coordinates":[[[-70.629087,-33.480339],[-70.624922,-33.479555]]]}},{"type":"Feature","properties":{"id":"249_SJQ_5","nombre":"MUSSA","comuna":"SAN JOAQUIN","tipo":"Feria","dias":["Jueves","Domingo"],"diasAbbr":"Jue, Dom","diasTexto":"Jueves / Domingo","ubic":"SAN NICOLAS ENTRE SANTA ROSA Y BENOZZO GOZZOLI","calle":"SAN NICOLAS","inicio":"8:30","levante":"15:00","puestos":543},"geometry":{"type":"MultiLineString","coordinates":[[[-70.62957,-33.501999],[-70.638973,-33.502621]]]}},{"type":"Feature","properties":{"id":"250_SJQ_6","nombre":"CASTRINA","comuna":"SAN JOAQUIN","tipo":"Feria","dias":["Martes","Sabado"],"diasAbbr":"Mar, Sáb","diasTexto":"Martes / Sabado","ubic":"SEBASTOPOL ENTRE SANTA ROSA Y JUAN PLANAS","calle":"SEBASTOPOL","inicio":"8:30","levante":"15:00","puestos":492},"geometry":{"type":"MultiLineString","coordinates":[[[-70.636773,-33.51708],[-70.630784,-33.516457]]]}},{"type":"Feature","properties":{"id":"251_SJQ_7","nombre":"Navarrete","comuna":"SAN JOAQUIN","tipo":"Feria y Persa","dias":["Sabado"],"diasAbbr":"Sáb","diasTexto":"Sabado","ubic":"Calle Tocornal entre Isabel Riquelme y Santa María","calle":"TOCORNAL","inicio":"8:30","levante":"15:00","puestos":415},"geometry":{"type":"MultiLineString","coordinates":[[[-70.633167,-33.476422],[-70.632238,-33.479812]]]}},{"type":"Feature","properties":{"id":"252_SJQ_8","nombre":"LAS INDUSTRIAS","comuna":"SAN JOAQUIN","tipo":"Feria","dias":["Martes","Viernes"],"diasAbbr":"Mar, Vie","diasTexto":"Martes / Viernes","ubic":"VECINAL ENTRE CARMEN MENA Y LO OVALLE","calle":"VECINAL","inicio":"9:00","levante":"14:30","puestos":580},"geometry":{"type":"MultiLineString","coordinates":[[[-70.623405,-33.509317],[-70.622537,-33.51144],[-70.621889,-33.512968],[-70.621666,-33.513369],[-70.620854,-33.514598],[-70.620783,-33.514648]]]}},{"type":"Feature","properties":{"id":"253_LES_1","nombre":"Lo Espejo","comuna":"LO ESPEJO","tipo":"Feria","dias":["Martes","Viernes"],"diasAbbr":"Mar, Vie","diasTexto":"Martes / Viernes","ubic":"BALMACEDA ENTRE ASTABURUAGA Y SIERRA","calle":"BALMACEDA","inicio":"8:00","levante":"15:00","puestos":73},"geometry":{"type":"MultiLineString","coordinates":[[[-70.693515,-33.532178],[-70.692359,-33.532628]]]}},{"type":"Feature","properties":{"id":"254_LES_2","nombre":"LA HABANA","comuna":"LO ESPEJO","tipo":"Feria y Persa","dias":["Miercoles","Sabado"],"diasAbbr":"Mié, Sáb","diasTexto":"Sabado/Miercoles","ubic":"LA HABANA ENTRE VESPUCIO SUR Y URANO","calle":"LA HABANA","inicio":"8:00","levante":"15:00","puestos":477},"geometry":{"type":"MultiLineString","coordinates":[[[-70.699568,-33.521606],[-70.698045,-33.519433]]]}},{"type":"Feature","properties":{"id":"255_LES_3","nombre":"MONTERREY","comuna":"LO ESPEJO","tipo":"Feria y Persa","dias":["Jueves","Domingo"],"diasAbbr":"Jue, Dom","diasTexto":"Domingo/Jueves","ubic":"CALLE MONTERREY ENTRE SALVADOR ALLENDE Y MANAGUA","calle":"MONTERREY","inicio":"8:00","levante":"15:00","puestos":548},"geometry":{"type":"MultiLineString","coordinates":[[[-70.689421,-33.515124],[-70.690237,-33.516756]]]}},{"type":"Feature","properties":{"id":"256_LES_4","nombre":"Pablo Neruda","comuna":"LO ESPEJO","tipo":"Feria y Persa","dias":["Jueves","Domingo"],"diasAbbr":"Jue, Dom","diasTexto":"Domingo/Jueves","ubic":"Pablo Neruda entre 9 de Enero y Ortiz de Zárate","calle":"PABLO NERUDA","inicio":"8:00","levante":"15:00","puestos":430},"geometry":{"type":"MultiLineString","coordinates":[[[-70.699189,-33.529955],[-70.697699,-33.527174]]]}},{"type":"Feature","properties":{"id":"257_LES_5","nombre":"JOSE MARIA CARO","comuna":"LO ESPEJO","tipo":"Feria y Persa","dias":["Jueves","Domingo"],"diasAbbr":"Jue, Dom","diasTexto":"Domingo/Jueves","ubic":"SALVADOR ALLENDE ENTRE CENTRAL Y FERROCARRIL","calle":"SALVADOR ALLENDE","inicio":"8:00","levante":"15:00","puestos":844},"geometry":{"type":"MultiLineString","coordinates":[[[-70.692843,-33.513938],[-70.68648,-33.516167]]]}},{"type":"Feature","properties":{"id":"258_LES_6","nombre":"SANTA ANITA","comuna":"LO ESPEJO","tipo":"Feria y Persa","dias":["Jueves","Domingo"],"diasAbbr":"Jue, Dom","diasTexto":"Domingo/Jueves","ubic":"SANTA ANITA ENTRE SALVADOR ALLENDE Y LO OVALLE","calle":"STA.ANITA","inicio":"8:00","levante":"15:00","puestos":1245},"geometry":{"type":"MultiLineString","coordinates":[[[-70.687429,-33.515788],[-70.686489,-33.513948],[-70.686256,-33.513486],[-70.68602,-33.513014],[-70.685817,-33.512592],[-70.685702,-33.512085],[-70.685617,-33.511645],[-70.685524,-33.51124],[-70.685432,-33.510811],[-70.685338,-33.510394],[-70.685243,-33.509917],[-70.685134,-33.509401],[-70.685048,-33.508977],[-70.685049,-33.508759],[-70.684921,-33.50876],[-70.684848,-33.508448],[-70.684773,-33.50809],[-70.684689,-33.507696],[-70.684616,-33.507353],[-70.684426,-33.506466],[-70.684373,-33.506236],[-70.684354,-33.506151],[-70.684708,-33.506009],[-70.684865,-33.505918],[-70.684785,-33.505755],[-70.684654,-33.505486],[-70.68446,-33.504874],[-70.684375,-33.504514],[-70.684297,-33.504136],[-70.684238,-33.503841],[-70.684008,-33.502712],[-70.683975,-33.502553]]]}},{"type":"Feature","properties":{"id":"259_LES_7","nombre":"SANTA OLGA","comuna":"LO ESPEJO","tipo":"Feria","dias":["Miercoles","Sabado"],"diasAbbr":"Mié, Sáb","diasTexto":"Sabado/Miercoles","ubic":"LÓPEZ MATEO ENTRE DURAZNO Y ACAPULCO","calle":"LOPEZ MATEO","inicio":"8:00","levante":"15:00","puestos":368},"geometry":{"type":"MultiLineString","coordinates":[[[-70.684225,-33.520948],[-70.68025,-33.522179]]]}},{"type":"Feature","properties":{"id":"260_LES_8","nombre":"SANTA ADRIANA","comuna":"LO ESPEJO","tipo":"Feria","dias":["Martes","Viernes"],"diasAbbr":"Mar, Vie","diasTexto":"Martes / Viernes","ubic":"VALPARAISO ENTRE LO OVALLE Y LINCOLN","calle":"VALPARAISO","inicio":"8:00","levante":"15:00","puestos":157},"geometry":{"type":"MultiLineString","coordinates":[[[-70.676778,-33.513468],[-70.676753,-33.513381],[-70.675564,-33.511477],[-70.674232,-33.509352]]]}},{"type":"Feature","properties":{"id":"261_LES_9","nombre":"COOPERACIÓN","comuna":"LO ESPEJO","tipo":"Feria","dias":["Miercoles","Sabado"],"diasAbbr":"Mié, Sáb","diasTexto":"Sabado/Miercoles","ubic":"CALLE COOPERACIÓN ENTRE BUENAVENTURA Y LO OVALLE","calle":"COOPERACION","inicio":"8:00","levante":"15:00","puestos":166},"geometry":{"type":"MultiLineString","coordinates":[[[-70.688821,-33.50743],[-70.687513,-33.504755]]]}},{"type":"Feature","properties":{"id":"262_LES_10","nombre":"JUPITER","comuna":"LO ESPEJO","tipo":"Feria","dias":["Martes","Viernes"],"diasAbbr":"Mar, Vie","diasTexto":"Martes / Viernes","ubic":"JUPITER ENTRE VENUS Y URANO","calle":"JUPITER","inicio":"8:00","levante":"15:00","puestos":487},"geometry":{"type":"MultiLineString","coordinates":[[[-70.691634,-33.525877],[-70.689718,-33.523647]]]}},{"type":"Feature","properties":{"id":"263_LES_11","nombre":"FERNANDEZ ALBANO","comuna":"LO ESPEJO","tipo":"Feria y Persa","dias":["Jueves","Domingo"],"diasAbbr":"Jue, Dom","diasTexto":"Domingo/Jueves","ubic":"SALVADOR ALLENDE ENTRE CENTRAL Y LA HABANA","calle":"SALVADOR ALLENDE","inicio":null,"levante":null,"puestos":173},"geometry":{"type":"MultiLineString","coordinates":[[[-70.692894,-33.513959],[-70.694819,-33.513289]]]}},{"type":"Feature","properties":{"id":"264_LCT_1","nombre":"SAN RAMON","comuna":"LA CISTERNA","tipo":"Feria","dias":["Miercoles","Sabado"],"diasAbbr":"Mié, Sáb","diasTexto":"Miercoles / Sabado","ubic":"ALEJANDRO VIAL ENTRE URUGUAY Y LAS BRISAS","calle":"ALEJANDRO VIAL","inicio":"9:30","levante":"15:00","puestos":504},"geometry":{"type":"MultiLineString","coordinates":[[[-70.654514,-33.530607],[-70.655767,-33.535054]]]}},{"type":"Feature","properties":{"id":"265_LCT_2","nombre":"Ballesteros","comuna":"LA CISTERNA","tipo":"Feria","dias":["Jueves","Domingo"],"diasAbbr":"Jue, Dom","diasTexto":"Jueves / Domingo","ubic":"Ines Rivas entre Alcalde Barrera y Manuel Rengifo","calle":"INES RIVAS","inicio":"9:00","levante":"15:30","puestos":202},"geometry":{"type":"MultiLineString","coordinates":[[[-70.681472,-33.536554],[-70.67816,-33.537564]]]}},{"type":"Feature","properties":{"id":"266_LCT_3","nombre":"Brisas del Maipo","comuna":"LA CISTERNA","tipo":"Feria y Persa","dias":["Martes","Viernes"],"diasAbbr":"Mar, Vie","diasTexto":"Martes / Viernes","ubic":"Brisas del Maipo entre Industrias y Letras","calle":"BRISAS DEL MAIPO","inicio":"9:00","levante":"15:30","puestos":357},"geometry":{"type":"MultiLineString","coordinates":[[[-70.676797,-33.528802],[-70.673338,-33.529901]]]}},{"type":"Feature","properties":{"id":"267_LCT_4","nombre":"Lo Ovalle","comuna":"LA CISTERNA","tipo":"Feria","dias":["Jueves","Domingo"],"diasAbbr":"Jue, Dom","diasTexto":"Jueves / Domingo","ubic":"Fuenzalida Urrejola entre Iquique y Angamos","calle":"FUENZALIDA URREJOLA","inicio":"9:00","levante":"15:30","puestos":302},"geometry":{"type":"MultiLineString","coordinates":[[[-70.654123,-33.51756],[-70.649494,-33.518487]]]}},{"type":"Feature","properties":{"id":"268_LCT_5","nombre":"Goycolea","comuna":"LA CISTERNA","tipo":"Feria","dias":["Martes","Viernes"],"diasAbbr":"Mar, Vie","diasTexto":"Martes / Viernes","ubic":"Goycolea entre pasaje Marcos y Cerro Negro","calle":"GOYCOLEA","inicio":"9:00","levante":"15:30","puestos":126},"geometry":{"type":"MultiLineString","coordinates":[[[-70.655687,-33.542033],[-70.65152,-33.542872]]]}},{"type":"Feature","properties":{"id":"269_LCT_6","nombre":"Lucerna","comuna":"LA CISTERNA","tipo":"Feria","dias":["Jueves","Domingo"],"diasAbbr":"Jue, Dom","diasTexto":"Jueves / Domingo","ubic":"Lucerna entre San Luis y Colon","calle":"LUCERNA","inicio":"9:00","levante":"15:30","puestos":231},"geometry":{"type":"MultiLineString","coordinates":[[[-70.668423,-33.519584],[-70.666151,-33.520029]]]}},{"type":"Feature","properties":{"id":"270_LCT_7","nombre":"Arturo Pratt","comuna":"LA CISTERNA","tipo":"Feria","dias":["Miercoles","Sabado"],"diasAbbr":"Mié, Sáb","diasTexto":"Miercoles / Sabado","ubic":"Nueva Poniente entre V. Mackenna y Bulnes","calle":"NUEVA PONIENTE","inicio":"10:00","levante":"15:30","puestos":241},"geometry":{"type":"MultiLineString","coordinates":[[[-70.652945,-33.544795],[-70.654051,-33.548666]]]}},{"type":"Feature","properties":{"id":"272_SRM_1","nombre":"Barros Luco","comuna":"SAN RAMON","tipo":"Feria y Persa","dias":["Martes","Viernes"],"diasAbbr":"Mar, Vie","diasTexto":"Martes / Viernes","ubic":"Barros Luco entre Almirante Latorre y Pedro Aguirre Cerda","calle":"ALPATACAL","inicio":"9:00","levante":"15:30","puestos":601},"geometry":{"type":"MultiLineString","coordinates":[[[-70.64376,-33.547823],[-70.636589,-33.548845]]]}},{"type":"Feature","properties":{"id":"273_SRM_2","nombre":"ALVEAR","comuna":"SAN RAMON","tipo":"Feria","dias":["Jueves","Domingo"],"diasAbbr":"Jue, Dom","diasTexto":"Jueves / Domingo","ubic":"ALVEAR ENTRE FERNANDEZ ALBANO Y SANTA ANA","calle":"ALVEAR","inicio":"9:00","levante":"14:00","puestos":425},"geometry":{"type":"MultiLineString","coordinates":[[[-70.643588,-33.524303],[-70.643812,-33.525278],[-70.644034,-33.526326]]]}},{"type":"Feature","properties":{"id":"274_SRM_3","nombre":"Alpatacal","comuna":"SAN RAMON","tipo":"Feria y Persa","dias":["Martes","Viernes"],"diasAbbr":"Mar, Vie","diasTexto":"Martes / Viernes","ubic":"Barros Luco entre Brasil y El Parrón","calle":"BARROS LUCO","inicio":"9:30","levante":"15:30","puestos":423},"geometry":{"type":"MultiLineString","coordinates":[[[-70.644428,-33.529184],[-70.645399,-33.532559]]]}},{"type":"Feature","properties":{"id":"275_SRM_4","nombre":"Bolivia","comuna":"SAN RAMON","tipo":"Feria y Persa","dias":["Miercoles","Sabado"],"diasAbbr":"Mié, Sáb","diasTexto":"Miercoles / Sabado","ubic":"Bolivia entre Santa Rosa y Carlos Dávila","calle":"BOLIVIA","inicio":null,"levante":null,"puestos":1123},"geometry":{"type":"MultiLineString","coordinates":[[[-70.634379,-33.539693],[-70.63541,-33.539733],[-70.636229,-33.539743],[-70.636635,-33.539865],[-70.637844,-33.539758],[-70.64209,-33.539127],[-70.642566,-33.539165]]]}},{"type":"Feature","properties":{"id":"276_SRM_5","nombre":"Candelaria","comuna":"SAN RAMON","tipo":"Feria y Persa","dias":["Miercoles","Sabado"],"diasAbbr":"Mié, Sáb","diasTexto":"Miercoles / Sabado","ubic":"Candelaria entre Santa Rosa y Pedro Aguirre Cerda","calle":"CANDELARIA","inicio":null,"levante":null,"puestos":953},"geometry":{"type":"MultiLineString","coordinates":[[[-70.645148,-33.554589],[-70.637227,-33.555716]]]}},{"type":"Feature","properties":{"id":"277_SRM_6","nombre":"ELIAS FERNANDEZ ALBANO","comuna":"SAN RAMON","tipo":"Feria y Persa","dias":["Jueves","Domingo"],"diasAbbr":"Jue, Dom","diasTexto":"Jueves / Domingo","ubic":"ELIAS FERNANDEZ ALBANO ENTRE PARAGUAY Y BOLIVIA","calle":"ELIAS FDEZ.ALBANO","inicio":null,"levante":null,"puestos":385},"geometry":{"type":"MultiLineString","coordinates":[[[-70.647532,-33.533663],[-70.64878,-33.538097]]]}},{"type":"Feature","properties":{"id":"278_SRM_7","nombre":"LA BANDERA","comuna":"SAN RAMON","tipo":"Feria","dias":["Jueves","Domingo"],"diasAbbr":"Jue, Dom","diasTexto":"Jueves / Domingo","ubic":"LA BANDERA ENTRE V. MACKENNA Y ESPERANZA","calle":"LA BANDERA","inicio":null,"levante":null,"puestos":686},"geometry":{"type":"MultiLineString","coordinates":[[[-70.64529,-33.545835],[-70.645835,-33.548438],[-70.646286,-33.550658]]]}},{"type":"Feature","properties":{"id":"279_SRM_8","nombre":"Sin nombre","comuna":"SAN RAMON","tipo":"Feria y Persa","dias":["Miercoles","Sabado"],"diasAbbr":"Mié, Sáb","diasTexto":"Miercoles / Sabado","ubic":"Mayo entre Rivadavia y Alvear","calle":"MAYO","inicio":null,"levante":null,"puestos":190},"geometry":{"type":"MultiLineString","coordinates":[[[-70.639906,-33.520904],[-70.642626,-33.520465]]]}},{"type":"Feature","properties":{"id":"280_SRM_9","nombre":"Sin Nombre","comuna":"SAN RAMON","tipo":"Persa","dias":["Sabado","Domingo"],"diasAbbr":"Sáb, Dom","diasTexto":"Sabado / Domingo / Fest","ubic":"Calle Juan Williams entre San Francisco y Latorre","calle":"JUAN WILLIAM","inicio":null,"levante":null,"puestos":661},"geometry":{"type":"MultiLineString","coordinates":[[[-70.646617,-33.552201],[-70.653482,-33.551201]]]}},{"type":"Feature","properties":{"id":"281_SRM_10","nombre":"sin nombre","comuna":"SAN RAMON","tipo":"Persa","dias":["Jueves","Domingo"],"diasAbbr":"Jue, Dom","diasTexto":"Jueves / Domingo","ubic":"Calle F Albano desde Rivadavia","calle":"F.ALBANO","inicio":null,"levante":null,"puestos":894},"geometry":{"type":"MultiLineString","coordinates":[[[-70.641945,-33.527346],[-70.638718,-33.527867]]]}},{"type":"Feature","properties":{"id":"282_LPN_1","nombre":"SIN NOMBRE","comuna":"LA PINTANA","tipo":"Feria y Persa","dias":["Jueves","Domingo"],"diasAbbr":"Jue, Dom","diasTexto":"Jueves / Domingo","ubic":"CALLE VICENTE LLANOS ENTRE SAN FRANCISCO Y LA BANDERA","calle":"VICENTE LLANOS","inicio":"10:00","levante":"14:45","puestos":527},"geometry":{"type":"MultiLineString","coordinates":[[[-70.65145,-33.55731],[-70.654152,-33.557009],[-70.655396,-33.556797]]]}},{"type":"Feature","properties":{"id":"283_LPN_2","nombre":"SIN NOMBRE","comuna":"LA PINTANA","tipo":"Feria","dias":["Jueves","Domingo"],"diasAbbr":"Jue, Dom","diasTexto":"Jueves / Domingo","ubic":"EL SEMBRADOR ENTRE SANTA ROSA Y PEDRO AGUIRRE CERDA","calle":"AV.EL SEMBRADOR","inicio":null,"levante":null,"puestos":736},"geometry":{"type":"MultiLineString","coordinates":[[[-70.634311,-33.558875],[-70.637709,-33.558405]]]}},{"type":"Feature","properties":{"id":"284_LPN_3","nombre":"SIN NOMBRE","comuna":"LA PINTANA","tipo":"Feria y Persa","dias":["Miercoles","Sabado"],"diasAbbr":"Mié, Sáb","diasTexto":"Miercoles / Sabado","ubic":"AV. JOAQUIN EDWARD BELLO ENTRE SANTO TOMAS Y SAN MIGUEL","calle":"AV.JOAQUIN E.BELLO","inicio":null,"levante":null,"puestos":512},"geometry":{"type":"MultiLineString","coordinates":[[[-70.623568,-33.558177],[-70.623592,-33.558301],[-70.622691,-33.562192]]]}},{"type":"Feature","properties":{"id":"285_LPN_4","nombre":"SIN NOMBRE","comuna":"LA PINTANA","tipo":"Feria","dias":["Jueves"],"diasAbbr":"Jue","diasTexto":"Jueves","ubic":"AV. JOAQUIN EDWARD BELLO ENTRE SANTO TOMAS Y ANIBAL HUNNEUS","calle":"AV.JOAQUIN E.BELLO","inicio":null,"levante":null,"puestos":450},"geometry":{"type":"MultiLineString","coordinates":[[[-70.623581,-33.558313],[-70.622968,-33.561297]]]}},{"type":"Feature","properties":{"id":"286_LPN_5","nombre":"SIN NOMBRE","comuna":"LA PINTANA","tipo":"Feria","dias":["Martes","Viernes","Domingo"],"diasAbbr":"Mar, Vie, Dom","diasTexto":"Martes / Viernes / Domingo","ubic":"CALLE SANTO TOMAS ENTRE AV. CATALINA Y LA SERENA","calle":"SANTO TOMAS","inicio":null,"levante":null,"puestos":547},"geometry":{"type":"MultiLineString","coordinates":[[[-70.612184,-33.555638],[-70.6162,-33.556543]]]}},{"type":"Feature","properties":{"id":"287_LPN_6","nombre":"SIN NOMBRE","comuna":"LA PINTANA","tipo":"Feria y Persa","dias":["Miercoles","Sabado"],"diasAbbr":"Mié, Sáb","diasTexto":"Miercoles / Sabado","ubic":"LAS PARCELAS ENTRE EDITH HUNNEUS Y LA RECOVA","calle":"LAS PARCELAS","inicio":"10:00","levante":"14:45","puestos":290},"geometry":{"type":"MultiLineString","coordinates":[[[-70.619258,-33.558535],[-70.61922,-33.55873],[-70.619013,-33.558998],[-70.618221,-33.561914]]]}},{"type":"Feature","properties":{"id":"288_LPN_7","nombre":"Sin Nombre","comuna":"LA PINTANA","tipo":"Feria y Persa","dias":["Martes","Viernes"],"diasAbbr":"Mar, Vie","diasTexto":"Martes / Viernes","ubic":"Calle Las Águilas/Antonio Machado entreFrancisco Franco y La Bandera","calle":"LAS AGUILAS/A.MACHAD","inicio":"10:00","levante":"14:00","puestos":365},"geometry":{"type":"MultiLineString","coordinates":[[[-70.651621,-33.56011],[-70.651905,-33.561683],[-70.650217,-33.561918]]]}},{"type":"Feature","properties":{"id":"289_LPN_8","nombre":"ALMIRANTE LATORRE / SVDOR. D.","comuna":"LA PINTANA","tipo":"Feria y Persa","dias":["Miercoles","Sabado"],"diasAbbr":"Mié, Sáb","diasTexto":"Miercoles / Sabado","ubic":"CALLE ALMIRANTE LATORRE ENTRE OBSERVATORIO Y GENERAL FRANCISCO FRANCO","calle":"ALMIRANTE LATORRE","inicio":"10:00","levante":"14:45","puestos":352},"geometry":{"type":"MultiLineString","coordinates":[[[-70.646378,-33.560394],[-70.646601,-33.562127],[-70.646705,-33.563117],[-70.646799,-33.56363]]]}},{"type":"Feature","properties":{"id":"290_LPN_9","nombre":"Sin Nombre","comuna":"LA PINTANA","tipo":"Feria y Persa","dias":["Martes","Viernes"],"diasAbbr":"Mar, Vie","diasTexto":"Martes / Viernes","ubic":"Calle Pedro Aguirre Cerda entre Observatorio y General Francisco Franco","calle":"PAC","inicio":"10:00","levante":"14:45","puestos":275},"geometry":{"type":"MultiLineString","coordinates":[[[-70.638428,-33.562906],[-70.63878,-33.564726]]]}},{"type":"Feature","properties":{"id":"291_LPN_10","nombre":"21 DE MAYO","comuna":"LA PINTANA","tipo":"Feria y Persa","dias":["Martes","Viernes","Domingo"],"diasAbbr":"Mar, Vie, Dom","diasTexto":"Martes / Viernes / Domingo","ubic":"BERNARDINO PARADA DESDE JOSE TORIBIO MEDINA HASTA JULIO CHAVEZ","calle":"BERNARDINO PARADA","inicio":null,"levante":null,"puestos":488},"geometry":{"type":"MultiLineString","coordinates":[[[-70.656932,-33.577755],[-70.654104,-33.578147],[-70.653933,-33.578078],[-70.650914,-33.578473]]]}},{"type":"Feature","properties":{"id":"292_LPN_11","nombre":"SIN NOMBRE","comuna":"LA PINTANA","tipo":"Feria y Persa","dias":["Martes","Viernes","Domingo"],"diasAbbr":"Mar, Vie, Dom","diasTexto":"Martes / Viernes / Domingo","ubic":"CALLE MUÑOZ GAMERO ENTRE PATAGONIA Y CERRO CHENA","calle":"MUÑOZ GAMERO","inicio":null,"levante":null,"puestos":665},"geometry":{"type":"MultiLineString","coordinates":[[[-70.638717,-33.580675],[-70.633984,-33.581127]]]}},{"type":"Feature","properties":{"id":"293_LPN_12","nombre":"SIN NOMBRE","comuna":"LA PINTANA","tipo":"Feria y Persa","dias":["Jueves"],"diasAbbr":"Jue","diasTexto":"Jueves","ubic":"CALLE JULIO BARNECHEA ENTRE SAN FRANCISCO Y JULIO CHAVEZ","calle":"JULIO BARNECHEA","inicio":null,"levante":null,"puestos":256},"geometry":{"type":"MultiLineString","coordinates":[[[-70.657868,-33.583012],[-70.662404,-33.582416]]]}},{"type":"Feature","properties":{"id":"294_LPN_13","nombre":"SIN NOMBRE","comuna":"LA PINTANA","tipo":"Feria y Persa","dias":["Miercoles","Sabado"],"diasAbbr":"Mié, Sáb","diasTexto":"Miercoles / Sabado","ubic":"CALLE JOHN KENNEDY ENTRE LO BLANCO Y LO MARTINEZ","calle":"JOHN KENNEDY","inicio":null,"levante":null,"puestos":938},"geometry":{"type":"MultiLineString","coordinates":[[[-70.647557,-33.578907],[-70.648822,-33.584169]]]}},{"type":"Feature","properties":{"id":"295_LPN_14","nombre":"SIN NOMBRE","comuna":"LA PINTANA","tipo":"Feria y Persa","dias":["Jueves","Domingo"],"diasAbbr":"Jue, Dom","diasTexto":"Jueves / Domingo","ubic":"CALLE JUANITA ENTRE MIGUEL ANGEL Y LOS NARANJOS","calle":"AV.JUANITA","inicio":null,"levante":null,"puestos":1068},"geometry":{"type":"MultiLineString","coordinates":[[[-70.618933,-33.589627],[-70.618525,-33.593795]]]}},{"type":"Feature","properties":{"id":"296_LPN_15","nombre":"SIN NOMBRE","comuna":"LA PINTANA","tipo":"Feria y Persa","dias":["Miercoles","Sabado"],"diasAbbr":"Mié, Sáb","diasTexto":"Miercoles / Sabado","ubic":"AVENIDA OMBU ENTRELA NIPA Y EL FUNDADOR","calle":"AV.OMBU","inicio":null,"levante":null,"puestos":870},"geometry":{"type":"MultiLineString","coordinates":[[[-70.615798,-33.594458],[-70.62147,-33.594877]]]}},{"type":"Feature","properties":{"id":"297_LPN_16","nombre":"EL FUNDADOR","comuna":"LA PINTANA","tipo":"Feria","dias":["Martes","Viernes"],"diasAbbr":"Mar, Vie","diasTexto":"Martes / Viernes","ubic":"CALLE EL FUNDADOR ENTRE LA CAPILLA A INES DE SUAREZ","calle":"EL FUNDADOR/LA FRONT","inicio":null,"levante":null,"puestos":427},"geometry":{"type":"MultiLineString","coordinates":[[[-70.612733,-33.590882],[-70.612484,-33.593401],[-70.610863,-33.593291]]]}},{"type":"Feature","properties":{"id":"298_SBN_1","nombre":"Lo Blanco","comuna":"SAN BERNARDO","tipo":"Feria y Persa","dias":["Jueves","Domingo"],"diasAbbr":"Jue, Dom","diasTexto":"Jueves / Domingo","ubic":"Calle Lo Blanco entre Paso Drake y Cerro San Cristobal","calle":"LO BLANCO","inicio":"9:00","levante":"15:00","puestos":962},"geometry":{"type":"MultiLineString","coordinates":[[[-70.670825,-33.583736],[-70.667367,-33.58442]]]}},{"type":"Feature","properties":{"id":"299_SBN_2","nombre":"Yungay","comuna":"SAN BERNARDO","tipo":"Feria","dias":["Martes","Sabado"],"diasAbbr":"Mar, Sáb","diasTexto":"Martes / Sabado","ubic":"Calle Yungay entre America y Santiago Mclean","calle":"YUNGAY","inicio":"9:00","levante":"15:00","puestos":330},"geometry":{"type":"MultiLineString","coordinates":[[[-70.703691,-33.579253],[-70.70586,-33.578745]]]}},{"type":"Feature","properties":{"id":"300_SBN_3","nombre":"El Olivo","comuna":"SAN BERNARDO","tipo":"Feria y Persa","dias":["Miercoles","Sabado"],"diasAbbr":"Mié, Sáb","diasTexto":"Miercoles / Sabado","ubic":"Calle Fco. Camargo entre Calderon de la Barca y Sta. Marta","calle":"FRANCISCO CAMARGO","inicio":"9:00","levante":"15:00","puestos":527},"geometry":{"type":"MultiLineString","coordinates":[[[-70.686834,-33.581979],[-70.687995,-33.584001],[-70.689175,-33.585898]]]}},{"type":"Feature","properties":{"id":"301_SBN_4","nombre":"Costanera","comuna":"SAN BERNARDO","tipo":"Feria","dias":["Jueves","Domingo"],"diasAbbr":"Jue, Dom","diasTexto":"Jueves / Domingo","ubic":"Calle Costanera Av.Colón y Covadonga","calle":"COSTANERA","inicio":"9:00","levante":"15:00","puestos":393},"geometry":{"type":"MultiLineString","coordinates":[[[-70.710391,-33.588407],[-70.711915,-33.593191]]]}},{"type":"Feature","properties":{"id":"302_SBN_5","nombre":"Varas","comuna":"SAN BERNARDO","tipo":"Feria y Persa","dias":["Jueves","Domingo"],"diasAbbr":"Jue, Dom","diasTexto":"Jueves / Domingo","ubic":"Calle Antonio Varas entre Baquedano y Jose Besa","calle":"ANTONIO VARAS","inicio":"9:00","levante":"15:00","puestos":995},"geometry":{"type":"MultiLineString","coordinates":[[[-70.697256,-33.595872],[-70.693468,-33.596986]]]}},{"type":"Feature","properties":{"id":"303_SBN_6","nombre":"Carvallo","comuna":"SAN BERNARDO","tipo":"Feria y Persa","dias":["Sabado"],"diasAbbr":"Sáb","diasTexto":"Sabado","ubic":"Carvallo entre Barros Arana y Victoria","calle":"CARVALLO","inicio":"9:00","levante":"15:00","puestos":647},"geometry":{"type":"MultiLineString","coordinates":[[[-70.707146,-33.606232],[-70.703464,-33.607345]]]}},{"type":"Feature","properties":{"id":"304_SBN_7","nombre":"Balmaceda Poniente","comuna":"SAN BERNARDO","tipo":"Feria y Persa","dias":["Martes","Viernes"],"diasAbbr":"Mar, Vie","diasTexto":"Martes / Viernes","ubic":"Calle Balmaceda desde martin solis","calle":"BALMACEDA","inicio":"9:00","levante":"15:00","puestos":1052},"geometry":{"type":"MultiLineString","coordinates":[[[-70.684334,-33.5914],[-70.682958,-33.592056]]]}},{"type":"Feature","properties":{"id":"305_SBN_8","nombre":"Balmaceda Oriente","comuna":"SAN BERNARDO","tipo":"Feria y Persa","dias":["Miercoles","Sabado"],"diasAbbr":"Mié, Sáb","diasTexto":"Miercoles / Sabado","ubic":"Calle Balmaceda entre Volcan Maipo y Sta Mercedez","calle":"BALMACEDA ORIENTE","inicio":null,"levante":null,"puestos":1140},"geometry":{"type":"MultiLineString","coordinates":[[[-70.673313,-33.595048],[-70.675725,-33.594548]]]}},{"type":"Feature","properties":{"id":"306_EBQ_1","nombre":"VECINAL","comuna":"EL BOSQUE","tipo":"Feria y Persa","dias":["Miercoles","Sabado"],"diasAbbr":"Mié, Sáb","diasTexto":"Miercoles / Sabado","ubic":"Vecinal Sur, San Francisco, Oceano Atlantico","calle":"AV.VECINAL SUR","inicio":"8:00","levante":"15:00","puestos":634},"geometry":{"type":"MultiLineString","coordinates":[[[-70.662421,-33.582084],[-70.668125,-33.580923]]]}},{"type":"Feature","properties":{"id":"307_EBQ_2","nombre":"COVARRUBIAS","comuna":"EL BOSQUE","tipo":"Feria","dias":["Martes","Viernes"],"diasAbbr":"Mar, Vie","diasTexto":"Martes / Viernes","ubic":"Julio Cobarruvias, Aviadores y Jorge Luco","calle":"JULIO COVARRUBIAS","inicio":null,"levante":null,"puestos":700},"geometry":{"type":"MultiLineString","coordinates":[[[-70.660636,-33.553392],[-70.661733,-33.558138],[-70.661762,-33.558315],[-70.661561,-33.558849],[-70.661676,-33.559335]]]}},{"type":"Feature","properties":{"id":"308_EBQ_3","nombre":"EL SAUCE","comuna":"EL BOSQUE","tipo":"Feria y Persa","dias":["Miercoles","Sabado"],"diasAbbr":"Mié, Sáb","diasTexto":"Miercoles / Sabado","ubic":"Observatorio desde Julio Covarrubias","calle":"AV.OBSERVATORIO","inicio":null,"levante":null,"puestos":791},"geometry":{"type":"MultiLineString","coordinates":[[[-70.670475,-33.560236],[-70.662142,-33.561543]]]}},{"type":"Feature","properties":{"id":"309_EBQ_4","nombre":"SANTA ELENA","comuna":"EL BOSQUE","tipo":"Feria y Persa","dias":["Jueves","Domingo"],"diasAbbr":"Jue, Dom","diasTexto":"Jueves / Domingo","ubic":"CALLE LOS SAUCES ENTRE LAS ARAUCARIAS Y PADRE HURTADO","calle":"EL SAUCE","inicio":null,"levante":null,"puestos":635},"geometry":{"type":"MultiLineString","coordinates":[[[-70.668897,-33.563428],[-70.659723,-33.565012]]]}},{"type":"Feature","properties":{"id":"310_EBQ_5","nombre":"CAPITAN AVALOS","comuna":"EL BOSQUE","tipo":"Feria","dias":["Miercoles","Sabado"],"diasAbbr":"Mié, Sáb","diasTexto":"Miercoles / Sabado","ubic":"CAPITAN AVALOS DESDE GRAN AVENIDA","calle":"CAPITAN AVALOS","inicio":null,"levante":null,"puestos":288},"geometry":{"type":"MultiLineString","coordinates":[[[-70.668011,-33.551296],[-70.67199,-33.550534]]]}},{"type":"Feature","properties":{"id":"311_EBQ_6","nombre":"LAGOS DE CHILE","comuna":"EL BOSQUE","tipo":"Feria","dias":["Jueves","Domingo"],"diasAbbr":"Jue, Dom","diasTexto":"Jueves / Domingo","ubic":"LOS NOGALES ENTRE LO ESPEJO Y 18 DE SEPTIEMBRE","calle":"LOS NOGALES","inicio":null,"levante":null,"puestos":276},"geometry":{"type":"MultiLineString","coordinates":[[[-70.681023,-33.540748],[-70.682142,-33.54278]]]}},{"type":"Feature","properties":{"id":"312_EBQ_7","nombre":"LOS CAROLINOS","comuna":"EL BOSQUE","tipo":"Feria","dias":["Martes","Sabado"],"diasAbbr":"Mar, Sáb","diasTexto":"Martes / Sabado","ubic":"LOS CAROLINOS ENTRE LOS MORROS Y LOS ALAMOS","calle":"AV.LOS CAROLINOS","inicio":null,"levante":null,"puestos":514},"geometry":{"type":"MultiLineString","coordinates":[[[-70.67431,-33.573824],[-70.675758,-33.57345],[-70.681224,-33.571627],[-70.683116,-33.57096]]]}},{"type":"Feature","properties":{"id":"313_EBQ_8","nombre":"SANTA LAURA","comuna":"EL BOSQUE","tipo":"Feria","dias":["Miercoles"],"diasAbbr":"Mié","diasTexto":"Miercoles","ubic":"BARROS BORGOÑO DESDE RENGO","calle":"LUIS BARROS BORGOÑO","inicio":null,"levante":null,"puestos":179},"geometry":{"type":"MultiLineString","coordinates":[[[-70.68447,-33.550188],[-70.687256,-33.549684]]]}},{"type":"Feature","properties":{"id":"314_EBQ_9","nombre":"VICTOR PLAZA MAYORGA","comuna":"EL BOSQUE","tipo":"Feria","dias":["Viernes"],"diasAbbr":"Vie","diasTexto":"Viernes","ubic":"CALL VICTOR PLAZA DESDE MANUEL RODRIGUEZ","calle":"VICTOR PLAZA","inicio":null,"levante":null,"puestos":490},"geometry":{"type":"MultiLineString","coordinates":[[[-70.678372,-33.54789],[-70.683589,-33.547021]]]}},{"type":"Feature","properties":{"id":"315_EBQ_10","nombre":"ARTURO PRAT","comuna":"EL BOSQUE","tipo":"Feria","dias":["Miercoles","Sabado"],"diasAbbr":"Mié, Sáb","diasTexto":"Miercoles / Sabado","ubic":"NUEVA PONIENTE ENTRE BULNES Y TOMAS YAVAR","calle":"NUEVA PONIENTE","inicio":null,"levante":null,"puestos":128},"geometry":{"type":"MultiLineString","coordinates":[[[-70.65406,-33.548684],[-70.654374,-33.549875]]]}},{"type":"Feature","properties":{"id":"316_EBQ_11","nombre":"TEMUCO","comuna":"EL BOSQUE","tipo":"Feria","dias":["Martes","Viernes"],"diasAbbr":"Mar, Vie","diasTexto":"Martes / Viernes","ubic":"IMPERIAL, EL COBRE Y LA PAMPA","calle":"IMPERIAL","inicio":null,"levante":null,"puestos":694},"geometry":{"type":"MultiLineString","coordinates":[[[-70.666005,-33.576835],[-70.670444,-33.575992]]]}},{"type":"Feature","properties":{"id":"317_EBQ_12","nombre":"Camino del inca","comuna":"EL BOSQUE","tipo":"Feria","dias":["Jueves","Domingo"],"diasAbbr":"Jue, Dom","diasTexto":"Jueves / Domingo","ubic":"CAMINO DEL INCA, LOS MORROS, LOLOL","calle":"CNO. DEL INCA","inicio":null,"levante":null,"puestos":274},"geometry":{"type":"MultiLineString","coordinates":[[[-70.67545,-33.578034],[-70.678247,-33.577031]]]}},{"type":"Feature","properties":{"id":"318_EBQ_13","nombre":"SANTA LAURA","comuna":"EL BOSQUE","tipo":"Feria","dias":["Domingo"],"diasAbbr":"Dom","diasTexto":"Domingo","ubic":"LUIS BARROS BORGOÑO ENTRE RENGO Y JERONIMO","calle":"LUIS BARROS BORGOÑO","inicio":null,"levante":null,"puestos":97},"geometry":{"type":"MultiLineString","coordinates":[[[-70.68448,-33.550177],[-70.687736,-33.549587]]]}},{"type":"Feature","properties":{"id":"319_EBQ_14","nombre":"persa los morros","comuna":"EL BOSQUE","tipo":"Persa","dias":["Sabado","Domingo"],"diasAbbr":"Sáb, Dom","diasTexto":"Sabado / Domingo / Fest","ubic":"Calle Los Morros entre Alejandro Guzman y Riquelme","calle":"LOS MORROS","inicio":null,"levante":null,"puestos":1610},"geometry":{"type":"MultiLineString","coordinates":[[[-70.666688,-33.546337],[-70.66897,-33.554898]]]}},{"type":"Feature","properties":{"id":"320_EBQ_15","nombre":"LAS PARCELAS","comuna":"EL BOSQUE","tipo":"Feria y Persa","dias":["Martes","Viernes"],"diasAbbr":"Mar, Vie","diasTexto":"Martes / Viernes","ubic":"LAS PARCELAS, LOS MORROS, PEÑABLANCA","calle":"LAS PARCELAS","inicio":"10:00","levante":"15:00","puestos":289},"geometry":{"type":"MultiLineString","coordinates":[[[-70.672769,-33.581639],[-70.676221,-33.580928]]]}},{"type":"Feature","properties":{"id":"321_PTA_1","nombre":"Bajos de Mena","comuna":"PUENTE ALTO","tipo":"Feria y Persa","dias":["Miercoles","Sabado"],"diasAbbr":"Mié, Sáb","diasTexto":"Miercoles / sabado","ubic":"Sargento Menadier entre JUanita y Osa Mayor","calle":"SARGENTO MENADIER","inicio":"8:00","levante":"16:00","puestos":1370},"geometry":{"type":"MultiLineString","coordinates":[[[-70.605148,-33.62021],[-70.608162,-33.620489],[-70.61028,-33.620711],[-70.610744,-33.620863],[-70.612757,-33.621246]]]}},{"type":"Feature","properties":{"id":"364_PTA_55","nombre":"BAJOS DE MENA","comuna":"PUENTE ALTO","tipo":"Feria y Persa","dias":["Martes","Viernes"],"diasAbbr":"Mar, Vie","diasTexto":"Viernes / Martes","ubic":"CALLE JUANITA ENTRE LA LECHERIA Y DONIZZETTI","calle":"ESTACION EL CANELO","inicio":null,"levante":null,"puestos":1126},"geometry":{"type":"MultiLineString","coordinates":[[[-70.618762,-33.628507],[-70.617288,-33.628444],[-70.615499,-33.628139],[-70.612192,-33.627879]]]}},{"type":"Feature","properties":{"id":"323_PTA_3","nombre":"Bajos de Mena 3","comuna":"PUENTE ALTO","tipo":"Feria y Persa","dias":["Jueves"],"diasAbbr":"Jue","diasTexto":"Jueves","ubic":"Calle Quitamalhue entre De Servicio y Pedro Lira","calle":"CURACO/QUITAMALHUE","inicio":null,"levante":null,"puestos":725},"geometry":{"type":"MultiLineString","coordinates":[[[-70.625455,-33.625933],[-70.625158,-33.626167],[-70.624964,-33.626259],[-70.624735,-33.626299],[-70.624362,-33.626318],[-70.624722,-33.62943]]]}},{"type":"Feature","properties":{"id":"324_PTA_4","nombre":"Casas Viejas 1","comuna":"PUENTE ALTO","tipo":"Feria","dias":["Martes"],"diasAbbr":"Mar","diasTexto":"Martes","ubic":"Laja entre Circunvalacion y Puntilla","calle":"AV.LAJA","inicio":null,"levante":null,"puestos":116},"geometry":{"type":"MultiLineString","coordinates":[[[-70.566042,-33.614824],[-70.565632,-33.61677]]]}},{"type":"Feature","properties":{"id":"327_PTA_7","nombre":"Casas Viejas","comuna":"PUENTE ALTO","tipo":"Feria y Persa","dias":["Viernes"],"diasAbbr":"Vie","diasTexto":"Viernes","ubic":"Calle Uruguay entre San Pedro y Salvador Allende","calle":"URUGUAY","inicio":null,"levante":null,"puestos":120},"geometry":{"type":"MultiLineString","coordinates":[[[-70.580839,-33.620759],[-70.580742,-33.621268],[-70.580656,-33.622692]]]}},{"type":"Feature","properties":{"id":"329_PTA_9","nombre":"Casas Viejas 6","comuna":"PUENTE ALTO","tipo":"Feria y Persa","dias":["Domingo"],"diasAbbr":"Dom","diasTexto":"Domingo","ubic":"Tome entre Eyzaguirre y Circunvalacion","calle":"TOME","inicio":null,"levante":null,"puestos":408},"geometry":{"type":"MultiLineString","coordinates":[[[-70.555067,-33.612096],[-70.555134,-33.613619]]]}},{"type":"Feature","properties":{"id":"332_PTA_12","nombre":"LOS NOGALES 2","comuna":"PUENTE ALTO","tipo":"Feria","dias":["Miercoles"],"diasAbbr":"Mié","diasTexto":"Miercoles","ubic":"ULISES ENTRE ENTRE GABRIELA PONIENTE Y LLANCAHUE","calle":"ULISES","inicio":null,"levante":null,"puestos":27},"geometry":{"type":"MultiLineString","coordinates":[[[-70.587658,-33.578281],[-70.58733,-33.579953]]]}},{"type":"Feature","properties":{"id":"333_PTA_13","nombre":"Los Nogales 3","comuna":"PUENTE ALTO","tipo":"Feria y Persa","dias":["Jueves"],"diasAbbr":"Jue","diasTexto":"Jueves","ubic":"Calle Nemesio Vicuña entre Las Nieves y Huepil","calle":"NEMESIO VICUÑA","inicio":null,"levante":null,"puestos":208},"geometry":{"type":"MultiLineString","coordinates":[[[-70.573653,-33.589579],[-70.573516,-33.590624],[-70.573466,-33.591808],[-70.573228,-33.59374]]]}},{"type":"Feature","properties":{"id":"334_PTA_14","nombre":"Los Nogales 4","comuna":"PUENTE ALTO","tipo":"Feria y Persa","dias":["Viernes","Domingo"],"diasAbbr":"Vie, Dom","diasTexto":"Viernes/Domingo","ubic":"Calle Creta entre Gabriela Poniente y Sagasca","calle":"CRETA","inicio":null,"levante":null,"puestos":488},"geometry":{"type":"MultiLineString","coordinates":[[[-70.602294,-33.581988],[-70.601553,-33.585874]]]}},{"type":"Feature","properties":{"id":"335_PTA_15","nombre":"Sin Nombre","comuna":"PUENTE ALTO","tipo":"Feria y Persa","dias":["Sabado"],"diasAbbr":"Sáb","diasTexto":"Sabado","ubic":"Las Nieves entre Los Mallines y San Juan","calle":"LAS NIEVES","inicio":null,"levante":null,"puestos":614},"geometry":{"type":"MultiLineString","coordinates":[[[-70.575143,-33.593888],[-70.570861,-33.593521]]]}},{"type":"Feature","properties":{"id":"336_PTA_16","nombre":"EL ESFUERZO 1","comuna":"PUENTE ALTO","tipo":"Feria y Persa","dias":["Martes"],"diasAbbr":"Mar","diasTexto":"Martes","ubic":"TOMÉ ENTRE SAN CARLOS Y TOCORNAL","calle":"TOME","inicio":null,"levante":null,"puestos":85},"geometry":{"type":"MultiLineString","coordinates":[[[-70.559104,-33.596616],[-70.55873,-33.598587]]]}},{"type":"Feature","properties":{"id":"337_PTA_17","nombre":"El Esfuerzo 2","comuna":"PUENTE ALTO","tipo":"Feria","dias":["Sabado"],"diasAbbr":"Sáb","diasTexto":"Sabado","ubic":"Miguel Angel entre Ulises y El Almendro","calle":"MIGUEL ANGEL","inicio":null,"levante":null,"puestos":881},"geometry":{"type":"MultiLineString","coordinates":[[[-70.587032,-33.582129],[-70.588834,-33.582364],[-70.589483,-33.582481],[-70.590116,-33.582628],[-70.592867,-33.582985]]]}},{"type":"Feature","properties":{"id":"338_PTA_18","nombre":"El Esfuerzo 3","comuna":"PUENTE ALTO","tipo":"Feria y Persa","dias":["Jueves"],"diasAbbr":"Jue","diasTexto":"Jueves","ubic":"Calle San Francisco entre Nonato Coo y Santa Soledad","calle":"SAN FRANCISCO","inicio":null,"levante":null,"puestos":369},"geometry":{"type":"MultiLineString","coordinates":[[[-70.568754,-33.581571],[-70.566657,-33.582872],[-70.565674,-33.583927],[-70.565235,-33.584366],[-70.564627,-33.58485]]]}},{"type":"Feature","properties":{"id":"339_PTA_19","nombre":"EL ESFUERZO","comuna":"PUENTE ALTO","tipo":"Feria","dias":["Viernes"],"diasAbbr":"Vie","diasTexto":"Viernes","ubic":"LA BALANZA ENTRE SAN CARLOS Y OCTANTE","calle":"LA BALANZA","inicio":null,"levante":null,"puestos":143},"geometry":{"type":"MultiLineString","coordinates":[[[-70.567562,-33.597083],[-70.567073,-33.599573]]]}},{"type":"Feature","properties":{"id":"340_PTA_20","nombre":"es esfuerzo 5","comuna":"PUENTE ALTO","tipo":"Feria y Persa","dias":["Domingo"],"diasAbbr":"Dom","diasTexto":"Domingo","ubic":"http://www.victorpizarro.cl/catastro/02_ficha_catastro.php","calle":"SAN CARLOS","inicio":null,"levante":null,"puestos":1012},"geometry":{"type":"MultiLineString","coordinates":[[[-70.559111,-33.596575],[-70.566183,-33.597008]]]}},{"type":"Feature","properties":{"id":"341_PTA_21","nombre":"FERIA GRANDE 1","comuna":"PUENTE ALTO","tipo":"Feria","dias":["Martes"],"diasAbbr":"Mar","diasTexto":"Martes","ubic":"DOCTOR MALEBRAN ENTRE ALVEAR Y DOMINGO TOCORNAL","calle":"DOCTOR MALEBRAN","inicio":null,"levante":null,"puestos":330},"geometry":{"type":"MultiLineString","coordinates":[[[-70.587649,-33.604319],[-70.586688,-33.609593]]]}},{"type":"Feature","properties":{"id":"342_PTA_22","nombre":"FERIA GRANDE 2","comuna":"PUENTE ALTO","tipo":"Feria y Persa","dias":["Miercoles"],"diasAbbr":"Mié","diasTexto":"Miercoles","ubic":"CALLE EDUARDO CORDERO ENTRE SANTA ELENA Y NONATO COO","calle":"EDUARDO CORDERO","inicio":null,"levante":null,"puestos":746},"geometry":{"type":"MultiLineString","coordinates":[[[-70.573848,-33.605609],[-70.570969,-33.60526],[-70.566574,-33.604666]]]}},{"type":"Feature","properties":{"id":"343_PTA_23","nombre":"Feria Grande 3","comuna":"PUENTE ALTO","tipo":"Feria y Persa","dias":["Jueves"],"diasAbbr":"Jue","diasTexto":"Jueves","ubic":"Calle Ejercito Libertador entre Eyzaguirre y Los Comendadores","calle":"EJERCITO LIBERTADOR","inicio":null,"levante":null,"puestos":849},"geometry":{"type":"MultiLineString","coordinates":[[[-70.590881,-33.614393],[-70.590363,-33.620997]]]}},{"type":"Feature","properties":{"id":"344_PTA_24","nombre":"FERIA GRANDE 4","comuna":"PUENTE ALTO","tipo":"Feria","dias":["Viernes"],"diasAbbr":"Vie","diasTexto":"Viernes","ubic":"LUIS MATTE ENTRE 5º CENTENARIO Y AGUIRRE LUCO","calle":"LUIS MATTE","inicio":null,"levante":null,"puestos":412},"geometry":{"type":"MultiLineString","coordinates":[[[-70.579448,-33.586022],[-70.577136,-33.585934]]]}},{"type":"Feature","properties":{"id":"345_PTA_25","nombre":"FERIA GRANDE 5","comuna":"PUENTE ALTO","tipo":"Feria y Persa","dias":["Sabado"],"diasAbbr":"Sáb","diasTexto":"Sabado","ubic":"SANTA ELENA ENTRE IRARRAZABAL Y EYZAGUIRRE, Y PEDRO LAGOS ENTRE SANTA ELENA Y NEMESIO VICUÑA","calle":"SANTA ELENA","inicio":null,"levante":null,"puestos":864},"geometry":{"type":"MultiLineString","coordinates":[[[-70.572613,-33.611494],[-70.570196,-33.611157]],[[-70.573437,-33.607565],[-70.572425,-33.61246]]]}},{"type":"Feature","properties":{"id":"346_PTA_26","nombre":"Feria Grande 6","comuna":"PUENTE ALTO","tipo":"Feria y Persa","dias":["Domingo"],"diasAbbr":"Dom","diasTexto":"Domingo","ubic":"Calle Arturo Prat entre Argentina y Ejercito Libertador","calle":"ARTURO PRAT","inicio":null,"levante":null,"puestos":1010},"geometry":{"type":"MultiLineString","coordinates":[[[-70.581081,-33.614514],[-70.581949,-33.614675],[-70.586625,-33.61555],[-70.588089,-33.615843],[-70.590547,-33.616465]]]}},{"type":"Feature","properties":{"id":"347_PTA_27","nombre":"Licanray","comuna":"PUENTE ALTO","tipo":"Feria y Persa","dias":["Viernes"],"diasAbbr":"Vie","diasTexto":"Viernes","ubic":"Calle Punta Blanca entre Ramon Venegas y EL Barquito","calle":"BUIN/PTA BLANCA","inicio":"9:00","levante":"15:00","puestos":341},"geometry":{"type":"MultiLineString","coordinates":[[[-70.55302,-33.583669],[-70.553103,-33.583209],[-70.554536,-33.583329],[-70.554728,-33.581674]]]}},{"type":"Feature","properties":{"id":"348_PTA_28","nombre":"Licanray 1","comuna":"PUENTE ALTO","tipo":"Feria","dias":["Martes"],"diasAbbr":"Mar","diasTexto":"Martes","ubic":"El Peral ntre Mexico y Las Nieves","calle":"AV.EL PERAL","inicio":null,"levante":null,"puestos":446},"geometry":{"type":"MultiLineString","coordinates":[[[-70.560987,-33.572039],[-70.562282,-33.572138],[-70.563219,-33.572286],[-70.565735,-33.572463]]]}},{"type":"Feature","properties":{"id":"349_PTA_29","nombre":"Licanray 2","comuna":"PUENTE ALTO","tipo":"Feria y Persa","dias":["Miercoles","Sabado"],"diasAbbr":"Mié, Sáb","diasTexto":"Miercoles y Sabado","ubic":"San Francisco entre Nonato Coo y El Peñon","calle":"SAN FRANCISCO","inicio":null,"levante":null,"puestos":202},"geometry":{"type":"MultiLineString","coordinates":[[[-70.568748,-33.581724],[-70.570557,-33.580621],[-70.571315,-33.580295]]]}},{"type":"Feature","properties":{"id":"350_PTA_30","nombre":"Licaray 3","comuna":"PUENTE ALTO","tipo":"Feria y Persa","dias":["Jueves"],"diasAbbr":"Jue","diasTexto":"Jueves","ubic":"Avenida Mexico entre Los Toros y Bahia Inglesa","calle":"AV.MEXICO","inicio":null,"levante":null,"puestos":492},"geometry":{"type":"MultiLineString","coordinates":[[[-70.56782,-33.562623],[-70.566737,-33.567407]]]}},{"type":"Feature","properties":{"id":"351_PTA_31","nombre":"Licanray 5","comuna":"PUENTE ALTO","tipo":"Feria y Persa","dias":["Domingo"],"diasAbbr":"Dom","diasTexto":"Domingo","ubic":"El Pilar entre Angel Pimentel y El Peñon","calle":"EL PILAR","inicio":null,"levante":null,"puestos":1215},"geometry":{"type":"MultiLineString","coordinates":[[[-70.558703,-33.57968],[-70.557672,-33.584546]]]}},{"type":"Feature","properties":{"id":"352_PTA_32","nombre":"Los Nogales","comuna":"PUENTE ALTO","tipo":"Feria","dias":["Martes"],"diasAbbr":"Mar","diasTexto":"Martes","ubic":"MIGUEL ANGEL ENTRE JULIO CESAR Y EJERCITO LIBERTADOR","calle":"MIGUEL ANGEL","inicio":null,"levante":null,"puestos":354},"geometry":{"type":"MultiLineString","coordinates":[[[-70.597259,-33.583584],[-70.603739,-33.584482]]]}},{"type":"Feature","properties":{"id":"353_PTA_33","nombre":"LUIS MATTE 1","comuna":"PUENTE ALTO","tipo":"Feria","dias":["Martes","Viernes"],"diasAbbr":"Mar, Vie","diasTexto":"Martes / Viernes","ubic":"RIO QUELTEHUE ENTRE RIO VOLCAN Y RIO YESO","calle":"RIO LAS LEÑAS","inicio":null,"levante":null,"puestos":158},"geometry":{"type":"MultiLineString","coordinates":[[[-70.622966,-33.614238],[-70.622943,-33.615921]]]}},{"type":"Feature","properties":{"id":"354_PTA_34","nombre":"Luis Matte 2","comuna":"PUENTE ALTO","tipo":"Feria y Persa","dias":["Miercoles","Sabado"],"diasAbbr":"Mié, Sáb","diasTexto":"Miercoles / Sabado","ubic":"Calle Luis Matte entre Creta y Canal Montino","calle":"LUIS MATTE","inicio":null,"levante":null,"puestos":399},"geometry":{"type":"MultiLineString","coordinates":[[[-70.60563,-33.588939],[-70.60274,-33.588485],[-70.601105,-33.58827]]]}},{"type":"Feature","properties":{"id":"355_PTA_35","nombre":"Luis Matte 3","comuna":"PUENTE ALTO","tipo":"Feria y Persa","dias":["Jueves","Domingo"],"diasAbbr":"Jue, Dom","diasTexto":"Jueves / Domingo","ubic":"Calle Ejercito Libertador entre Luis Matte y Padre Hurtado","calle":"EJERCITO LIBERTADOR","inicio":null,"levante":null,"puestos":757},"geometry":{"type":"MultiLineString","coordinates":[[[-70.59701,-33.585176],[-70.596599,-33.587576]]]}},{"type":"Feature","properties":{"id":"356_PTA_36","nombre":"MARTA BRUNETT 1","comuna":"PUENTE ALTO","tipo":"Feria","dias":["Martes","Viernes"],"diasAbbr":"Mar, Vie","diasTexto":"Martes/ Viernes","ubic":"NOCEDAL ENTRE SAN PEDRO Y CERRO MACUL","calle":"NOCEDAL","inicio":null,"levante":null,"puestos":713},"geometry":{"type":"MultiLineString","coordinates":[[[-70.594131,-33.624289],[-70.59372,-33.626446]]]}},{"type":"Feature","properties":{"id":"358_PTA_38","nombre":"MARTA BRUNETT 3","comuna":"PUENTE ALTO","tipo":"Feria","dias":["Jueves","Domingo"],"diasAbbr":"Jue, Dom","diasTexto":"Jueves / Domingo","ubic":"RIO COLORADO ENTRE LEONERA Y SANTA ROSA","calle":"RIO COLORADO","inicio":null,"levante":null,"puestos":107},"geometry":{"type":"MultiLineString","coordinates":[[[-70.623339,-33.615152],[-70.625364,-33.615165],[-70.626444,-33.615296]]]}},{"type":"Feature","properties":{"id":"359_PTA_39","nombre":"Chacareros","comuna":"PUENTE ALTO","tipo":"Feria y Persa","dias":["Martes"],"diasAbbr":"Mar","diasTexto":"Martes","ubic":"Angel Pimentel entre Nonato Coo y San Juan","calle":"ANGEL PIMENTEL","inicio":null,"levante":null,"puestos":227},"geometry":{"type":"MultiLineString","coordinates":[[[-70.567605,-33.588594],[-70.571457,-33.588833]]]}},{"type":"Feature","properties":{"id":"360_PTA_40","nombre":"CHACAREROS 2","comuna":"PUENTE ALTO","tipo":"Feria y Persa","dias":["Miercoles"],"diasAbbr":"Mié","diasTexto":"Miercoles","ubic":"EL PERAL ENTRE NONATO COO Y EL HIDALGO","calle":"AV.EL PERAL","inicio":null,"levante":null,"puestos":477},"geometry":{"type":"MultiLineString","coordinates":[[[-70.571559,-33.572258],[-70.572688,-33.572301],[-70.573057,-33.572168],[-70.573395,-33.571766],[-70.573743,-33.571328],[-70.574271,-33.571121],[-70.574668,-33.571071],[-70.575798,-33.571159],[-70.576061,-33.571158],[-70.576341,-33.571092]]]}},{"type":"Feature","properties":{"id":"361_PTA_41","nombre":"Chacareros 3","comuna":"PUENTE ALTO","tipo":"Feria y Persa","dias":["Jueves"],"diasAbbr":"Jue","diasTexto":"Jueves","ubic":"Calle Las Nieves oriente entre Gabriela y Av. El Peñón","calle":"LAS NIEVES ORIENTE","inicio":null,"levante":null,"puestos":347},"geometry":{"type":"MultiLineString","coordinates":[[[-70.559906,-33.575529],[-70.558703,-33.579698]]]}},{"type":"Feature","properties":{"id":"362_PTA_42","nombre":"Chacareros 4","comuna":"PUENTE ALTO","tipo":"Feria y Persa","dias":["Sabado"],"diasAbbr":"Sáb","diasTexto":"Sabado","ubic":"Calle Los Toros entre Nonato Coo y Av. mexico","calle":"LOS TOROS","inicio":null,"levante":null,"puestos":336},"geometry":{"type":"MultiLineString","coordinates":[[[-70.572349,-33.568125],[-70.566681,-33.567453]]]}},{"type":"Feature","properties":{"id":"363_PTA_43","nombre":"Chacareros 5","comuna":"PUENTE ALTO","tipo":"Feria y Persa","dias":["Domingo"],"diasAbbr":"Dom","diasTexto":"Domingo","ubic":"Los Toros entre Concha y Toro y Manuel Rengifo","calle":"LOS TOROS","inicio":null,"levante":null,"puestos":455},"geometry":{"type":"MultiLineString","coordinates":[[[-70.578386,-33.568811],[-70.583555,-33.569435]]]}},{"type":"Feature","properties":{"id":"365_PVD_1","nombre":"SANTA MARIA","comuna":"PROVIDENCIA","tipo":"Feria","dias":["Jueves","Domingo"],"diasAbbr":"Jue, Dom","diasTexto":"Jueves / Domingo","ubic":"SANTA MARIA ENTRE ARZOBISPO Y FRANCISCO PUELMA","calle":"AV.STA.MARIA","inicio":"8:00","levante":"14:00","puestos":35},"geometry":{"type":"MultiLineString","coordinates":[[[-70.626264,-33.431455],[-70.625635,-33.430781],[-70.624934,-33.429775],[-70.624206,-33.428511]]]}},{"type":"Feature","properties":{"id":"366_PVD_2","nombre":"los concilios","comuna":"PROVIDENCIA","tipo":"Feria","dias":["Viernes"],"diasAbbr":"Vie","diasTexto":"Viernes","ubic":"calle los concilios y calle pedro navia desde renato zanelli hasta arquitecto pauly","calle":"LOS CONCILIOS","inicio":"8:00","levante":"14:00","puestos":52},"geometry":{"type":"MultiLineString","coordinates":[[[-70.593014,-33.441731],[-70.594028,-33.441811]]]}},{"type":"Feature","properties":{"id":"367_PVD_3","nombre":"Manuel Montt","comuna":"PROVIDENCIA","tipo":"Feria y Persa","dias":["Sabado"],"diasAbbr":"Sáb","diasTexto":"Sabado","ubic":"Calle Caupolican entre Santa Isabel y Miguel Claro","calle":"CAUPOLICAN","inicio":"8:00","levante":"14:00","puestos":20},"geometry":{"type":"MultiLineString","coordinates":[[[-70.615699,-33.446406],[-70.616661,-33.446563]]]}},{"type":"Feature","properties":{"id":"368_VTC_1","nombre":"club de polo","comuna":"VITACURA","tipo":"Feria","dias":["Jueves","Viernes"],"diasAbbr":"Jue, Vie","diasTexto":"Jueves / Viernes","ubic":"entre escriba de balaguer y rio mapocho","calle":"MONS.ESCRIBA DE BALA","inicio":"8:30","levante":"16:00","puestos":36},"geometry":{"type":"MultiLineString","coordinates":[[[-70.592158,-33.385313],[-70.591776,-33.385674]]]}},{"type":"Feature","properties":{"id":"369_LCD_1","nombre":"mercado chacareros manquehue","comuna":"LAS CONDES","tipo":"Feria","dias":["Miercoles","Domingo"],"diasAbbr":"Mié, Dom","diasTexto":"Miercoles / Domingo","ubic":"manquehue desde isabel la catolica","calle":"MANQUEHUE","inicio":"9:00","levante":"15:00","puestos":59},"geometry":{"type":"MultiLineString","coordinates":[[[-70.564303,-33.424947],[-70.56362,-33.42489]]]}},{"type":"Feature","properties":{"id":"370_LCD_2","nombre":"Parque Los Dominicos","comuna":"LAS CONDES","tipo":"Feria","dias":["Sabado"],"diasAbbr":"Sáb","diasTexto":"Sabado","ubic":"Los Dominicos desde Patagonia","calle":"LOS DOMINICOS","inicio":null,"levante":null,"puestos":51},"geometry":{"type":"MultiLineString","coordinates":[[[-70.541798,-33.408905],[-70.542273,-33.407792],[-70.543401,-33.407848],[-70.543203,-33.409049],[-70.541825,-33.408882]]]}},{"type":"Feature","properties":{"id":"371_LCD_3","nombre":"Patricia","comuna":"LAS CONDES","tipo":"Feria","dias":["Domingo"],"diasAbbr":"Dom","diasTexto":"Domingo","ubic":"Calle Patricia desde Paul Harris hasta Los Vilos","calle":"PATRICIA","inicio":null,"levante":null,"puestos":650},"geometry":{"type":"MultiLineString","coordinates":[[[-70.532582,-33.419677],[-70.533543,-33.420488],[-70.533901,-33.420692]]]}},{"type":"Feature","properties":{"id":"372_LCD_4","nombre":"presidente riesco","comuna":"LAS CONDES","tipo":"Feria","dias":["Miercoles"],"diasAbbr":"Mié","diasTexto":"Miercoles","ubic":"presidente riesco desde manquehue","calle":"PDTE.RIESCO","inicio":"9:00","levante":"15:00","puestos":38},"geometry":{"type":"MultiLineString","coordinates":[[[-70.571004,-33.402914],[-70.568039,-33.40166]]]}},{"type":"Feature","properties":{"id":"373_LBN_1","nombre":"Lo Barneceha","comuna":"LO BARNECHEA","tipo":"Feria y Persa","dias":["Domingo"],"diasAbbr":"Dom","diasTexto":"Domingo","ubic":"Padre Alfredo Arteaga / Raúl Labbe y El Roble","calle":"PADRE ALFREDO ARTEAG","inicio":"9:00","levante":"14:30","puestos":93},"geometry":{"type":"MultiLineString","coordinates":[[[-70.508484,-33.362494],[-70.50914,-33.360711]]]}},{"type":"Feature","properties":{"id":"165_CRR_7","nombre":"Villa Mexico","comuna":"CERRILLOS","tipo":"Feria y Persa","dias":["Jueves","Domingo"],"diasAbbr":"Jue, Dom","diasTexto":"Domingo/Jueves","ubic":"Calle 5 de abril, entre Lumen y Los Tilos","calle":"5 DE ABRIL","inicio":"10:00","levante":"16:00","puestos":475},"geometry":{"type":"MultiLineString","coordinates":[[[-70.739727,-33.510257],[-70.730446,-33.510034]]]}},{"type":"Feature","properties":{"id":"158_MPU_21","nombre":"la gruta","comuna":"MAIPU","tipo":"Feria","dias":["Miercoles","Sabado"],"diasAbbr":"Mié, Sáb","diasTexto":"Miercoles / Sabado","ubic":"gabriel gonzalez v. entre 4 poniente y caleta camarones","calle":"G. GONZALEZ VIDELA","inicio":"9:00","levante":"15:00","puestos":307},"geometry":{"type":"MultiLineString","coordinates":[[[-70.788126,-33.537175],[-70.790665,-33.538917]]]}},{"type":"Feature","properties":{"id":"158_MPU_22","nombre":"v. esperanza","comuna":"MAIPU","tipo":"Feria","dias":["Miercoles","Sabado"],"diasAbbr":"Mié, Sáb","diasTexto":"Miercoles / Sabado","ubic":"inca de oro entre 4 poniente y la galaxia","calle":"INCA DE ORO","inicio":"9:00","levante":"16:00","puestos":354},"geometry":{"type":"MultiLineString","coordinates":[[[-70.793908,-33.512549],[-70.790813,-33.512366]]]}},{"type":"Feature","properties":{"id":"158_MPU_20","nombre":"judea","comuna":"MAIPU","tipo":"Feria","dias":["Martes","Viernes"],"diasAbbr":"Mar, Vie","diasTexto":"Martes / Viernes","ubic":"las industrias entre jorge guerra y judea","calle":"LAS INDUSTRIAS","inicio":"9:00","levante":"15:00","puestos":87},"geometry":{"type":"MultiLineString","coordinates":[[[-70.770475,-33.540053],[-70.772844,-33.543739]]]}},{"type":"Feature","properties":{"id":"158_MPU_23","nombre":"ferrocaril","comuna":"MAIPU","tipo":"Feria y Persa","dias":["Jueves","Domingo"],"diasAbbr":"Jue, Dom","diasTexto":"Jueves / Domingo","ubic":"ferrocarril entre cero baron y domingo faustino","calle":"FERROCARRIL","inicio":"9:00","levante":"16:00","puestos":687},"geometry":{"type":"MultiLineString","coordinates":[[[-70.776965,-33.540324],[-70.773479,-33.537903]]]}},{"type":"Feature","properties":{"id":"158_MPU_24","nombre":"teatro princesal","comuna":"MAIPU","tipo":"Feria y Persa","dias":["Jueves","Domingo"],"diasAbbr":"Jue, Dom","diasTexto":"Jueves / Domingo","ubic":"teatro proncesa, entre la sinfonia y teatro municipal","calle":"TEATRO PRINCESA","inicio":"9:00","levante":"16:00","puestos":422},"geometry":{"type":"MultiLineString","coordinates":[[[-70.766091,-33.489688],[-70.766389,-33.491671]]]}},{"type":"Feature","properties":{"id":"364_PTA_45","nombre":"Feria Grande","comuna":"PUENTE ALTO","tipo":"Feria y Persa","dias":["Martes"],"diasAbbr":"Mar","diasTexto":"Martes","ubic":"Tocornal Grez entre Abate Molina y Presidente Salvador","calle":"TOCORNAL GREZ","inicio":null,"levante":null,"puestos":78},"geometry":{"type":"MultiLineString","coordinates":[[[-70.577631,-33.618355],[-70.577381,-33.619567]]]}},{"type":"Feature","properties":{"id":"364_PTA_46","nombre":"Feria Grande 1","comuna":"PUENTE ALTO","tipo":"Feria y Persa","dias":["Viernes"],"diasAbbr":"Vie","diasTexto":"Viernes","ubic":"Calle Nocedal entre Domingo Tocornal y Pedro Duarte","calle":"NOCEDAL","inicio":null,"levante":null,"puestos":285},"geometry":{"type":"MultiLineString","coordinates":[[[-70.597325,-33.605482],[-70.596699,-33.610634]]]}},{"type":"Feature","properties":{"id":"364_PTA_47","nombre":"Los Nogales","comuna":"PUENTE ALTO","tipo":"Feria y Persa","dias":["Sabado"],"diasAbbr":"Sáb","diasTexto":"Sabado","ubic":"Calle Concha y Toro entre Eliza Correa y Pilar Lira","calle":"CONCHA Y TORO","inicio":null,"levante":null,"puestos":95},"geometry":{"type":"MultiLineString","coordinates":[[[-70.584068,-33.56896],[-70.583862,-33.570026]]]}},{"type":"Feature","properties":{"id":"364_PTA_48","nombre":"Luis Matte","comuna":"PUENTE ALTO","tipo":"Feria y Persa","dias":["Miercoles"],"diasAbbr":"Mié","diasTexto":"Miercoles","ubic":"Calle Luis Matte entre Marfil y Mulliri","calle":"LUIS MATTE LARRAIN","inicio":null,"levante":null,"puestos":215},"geometry":{"type":"MultiLineString","coordinates":[[[-70.600507,-33.58817],[-70.603096,-33.588535]]]}},{"type":"Feature","properties":{"id":"364_PTA_49","nombre":"LUIS MATTE","comuna":"PUENTE ALTO","tipo":"Feria y Persa","dias":["Viernes"],"diasAbbr":"Vie","diasTexto":"Viernes","ubic":"TRONCAL SAN FRANCISCO ENTRE 4 ORIENTE Y LOS CIPRESES","calle":"TRON SAN FRANCISCO","inicio":null,"levante":null,"puestos":146},"geometry":{"type":"MultiLineString","coordinates":[[[-70.611249,-33.570522],[-70.608187,-33.569803]]]}},{"type":"Feature","properties":{"id":"364_PTA_50","nombre":"EL ESPUERZO","comuna":"PUENTE ALTO","tipo":"Feria y Persa","dias":["Martes","Viernes"],"diasAbbr":"Mar, Vie","diasTexto":"Martes/ Viernes","ubic":"DOMINGO TOCORNAL ENTRE NONATO COO Y CALLE 1","calle":"DOMINGO TOCORNAL","inicio":null,"levante":null,"puestos":443},"geometry":{"type":"MultiLineString","coordinates":[[[-70.565279,-33.601362],[-70.560388,-33.601005]]]}},{"type":"Feature","properties":{"id":"364_PTA_51","nombre":"El Esfuerzo","comuna":"PUENTE ALTO","tipo":"Feria","dias":["Miercoles"],"diasAbbr":"Mié","diasTexto":"Miercoles","ubic":"Juan de Dios Malebran entre Gabriela y Luis Matte","calle":"JUAN DE DIOS MALEB.","inicio":null,"levante":null,"puestos":302},"geometry":{"type":"MultiLineString","coordinates":[[[-70.591172,-33.586906],[-70.59163,-33.58464],[-70.592397,-33.580758]]]}},{"type":"Feature","properties":{"id":"078_RCT_11","nombre":"CHABUCA GRANDE","comuna":"RECOLETA","tipo":"Feria y Persa","dias":["Miercoles"],"diasAbbr":"Mié","diasTexto":"Miercoles","ubic":"VICTOR CUCCUINI, CORONEL DEL CANTO, Y AURELIO DIAS MEZA","calle":"VICTOR CUCCUINI","inicio":null,"levante":null,"puestos":359},"geometry":{"type":"MultiLineString","coordinates":[[[-70.641062,-33.404183],[-70.635209,-33.404032]]]}},{"type":"Feature","properties":{"id":"091_CCH_14","nombre":"Persa Zapadores","comuna":"CONCHALI","tipo":"Persa","dias":["Sabado","Domingo"],"diasAbbr":"Sáb, Dom","diasTexto":"Sábados/ Domingos/Festivo","ubic":"av. zapadores entre guanaco y el quisco","calle":"ZAPADORES","inicio":null,"levante":null,"puestos":532},"geometry":{"type":"MultiLineString","coordinates":[[[-70.662396,-33.386444],[-70.657126,-33.386814]]]}},{"type":"Feature","properties":{"id":"104_QLC_12","nombre":"Feria 1","comuna":"QUILICURA","tipo":"Feria y Persa","dias":["Sabado"],"diasAbbr":"Sáb","diasTexto":"Sabado","ubic":"o'higgins entre ana frank y doña leticia","calle":"O HIGGINS","inicio":null,"levante":null,"puestos":333},"geometry":{"type":"MultiLineString","coordinates":[[[-70.729385,-33.36025],[-70.729738,-33.363065]]]}},{"type":"Feature","properties":{"id":"104_QLC_11","nombre":"Las Azucenas Las Azucenas","comuna":"QUILICURA","tipo":"Feria y Persa","dias":["Sabado"],"diasAbbr":"Sáb","diasTexto":"Sabado","ubic":"Calle Las Violetas, entre Guardiamarina Riquelme y Las Azucenas","calle":"LAS VIOLETAS","inicio":null,"levante":null,"puestos":300},"geometry":{"type":"MultiLineString","coordinates":[[[-70.742715,-33.36928],[-70.740285,-33.369779]]]}},{"type":"Feature","properties":{"id":"104_QLC_13","nombre":"FERIA 2","comuna":"QUILICURA","tipo":"Feria y Persa","dias":["Martes"],"diasAbbr":"Mar","diasTexto":"Martes","ubic":"VOLCAN VILLARRICA ENTRE LO MARCOLETA Y SAN LUIS","calle":"VOLCAN VILLARRICA","inicio":null,"levante":null,"puestos":701},"geometry":{"type":"MultiLineString","coordinates":[[[-70.748898,-33.361038],[-70.749315,-33.364877]]]}},{"type":"Feature","properties":{"id":"104_QLC_14","nombre":"Feria 2","comuna":"QUILICURA","tipo":"Feria y Persa","dias":["Viernes"],"diasAbbr":"Vie","diasTexto":"Viernes","ubic":"Lo Marcoleta entre Peñablanca y San Luis; y San Luis entre Lo Marcoleta y Pto. Porvenir","calle":"LO MARCOLETA","inicio":null,"levante":null,"puestos":791},"geometry":{"type":"MultiLineString","coordinates":[[[-70.749794,-33.360991],[-70.75395,-33.361747]]]}},{"type":"Feature","properties":{"id":"104_QLC_15","nombre":"feria 2","comuna":"QUILICURA","tipo":"Feria y Persa","dias":["Sabado"],"diasAbbr":"Sáb","diasTexto":"Sabado","ubic":"lo marcoleta entre los americanos y san andres","calle":"LO MARCOLETA","inicio":null,"levante":null,"puestos":319},"geometry":{"type":"MultiLineString","coordinates":[[[-70.715053,-33.356755],[-70.718169,-33.357131]]]}},{"type":"Feature","properties":{"id":"104_QLC_16","nombre":"feria 2","comuna":"QUILICURA","tipo":"Feria y Persa","dias":["Sabado"],"diasAbbr":"Sáb","diasTexto":"Sabado","ubic":"los alpes desde kilimanjaro hasta cerro hudson","calle":"LOS ALPES","inicio":null,"levante":null,"puestos":139},"geometry":{"type":"MultiLineString","coordinates":[[[-70.744969,-33.351671],[-70.744124,-33.351783]]]}},{"type":"Feature","properties":{"id":"297_LPN_17","nombre":"Persa General Arriagada","comuna":"LA PINTANA","tipo":"Persa","dias":["Sabado","Domingo"],"diasAbbr":"Sáb, Dom","diasTexto":"Sabado / Domingo y Festivo","ubic":"Genral Arriagada entre Bahia Catalina y La Serena","calle":"GENERAL ARRIAGADA","inicio":null,"levante":null,"puestos":1120},"geometry":{"type":"MultiLineString","coordinates":[[[-70.61107,-33.559772],[-70.613038,-33.560161]]]}},{"type":"Feature","properties":{"id":"297_LPN_18","nombre":"Persa San Francisco","comuna":"LA PINTANA","tipo":"Feria y Persa","dias":["Sabado","Domingo"],"diasAbbr":"Sáb, Dom","diasTexto":"Sabado / Domingo y Festivo","ubic":"Celanova con San Francisco","calle":"CELANOVA","inicio":null,"levante":null,"puestos":30},"geometry":{"type":"MultiLineString","coordinates":[[[-70.655738,-33.558242],[-70.654944,-33.558383]]]}},{"type":"Feature","properties":{"id":"364_PTA_52","nombre":"Persa Estación ferroviaria","comuna":"PUENTE ALTO","tipo":"Feria y Persa","dias":["Sabado","Domingo"],"diasAbbr":"Sáb, Dom","diasTexto":"Sábado/Domingo / Feriado","ubic":"Calle Sgto. Menader entre Juanita y Estación","calle":"SARGENTO MENADIER","inicio":null,"levante":null,"puestos":350},"geometry":{"type":"MultiLineString","coordinates":[[[-70.612767,-33.621255],[-70.615754,-33.621768]]]}},{"type":"Feature","properties":{"id":"364_PTA_53","nombre":"persa cordillera","comuna":"PUENTE ALTO","tipo":"Feria y Persa","dias":["Sabado","Domingo"],"diasAbbr":"Sáb, Dom","diasTexto":"Sábado/Domingo / Feriado","ubic":"arturo prat entre ehjercito libertador entre venezuela y sargento menadier","calle":"PRAT/EJER LIBERTADOR","inicio":null,"levante":null,"puestos":1942},"geometry":{"type":"MultiLineString","coordinates":[[[-70.590405,-33.618619],[-70.59059,-33.616533],[-70.59059,-33.616497],[-70.588071,-33.615863]]]}},{"type":"Feature","properties":{"id":"104_QLC_18","nombre":"SAN ENRIQUE","comuna":"QUILICURA","tipo":"Persa","dias":["Domingo"],"diasAbbr":"Dom","diasTexto":"Domingo","ubic":"CALLE SAN ENRIQUE DESDE SAN LUIS HASTA MANUEL ANTONIO MATTA","calle":"SAN ENRIQUE","inicio":null,"levante":null,"puestos":407},"geometry":{"type":"MultiLineString","coordinates":[[[-70.744162,-33.361821],[-70.742285,-33.364753],[-70.741235,-33.366156]]]}},{"type":"Feature","properties":{"id":"104_QLC_19","nombre":"raimundo Romo","comuna":"QUILICURA","tipo":"Persa","dias":["Sabado","Domingo"],"diasAbbr":"Sáb, Dom","diasTexto":"Sabado/ Domingo","ubic":"Calle Jose Pedro Escobar entre O´higgins y Raimundo Romo","calle":"RAIMUNDO ROMO","inicio":null,"levante":null,"puestos":250},"geometry":{"type":"MultiLineString","coordinates":[[[-70.732213,-33.368043],[-70.731532,-33.366877],[-70.730883,-33.365645]]]}},{"type":"Feature","properties":{"id":"364_PTA_54","nombre":"Licanray","comuna":"PUENTE ALTO","tipo":"Feria y Persa","dias":["Sabado"],"diasAbbr":"Sáb","diasTexto":"Sabado","ubic":"El Peñon entre San Francisco y Nemesio Vicuña","calle":"EL PEÑON","inicio":null,"levante":null,"puestos":503},"geometry":{"type":"MultiLineString","coordinates":[[[-70.574866,-33.580277],[-70.571391,-33.580164]]]}},{"type":"Feature","properties":{"id":"364_PTA_56","nombre":"casas viejas","comuna":"PUENTE ALTO","tipo":"Feria y Persa","dias":["Miercoles"],"diasAbbr":"Mié","diasTexto":"Miercoles","ubic":"el volcan entre los pinos y el llano","calle":"EL VOLCAN","inicio":null,"levante":null,"puestos":189},"geometry":{"type":"MultiLineString","coordinates":[[[-70.521316,-33.609574],[-70.522394,-33.609967],[-70.522638,-33.610024],[-70.523017,-33.610065]]]}},{"type":"Feature","properties":{"id":"364_PTA_57","nombre":"CASAS VIEJAS","comuna":"PUENTE ALTO","tipo":"Feria","dias":["Jueves"],"diasAbbr":"Jue","diasTexto":"Jueves","ubic":"PIE ANDINO ENTRE EYZAGUIRRE Y CARRASCO","calle":"PIE ANDINO","inicio":null,"levante":null,"puestos":97},"geometry":{"type":"MultiLineString","coordinates":[[[-70.550898,-33.610026],[-70.549895,-33.611261]]]}},{"type":"Feature","properties":{"id":"364_PTA_58","nombre":"Marta Brunnet","comuna":"PUENTE ALTO","tipo":"Feria y Persa","dias":["Miercoles"],"diasAbbr":"Mié","diasTexto":"Miercoles","ubic":"La Colonia entre Las Achiras y Los Conquistadores","calle":"LA COLONIA","inicio":null,"levante":null,"puestos":145},"geometry":{"type":"MultiLineString","coordinates":[[[-70.587367,-33.62833],[-70.58719,-33.630609],[-70.588072,-33.631038],[-70.588566,-33.63143],[-70.589231,-33.631928]]]}},{"type":"Feature","properties":{"id":"364_PTA_59","nombre":"Marta Brunett","comuna":"PUENTE ALTO","tipo":"Feria y Persa","dias":["Sabado"],"diasAbbr":"Sáb","diasTexto":"Sabado","ubic":"Calle Reloj de Sol entre Aguas Abajo y Raiz de Sueño","calle":"RELOJ DE SOL","inicio":null,"levante":null,"puestos":216},"geometry":{"type":"MultiLineString","coordinates":[[[-70.622416,-33.631822],[-70.619786,-33.631392],[-70.619651,-33.631442],[-70.619451,-33.632493],[-70.619336,-33.632521],[-70.619204,-33.632399]]]}},{"type":"Feature","properties":{"id":"364_PTA_60","nombre":"Licanray","comuna":"PUENTE ALTO","tipo":"Feria","dias":["Miercoles"],"diasAbbr":"Mié","diasTexto":"Miercoles","ubic":"Calle San Francisco desde Las Nieves al norte","calle":"SAN FRANCISCO","inicio":null,"levante":null,"puestos":86},"geometry":{"type":"MultiLineString","coordinates":[[[-70.556827,-33.589052],[-70.558763,-33.587748]]]}},{"type":"Feature","properties":{"id":"364_PTA_61","nombre":"Casas Viejas","comuna":"PUENTE ALTO","tipo":"Feria y Persa","dias":["Sabado"],"diasAbbr":"Sáb","diasTexto":"Sabado","ubic":"Camilo Henriquez entre Diego Portales y S/N","calle":"SANCHEZ FONTECILLA","inicio":null,"levante":null,"puestos":190},"geometry":{"type":"MultiLineString","coordinates":[[[-70.553073,-33.559146],[-70.552978,-33.560487]]]}},{"type":"Feature","properties":{"id":"230_LFD_33","nombre":"Bellavista","comuna":"LA FLORIDA","tipo":"Feria y Persa","dias":["Martes"],"diasAbbr":"Mar","diasTexto":"Martes","ubic":"Calle San Jorge entre Cordillera y Pasaje Los Zuecos","calle":"SN JOSE ESTRELLA","inicio":null,"levante":null,"puestos":293},"geometry":{"type":"MultiLineString","coordinates":[[[-70.569883,-33.552784],[-70.567741,-33.552645],[-70.564506,-33.552478]]]}},{"type":"Feature","properties":{"id":"230_LFD_36","nombre":"Manuel Rodriguez","comuna":"LA FLORIDA","tipo":"Persa","dias":["Jueves"],"diasAbbr":"Jue","diasTexto":"Jueves","ubic":"Calle México entre San José de la Estrella y Pasaje Pinchicha","calle":"SN JOSE ESTRELLA","inicio":null,"levante":null,"puestos":572},"geometry":{"type":"MultiLineString","coordinates":[[[-70.574923,-33.552983],[-70.568464,-33.552618]]]}},{"type":"Feature","properties":{"id":"230_LFD_37","nombre":"Unión","comuna":"LA FLORIDA","tipo":"Feria y Persa","dias":["Jueves","Domingo"],"diasAbbr":"Jue, Dom","diasTexto":"Jueves /Domingo","ubic":"General Arriagada entre Julio César hasta Valentina Leppe","calle":"GRAL ARRIAGADA","inicio":null,"levante":null,"puestos":587},"geometry":{"type":"MultiLineString","coordinates":[[[-70.601086,-33.55874],[-70.600538,-33.558724],[-70.596207,-33.55829]]]}},{"type":"Feature","properties":{"id":"230_LFD_39","nombre":"Manuel Rodriguez","comuna":"LA FLORIDA","tipo":"Feria","dias":["Viernes"],"diasAbbr":"Vie","diasTexto":"Viernes","ubic":"Calle Santa Amalia entre Algarrobo hasta el Nº 465","calle":"SANTA AMALIA","inicio":null,"levante":null,"puestos":140},"geometry":{"type":"MultiLineString","coordinates":[[[-70.599934,-33.542891],[-70.596694,-33.542938]]]}},{"type":"Feature","properties":{"id":"125_PÑL_13","nombre":"Los Mares","comuna":"PEÑALOLEN","tipo":"Feria y Persa","dias":["Martes"],"diasAbbr":"Mar","diasTexto":"Martes","ubic":"General Toro entre San Luis y Las Torres","calle":"HORACIO TORO","inicio":null,"levante":null,"puestos":570},"geometry":{"type":"MultiLineString","coordinates":[[[-70.585316,-33.505541],[-70.584303,-33.501865]]]}},{"type":"Feature","properties":{"id":"305_SBN_9","nombre":"Persa","comuna":"SAN BERNARDO","tipo":"Persa","dias":["Sabado","Domingo"],"diasAbbr":"Sáb, Dom","diasTexto":"Sábado/ Domingo/Festivo","ubic":"Calderon de la Barca entre Padre Hurtado y Gran Avenida","calle":"CALDERON DE LA BARCA","inicio":null,"levante":null,"puestos":1196},"geometry":{"type":"MultiLineString","coordinates":[[[-70.694111,-33.579191],[-70.677773,-33.585619],[-70.677512,-33.585641]]]}},{"type":"Feature","properties":{"id":"368_VTC_2","nombre":"el aromo","comuna":"VITACURA","tipo":"Feria","dias":["Jueves","Sabado"],"diasAbbr":"Jue, Sáb","diasTexto":"Jueves /Sabado","ubic":"padre hurtado desde el aromo","calle":"PADRE HURTADO","inicio":null,"levante":null,"puestos":16},"geometry":{"type":"MultiLineString","coordinates":[[[-70.557619,-33.378945],[-70.557723,-33.378798],[-70.557761,-33.378657],[-70.557632,-33.378541],[-70.557455,-33.378419],[-70.557323,-33.378483],[-70.55723,-33.378534]]]}},{"type":"Feature","properties":{"id":"185_PDH_10","nombre":"sin nombre","comuna":"PUDAHUEL","tipo":"Persa","dias":["Jueves","Sabado","Domingo"],"diasAbbr":"Jue, Sáb, Dom","diasTexto":"Jueves/Sabado/Domingo/Festivo","ubic":"avenida los mares entre la estrella y oceania","calle":"LOS MARES","inicio":null,"levante":null,"puestos":163},"geometry":{"type":"MultiLineString","coordinates":[[[-70.75362,-33.465433],[-70.757455,-33.464755]]]}},{"type":"Feature","properties":{"id":"373_LBN_2","nombre":"los quincheros","comuna":"LO BARNECHEA","tipo":"Feria","dias":["Sabado"],"diasAbbr":"Sáb","diasTexto":"Sabado","ubic":"los quincheros desde el esfuerzo","calle":"LOS QUINCHEROS","inicio":null,"levante":null,"puestos":40},"geometry":{"type":"MultiLineString","coordinates":[[[-70.502805,-33.358253],[-70.502118,-33.360068],[-70.502053,-33.360206]]]}},{"type":"Feature","properties":{"id":"010_CNV_17","nombre":"N1 SAN FRANCISCO","comuna":"CERRO NAVIA","tipo":"Persa","dias":["Sabado","Domingo"],"diasAbbr":"Sáb, Dom","diasTexto":"Sabado/Domingo/Festivos","ubic":"San Francisco entre Jorge Washington y Teniente Cruz","calle":"SAN FRANCISCO","inicio":null,"levante":null,"puestos":135},"geometry":{"type":"MultiLineString","coordinates":[[[-70.740877,-33.436381],[-70.737716,-33.43639],[-70.734701,-33.436387]]]}},{"type":"Feature","properties":{"id":"368_VTC_1","nombre":"club de polo","comuna":"VITACURA","tipo":"Feria","dias":["Jueves","Viernes"],"diasAbbr":"Jue, Vie","diasTexto":"Jueves / Viernes","ubic":"entre escriba de balaguer y rio mapocho","calle":"MONS.ESCRIBA DE BALA","inicio":"8:30","levante":"16:00","puestos":36},"geometry":{"type":"MultiLineString","coordinates":[[[-70.591995,-33.385819],[-70.59239,-33.385484]]]}},{"type":"Feature","properties":{"id":"230_LFD_35","nombre":"Santa Teresa","comuna":"LA FLORIDA","tipo":"Feria","dias":["Miercoles","Sabado"],"diasAbbr":"Mié, Sáb","diasTexto":"Miercoles y Sabado","ubic":"Calle Maria Angelica (Parque Quebrada de Macul)","calle":"MARIA ANGELICA","inicio":null,"levante":null,"puestos":38},"geometry":{"type":"MultiLineString","coordinates":[[[-70.553568,-33.516451],[-70.553516,-33.516833]]]}}]}