{"type":"FeatureCollection","name":"Otras_carteras","crs":{"type":"name","properties":{"name":"urn:ogc:def:crs:OGC:1.3:CRS84"}},"_meta":{"fuente":"Carteras de otras instituciones (Municipios, MOP, MTT, MINVU, Privados/IMIV) — Seremitt","n":639},"features":[{"type":"Feature","geometry":{"type":"MultiLineString","coordinates":[[[-70.700812,-33.572995],[-70.701448,-33.574327],[-70.703314,-33.578436],[-70.704361,-33.580753],[-70.70548,-33.583214],[-70.706249,-33.584893],[-70.707447,-33.587585],[-70.707685,-33.588079],[-70.707964,-33.588763],[-70.708422,-33.589767],[-70.708821,-33.590646],[-70.709297,-33.591727],[-70.710122,-33.593569],[-70.710996,-33.595489],[-70.71203,-33.597789],[-70.712982,-33.599812],[-70.714497,-33.603092],[-70.714552,-33.603238],[-70.714621,-33.603627],[-70.715136,-33.604164]]]},"properties":{"id":"OC-134010043","OBJECTID":20000,"nombre":"Ochagavía-América","escala":"Otras carteras","comunas":"San Bernardo","macrozona":null,"km":3.43,"n_priori":null,"anteproyec":"EN DISEÑO","centerLng":-70.708812,"centerLat":-33.590598,"kind":"proyecto","categoria":"Otras carteras","cartera":"Municipios","etapa":"diseño","tipo":"ciclovía","inicio":"Lo  Blanco","fin":"Eucaliptus","origen":"Otras carteras"}},{"type":"Feature","geometry":{"type":"MultiLineString","coordinates":[[[-70.726237,-33.524023],[-70.732584,-33.531629],[-70.736942,-33.536543],[-70.73846,-33.538383],[-70.742801,-33.543336],[-70.747497,-33.548539],[-70.753998,-33.555772],[-70.762924,-33.565858],[-70.767345,-33.571741]]]},"properties":{"id":"OC-131190016","OBJECTID":20001,"nombre":"Camino a Lonquén","escala":"Otras carteras","comunas":"Maipú","macrozona":null,"km":6.52,"n_priori":null,"anteproyec":"EN DISEÑO","centerLng":-70.745421,"centerLat":-33.546203,"kind":"proyecto","categoria":"Otras carteras","cartera":"MOP","etapa":"diseño","tipo":"smp","inicio":"Av. Lo Espejo","fin":"Limite Comunal","origen":"Otras carteras"}},{"type":"Feature","geometry":{"type":"MultiLineString","coordinates":[[[-70.656723,-33.207763],[-70.654602,-33.201403]]]},"properties":{"id":"OC-133010003","OBJECTID":20002,"nombre":"Av Camino La Catana","escala":"Otras carteras","comunas":"Colina","macrozona":null,"km":0.58,"n_priori":null,"anteproyec":"EN DISEÑO","centerLng":-70.655663,"centerLat":-33.204583,"kind":"proyecto","categoria":"Otras carteras","cartera":"Privados","etapa":"diseño","tipo":"ciclovía","inicio":"Av. Ignacio Carrera Pinto","fin":null,"origen":"Otras carteras"}},{"type":"Feature","geometry":{"type":"MultiLineString","coordinates":[[[-70.666301,-33.18706],[-70.666203,-33.18705],[-70.665026,-33.187025],[-70.66375,-33.186957],[-70.663049,-33.187004],[-70.662774,-33.187047],[-70.660422,-33.187913],[-70.660093,-33.18804],[-70.659808,-33.188087],[-70.658034,-33.188106],[-70.657639,-33.188081]]]},"properties":{"id":"OC-133010041","OBJECTID":20003,"nombre":"Reina Norte","escala":"Otras carteras","comunas":"Colina","macrozona":null,"km":0.81,"n_priori":null,"anteproyec":"EN DISEÑO","centerLng":-70.6621,"centerLat":-33.187488,"kind":"proyecto","categoria":"Otras carteras","cartera":"Privados","etapa":"diseño","tipo":"ciclovía","inicio":"La Quintrala","fin":"Caletera Gral. San Martín","origen":"Otras carteras"}},{"type":"Feature","geometry":{"type":"MultiLineString","coordinates":[[[-70.677346,-33.1923],[-70.676587,-33.189164],[-70.676435,-33.187224],[-70.67658,-33.185097]]]},"properties":{"id":"OC-133010042","OBJECTID":20004,"nombre":"Aconcagua","escala":"Otras carteras","comunas":"Colina","macrozona":null,"km":0.81,"n_priori":null,"anteproyec":"PLANIFICADA","centerLng":-70.676737,"centerLat":-33.188446,"kind":"proyecto","categoria":"Otras carteras","cartera":"Privados","etapa":"planificadas","tipo":"ciclovía","inicio":"Camino lo seco","fin":"Aconcagua","origen":"Otras carteras"}},{"type":"Feature","geometry":{"type":"MultiLineString","coordinates":[[[-70.674309,-33.449558],[-70.675144,-33.445947],[-70.675291,-33.444263],[-70.676943,-33.426832],[-70.677054,-33.426604]]]},"properties":{"id":"OC-131010009","OBJECTID":20005,"nombre":"Esperanza","escala":"Otras carteras","comunas":"Santiago","macrozona":null,"km":2.53,"n_priori":null,"anteproyec":"EN DISEÑO","centerLng":-70.675748,"centerLat":-33.438641,"kind":"proyecto","categoria":"Otras carteras","cartera":"Privados","etapa":"diseño","tipo":"ciclovía","inicio":"Pdte. Balmaceda","fin":"Av. Libertador Bernardo O'Higgins","origen":"Otras carteras"}},{"type":"Feature","geometry":{"type":"MultiLineString","coordinates":[[[-70.672995,-33.449082],[-70.67373,-33.445803],[-70.67415,-33.441668],[-70.674824,-33.433958],[-70.675482,-33.427271]]]},"properties":{"id":"OC-131010036","OBJECTID":20006,"nombre":"Libertad","escala":"Otras carteras","comunas":"Santiago","macrozona":null,"km":2.43,"n_priori":null,"anteproyec":"EN DISEÑO","centerLng":-70.674236,"centerLat":-33.439556,"kind":"proyecto","categoria":"Otras carteras","cartera":"Municipios","etapa":"diseño","tipo":"ciclovía","inicio":"Pdte. Balmaceda","fin":"Alameda","origen":"Otras carteras"}},{"type":"Feature","geometry":{"type":"MultiLineString","coordinates":[[[-70.671685,-33.429675],[-70.673399,-33.429351],[-70.673506,-33.429342],[-70.673543,-33.429029],[-70.676713,-33.429193]]]},"properties":{"id":"OC-131010046","OBJECTID":20007,"nombre":"Yungay","escala":"Otras carteras","comunas":"Santiago","macrozona":null,"km":0.5,"n_priori":null,"anteproyec":"EN DISEÑO","centerLng":-70.673769,"centerLat":-33.429318,"kind":"proyecto","categoria":"Otras carteras","cartera":"Municipios","etapa":"diseño","tipo":"ciclovía","inicio":"Gral. Bulnes","fin":"Esperanza","origen":"Otras carteras"}},{"type":"Feature","geometry":{"type":"MultiLineString","coordinates":[[[-70.647188,-33.461047],[-70.646118,-33.460963],[-70.643089,-33.46071]]]},"properties":{"id":"OC-131010050","OBJECTID":20008,"nombre":"Marina de Gaete","escala":"Otras carteras","comunas":"Santiago","macrozona":null,"km":0.39,"n_priori":null,"anteproyec":"PLANIFICADA","centerLng":-70.645465,"centerLat":-33.460907,"kind":"proyecto","categoria":"Otras carteras","cartera":"Municipios","etapa":"planificadas","tipo":"ciclovía temporal/piloto","inicio":"A. Prat","fin":"Santa Rosa","origen":"Otras carteras"}},{"type":"Feature","geometry":{"type":"MultiLineString","coordinates":[[[-70.678417,-33.458961],[-70.678147,-33.458949],[-70.677601,-33.458926],[-70.677283,-33.458895],[-70.676662,-33.458845],[-70.676368,-33.458816],[-70.676034,-33.458784],[-70.675482,-33.458783],[-70.67496,-33.458731],[-70.674811,-33.458725],[-70.67485,-33.458537]]]},"properties":{"id":"OC-131010053","OBJECTID":20009,"nombre":"Blanco Encalada","escala":"Otras carteras","comunas":"Santiago","macrozona":null,"km":0.36,"n_priori":null,"anteproyec":"PLANIFICADA","centerLng":-70.67642,"centerLat":-33.458814,"kind":"proyecto","categoria":"Otras carteras","cartera":"MTT","etapa":"planificadas","tipo":"ciclovía","inicio":"Exposicion","fin":"Blanco Encalada","origen":"Otras carteras"}},{"type":"Feature","geometry":{"type":"MultiLineString","coordinates":[[[-70.656262,-33.432151],[-70.656259,-33.432181],[-70.655138,-33.432442],[-70.654732,-33.432536],[-70.654307,-33.432635],[-70.653677,-33.432782],[-70.653608,-33.432777],[-70.653532,-33.432783],[-70.65347,-33.432788],[-70.653396,-33.432787],[-70.653354,-33.43276],[-70.653311,-33.432714],[-70.653301,-33.432704],[-70.653287,-33.432692],[-70.653252,-33.432692],[-70.653242,-33.432691],[-70.653241,-33.432691]]]},"properties":{"id":"OC-131010054","OBJECTID":20010,"nombre":"Balmaceda","escala":"Otras carteras","comunas":"Santiago","macrozona":null,"km":0.3,"n_priori":null,"anteproyec":"PLANIFICADA","centerLng":-70.653963,"centerLat":-33.432636,"kind":"proyecto","categoria":"Otras carteras","cartera":"MTT","etapa":"planificadas","tipo":"ciclovía","inicio":"Teatinos","fin":"Bandera","origen":"Otras carteras"}},{"type":"Feature","geometry":{"type":"MultiLineString","coordinates":[[[-70.653241,-33.432691],[-70.652991,-33.432755],[-70.652972,-33.432773],[-70.65298,-33.432817],[-70.652991,-33.432838],[-70.652993,-33.43284],[-70.65305,-33.432943],[-70.653053,-33.432969],[-70.653039,-33.432997],[-70.653013,-33.433014],[-70.652974,-33.433006],[-70.65292,-33.432986],[-70.652825,-33.432948],[-70.652727,-33.432917],[-70.65264,-33.432896],[-70.652367,-33.432857],[-70.652054,-33.432812],[-70.652011,-33.432811],[-70.651971,-33.43282],[-70.651952,-33.432822],[-70.651917,-33.432826],[-70.651836,-33.432825],[-70.651624,-33.432823],[-70.651606,-33.432823],[-70.651559,-33.432834],[-70.651517,-33.432839],[-70.651461,-33.43283],[-70.6513,-33.43286],[-70.650965,-33.432937],[-70.650764,-33.432983],[-70.650645,-33.43301],[-70.650404,-33.433063],[-70.650382,-33.433075],[-70.65024,-33.433111],[-70.650115,-33.433163],[-70.649986,-33.433218],[-70.649477,-33.433338],[-70.649344,-33.433371],[-70.649269,-33.43341],[-70.649165,-33.43345],[-70.649061,-33.433411],[-70.648989,-33.433385],[-70.648866,-33.43337],[-70.648809,-33.433223],[-70.648795,-33.433215],[-70.648688,-33.433239],[-70.648572,-33.433265],[-70.64852,-33.43327]]]},"properties":{"id":"OC-131010055","OBJECTID":20011,"nombre":"Balmaceda","escala":"Otras carteras","comunas":"Santiago","macrozona":null,"km":0.5,"n_priori":null,"anteproyec":"PLANIFICADA","centerLng":-70.651222,"centerLat":-33.433014,"kind":"proyecto","categoria":"Otras carteras","cartera":"MTT","etapa":"planificadas","tipo":"ciclovía","inicio":"Bandera","fin":"Mac Iver","origen":"Otras carteras"}},{"type":"Feature","geometry":{"type":"MultiLineString","coordinates":[[[-70.635494,-33.435706],[-70.635509,-33.436157],[-70.635511,-33.436196],[-70.635512,-33.436244],[-70.635385,-33.436266]]]},"properties":{"id":"OC-131010057","OBJECTID":20012,"nombre":"Pio Nono","escala":"Otras carteras","comunas":"Santiago","macrozona":null,"km":0.07,"n_priori":null,"anteproyec":"PLANIFICADA","centerLng":-70.635482,"centerLat":-33.436114,"kind":"proyecto","categoria":"Otras carteras","cartera":"MTT","etapa":"planificadas","tipo":"ciclovía","inicio":"General Bustamante","fin":"Bellavista","origen":"Otras carteras"}},{"type":"Feature","geometry":{"type":"MultiLineString","coordinates":[[[-70.653707,-33.466627],[-70.654257,-33.461346],[-70.654626,-33.457769],[-70.655013,-33.45446],[-70.65489,-33.45446],[-70.654985,-33.453696],[-70.655102,-33.453062]]]},"properties":{"id":"OC-131010058","OBJECTID":20013,"nombre":"Aldunate","escala":"Otras carteras","comunas":"Santiago","macrozona":null,"km":1.52,"n_priori":null,"anteproyec":"PLANIFICADA","centerLng":-70.654654,"centerLat":-33.457346,"kind":"proyecto","categoria":"Otras carteras","cartera":"Municipios","etapa":"planificadas","tipo":"ciclovía temporal/piloto","inicio":"Pedro Lagos","fin":"Santa Isabel","origen":"Otras carteras"}},{"type":"Feature","geometry":{"type":"MultiLineString","coordinates":[[[-70.653707,-33.466627],[-70.653457,-33.469175],[-70.653307,-33.470565],[-70.653205,-33.471771],[-70.652916,-33.471736],[-70.652838,-33.472818],[-70.652315,-33.472785],[-70.651937,-33.476602]]]},"properties":{"id":"OC-131010059","OBJECTID":20014,"nombre":"Aldunate-Lord Cochrane","escala":"Otras carteras","comunas":"Santiago","macrozona":null,"km":1.19,"n_priori":null,"anteproyec":"PLANIFICADA","centerLng":-70.65296,"centerLat":-33.47151,"kind":"proyecto","categoria":"Otras carteras","cartera":"Municipios","etapa":"planificadas","tipo":"ciclovía","inicio":"Santa Isabel","fin":"Centenario","origen":"Otras carteras"}},{"type":"Feature","geometry":{"type":"MultiLineString","coordinates":[[[-70.651303,-33.455665],[-70.651096,-33.45719],[-70.650849,-33.458689],[-70.650737,-33.459768],[-70.650527,-33.461237],[-70.650527,-33.461238],[-70.650376,-33.462537],[-70.649879,-33.466259],[-70.64955,-33.468747]]]},"properties":{"id":"OC-131010060","OBJECTID":20015,"nombre":"Zenteno","escala":"Otras carteras","comunas":"Santiago","macrozona":null,"km":1.46,"n_priori":null,"anteproyec":"PLANIFICADA","centerLng":-70.650538,"centerLat":-33.461259,"kind":"proyecto","categoria":"Otras carteras","cartera":"Municipios","etapa":"planificadas","tipo":"ciclovía temporal/piloto","inicio":"Copiapó","fin":"Santiago Aldea","origen":"Otras carteras"}},{"type":"Feature","geometry":{"type":"MultiLineString","coordinates":[[[-70.653707,-33.466627],[-70.651658,-33.466435],[-70.649879,-33.466259],[-70.648774,-33.466141],[-70.647016,-33.465995],[-70.647012,-33.465994]]]},"properties":{"id":"OC-131010061","OBJECTID":20016,"nombre":"Pedro Lagos","escala":"Otras carteras","comunas":"Santiago","macrozona":null,"km":0.63,"n_priori":null,"anteproyec":"PLANIFICADA","centerLng":-70.649674,"centerLat":-33.466242,"kind":"proyecto","categoria":"Otras carteras","cartera":"Municipios","etapa":"planificadas","tipo":"ciclovía temporal/piloto","inicio":"Aldunate","fin":"A. Prat","origen":"Otras carteras"}},{"type":"Feature","geometry":{"type":"MultiLineString","coordinates":[[[-70.65602,-33.46935],[-70.654695,-33.469284],[-70.653457,-33.469175],[-70.651326,-33.468937],[-70.64955,-33.468747],[-70.648636,-33.468644],[-70.647648,-33.468511],[-70.646892,-33.468447],[-70.646864,-33.468445],[-70.646864,-33.468445]]]},"properties":{"id":"OC-131010062","OBJECTID":20017,"nombre":"Sargento Aldea","escala":"Otras carteras","comunas":"Santiago","macrozona":null,"km":0.86,"n_priori":null,"anteproyec":"PLANIFICADA","centerLng":-70.650195,"centerLat":-33.468799,"kind":"proyecto","categoria":"Otras carteras","cartera":"Municipios","etapa":"planificadas","tipo":"ciclovía temporal/piloto","inicio":"Av. Viel","fin":"A. Prat","origen":"Otras carteras"}},{"type":"Feature","geometry":{"type":"MultiLineString","coordinates":[[[-70.656376,-33.461434],[-70.654257,-33.461346],[-70.652363,-33.461296],[-70.650532,-33.461237],[-70.650527,-33.461237],[-70.649018,-33.46115],[-70.649012,-33.46115],[-70.648736,-33.46111],[-70.647252,-33.46105],[-70.647188,-33.461047]]]},"properties":{"id":"OC-131010063","OBJECTID":20018,"nombre":"Santiaguillo-Marina de Gaete","escala":"Otras carteras","comunas":"Santiago","macrozona":null,"km":0.86,"n_priori":null,"anteproyec":"PLANIFICADA","centerLng":-70.650526,"centerLat":-33.461206,"kind":"proyecto","categoria":"Otras carteras","cartera":"Municipios","etapa":"planificadas","tipo":"ciclovía","inicio":"Av. Viel","fin":"Santa Rosa","origen":"Otras carteras"}},{"type":"Feature","geometry":{"type":"MultiLineString","coordinates":[[[-70.631295,-33.455808],[-70.629421,-33.462131],[-70.62859,-33.465132],[-70.627576,-33.468597],[-70.627131,-33.470181],[-70.62678,-33.471188]]]},"properties":{"id":"OC-131010066","OBJECTID":20019,"nombre":"Santa Elena","escala":"Otras carteras","comunas":"Santiago","macrozona":null,"km":1.76,"n_priori":null,"anteproyec":"PLANIFICADA","centerLng":-70.628466,"centerLat":-33.465506,"kind":"proyecto","categoria":"Otras carteras","cartera":"Municipios","etapa":"planificadas","tipo":"ciclovía temporal/piloto","inicio":"Franklin","fin":"Matta","origen":"Otras carteras"}},{"type":"Feature","geometry":{"type":"MultiLineString","coordinates":[[[-70.643657,-33.475388],[-70.639047,-33.47515],[-70.636641,-33.475035],[-70.63646,-33.474986],[-70.63506,-33.474465],[-70.632635,-33.4736],[-70.632027,-33.47339]]]},"properties":{"id":"OC-131010067","OBJECTID":20020,"nombre":"Placer","escala":"Otras carteras","comunas":"Santiago","macrozona":null,"km":1.12,"n_priori":null,"anteproyec":"PLANIFICADA","centerLng":-70.636504,"centerLat":-33.474573,"kind":"proyecto","categoria":"Otras carteras","cartera":"Municipios","etapa":"planificadas","tipo":"ciclovía temporal/piloto","inicio":"San Francisco","fin":"Lira","origen":"Otras carteras"}},{"type":"Feature","geometry":{"type":"MultiLineString","coordinates":[[[-70.653393,-33.44218],[-70.647959,-33.441759]]]},"properties":{"id":"OC-131010069","OBJECTID":20021,"nombre":"Moneda","escala":"Otras carteras","comunas":"Santiago","macrozona":null,"km":0.51,"n_priori":null,"anteproyec":"PLANIFICADA","centerLng":-70.650676,"centerLat":-33.441969,"kind":"proyecto","categoria":"Otras carteras","cartera":"Municipios","etapa":"planificadas","tipo":"ciclovía temporal/piloto","inicio":"San Antonio","fin":"Morandé","origen":"Otras carteras"}},{"type":"Feature","geometry":{"type":"MultiLineString","coordinates":[[[-70.678571,-33.462473],[-70.676724,-33.462172],[-70.675353,-33.46192],[-70.674124,-33.461686],[-70.67412,-33.461685],[-70.671763,-33.461261]]]},"properties":{"id":"OC-131010070","OBJECTID":20022,"nombre":"Tucapel","escala":"Otras carteras","comunas":"Santiago","macrozona":null,"km":0.64,"n_priori":null,"anteproyec":"PLANIFICADA","centerLng":-70.675109,"centerLat":-33.461866,"kind":"proyecto","categoria":"Otras carteras","cartera":"Municipios","etapa":"planificadas","tipo":"ciclovía","inicio":"Exposicion","fin":"Abate Molina","origen":"Otras carteras"}},{"type":"Feature","geometry":{"type":"MultiLineString","coordinates":[[[-70.67034,-33.473157],[-70.669139,-33.473146],[-70.668997,-33.473167],[-70.668893,-33.473217],[-70.668265,-33.473554]]]},"properties":{"id":"OC-131010071","OBJECTID":20023,"nombre":"Siria","escala":"Otras carteras","comunas":"Santiago","macrozona":null,"km":0.2,"n_priori":null,"anteproyec":"PLANIFICADA","centerLng":-70.669127,"centerLat":-33.473248,"kind":"proyecto","categoria":"Otras carteras","cartera":"Municipios","etapa":"planificadas","tipo":"ciclovía","inicio":"Francisco Pizarro","fin":"Pedro Montt","origen":"Otras carteras"}},{"type":"Feature","geometry":{"type":"MultiLineString","coordinates":[[[-70.670306,-33.474399],[-70.669253,-33.474385],[-70.669155,-33.474368],[-70.669081,-33.474332],[-70.668227,-33.473836]]]},"properties":{"id":"OC-131010072","OBJECTID":20024,"nombre":"San Agustin","escala":"Otras carteras","comunas":"Santiago","macrozona":null,"km":0.21,"n_priori":null,"anteproyec":"PLANIFICADA","centerLng":-70.669204,"centerLat":-33.474264,"kind":"proyecto","categoria":"Otras carteras","cartera":"Municipios","etapa":"planificadas","tipo":"ciclovía","inicio":"Francisco Pizarro","fin":"Pedro Montt","origen":"Otras carteras"}},{"type":"Feature","geometry":{"type":"MultiLineString","coordinates":[[[-70.646742,-33.470867],[-70.645325,-33.470729],[-70.640987,-33.470329],[-70.639585,-33.470212],[-70.636265,-33.469918],[-70.633695,-33.469681],[-70.632919,-33.469612],[-70.632302,-33.469517],[-70.63053,-33.469186],[-70.629177,-33.468934],[-70.627576,-33.468597]]]},"properties":{"id":"OC-131010073","OBJECTID":20025,"nombre":"General Gana","escala":"Otras carteras","comunas":"Santiago","macrozona":null,"km":1.8,"n_priori":null,"anteproyec":"PLANIFICADA","centerLng":-70.635918,"centerLat":-33.46978,"kind":"proyecto","categoria":"Otras carteras","cartera":"Municipios","etapa":"planificadas","tipo":"ciclovía","inicio":"Santa Elena","fin":"Arturo Prat","origen":"Otras carteras"}},{"type":"Feature","geometry":{"type":"MultiLineString","coordinates":[[[-70.646702,-33.472021],[-70.646698,-33.472021],[-70.645302,-33.47193],[-70.642159,-33.471689],[-70.640879,-33.471615],[-70.639439,-33.471538],[-70.638667,-33.471481],[-70.636939,-33.471428],[-70.635895,-33.471362],[-70.633287,-33.471214],[-70.632568,-33.47116],[-70.631904,-33.471061],[-70.630123,-33.47073],[-70.628783,-33.470482],[-70.627131,-33.470181]]]},"properties":{"id":"OC-131010074","OBJECTID":20026,"nombre":"Arauco","escala":"Otras carteras","comunas":"Santiago","macrozona":null,"km":1.83,"n_priori":null,"anteproyec":"PLANIFICADA","centerLng":-70.637098,"centerLat":-33.471328,"kind":"proyecto","categoria":"Otras carteras","cartera":"Municipios","etapa":"planificadas","tipo":"ciclovía","inicio":"Arturo Prat","fin":"Santa Elena","origen":"Otras carteras"}},{"type":"Feature","geometry":{"type":"MultiLineString","coordinates":[[[-70.639766,-33.447024],[-70.639027,-33.449217],[-70.638053,-33.45215],[-70.637955,-33.452453],[-70.637755,-33.453442],[-70.636929,-33.456994],[-70.636596,-33.458546],[-70.636222,-33.460146],[-70.636221,-33.460151],[-70.63573,-33.462035],[-70.635382,-33.463271],[-70.635147,-33.464153],[-70.63471,-33.465824],[-70.633695,-33.469681],[-70.633287,-33.471214],[-70.632999,-33.472287],[-70.632635,-33.4736]]]},"properties":{"id":"OC-131010075","OBJECTID":20027,"nombre":"Sierra Bella","escala":"Otras carteras","comunas":"Santiago","macrozona":null,"km":3.02,"n_priori":null,"anteproyec":"PLANIFICADA","centerLng":-70.636006,"centerLat":-33.460717,"kind":"proyecto","categoria":"Otras carteras","cartera":"Municipios","etapa":"planificadas","tipo":"ciclovía","inicio":"Marín","fin":"Placer","origen":"Otras carteras"}},{"type":"Feature","geometry":{"type":"MultiLineString","coordinates":[[[-70.672139,-33.458371],[-70.671763,-33.461261]]]},"properties":{"id":"OC-131010077","OBJECTID":20028,"nombre":"Abate Molina","escala":"Otras carteras","comunas":"Santiago","macrozona":null,"km":0.32,"n_priori":null,"anteproyec":"PLANIFICADA","centerLng":-70.671951,"centerLat":-33.459816,"kind":"proyecto","categoria":"Otras carteras","cartera":"Municipios","etapa":"planificadas","tipo":"ciclovía","inicio":"Blanco Encalada","fin":"Tucapel","origen":"Otras carteras"}},{"type":"Feature","geometry":{"type":"MultiLineString","coordinates":[[[-70.675353,-33.46192],[-70.674291,-33.46652],[-70.674248,-33.468367],[-70.674248,-33.468372],[-70.67424,-33.469454]]]},"properties":{"id":"OC-131010078","OBJECTID":20029,"nombre":"Conferencia","escala":"Otras carteras","comunas":"Santiago","macrozona":null,"km":0.85,"n_priori":null,"anteproyec":"PLANIFICADA","centerLng":-70.674476,"centerLat":-33.466927,"kind":"proyecto","categoria":"Otras carteras","cartera":"Municipios","etapa":"planificadas","tipo":"ciclovía","inicio":"Tucapel","fin":"Sepúlveda Leyton","origen":"Otras carteras"}},{"type":"Feature","geometry":{"type":"MultiLineString","coordinates":[[[-70.67841,-33.468409],[-70.674255,-33.468372],[-70.674248,-33.468372],[-70.672966,-33.46836]]]},"properties":{"id":"OC-131010079","OBJECTID":20030,"nombre":"Manuel de Amat","escala":"Otras carteras","comunas":"Santiago","macrozona":null,"km":0.51,"n_priori":null,"anteproyec":"PLANIFICADA","centerLng":-70.67497,"centerLat":-33.468378,"kind":"proyecto","categoria":"Otras carteras","cartera":"Municipios","etapa":"planificadas","tipo":"ciclovía","inicio":"Camino a Melipilla","fin":"San Alfonso","origen":"Otras carteras"}},{"type":"Feature","geometry":{"type":"MultiLineString","coordinates":[[[-70.67841,-33.468409],[-70.679021,-33.469113],[-70.679134,-33.469185]]]},"properties":{"id":"OC-131010080","OBJECTID":20031,"nombre":"Camino a Melipilla","escala":"Otras carteras","comunas":"Santiago","macrozona":null,"km":0.11,"n_priori":null,"anteproyec":"PLANIFICADA","centerLng":-70.678855,"centerLat":-33.468902,"kind":"proyecto","categoria":"Otras carteras","cartera":"Municipios","etapa":"planificadas","tipo":"ciclovía","inicio":"Manuel de Amat","fin":"Exposición","origen":"Otras carteras"}},{"type":"Feature","geometry":{"type":"MultiLineString","coordinates":[[[-70.679185,-33.469495],[-70.67918,-33.469495],[-70.67424,-33.469454],[-70.672954,-33.469446],[-70.670264,-33.469413]]]},"properties":{"id":"OC-131010081","OBJECTID":20032,"nombre":"Sepúlveda Leyton","escala":"Otras carteras","comunas":"Santiago","macrozona":null,"km":0.83,"n_priori":null,"anteproyec":"PLANIFICADA","centerLng":-70.675165,"centerLat":-33.469461,"kind":"proyecto","categoria":"Otras carteras","cartera":"Municipios","etapa":"planificadas","tipo":"ciclovía","inicio":"Camino a Melipilla","fin":"Francisco Pizarro","origen":"Otras carteras"}},{"type":"Feature","geometry":{"type":"MultiLineString","coordinates":[[[-70.672917,-33.471939],[-70.670344,-33.471924],[-70.66912,-33.471917],[-70.666671,-33.471906],[-70.666376,-33.471827],[-70.664882,-33.471811]]]},"properties":{"id":"OC-131010082","OBJECTID":20033,"nombre":"San Dionisio","escala":"Otras carteras","comunas":"Santiago","macrozona":null,"km":0.75,"n_priori":null,"anteproyec":"PLANIFICADA","centerLng":-70.668385,"centerLat":-33.471887,"kind":"proyecto","categoria":"Otras carteras","cartera":"Municipios","etapa":"planificadas","tipo":"ciclovía","inicio":"San Alfonso","fin":"Club Hípico","origen":"Otras carteras"}},{"type":"Feature","geometry":{"type":"MultiLineString","coordinates":[[[-70.670264,-33.469413],[-70.670247,-33.470566],[-70.670357,-33.470645],[-70.670344,-33.471924],[-70.67034,-33.473157],[-70.670306,-33.474399],[-70.670324,-33.475806]]]},"properties":{"id":"OC-131010083","OBJECTID":20034,"nombre":"Francisco Pizarro","escala":"Otras carteras","comunas":"Santiago","macrozona":null,"km":0.71,"n_priori":null,"anteproyec":"PLANIFICADA","centerLng":-70.670312,"centerLat":-33.472273,"kind":"proyecto","categoria":"Otras carteras","cartera":"Municipios","etapa":"planificadas","tipo":"ciclovía","inicio":"Sepúlveda Leyton","fin":"Centenario","origen":"Otras carteras"}},{"type":"Feature","geometry":{"type":"MultiLineString","coordinates":[[[-70.667899,-33.473954],[-70.667865,-33.475774]]]},"properties":{"id":"OC-131010084","OBJECTID":20035,"nombre":"Florencio Bahamones","escala":"Otras carteras","comunas":"Santiago","macrozona":null,"km":0.2,"n_priori":null,"anteproyec":"PLANIFICADA","centerLng":-70.667882,"centerLat":-33.474864,"kind":"proyecto","categoria":"Otras carteras","cartera":"Municipios","etapa":"planificadas","tipo":"ciclovía","inicio":"PEDRO MONTT","fin":"Centenario","origen":"Otras carteras"}},{"type":"Feature","geometry":{"type":"MultiLineString","coordinates":[[[-70.653556,-33.45271],[-70.653114,-33.455872],[-70.652884,-33.457499],[-70.65275,-33.458686],[-70.652363,-33.461296],[-70.652193,-33.462575],[-70.651994,-33.464096],[-70.651658,-33.466435],[-70.651326,-33.468937]]]},"properties":{"id":"OC-131010085","OBJECTID":20036,"nombre":"Roberto Espinoza","escala":"Otras carteras","comunas":"Santiago","macrozona":null,"km":1.81,"n_priori":null,"anteproyec":"PLANIFICADA","centerLng":-70.652426,"centerLat":-33.460901,"kind":"proyecto","categoria":"Otras carteras","cartera":"Municipios","etapa":"planificadas","tipo":"ciclovía","inicio":"SANTA ISABEL","fin":"Sargento Aldea","origen":"Otras carteras"}},{"type":"Feature","geometry":{"type":"MultiLineString","coordinates":[[[-70.646258,-33.458946],[-70.64626,-33.459084],[-70.646253,-33.459211],[-70.646118,-33.460963],[-70.645878,-33.463452],[-70.645584,-33.467023],[-70.645485,-33.468308],[-70.645403,-33.469471],[-70.645325,-33.470729],[-70.645302,-33.47193],[-70.645239,-33.473124]]]},"properties":{"id":"OC-131010086","OBJECTID":20037,"nombre":"Chiloé","escala":"Otras carteras","comunas":"Santiago","macrozona":null,"km":1.58,"n_priori":null,"anteproyec":"PLANIFICADA","centerLng":-70.645737,"centerLat":-33.465658,"kind":"proyecto","categoria":"Otras carteras","cartera":"Municipios","etapa":"planificadas","tipo":"ciclovía","inicio":"MATTA","fin":"Franklin","origen":"Otras carteras"}},{"type":"Feature","geometry":{"type":"MultiLineString","coordinates":[[[-70.647088,-33.463577],[-70.645878,-33.463452],[-70.643785,-33.463209],[-70.641665,-33.462983],[-70.639887,-33.462807],[-70.638243,-33.462515],[-70.63573,-33.462035],[-70.634411,-33.461814],[-70.632616,-33.461471]]]},"properties":{"id":"OC-131010087","OBJECTID":20038,"nombre":"Victoria","escala":"Otras carteras","comunas":"Santiago","macrozona":null,"km":1.37,"n_priori":null,"anteproyec":"PLANIFICADA","centerLng":-70.639923,"centerLat":-33.462651,"kind":"proyecto","categoria":"Otras carteras","cartera":"Municipios","etapa":"planificadas","tipo":"ciclovía","inicio":"ARTURO PRAT","fin":"Pedro León Ugalde","origen":"Otras carteras"}},{"type":"Feature","geometry":{"type":"MultiLineString","coordinates":[[[-70.642964,-33.460476],[-70.641697,-33.460182],[-70.640014,-33.459787],[-70.639717,-33.460881],[-70.638721,-33.46067],[-70.63623,-33.460147],[-70.636222,-33.460146],[-70.634968,-33.459901]]]},"properties":{"id":"OC-131010088","OBJECTID":20039,"nombre":"Amazonas-Santa Elvira","escala":"Otras carteras","comunas":"Santiago","macrozona":null,"km":0.86,"n_priori":null,"anteproyec":"PLANIFICADA","centerLng":-70.638817,"centerLat":-33.460274,"kind":"proyecto","categoria":"Otras carteras","cartera":"Municipios","etapa":"planificadas","tipo":"ciclovía","inicio":"SANTA ROSA","fin":"Madrid","origen":"Otras carteras"}},{"type":"Feature","geometry":{"type":"MultiLineString","coordinates":[[[-70.641697,-33.460182],[-70.641802,-33.459743],[-70.640211,-33.459377],[-70.640062,-33.459299],[-70.639141,-33.459107],[-70.636596,-33.458546],[-70.636034,-33.458433],[-70.635428,-33.458351],[-70.634845,-33.458268],[-70.634217,-33.458184],[-70.633518,-33.458108]]]},"properties":{"id":"OC-131010089","OBJECTID":20040,"nombre":"Ventura Lavalle","escala":"Otras carteras","comunas":"Santiago","macrozona":null,"km":0.84,"n_priori":null,"anteproyec":"PLANIFICADA","centerLng":-70.637596,"centerLat":-33.458873,"kind":"proyecto","categoria":"Otras carteras","cartera":"Municipios","etapa":"planificadas","tipo":"ciclovía","inicio":"AMAZONAS","fin":"Pedro León Ugalde","origen":"Otras carteras"}},{"type":"Feature","geometry":{"type":"MultiLineString","coordinates":[[[-70.642532,-33.464255],[-70.641572,-33.464121],[-70.637951,-33.463615],[-70.635382,-33.463271],[-70.63465,-33.463174],[-70.634069,-33.463079],[-70.63345,-33.462963],[-70.632274,-33.462737],[-70.629421,-33.462131]]]},"properties":{"id":"OC-131010090","OBJECTID":20041,"nombre":"Miguel León Prado","escala":"Otras carteras","comunas":"Santiago","macrozona":null,"km":1.24,"n_priori":null,"anteproyec":"PLANIFICADA","centerLng":-70.6357,"centerLat":-33.463261,"kind":"proyecto","categoria":"Otras carteras","cartera":"Municipios","etapa":"planificadas","tipo":"ciclovía","inicio":"SANTA ROSA","fin":"Santa Elena","origen":"Otras carteras"}},{"type":"Feature","geometry":{"type":"MultiLineString","coordinates":[[[-70.637694,-33.464607],[-70.635147,-33.464153],[-70.634405,-33.464042],[-70.633821,-33.463981],[-70.633197,-33.463859],[-70.632031,-33.46369]]]},"properties":{"id":"OC-131010091","OBJECTID":20042,"nombre":"Pedro Lagos","escala":"Otras carteras","comunas":"Santiago","macrozona":null,"km":0.54,"n_priori":null,"anteproyec":"PLANIFICADA","centerLng":-70.634383,"centerLat":-33.464055,"kind":"proyecto","categoria":"Otras carteras","cartera":"Municipios","etapa":"planificadas","tipo":"ciclovía","inicio":"CARMEN","fin":"Pedro León Ugalde","origen":"Otras carteras"}},{"type":"Feature","geometry":{"type":"MultiLineString","coordinates":[[[-70.641765,-33.462023],[-70.641665,-33.462983],[-70.641572,-33.464121],[-70.64146,-33.465224],[-70.641348,-33.46655],[-70.640987,-33.470329],[-70.640879,-33.471615],[-70.640745,-33.472853]]]},"properties":{"id":"OC-131010093","OBJECTID":20043,"nombre":"Victor Manuel","escala":"Otras carteras","comunas":"Santiago","macrozona":null,"km":1.2,"n_priori":null,"anteproyec":"PLANIFICADA","centerLng":-70.641303,"centerLat":-33.466962,"kind":"proyecto","categoria":"Otras carteras","cartera":"Municipios","etapa":"planificadas","tipo":"ciclovía","inicio":"SANTA ELVIRA","fin":"Franklin","origen":"Otras carteras"}},{"type":"Feature","geometry":{"type":"MultiLineString","coordinates":[[[-70.646653,-33.473203],[-70.645239,-33.473124],[-70.640745,-33.472853],[-70.639303,-33.472729],[-70.635592,-33.472472],[-70.632999,-33.472287],[-70.632318,-33.472217],[-70.63161,-33.472095],[-70.629838,-33.47176],[-70.628508,-33.471503],[-70.62678,-33.471188]]]},"properties":{"id":"OC-131010094","OBJECTID":20044,"nombre":"Franklin","escala":"Otras carteras","comunas":"Santiago","macrozona":null,"km":1.86,"n_priori":null,"anteproyec":"PLANIFICADA","centerLng":-70.635417,"centerLat":-33.472312,"kind":"proyecto","categoria":"Otras carteras","cartera":"Municipios","etapa":"planificadas","tipo":"ciclovía","inicio":"ARTURO PRAT","fin":"Santa Elena","origen":"Otras carteras"}},{"type":"Feature","geometry":{"type":"MultiLineString","coordinates":[[[-70.63996,-33.466413],[-70.63983,-33.467596],[-70.639716,-33.468866],[-70.639585,-33.470212],[-70.639439,-33.471538],[-70.639303,-33.472729],[-70.639047,-33.47515]]]},"properties":{"id":"OC-131010095","OBJECTID":20045,"nombre":"San Isidro","escala":"Otras carteras","comunas":"Santiago","macrozona":null,"km":0.97,"n_priori":null,"anteproyec":"PLANIFICADA","centerLng":-70.639554,"centerLat":-33.470358,"kind":"proyecto","categoria":"Otras carteras","cartera":"Municipios","etapa":"planificadas","tipo":"ciclovía","inicio":"MAULE","fin":"Placer","origen":"Otras carteras"}},{"type":"Feature","geometry":{"type":"MultiLineString","coordinates":[[[-70.630196,-33.465325],[-70.629177,-33.468934],[-70.628783,-33.470482],[-70.628508,-33.471503]]]},"properties":{"id":"OC-131010096","OBJECTID":20046,"nombre":"Padre Orellana","escala":"Otras carteras","comunas":"Santiago","macrozona":null,"km":0.7,"n_priori":null,"anteproyec":"PLANIFICADA","centerLng":-70.629166,"centerLat":-33.469061,"kind":"proyecto","categoria":"Otras carteras","cartera":"Municipios","etapa":"planificadas","tipo":"ciclovía","inicio":"MAULE","fin":"Franklin","origen":"Otras carteras"}},{"type":"Feature","geometry":{"type":"MultiLineString","coordinates":[[[-70.653114,-33.455872],[-70.651303,-33.455665]]]},"properties":{"id":"OC-131010097","OBJECTID":20047,"nombre":"Copiapo","escala":"Otras carteras","comunas":"Santiago","macrozona":null,"km":0.17,"n_priori":null,"anteproyec":"PLANIFICADA","centerLng":-70.652209,"centerLat":-33.455769,"kind":"proyecto","categoria":"Otras carteras","cartera":"Municipios","etapa":"planificadas","tipo":"ciclovía","inicio":"Roberto Espinoza","fin":"Zenteno","origen":"Otras carteras"}},{"type":"Feature","geometry":{"type":"MultiLineString","coordinates":[[[-70.654732,-33.432536],[-70.654725,-33.432602],[-70.654483,-33.434363],[-70.654339,-33.435394],[-70.654337,-33.435405],[-70.654194,-33.436375],[-70.654239,-33.436513],[-70.654075,-33.437629],[-70.653903,-33.438785],[-70.653783,-33.439963],[-70.653571,-33.441064],[-70.653393,-33.44218],[-70.653008,-33.444429]]]},"properties":{"id":"OC-131010098","OBJECTID":20048,"nombre":"Morande","escala":"Otras carteras","comunas":"Santiago","macrozona":null,"km":1.33,"n_priori":null,"anteproyec":"EN DISEÑO","centerLng":-70.65406,"centerLat":-33.43748,"kind":"proyecto","categoria":"Otras carteras","cartera":"Municipios","etapa":"diseño","tipo":"ciclovía","inicio":"Balmaceda","fin":"Alameda","origen":"Otras carteras"}},{"type":"Feature","geometry":{"type":"MultiLineString","coordinates":[[[-70.678406,-33.458773],[-70.677216,-33.458713],[-70.676172,-33.458643],[-70.67485,-33.458537]]]},"properties":{"id":"OC-131010100","OBJECTID":20049,"nombre":"Blanco Encalada","escala":"Otras carteras","comunas":"Santiago","macrozona":null,"km":0.33,"n_priori":null,"anteproyec":"PLANIFICADA","centerLng":-70.676661,"centerLat":-33.458666,"kind":"proyecto","categoria":"Otras carteras","cartera":"MTT","etapa":"planificadas","tipo":"ciclovía","inicio":"Exposicion","fin":"San Alfonso","origen":"Otras carteras"}},{"type":"Feature","geometry":{"type":"MultiLineString","coordinates":[[[-70.664935,-33.457092],[-70.664008,-33.457014],[-70.664001,-33.457013],[-70.662466,-33.456887],[-70.660974,-33.456756],[-70.660542,-33.456726],[-70.660382,-33.456795],[-70.660298,-33.456884],[-70.660281,-33.457011],[-70.660337,-33.45717],[-70.660358,-33.457325],[-70.660307,-33.458097],[-70.660219,-33.458217],[-70.660149,-33.458286],[-70.659989,-33.458332],[-70.658112,-33.45819],[-70.657941,-33.458184],[-70.657757,-33.458222],[-70.657593,-33.458324],[-70.657477,-33.458496],[-70.657466,-33.458652],[-70.657508,-33.45885],[-70.657599,-33.459155],[-70.657653,-33.459492],[-70.657685,-33.459921],[-70.657664,-33.460061],[-70.657605,-33.460201],[-70.657493,-33.460338],[-70.657339,-33.460443],[-70.657188,-33.460501],[-70.657074,-33.460498],[-70.656865,-33.460493]]]},"properties":{"id":"OC-131010101","OBJECTID":20050,"nombre":"Blanco Encalada","escala":"Otras carteras","comunas":"Santiago","macrozona":null,"km":1.14,"n_priori":null,"anteproyec":"PLANIFICADA","centerLng":-70.65929,"centerLat":-33.458426,"kind":"proyecto","categoria":"Otras carteras","cartera":"MTT","etapa":"planificadas","tipo":"ciclovía","inicio":"Club Hipico","fin":"Autopista Central","origen":"Otras carteras"}},{"type":"Feature","geometry":{"type":"MultiLineString","coordinates":[[[-70.713457,-33.50578],[-70.713562,-33.505677],[-70.712763,-33.505132],[-70.711985,-33.504607],[-70.711937,-33.504562],[-70.71183,-33.504664]]]},"properties":{"id":"OC-131020007","OBJECTID":20051,"nombre":"Camino a Melipilla","escala":"Otras carteras","comunas":"Cerrillos","macrozona":null,"km":0.22,"n_priori":null,"anteproyec":"EN DISEÑO","centerLng":-70.712589,"centerLat":-33.50507,"kind":"proyecto","categoria":"Otras carteras","cartera":"Municipios","etapa":"diseño","tipo":"ciclovía","inicio":"Camino a Lonquén","fin":"El Mirador","origen":"Otras carteras"}},{"type":"Feature","geometry":{"type":"MultiLineString","coordinates":[[[-70.687193,-33.479054],[-70.693299,-33.482226],[-70.695109,-33.483128]]]},"properties":{"id":"OC-131020009","OBJECTID":20052,"nombre":"Buzeta","escala":"Otras carteras","comunas":"Cerrillos","macrozona":null,"km":0.85,"n_priori":null,"anteproyec":"EN DISEÑO","centerLng":-70.691867,"centerLat":-33.481469,"kind":"proyecto","categoria":"Otras carteras","cartera":"Privados","etapa":"diseño","tipo":"ciclovía","inicio":"Av. Pedro Aguirre Cerda","fin":"Av. Uno","origen":"Otras carteras"}},{"type":"Feature","geometry":{"type":"MultiLineString","coordinates":[[[-70.741419,-33.418369],[-70.740489,-33.421921]]]},"properties":{"id":"OC-131030006","OBJECTID":20053,"nombre":"Huelen","escala":"Otras carteras","comunas":"Cerro Navia","macrozona":null,"km":0.4,"n_priori":null,"anteproyec":"PLANIFICADA","centerLng":-70.740954,"centerLat":-33.420145,"kind":"proyecto","categoria":"Otras carteras","cartera":"Municipios","etapa":"planificadas","tipo":"ciclovía","inicio":"Salvador Gutierrez","fin":"Rodas-Mapocho Norte","origen":"Otras carteras"}},{"type":"Feature","geometry":{"type":"MultiLineString","coordinates":[[[-70.740489,-33.421921],[-70.740359,-33.421883],[-70.737579,-33.42171],[-70.737137,-33.421662],[-70.736423,-33.421638]]]},"properties":{"id":"OC-131030010","OBJECTID":20054,"nombre":"Rodas","escala":"Otras carteras","comunas":"Cerro Navia","macrozona":null,"km":0.38,"n_priori":null,"anteproyec":"PLANIFICADA","centerLng":-70.738397,"centerLat":-33.421763,"kind":"proyecto","categoria":"Otras carteras","cartera":"Municipios","etapa":"planificadas","tipo":"ciclovía","inicio":"Huelen","fin":"Resbalon","origen":"Otras carteras"}},{"type":"Feature","geometry":{"type":"MultiLineString","coordinates":[[[-70.740389,-33.422366],[-70.736197,-33.422374]]]},"properties":{"id":"OC-131030011","OBJECTID":20055,"nombre":"Ankara","escala":"Otras carteras","comunas":"Cerro Navia","macrozona":null,"km":0.39,"n_priori":null,"anteproyec":"PLANIFICADA","centerLng":-70.738293,"centerLat":-33.42237,"kind":"proyecto","categoria":"Otras carteras","cartera":"Municipios","etapa":"planificadas","tipo":"ciclovía","inicio":"Huelen","fin":"Resbalon","origen":"Otras carteras"}},{"type":"Feature","geometry":{"type":"MultiLineString","coordinates":[[[-70.760049,-33.419625],[-70.766874,-33.419648]]]},"properties":{"id":"OC-131030016","OBJECTID":20056,"nombre":"Rio Douro","escala":"Otras carteras","comunas":"Cerro Navia","macrozona":null,"km":0.7,"n_priori":null,"anteproyec":"EN DISEÑO","centerLng":-70.763462,"centerLat":-33.419637,"kind":"proyecto","categoria":"Otras carteras","cartera":"Privados","etapa":"diseño","tipo":"ciclovía","inicio":"Av. Ventisquero","fin":"Federico Errázuriz","origen":"Otras carteras"}},{"type":"Feature","geometry":{"type":"MultiLineString","coordinates":[[[-70.760058,-33.422919],[-70.760049,-33.419625]]]},"properties":{"id":"OC-131030017","OBJECTID":20057,"nombre":"Federico Errázuriz","escala":"Otras carteras","comunas":"Cerro Navia","macrozona":null,"km":0.4,"n_priori":null,"anteproyec":"EN DISEÑO","centerLng":-70.760053,"centerLat":-33.421272,"kind":"proyecto","categoria":"Otras carteras","cartera":"Privados","etapa":"diseño","tipo":"ciclovía","inicio":"Río Doruro","fin":"Av. Rodoviario","origen":"Otras carteras"}},{"type":"Feature","geometry":{"type":"MultiLineString","coordinates":[[[-70.662221,-33.374643],[-70.662189,-33.37502],[-70.662178,-33.375137],[-70.661811,-33.375824],[-70.661535,-33.37677],[-70.661323,-33.377411],[-70.661248,-33.378022],[-70.661138,-33.378603],[-70.660959,-33.379215],[-70.660813,-33.379681],[-70.660738,-33.380306],[-70.660856,-33.381943],[-70.660879,-33.384061],[-70.660831,-33.385193],[-70.660755,-33.386573],[-70.660715,-33.387298],[-70.660567,-33.389519],[-70.660566,-33.389542],[-70.660453,-33.391696],[-70.6604,-33.392553],[-70.660363,-33.393307],[-70.660409,-33.393916],[-70.660629,-33.394551],[-70.660702,-33.394753],[-70.660591,-33.395321],[-70.660327,-33.395977]]]},"properties":{"id":"OC-131040009","OBJECTID":20058,"nombre":"General Gambino","escala":"Otras carteras","comunas":"Conchalí","macrozona":null,"km":2.39,"n_priori":null,"anteproyec":"PLANIFICADA","centerLng":-70.660969,"centerLat":-33.384878,"kind":"proyecto","categoria":"Otras carteras","cartera":"Municipios","etapa":"planificadas","tipo":"ciclovía","inicio":"Calle G","fin":"Dorsal","origen":"Otras carteras"}},{"type":"Feature","geometry":{"type":"MultiLineString","coordinates":[[[-70.669683,-33.397787],[-70.67055,-33.397038],[-70.670561,-33.397029],[-70.670677,-33.396946],[-70.671214,-33.396436],[-70.671451,-33.396173],[-70.671867,-33.395708],[-70.67227,-33.395163],[-70.672336,-33.395062],[-70.674076,-33.392393],[-70.674655,-33.39138],[-70.675551,-33.39027],[-70.678415,-33.386774],[-70.679087,-33.385951],[-70.679555,-33.385381],[-70.679984,-33.38487],[-70.680071,-33.384851],[-70.681809,-33.382873],[-70.682428,-33.381978],[-70.682749,-33.381353],[-70.682929,-33.380936],[-70.683277,-33.380179],[-70.68329,-33.380151],[-70.683295,-33.380131],[-70.683639,-33.37871],[-70.68391,-33.37759],[-70.68395,-33.377441],[-70.684011,-33.377298],[-70.684649,-33.376392],[-70.684702,-33.376317],[-70.685318,-33.375441],[-70.68564,-33.374972],[-70.686148,-33.374102],[-70.686364,-33.373731],[-70.686372,-33.373717],[-70.688001,-33.370677],[-70.688949,-33.367979],[-70.689163,-33.367427],[-70.689183,-33.367375],[-70.689184,-33.367228],[-70.689188,-33.366697],[-70.689192,-33.366151]]]},"properties":{"id":"OC-131040019","OBJECTID":20059,"nombre":"Independencia","escala":"Otras carteras","comunas":"Conchalí","macrozona":null,"km":4,"n_priori":null,"anteproyec":"PLANIFICADA","centerLng":-70.680937,"centerLat":-33.382049,"kind":"proyecto","categoria":"Otras carteras","cartera":"MTT","etapa":"planificadas","tipo":"ciclovía","inicio":"Américo vespucio","fin":"Av. Dorsal","origen":"Otras carteras"}},{"type":"Feature","geometry":{"type":"MultiLineString","coordinates":[[[-70.672187,-33.399702],[-70.672929,-33.398174],[-70.673799,-33.397295],[-70.674282,-33.396958],[-70.67542,-33.39547],[-70.675979,-33.394646],[-70.676214,-33.39391],[-70.676781,-33.39186],[-70.67733,-33.390261],[-70.678006,-33.388205],[-70.679173,-33.386199]]]},"properties":{"id":"OC-131040020","OBJECTID":20060,"nombre":"Av. Vivaceta","escala":"Otras carteras","comunas":"Conchalí","macrozona":null,"km":1.7,"n_priori":null,"anteproyec":"EN DISEÑO","centerLng":-70.675645,"centerLat":-33.39388,"kind":"proyecto","categoria":"Otras carteras","cartera":"Privados","etapa":"diseño","tipo":"ciclovía","inicio":"Zapadores","fin":"Av. Dorsal","origen":"Otras carteras"}},{"type":"Feature","geometry":{"type":"MultiLineString","coordinates":[[[-70.685886,-33.545675],[-70.685226,-33.545795],[-70.683988,-33.546019]]]},"properties":{"id":"OC-131050004","OBJECTID":20061,"nombre":"Picton","escala":"Otras carteras","comunas":"El Bosque","macrozona":null,"km":0.18,"n_priori":null,"anteproyec":"EN DISEÑO","centerLng":-70.685033,"centerLat":-33.54583,"kind":"proyecto","categoria":"Otras carteras","cartera":"Municipios","etapa":"diseño","tipo":"ciclovía","inicio":"Capricornio","fin":"Los Nogales","origen":"Otras carteras"}},{"type":"Feature","geometry":{"type":"MultiLineString","coordinates":[[[-70.663486,-33.554514],[-70.663941,-33.556158],[-70.663835,-33.557066],[-70.663757,-33.557477],[-70.663792,-33.557794],[-70.664015,-33.558901],[-70.664489,-33.561209],[-70.664692,-33.562149],[-70.664875,-33.563092]]]},"properties":{"id":"OC-131050005","OBJECTID":20062,"nombre":"Eleuterio Ramirez-Los Avellanos","escala":"Otras carteras","comunas":"El Bosque","macrozona":null,"km":0.97,"n_priori":null,"anteproyec":"EN DISEÑO","centerLng":-70.664098,"centerLat":-33.558707,"kind":"proyecto","categoria":"Otras carteras","cartera":"Municipios","etapa":"diseño","tipo":"ciclovía","inicio":"Sur","fin":"Antonio Varas","origen":"Otras carteras"}},{"type":"Feature","geometry":{"type":"MultiLineString","coordinates":[[[-70.662384,-33.562511],[-70.662592,-33.563483],[-70.662815,-33.564482],[-70.663201,-33.566043],[-70.664355,-33.570415],[-70.66399,-33.57048],[-70.664268,-33.571649],[-70.664324,-33.571835],[-70.664248,-33.57231],[-70.66441,-33.573003]]]},"properties":{"id":"OC-131050006","OBJECTID":20063,"nombre":"Los Mimbres","escala":"Otras carteras","comunas":"El Bosque","macrozona":null,"km":1.22,"n_priori":null,"anteproyec":"EN DISEÑO","centerLng":-70.663659,"centerLat":-33.568621,"kind":"proyecto","categoria":"Otras carteras","cartera":"Municipios","etapa":"diseño","tipo":"ciclovía","inicio":"Portales","fin":"Lo Martinez","origen":"Otras carteras"}},{"type":"Feature","geometry":{"type":"MultiLineString","coordinates":[[[-70.67577,-33.579107],[-70.675807,-33.579101],[-70.676672,-33.578872],[-70.678201,-33.578319],[-70.681993,-33.576903],[-70.68273,-33.576662],[-70.68379,-33.576688],[-70.683913,-33.57667],[-70.685026,-33.576245],[-70.685766,-33.575977],[-70.688695,-33.574847],[-70.690477,-33.574183]]]},"properties":{"id":"OC-131050007","OBJECTID":20064,"nombre":"Lo Moreno-Los Coigues","escala":"Otras carteras","comunas":"El Bosque","macrozona":null,"km":1.48,"n_priori":null,"anteproyec":"EN DISEÑO","centerLng":-70.682403,"centerLat":-33.576964,"kind":"proyecto","categoria":"Otras carteras","cartera":"Municipios","etapa":"diseño","tipo":"ciclovía","inicio":"Gran Avenida","fin":"Padre Hurtado","origen":"Otras carteras"}},{"type":"Feature","geometry":{"type":"MultiLineString","coordinates":[[[-70.675003,-33.576493],[-70.674822,-33.576531],[-70.670703,-33.577314],[-70.670647,-33.577359],[-70.670579,-33.577519],[-70.670272,-33.577595],[-70.665508,-33.578438],[-70.663753,-33.578803]]]},"properties":{"id":"OC-131050008","OBJECTID":20065,"nombre":"Madrid","escala":"Otras carteras","comunas":"El Bosque","macrozona":null,"km":1.08,"n_priori":null,"anteproyec":"EN DISEÑO","centerLng":-70.670161,"centerLat":-33.577507,"kind":"proyecto","categoria":"Otras carteras","cartera":"Municipios","etapa":"diseño","tipo":"ciclovía","inicio":"Padre Hurtado","fin":"General Silva","origen":"Otras carteras"}},{"type":"Feature","geometry":{"type":"MultiLineString","coordinates":[[[-70.675486,-33.578138],[-70.675314,-33.578167],[-70.665897,-33.579887],[-70.664242,-33.580139]]]},"properties":{"id":"OC-131050009","OBJECTID":20066,"nombre":"Vecinal Norte","escala":"Otras carteras","comunas":"El Bosque","macrozona":null,"km":1.07,"n_priori":null,"anteproyec":"EN DISEÑO","centerLng":-70.670235,"centerLat":-33.579083,"kind":"proyecto","categoria":"Otras carteras","cartera":"Municipios","etapa":"diseño","tipo":"ciclovía","inicio":"Padre Hurtado","fin":"General Silva","origen":"Otras carteras"}},{"type":"Feature","geometry":{"type":"MultiLineString","coordinates":[[[-70.662183,-33.561521],[-70.661697,-33.559331],[-70.661619,-33.558974],[-70.661629,-33.558771],[-70.661763,-33.558312],[-70.661774,-33.558184],[-70.661726,-33.557883],[-70.661542,-33.557209],[-70.661016,-33.554929],[-70.660659,-33.553384],[-70.660265,-33.551917],[-70.660076,-33.5512],[-70.659862,-33.550471],[-70.659452,-33.548874],[-70.659082,-33.547682]]]},"properties":{"id":"OC-131050010","OBJECTID":20067,"nombre":"Julio Covarrubias","escala":"Otras carteras","comunas":"El Bosque","macrozona":null,"km":1.57,"n_priori":null,"anteproyec":"EN DISEÑO","centerLng":-70.660956,"centerLat":-33.555243,"kind":"proyecto","categoria":"Otras carteras","cartera":"Municipios","etapa":"diseño","tipo":"ciclovía","inicio":"Riquelme","fin":"Observatorio","origen":"Otras carteras"}},{"type":"Feature","geometry":{"type":"MultiLineString","coordinates":[[[-70.663582,-33.573149],[-70.664111,-33.574938],[-70.664231,-33.575246],[-70.664328,-33.575583],[-70.664631,-33.575543],[-70.664717,-33.575828],[-70.664832,-33.576344],[-70.664973,-33.576803],[-70.665035,-33.577017],[-70.665189,-33.577619],[-70.665356,-33.5779],[-70.665508,-33.578438],[-70.665897,-33.579887],[-70.666265,-33.581274],[-70.666729,-33.582927],[-70.667157,-33.58442]]]},"properties":{"id":"OC-131050011","OBJECTID":20068,"nombre":"Oceano Atlantico-Continental","escala":"Otras carteras","comunas":"El Bosque","macrozona":null,"km":1.32,"n_priori":null,"anteproyec":"EN DISEÑO","centerLng":-70.665159,"centerLat":-33.577682,"kind":"proyecto","categoria":"Otras carteras","cartera":"Municipios","etapa":"diseño","tipo":"ciclovía","inicio":"Lo Martinez","fin":"Lo Blanco","origen":"Otras carteras"}},{"type":"Feature","geometry":{"type":"MultiLineString","coordinates":[[[-70.67095,-33.562105],[-70.66867,-33.56249],[-70.66563,-33.562984],[-70.664875,-33.563092],[-70.664139,-33.563235],[-70.662592,-33.563483],[-70.660327,-33.563847],[-70.657439,-33.564323]]]},"properties":{"id":"OC-131050012","OBJECTID":20069,"nombre":"Antonio Varas","escala":"Otras carteras","comunas":"El Bosque","macrozona":null,"km":1.28,"n_priori":null,"anteproyec":"EN DISEÑO","centerLng":-70.664328,"centerLat":-33.563195,"kind":"proyecto","categoria":"Otras carteras","cartera":"Municipios","etapa":"diseño","tipo":"ciclovía","inicio":"Alberto Hurtado","fin":"San Francisco","origen":"Otras carteras"}},{"type":"Feature","geometry":{"type":"MultiLineString","coordinates":[[[-70.685226,-33.545795],[-70.685449,-33.546702],[-70.686061,-33.548592],[-70.686246,-33.549214],[-70.686381,-33.549787]]]},"properties":{"id":"OC-131050013","OBJECTID":20070,"nombre":"Colo Colo","escala":"Otras carteras","comunas":"El Bosque","macrozona":null,"km":0.46,"n_priori":null,"anteproyec":"EN DISEÑO","centerLng":-70.685873,"centerLat":-33.548018,"kind":"proyecto","categoria":"Otras carteras","cartera":"Municipios","etapa":"diseño","tipo":"ciclovía","inicio":"Picton","fin":"Luis Barros Borgono","origen":"Otras carteras"}},{"type":"Feature","geometry":{"type":"MultiLineString","coordinates":[[[-70.670766,-33.561151],[-70.670703,-33.561166],[-70.670026,-33.561287],[-70.669667,-33.561351],[-70.66845,-33.561542],[-70.665437,-33.562036],[-70.664692,-33.562149],[-70.662384,-33.562511],[-70.657165,-33.563356]]]},"properties":{"id":"OC-131050014","OBJECTID":20071,"nombre":"Portales","escala":"Otras carteras","comunas":"El Bosque","macrozona":null,"km":1.29,"n_priori":null,"anteproyec":"EN DISEÑO","centerLng":-70.666588,"centerLat":-33.561839,"kind":"proyecto","categoria":"Otras carteras","cartera":"Municipios","etapa":"diseño","tipo":"ciclovía","inicio":"Alberto Hurtado","fin":"San Francisco","origen":"Otras carteras"}},{"type":"Feature","geometry":{"type":"MultiLineString","coordinates":[[[-70.675938,-33.546158],[-70.675399,-33.545145],[-70.675305,-33.545129]]]},"properties":{"id":"OC-131050015","OBJECTID":20072,"nombre":"Rancagua","escala":"Otras carteras","comunas":"El Bosque","macrozona":null,"km":0.13,"n_priori":null,"anteproyec":"EN DISEÑO","centerLng":-70.675547,"centerLat":-33.545477,"kind":"proyecto","categoria":"Otras carteras","cartera":"Municipios","etapa":"diseño","tipo":"ciclovía","inicio":"18 De Septiembre","fin":"Jose Domingo Gomez","origen":"Otras carteras"}},{"type":"Feature","geometry":{"type":"MultiLineString","coordinates":[[[-70.675305,-33.545129],[-70.675222,-33.545117],[-70.671035,-33.546653],[-70.669781,-33.547143]]]},"properties":{"id":"OC-131050016","OBJECTID":20073,"nombre":"18 De Septiembre","escala":"Otras carteras","comunas":"El Bosque","macrozona":null,"km":0.56,"n_priori":null,"anteproyec":"EN DISEÑO","centerLng":-70.672836,"centerLat":-33.546011,"kind":"proyecto","categoria":"Otras carteras","cartera":"Municipios","etapa":"diseño","tipo":"ciclovía","inicio":"Rancagua","fin":"Gran Avenida","origen":"Otras carteras"}},{"type":"Feature","geometry":{"type":"MultiLineString","coordinates":[[[-70.683988,-33.546019],[-70.682638,-33.543625]]]},"properties":{"id":"OC-131050017","OBJECTID":20074,"nombre":"Los Nogales","escala":"Otras carteras","comunas":"El Bosque","macrozona":null,"km":0.29,"n_priori":null,"anteproyec":"EN DISEÑO","centerLng":-70.683313,"centerLat":-33.544822,"kind":"proyecto","categoria":"Otras carteras","cartera":"Municipios","etapa":"diseño","tipo":"ciclovía","inicio":"Jose Domingo Gomez","fin":"Picton","origen":"Otras carteras"}},{"type":"Feature","geometry":{"type":"MultiLineString","coordinates":[[[-70.682638,-33.543625],[-70.679783,-33.544699],[-70.679493,-33.544886],[-70.6772,-33.545709],[-70.675938,-33.546158]]]},"properties":{"id":"OC-131050018","OBJECTID":20075,"nombre":"Jose Domingo Gomez","escala":"Otras carteras","comunas":"El Bosque","macrozona":null,"km":0.68,"n_priori":null,"anteproyec":"EN DISEÑO","centerLng":-70.67901,"centerLat":-33.545015,"kind":"proyecto","categoria":"Otras carteras","cartera":"Municipios","etapa":"diseño","tipo":"ciclovía","inicio":"Los Nogales","fin":"Rancagua","origen":"Otras carteras"}},{"type":"Feature","geometry":{"type":"MultiLineString","coordinates":[[[-70.67345,-33.571423],[-70.673278,-33.571386],[-70.672887,-33.571469],[-70.670636,-33.571874],[-70.670452,-33.571912],[-70.668,-33.572362],[-70.665069,-33.572887],[-70.66441,-33.573003],[-70.663582,-33.573149],[-70.663284,-33.573201],[-70.66219,-33.573391],[-70.660107,-33.573777]]]},"properties":{"id":"OC-131050019","OBJECTID":20076,"nombre":"Lo Martinez","escala":"Otras carteras","comunas":"El Bosque","macrozona":null,"km":1.27,"n_priori":null,"anteproyec":"EN DISEÑO","centerLng":-70.667279,"centerLat":-33.572486,"kind":"proyecto","categoria":"Otras carteras","cartera":"Municipios","etapa":"diseño","tipo":"ciclovía","inicio":"Alberto Hurtado","fin":"San Francisco","origen":"Otras carteras"}},{"type":"Feature","geometry":{"type":"MultiLineString","coordinates":[[[-70.671013,-33.562078],[-70.670937,-33.562091],[-70.670366,-33.562184],[-70.670316,-33.562192],[-70.6703,-33.562194],[-70.670285,-33.562197],[-70.67027,-33.562193],[-70.670269,-33.562192],[-70.670254,-33.562183],[-70.670232,-33.562164],[-70.67023,-33.562163]]]},"properties":{"id":"OC-131050020","OBJECTID":20077,"nombre":"Varas","escala":"Otras carteras","comunas":"El Bosque","macrozona":null,"km":0.08,"n_priori":null,"anteproyec":"PLANIFICADA","centerLng":-70.670407,"centerLat":-33.562166,"kind":"proyecto","categoria":"Otras carteras","cartera":"MTT","etapa":"planificadas","tipo":"ciclovía","inicio":"Los Boldos","fin":"Padre Hurtado","origen":"Otras carteras"}},{"type":"Feature","geometry":{"type":"MultiLineString","coordinates":[[[-70.67023,-33.562163],[-70.67023,-33.562162],[-70.67023,-33.562161],[-70.670026,-33.561287],[-70.669829,-33.560445]]]},"properties":{"id":"OC-131050021","OBJECTID":20078,"nombre":"Los Boldos","escala":"Otras carteras","comunas":"El Bosque","macrozona":null,"km":0.19,"n_priori":null,"anteproyec":"PLANIFICADA","centerLng":-70.670109,"centerLat":-33.561644,"kind":"proyecto","categoria":"Otras carteras","cartera":"MTT","etapa":"planificadas","tipo":"ciclovía","inicio":"Observatorio","fin":"Varas","origen":"Otras carteras"}},{"type":"Feature","geometry":{"type":"MultiLineString","coordinates":[[[-70.669829,-33.560445],[-70.669829,-33.560444],[-70.669833,-33.560437],[-70.669853,-33.56041],[-70.669873,-33.5604],[-70.670353,-33.560323]]]},"properties":{"id":"OC-131050022","OBJECTID":20079,"nombre":"Observatorio","escala":"Otras carteras","comunas":"El Bosque","macrozona":null,"km":0.05,"n_priori":null,"anteproyec":"PLANIFICADA","centerLng":-70.669928,"centerLat":-33.56041,"kind":"proyecto","categoria":"Otras carteras","cartera":"MTT","etapa":"planificadas","tipo":"ciclovía","inicio":"Padre Hurtado","fin":"Los Boldos","origen":"Otras carteras"}},{"type":"Feature","geometry":{"type":"MultiLineString","coordinates":[[[-70.685886,-33.545675],[-70.687239,-33.549722]]]},"properties":{"id":"OC-131050024","OBJECTID":20080,"nombre":"Capricornio","escala":"Otras carteras","comunas":"El Bosque","macrozona":null,"km":0.47,"n_priori":null,"anteproyec":"PLANIFICADA","centerLng":-70.686563,"centerLat":-33.547699,"kind":"proyecto","categoria":"Otras carteras","cartera":"Municipios","etapa":"planificadas","tipo":"ciclovía","inicio":"Picton","fin":"Luis Barros Borgooo","origen":"Otras carteras"}},{"type":"Feature","geometry":{"type":"MultiLineString","coordinates":[[[-70.660659,-33.553384],[-70.668056,-33.552052],[-70.668275,-33.552013]]]},"properties":{"id":"OC-131050026","OBJECTID":20081,"nombre":"Los Aviadores","escala":"Otras carteras","comunas":"El Bosque","macrozona":null,"km":0.72,"n_priori":null,"anteproyec":"PLANIFICADA","centerLng":-70.665663,"centerLat":-33.552483,"kind":"proyecto","categoria":"Otras carteras","cartera":"Municipios","etapa":"planificadas","tipo":"ciclovía","inicio":"Julio Covarrubias","fin":"Padre Hurtado","origen":"Otras carteras"}},{"type":"Feature","geometry":{"type":"MultiLineString","coordinates":[[[-70.661016,-33.554929],[-70.666601,-33.553938],[-70.669841,-33.55329],[-70.673664,-33.55242],[-70.673602,-33.552435]]]},"properties":{"id":"OC-131050027","OBJECTID":20082,"nombre":"Barros Borgoño Tramo1","escala":"Otras carteras","comunas":"El Bosque","macrozona":null,"km":1.21,"n_priori":null,"anteproyec":"EN DISEÑO","centerLng":-70.668945,"centerLat":-33.553402,"kind":"proyecto","categoria":"Otras carteras","cartera":"Municipios","etapa":"diseño","tipo":"ciclovía","inicio":"Gran Avenida","fin":"Av. Covarrubias","origen":"Otras carteras"}},{"type":"Feature","geometry":{"type":"MultiLineString","coordinates":[[[-70.673664,-33.55242],[-70.676214,-33.551841],[-70.679078,-33.551257],[-70.68294,-33.550479],[-70.686381,-33.549787],[-70.687873,-33.549523]]]},"properties":{"id":"OC-131050025","OBJECTID":20083,"nombre":"Barros Borgoño Tramo 2","escala":"Otras carteras","comunas":"El Bosque","macrozona":null,"km":1.34,"n_priori":null,"anteproyec":"EN DISEÑO","centerLng":-70.681025,"centerLat":-33.550885,"kind":"proyecto","categoria":"Otras carteras","cartera":"Municipios","etapa":"diseño","tipo":"ciclovía","inicio":"Gran Avenida","fin":"Indio Jerónimo","origen":"Otras carteras"}},{"type":"Feature","geometry":{"type":"MultiLineString","coordinates":[[[-70.659082,-33.547682],[-70.660659,-33.553384],[-70.661016,-33.554929]]]},"properties":{"id":"OC-131050029","OBJECTID":20084,"nombre":"Covarrubias","escala":"Otras carteras","comunas":"El Bosque","macrozona":null,"km":0.82,"n_priori":null,"anteproyec":"EN DISEÑO","centerLng":-70.660252,"centerLat":-33.551998,"kind":"proyecto","categoria":"Otras carteras","cartera":"Municipios","etapa":"diseño","tipo":"ciclovía","inicio":"Riquelme","fin":"Av. Sur","origen":"Otras carteras"}},{"type":"Feature","geometry":{"type":"MultiLineString","coordinates":[[[-70.711908,-33.459045],[-70.711864,-33.459709],[-70.711744,-33.460906],[-70.711503,-33.463271],[-70.711407,-33.46446],[-70.711263,-33.465718],[-70.711055,-33.467242],[-70.71105,-33.467278],[-70.711046,-33.467305],[-70.71098,-33.468138],[-70.710928,-33.468786],[-70.710922,-33.468994],[-70.711229,-33.470363],[-70.711403,-33.471156],[-70.711685,-33.472381],[-70.711936,-33.473447],[-70.712134,-33.474348],[-70.71245,-33.475639],[-70.712717,-33.476858],[-70.712979,-33.478135]]]},"properties":{"id":"OC-131060014","OBJECTID":20085,"nombre":"Aeropuerto","escala":"Otras carteras","comunas":"Estación Central","macrozona":null,"km":2.14,"n_priori":null,"anteproyec":"EN DISEÑO","centerLng":-70.71161,"centerLat":-33.468659,"kind":"proyecto","categoria":"Otras carteras","cartera":"Municipios","etapa":"diseño","tipo":"ciclovía","inicio":"Alameda","fin":"Mailef","origen":"Otras carteras"}},{"type":"Feature","geometry":{"type":"MultiLineString","coordinates":[[[-70.720148,-33.472063],[-70.719674,-33.472553],[-70.718726,-33.473486],[-70.717875,-33.47423],[-70.717047,-33.474989],[-70.715755,-33.476191],[-70.715365,-33.476375],[-70.714862,-33.476523],[-70.71364,-33.476707],[-70.712717,-33.476858],[-70.71138,-33.47708],[-70.711055,-33.477116],[-70.710841,-33.477078],[-70.710211,-33.476509],[-70.710146,-33.476463],[-70.70831,-33.476077],[-70.706218,-33.475628],[-70.704972,-33.475369],[-70.703986,-33.475157],[-70.703393,-33.475032],[-70.702345,-33.474812],[-70.700535,-33.474419],[-70.699738,-33.474254],[-70.699629,-33.474216],[-70.699541,-33.474124],[-70.699436,-33.473707]]]},"properties":{"id":"OC-131060015","OBJECTID":20086,"nombre":"Luis Infante Cerda","escala":"Otras carteras","comunas":"Estación Central","macrozona":null,"km":2.25,"n_priori":null,"anteproyec":"PLANIFICADA","centerLng":-70.709521,"centerLat":-33.47527,"kind":"proyecto","categoria":"Otras carteras","cartera":"Municipios","etapa":"planificadas","tipo":"ciclovía","inicio":"5 De Abril","fin":"Padre Jaime Larrain Hurtado","origen":"Otras carteras"}},{"type":"Feature","geometry":{"type":"MultiLineString","coordinates":[[[-70.715398,-33.478605],[-70.715312,-33.478618],[-70.714789,-33.478525],[-70.714251,-33.47841],[-70.712979,-33.478135],[-70.712436,-33.477983],[-70.711908,-33.477833],[-70.70841,-33.477079],[-70.707524,-33.476895],[-70.706038,-33.476579],[-70.704634,-33.476272],[-70.703181,-33.475965],[-70.7031,-33.475961],[-70.702964,-33.475953],[-70.702497,-33.475855],[-70.70112,-33.475573],[-70.700948,-33.475575],[-70.700769,-33.475625],[-70.700312,-33.475832],[-70.699797,-33.475745]]]},"properties":{"id":"OC-131060016","OBJECTID":20087,"nombre":"Mailef","escala":"Otras carteras","comunas":"Estación Central","macrozona":null,"km":1.5,"n_priori":null,"anteproyec":"PLANIFICADA","centerLng":-70.706918,"centerLat":-33.476851,"kind":"proyecto","categoria":"Otras carteras","cartera":"Municipios","etapa":"planificadas","tipo":"ciclovía","inicio":"El Estero","fin":"Av. Colector","origen":"Otras carteras"}},{"type":"Feature","geometry":{"type":"MultiLineString","coordinates":[[[-70.710146,-33.476463],[-70.707557,-33.473921],[-70.70692,-33.471158],[-70.706354,-33.468677],[-70.706315,-33.468539],[-70.706357,-33.468069],[-70.705592,-33.464801],[-70.70558,-33.464748]]]},"properties":{"id":"OC-131060017","OBJECTID":20088,"nombre":"Palena","escala":"Otras carteras","comunas":"Estación Central","macrozona":null,"km":1.41,"n_priori":null,"anteproyec":"PLANIFICADA","centerLng":-70.706853,"centerLat":-33.469547,"kind":"proyecto","categoria":"Otras carteras","cartera":"MTT","etapa":"planificadas","tipo":"ciclovía","inicio":"5 De Abril","fin":"Luis Infante Cerda","origen":"Otras carteras"}},{"type":"Feature","geometry":{"type":"MultiLineString","coordinates":[[[-70.699436,-33.473707],[-70.699214,-33.472656],[-70.699022,-33.471658],[-70.69887,-33.470853],[-70.698709,-33.469987],[-70.698636,-33.469543],[-70.698596,-33.468591],[-70.698557,-33.467339],[-70.69847,-33.465454],[-70.698426,-33.464298],[-70.698353,-33.463154],[-70.698314,-33.462251],[-70.698349,-33.462171],[-70.698533,-33.4619]]]},"properties":{"id":"OC-131060019","OBJECTID":20089,"nombre":"Padre Jaime Larrain Hurtado","escala":"Otras carteras","comunas":"Estación Central","macrozona":null,"km":1.32,"n_priori":null,"anteproyec":"PLANIFICADA","centerLng":-70.698678,"centerLat":-33.467397,"kind":"proyecto","categoria":"Otras carteras","cartera":"MTT","etapa":"planificadas","tipo":"ciclovía","inicio":"5 De Abril","fin":"Coyhaique","origen":"Otras carteras"}},{"type":"Feature","geometry":{"type":"MultiLineString","coordinates":[[[-70.699436,-33.473707],[-70.698372,-33.473863],[-70.698172,-33.473929],[-70.698087,-33.47403],[-70.698079,-33.474168]]]},"properties":{"id":"OC-131060020","OBJECTID":20090,"nombre":"Coyhaique","escala":"Otras carteras","comunas":"Estación Central","macrozona":null,"km":0.15,"n_priori":null,"anteproyec":"PLANIFICADA","centerLng":-70.698429,"centerLat":-33.473939,"kind":"proyecto","categoria":"Otras carteras","cartera":"MTT","etapa":"planificadas","tipo":"ciclovía","inicio":"Padre Jaime Larrain Hurtado","fin":"Colector","origen":"Otras carteras"}},{"type":"Feature","geometry":{"type":"MultiLineString","coordinates":[[[-70.705657,-33.455994],[-70.704616,-33.455557],[-70.702369,-33.454598],[-70.701624,-33.454325],[-70.69781,-33.453004],[-70.696715,-33.452724],[-70.693014,-33.451777],[-70.692758,-33.451719],[-70.691866,-33.451542],[-70.688302,-33.450832],[-70.687978,-33.4508],[-70.682871,-33.45096],[-70.679804,-33.45105]]]},"properties":{"id":"OC-131060023","OBJECTID":20091,"nombre":"Ecuador","escala":"Otras carteras","comunas":"Estación Central","macrozona":null,"km":2.51,"n_priori":null,"anteproyec":"PLANIFICADA","centerLng":-70.69426,"centerLat":-33.452683,"kind":"proyecto","categoria":"Otras carteras","cartera":"MTT","etapa":"planificadas","tipo":"ciclovía","inicio":"Las Rejas Norte","fin":"Alameda","origen":"Otras carteras"}},{"type":"Feature","geometry":{"type":"MultiLineString","coordinates":[[[-70.689324,-33.457817],[-70.689044,-33.457766],[-70.688629,-33.457619],[-70.687927,-33.457382],[-70.686478,-33.456784],[-70.683915,-33.455457]]]},"properties":{"id":"OC-131060024","OBJECTID":20092,"nombre":"5 De Abril","escala":"Otras carteras","comunas":"Estación Central","macrozona":null,"km":0.57,"n_priori":null,"anteproyec":"PLANIFICADA","centerLng":-70.687553,"centerLat":-33.457137,"kind":"proyecto","categoria":"Otras carteras","cartera":"MTT","etapa":"planificadas","tipo":"ciclovía","inicio":"Autopista Central","fin":"Obispo Umana","origen":"Otras carteras"}},{"type":"Feature","geometry":{"type":"MultiLineString","coordinates":[[[-70.69225,-33.444493],[-70.691847,-33.444452],[-70.689985,-33.444393],[-70.688032,-33.444308],[-70.683552,-33.444083],[-70.68089,-33.443953],[-70.679653,-33.443859]]]},"properties":{"id":"OC-131060027","OBJECTID":20093,"nombre":"Portales","escala":"Otras carteras","comunas":"Estación Central","macrozona":null,"km":1.17,"n_priori":null,"anteproyec":"PLANIFICADA","centerLng":-70.686601,"centerLat":-33.44422,"kind":"proyecto","categoria":"Otras carteras","cartera":"Privados","etapa":"planificadas","tipo":"ciclovía","inicio":"San Alberto Hurtado","fin":"Matucana","origen":"Otras carteras"}},{"type":"Feature","geometry":{"type":"MultiLineString","coordinates":[[[-70.731247,-33.47019],[-70.731234,-33.469392],[-70.731249,-33.468355],[-70.731307,-33.468045],[-70.731364,-33.467742]]]},"properties":{"id":"OC-131060033","OBJECTID":20094,"nombre":"Las Torres","escala":"Otras carteras","comunas":"Estación Central","macrozona":null,"km":0.27,"n_priori":null,"anteproyec":"PLANIFICADA","centerLng":-70.73128,"centerLat":-33.468745,"kind":"proyecto","categoria":"Otras carteras","cartera":"Privados","etapa":"planificadas","tipo":"ciclovía","inicio":"Pajaritos","fin":"Santa Corina","origen":"Otras carteras"}},{"type":"Feature","geometry":{"type":"MultiLineString","coordinates":[[[-70.721842,-33.473117],[-70.721489,-33.472892],[-70.721304,-33.472774],[-70.721203,-33.47271],[-70.72111,-33.472649],[-70.719739,-33.47175],[-70.718162,-33.470713],[-70.717668,-33.47039],[-70.717208,-33.470113],[-70.716119,-33.469611],[-70.716113,-33.469608],[-70.713015,-33.468157],[-70.711055,-33.467242],[-70.711054,-33.467242],[-70.710217,-33.466801],[-70.709524,-33.466427],[-70.708192,-33.465727],[-70.70735,-33.465381],[-70.707219,-33.46534],[-70.706631,-33.465154],[-70.705592,-33.464801],[-70.705085,-33.464629],[-70.705077,-33.464626]]]},"properties":{"id":"OC-131060034","OBJECTID":20095,"nombre":"5 De Abril","escala":"Otras carteras","comunas":"Estación Central","macrozona":null,"km":1.83,"n_priori":null,"anteproyec":"PLANIFICADA","centerLng":-70.713564,"centerLat":-33.468602,"kind":"proyecto","categoria":"Otras carteras","cartera":"MTT","etapa":"planificadas","tipo":"ciclovía","inicio":"Lo Errazuriz","fin":"Las Rejas","origen":"Otras carteras"}},{"type":"Feature","geometry":{"type":"MultiLineString","coordinates":[[[-70.705077,-33.464626],[-70.704385,-33.464395],[-70.702838,-33.463865],[-70.702524,-33.463771],[-70.701818,-33.463528],[-70.701436,-33.463339],[-70.701188,-33.463216],[-70.700936,-33.463091],[-70.699981,-33.462606],[-70.699574,-33.462407],[-70.698533,-33.4619],[-70.698525,-33.461896],[-70.697675,-33.461472],[-70.695997,-33.460678],[-70.694024,-33.459793],[-70.693494,-33.459607],[-70.693494,-33.459607],[-70.692699,-33.459307],[-70.692365,-33.459192],[-70.691848,-33.459153],[-70.690613,-33.459099],[-70.690606,-33.459099],[-70.689274,-33.459082],[-70.689001,-33.459077],[-70.688562,-33.45904],[-70.687932,-33.459057],[-70.686617,-33.459061],[-70.685486,-33.459046],[-70.684063,-33.459041],[-70.68406,-33.459041],[-70.682347,-33.45898],[-70.680777,-33.458906],[-70.678406,-33.458774],[-70.678377,-33.458773]]]},"properties":{"id":"OC-131060035","OBJECTID":20096,"nombre":"5 De Abril-Arica","escala":"Otras carteras","comunas":"Estación Central","macrozona":null,"km":2.63,"n_priori":null,"anteproyec":"PLANIFICADA","centerLng":-70.693074,"centerLat":-33.460692,"kind":"proyecto","categoria":"Otras carteras","cartera":"MTT","etapa":"planificadas","tipo":"ciclovía","inicio":"Las Rejas","fin":"Exposicion","origen":"Otras carteras"}},{"type":"Feature","geometry":{"type":"MultiLineString","coordinates":[[[-70.677944,-33.450644],[-70.677889,-33.450805],[-70.677884,-33.450929],[-70.677898,-33.451112],[-70.677924,-33.451272],[-70.67797,-33.451463],[-70.678014,-33.451982],[-70.678024,-33.452104],[-70.678054,-33.452336],[-70.67806,-33.452389],[-70.677918,-33.452405]]]},"properties":{"id":"OC-131060036","OBJECTID":20097,"nombre":"Exposicion","escala":"Otras carteras","comunas":"Estación Central","macrozona":null,"km":0.21,"n_priori":null,"anteproyec":"PLANIFICADA","centerLng":-70.677962,"centerLat":-33.451586,"kind":"proyecto","categoria":"Otras carteras","cartera":"MTT","etapa":"planificadas","tipo":"ciclovía","inicio":"Alameda","fin":"Salvador Sanfuentes","origen":"Otras carteras"}},{"type":"Feature","geometry":{"type":"MultiLineString","coordinates":[[[-70.689452,-33.457913],[-70.689343,-33.457831],[-70.689324,-33.457817],[-70.689298,-33.457778],[-70.689303,-33.457724],[-70.68935,-33.457502],[-70.689361,-33.457341],[-70.689369,-33.457264],[-70.689406,-33.457106],[-70.689514,-33.456781],[-70.689578,-33.456567],[-70.689665,-33.456318],[-70.689684,-33.456292],[-70.68985,-33.455794],[-70.690015,-33.455303],[-70.690022,-33.455204],[-70.690041,-33.455087],[-70.690048,-33.455057],[-70.690176,-33.454658],[-70.690458,-33.453772],[-70.690463,-33.453752],[-70.690443,-33.453744],[-70.69044,-33.453743]]]},"properties":{"id":"OC-131060037","OBJECTID":20098,"nombre":"Padre Alberto Hurtado","escala":"Otras carteras","comunas":"Estación Central","macrozona":null,"km":0.48,"n_priori":null,"anteproyec":"PLANIFICADA","centerLng":-70.689765,"centerLat":-33.456102,"kind":"proyecto","categoria":"Otras carteras","cartera":"MTT","etapa":"planificadas","tipo":"ciclovía","inicio":"Alameda","fin":"5 De Abril","origen":"Otras carteras"}},{"type":"Feature","geometry":{"type":"MultiLineString","coordinates":[[[-70.70135,-33.463287],[-70.701397,-33.463215],[-70.701193,-33.463119],[-70.701053,-33.463053],[-70.701046,-33.46305],[-70.700417,-33.462721],[-70.699801,-33.462399],[-70.698369,-33.46165],[-70.698238,-33.461598],[-70.697887,-33.461435]]]},"properties":{"id":"OC-131060038","OBJECTID":20099,"nombre":"5 De Abril","escala":"Otras carteras","comunas":"Estación Central","macrozona":null,"km":0.39,"n_priori":null,"anteproyec":"PLANIFICADA","centerLng":-70.700075,"centerLat":-33.462553,"kind":"proyecto","categoria":"Otras carteras","cartera":"MTT","etapa":"planificadas","tipo":"ciclovía","inicio":"Venus","fin":"Vostok","origen":"Otras carteras"}},{"type":"Feature","geometry":{"type":"MultiLineString","coordinates":[[[-70.697887,-33.461435],[-70.69787,-33.461377],[-70.697289,-33.461091],[-70.69678,-33.46084],[-70.696361,-33.460651],[-70.696093,-33.46053],[-70.695955,-33.460509]]]},"properties":{"id":"OC-131060039","OBJECTID":20100,"nombre":"5 De Abril","escala":"Otras carteras","comunas":"Estación Central","macrozona":null,"km":0.21,"n_priori":null,"anteproyec":"PLANIFICADA","centerLng":-70.696891,"centerLat":-33.460919,"kind":"proyecto","categoria":"Otras carteras","cartera":"MTT","etapa":"planificadas","tipo":"ciclovía","inicio":"Amengual","fin":"Venus","origen":"Otras carteras"}},{"type":"Feature","geometry":{"type":"MultiLineString","coordinates":[[[-70.695955,-33.460509],[-70.695868,-33.460492],[-70.695322,-33.460237],[-70.69472,-33.459963],[-70.694328,-33.459805],[-70.694069,-33.459698],[-70.694062,-33.459695],[-70.693659,-33.459553],[-70.693295,-33.459426],[-70.692962,-33.459298],[-70.692787,-33.459238],[-70.692747,-33.459226],[-70.692361,-33.459078],[-70.692294,-33.459052],[-70.692271,-33.459059],[-70.692027,-33.458978],[-70.691995,-33.458967],[-70.691961,-33.458944],[-70.691949,-33.458922],[-70.691564,-33.458784],[-70.691528,-33.458799]]]},"properties":{"id":"OC-131060040","OBJECTID":20101,"nombre":"5 De Abril","escala":"Otras carteras","comunas":"Estación Central","macrozona":null,"km":0.46,"n_priori":null,"anteproyec":"PLANIFICADA","centerLng":-70.693225,"centerLat":-33.459415,"kind":"proyecto","categoria":"Otras carteras","cartera":"MTT","etapa":"planificadas","tipo":"ciclovía","inicio":"Madame Curie","fin":"Amengual","origen":"Otras carteras"}},{"type":"Feature","geometry":{"type":"MultiLineString","coordinates":[[[-70.691528,-33.458799],[-70.691526,-33.458798],[-70.69083,-33.458523],[-70.690802,-33.458511],[-70.690145,-33.45823],[-70.689784,-33.458076],[-70.689768,-33.458068],[-70.68956,-33.457966],[-70.689452,-33.457913]]]},"properties":{"id":"OC-131060041","OBJECTID":20102,"nombre":"5 De Abril","escala":"Otras carteras","comunas":"Estación Central","macrozona":null,"km":0.22,"n_priori":null,"anteproyec":"PLANIFICADA","centerLng":-70.690377,"centerLat":-33.45832,"kind":"proyecto","categoria":"Otras carteras","cartera":"MTT","etapa":"planificadas","tipo":"ciclovía","inicio":"Gral Velasquez","fin":"Madame Curie","origen":"Otras carteras"}},{"type":"Feature","geometry":{"type":"MultiLineString","coordinates":[[[-70.682835,-33.449474],[-70.691907,-33.449373]]]},"properties":{"id":"OC-131060042","OBJECTID":20103,"nombre":"El Belloto","escala":"Otras carteras","comunas":"Estación Central","macrozona":null,"km":0.84,"n_priori":null,"anteproyec":"PLANIFICADA","centerLng":-70.687371,"centerLat":-33.449424,"kind":"proyecto","categoria":"Otras carteras","cartera":"Privados","etapa":"planificadas","tipo":"ciclovía","inicio":"Enrique Kirberg","fin":"Av. Padre Alberto Hurtado","origen":"Otras carteras"}},{"type":"Feature","geometry":{"type":"MultiLineString","coordinates":[[[-70.682866,-33.450915],[-70.682835,-33.449484]]]},"properties":{"id":"OC-131060043","OBJECTID":20104,"nombre":"Enrique Kirberg","escala":"Otras carteras","comunas":"Estación Central","macrozona":null,"km":0.16,"n_priori":null,"anteproyec":"PLANIFICADA","centerLng":-70.682851,"centerLat":-33.450199,"kind":"proyecto","categoria":"Otras carteras","cartera":"Privados","etapa":"planificadas","tipo":"ciclovía","inicio":"El Belloto","fin":"Av. Victor Jara","origen":"Otras carteras"}},{"type":"Feature","geometry":{"type":"MultiLineString","coordinates":[[[-70.683923,-33.449456],[-70.683549,-33.444102]]]},"properties":{"id":"OC-131060044","OBJECTID":20105,"nombre":"Las Sophoras","escala":"Otras carteras","comunas":"Estación Central","macrozona":null,"km":0.59,"n_priori":null,"anteproyec":"PLANIFICADA","centerLng":-70.683736,"centerLat":-33.446779,"kind":"proyecto","categoria":"Otras carteras","cartera":"Privados","etapa":"planificadas","tipo":"ciclovía","inicio":"El Belloto","fin":"Av. Portales","origen":"Otras carteras"}},{"type":"Feature","geometry":{"type":"MultiLineString","coordinates":[[[-70.614444,-33.398371],[-70.615207,-33.398407],[-70.616904,-33.397395],[-70.617757,-33.397114],[-70.619891,-33.396547],[-70.624248,-33.394421]]]},"properties":{"id":"OC-131070009","OBJECTID":20106,"nombre":"Américo Vespucio Oriente","escala":"Otras carteras","comunas":"Huechuraba","macrozona":null,"km":1.03,"n_priori":null,"anteproyec":"EN DISEÑO","centerLng":-70.618075,"centerLat":-33.397042,"kind":"proyecto","categoria":"Otras carteras","cartera":"MOP","etapa":"diseño","tipo":"smp","inicio":"El Salto","fin":"Túnel San Cristobal","origen":"Otras carteras"}},{"type":"Feature","geometry":{"type":"MultiLineString","coordinates":[[[-70.640516,-33.383179],[-70.64013,-33.382384],[-70.639497,-33.380698],[-70.639124,-33.379777],[-70.638888,-33.379183],[-70.638027,-33.377092],[-70.637128,-33.374861],[-70.636957,-33.374473],[-70.636751,-33.374001],[-70.636504,-33.373399],[-70.635793,-33.371697],[-70.635304,-33.370492],[-70.634935,-33.369531],[-70.634579,-33.368653],[-70.634196,-33.367754],[-70.633883,-33.366938],[-70.633275,-33.365497],[-70.632521,-33.36372],[-70.63135,-33.360984],[-70.630858,-33.359858],[-70.630638,-33.359308]]]},"properties":{"id":"OC-131070010","OBJECTID":20107,"nombre":"Recoleta","escala":"Otras carteras","comunas":"Huechuraba","macrozona":null,"km":2.8,"n_priori":null,"anteproyec":"PLANIFICADA","centerLng":-70.635755,"centerLat":-33.371594,"kind":"proyecto","categoria":"Otras carteras","cartera":"MTT","etapa":"planificadas","tipo":"ciclovía","inicio":"Americo Vespucio","fin":"La Medialuna","origen":"Otras carteras"}},{"type":"Feature","geometry":{"type":"MultiLineString","coordinates":[[[-70.692145,-33.353235],[-70.691572,-33.353097],[-70.691064,-33.353037],[-70.689804,-33.352629],[-70.688387,-33.352302],[-70.68766,-33.352202],[-70.686927,-33.352216],[-70.685409,-33.352066],[-70.6839,-33.351919],[-70.680837,-33.351996],[-70.679897,-33.35207],[-70.679209,-33.352237],[-70.678732,-33.352411],[-70.678063,-33.352455],[-70.677326,-33.352719],[-70.676345,-33.352882],[-70.675134,-33.352995],[-70.673366,-33.352966],[-70.672266,-33.352893],[-70.670572,-33.352644]]]},"properties":{"id":"OC-131070012","OBJECTID":20108,"nombre":"El Guanaco Norte","escala":"Otras carteras","comunas":"Huechuraba","macrozona":null,"km":2.05,"n_priori":null,"anteproyec":"PLANIFICADA","centerLng":-70.681931,"centerLat":-33.352549,"kind":"proyecto","categoria":"Otras carteras","cartera":"MTT","etapa":"planificadas","tipo":"ciclovía","inicio":"Los Libertadores","fin":"Pedro Fontova","origen":"Otras carteras"}},{"type":"Feature","geometry":{"type":"MultiLineString","coordinates":[[[-70.653317,-33.370442],[-70.65467,-33.371114],[-70.655063,-33.371469],[-70.655357,-33.371775],[-70.655698,-33.372096],[-70.656027,-33.372191],[-70.656364,-33.372461],[-70.656615,-33.372561],[-70.656951,-33.372672],[-70.656973,-33.372994]]]},"properties":{"id":"OC-131070017","OBJECTID":20109,"nombre":"Camino Punta Mocha","escala":"Otras carteras","comunas":"Huechuraba","macrozona":null,"km":0.45,"n_priori":null,"anteproyec":"EN DISEÑO","centerLng":-70.655704,"centerLat":-33.371977,"kind":"proyecto","categoria":"Otras carteras","cartera":"Municipios","etapa":"diseño","tipo":"ciclovía","inicio":"Av. El Guanaco","fin":"Av. Las Torres","origen":"Otras carteras"}},{"type":"Feature","geometry":{"type":"MultiLineString","coordinates":[[[-70.646365,-33.375403],[-70.65335,-33.370432]]]},"properties":{"id":"OC-131070018","OBJECTID":20110,"nombre":"Av. Las Torres","escala":"Otras carteras","comunas":"Huechuraba","macrozona":null,"km":0.86,"n_priori":null,"anteproyec":"EN DISEÑO","centerLng":-70.649857,"centerLat":-33.372917,"kind":"proyecto","categoria":"Otras carteras","cartera":"Municipios","etapa":"diseño","tipo":"ciclovía","inicio":"Camino Punta Mocha","fin":"Juan Cristóbal","origen":"Otras carteras"}},{"type":"Feature","geometry":{"type":"MultiLineString","coordinates":[[[-70.646342,-33.375437],[-70.64478,-33.37209]]]},"properties":{"id":"OC-131070019","OBJECTID":20111,"nombre":"Juan Cristóbal","escala":"Otras carteras","comunas":"Huechuraba","macrozona":null,"km":0.4,"n_priori":null,"anteproyec":"EN DISEÑO","centerLng":-70.645561,"centerLat":-33.373763,"kind":"proyecto","categoria":"Otras carteras","cartera":"Municipios","etapa":"diseño","tipo":"ciclovía","inicio":"Av. Las Torres","fin":"Guillermo Subiabre","origen":"Otras carteras"}},{"type":"Feature","geometry":{"type":"MultiLineString","coordinates":[[[-70.616324,-33.388941],[-70.615634,-33.38937],[-70.615126,-33.389946],[-70.61492,-33.390496],[-70.614918,-33.39101],[-70.615193,-33.391485],[-70.615397,-33.391833],[-70.615928,-33.392282],[-70.616642,-33.392571],[-70.617346,-33.392674],[-70.617992,-33.392582],[-70.618331,-33.39237],[-70.619008,-33.391916],[-70.619516,-33.391631]]]},"properties":{"id":"OC-131070022","OBJECTID":20112,"nombre":"Av. Del Cóndor","escala":"Otras carteras","comunas":"Huechuraba","macrozona":null,"km":0.82,"n_priori":null,"anteproyec":"EN DISEÑO","centerLng":-70.616591,"centerLat":-33.391365,"kind":"proyecto","categoria":"Otras carteras","cartera":"Privados","etapa":"diseño","tipo":"ciclovía","inicio":"Av. Del Parque Norte","fin":"Av. Del Parque Sur","origen":"Otras carteras"}},{"type":"Feature","geometry":{"type":"MultiLineString","coordinates":[[[-70.614769,-33.384278],[-70.614959,-33.386598],[-70.615187,-33.387432],[-70.61565,-33.388133],[-70.616581,-33.389075],[-70.618052,-33.389653],[-70.618759,-33.390059],[-70.619287,-33.390847],[-70.619487,-33.39166],[-70.619667,-33.392542],[-70.620044,-33.393204],[-70.621221,-33.394143]]]},"properties":{"id":"OC-131070023","OBJECTID":20113,"nombre":"Av. Del Parque","escala":"Otras carteras","comunas":"Huechuraba","macrozona":null,"km":1.36,"n_priori":null,"anteproyec":"EN DISEÑO","centerLng":-70.617805,"centerLat":-33.389802,"kind":"proyecto","categoria":"Otras carteras","cartera":"Privados","etapa":"diseño","tipo":"ciclovía","inicio":"La Rinconada Norte","fin":"La Rinconada Sur","origen":"Otras carteras"}},{"type":"Feature","geometry":{"type":"MultiLineString","coordinates":[[[-70.619986,-33.388493],[-70.618831,-33.387823],[-70.617625,-33.387594],[-70.616657,-33.387592],[-70.615632,-33.387855],[-70.614542,-33.388397],[-70.613956,-33.389048],[-70.613607,-33.38972],[-70.61344,-33.390506],[-70.613436,-33.391314],[-70.613711,-33.391991],[-70.614103,-33.392523],[-70.614518,-33.393006],[-70.615295,-33.393485],[-70.616122,-33.393745],[-70.617141,-33.393933],[-70.618143,-33.39387],[-70.619027,-33.393507],[-70.619679,-33.39319]]]},"properties":{"id":"OC-131070024","OBJECTID":20114,"nombre":"Av. Del Valle","escala":"Otras carteras","comunas":"Huechuraba","macrozona":null,"km":1.62,"n_priori":null,"anteproyec":"EN DISEÑO","centerLng":-70.616076,"centerLat":-33.390926,"kind":"proyecto","categoria":"Otras carteras","cartera":"Privados","etapa":"diseño","tipo":"ciclovía","inicio":"Av. Del Parque Norte","fin":"Av. Del Parque Sur","origen":"Otras carteras"}},{"type":"Feature","geometry":{"type":"MultiLineString","coordinates":[[[-70.620983,-33.387648],[-70.619798,-33.386942],[-70.618949,-33.386644],[-70.617904,-33.386393],[-70.616974,-33.386388],[-70.615792,-33.386511],[-70.615056,-33.386779]]]},"properties":{"id":"OC-131070025","OBJECTID":20115,"nombre":"Av. Los Jardines","escala":"Otras carteras","comunas":"Huechuraba","macrozona":null,"km":0.59,"n_priori":null,"anteproyec":"EN DISEÑO","centerLng":-70.617922,"centerLat":-33.386758,"kind":"proyecto","categoria":"Otras carteras","cartera":"Privados","etapa":"diseño","tipo":"ciclovía","inicio":"Av. Del Parque","fin":"Av. Santa Clara","origen":"Otras carteras"}},{"type":"Feature","geometry":{"type":"MultiLineString","coordinates":[[[-70.618509,-33.389757],[-70.615603,-33.392091]]]},"properties":{"id":"OC-131070026","OBJECTID":20116,"nombre":"Av. Santa Clara","escala":"Otras carteras","comunas":"Huechuraba","macrozona":null,"km":0.4,"n_priori":null,"anteproyec":"EN DISEÑO","centerLng":-70.617056,"centerLat":-33.390924,"kind":"proyecto","categoria":"Otras carteras","cartera":"Privados","etapa":"diseño","tipo":"ciclovía","inicio":"Del Parque","fin":"Del Cóndor","origen":"Otras carteras"}},{"type":"Feature","geometry":{"type":"MultiLineString","coordinates":[[[-70.663782,-33.427508],[-70.662112,-33.427037],[-70.661024,-33.426825],[-70.661001,-33.42682],[-70.65894,-33.42631],[-70.658776,-33.42627],[-70.657598,-33.426003],[-70.65624,-33.425695],[-70.654919,-33.425393]]]},"properties":{"id":"OC-131080008","OBJECTID":20117,"nombre":"Rivera","escala":"Otras carteras","comunas":"Independencia","macrozona":null,"km":0.86,"n_priori":null,"anteproyec":"PLANIFICADA","centerLng":-70.659377,"centerLat":-33.426429,"kind":"proyecto","categoria":"Otras carteras","cartera":"Municipios","etapa":"planificadas","tipo":"ciclovía","inicio":"Cancha Juan Antonio Rios","fin":"Independencia","origen":"Otras carteras"}},{"type":"Feature","geometry":{"type":"MultiLineString","coordinates":[[[-70.679918,-33.406569],[-70.677738,-33.406963],[-70.677122,-33.407075],[-70.675609,-33.407353],[-70.674983,-33.40878],[-70.673471,-33.413104],[-70.672863,-33.414962]]]},"properties":{"id":"OC-131080011","OBJECTID":20118,"nombre":"Bravo De Saravia-Las Canas","escala":"Otras carteras","comunas":"Independencia","macrozona":null,"km":1.29,"n_priori":null,"anteproyec":"PLANIFICADA","centerLng":-70.675958,"centerLat":-33.409258,"kind":"proyecto","categoria":"Otras carteras","cartera":"Municipios","etapa":"planificadas","tipo":"ciclovía","inicio":"Presidente Eduardo Frei Montalva","fin":"Domingo Santa Maria","origen":"Otras carteras"}},{"type":"Feature","geometry":{"type":"MultiLineString","coordinates":[[[-70.680883,-33.402801],[-70.678143,-33.406191],[-70.677738,-33.406963],[-70.677735,-33.40697]]]},"properties":{"id":"OC-131080012","OBJECTID":20119,"nombre":"Bajos De Jimenez","escala":"Otras carteras","comunas":"Independencia","macrozona":null,"km":0.55,"n_priori":null,"anteproyec":"PLANIFICADA","centerLng":-70.678625,"centerLat":-33.405731,"kind":"proyecto","categoria":"Otras carteras","cartera":"Municipios","etapa":"planificadas","tipo":"ciclovía","inicio":"14 De La Fama","fin":"Bravo De Saravia","origen":"Otras carteras"}},{"type":"Feature","geometry":{"type":"MultiLineString","coordinates":[[[-70.674983,-33.40878],[-70.672946,-33.408775],[-70.666899,-33.408913]]]},"properties":{"id":"OC-131080013","OBJECTID":20120,"nombre":"Nueva De Matte","escala":"Otras carteras","comunas":"Independencia","macrozona":null,"km":0.75,"n_priori":null,"anteproyec":"PLANIFICADA","centerLng":-70.671609,"centerLat":-33.408823,"kind":"proyecto","categoria":"Otras carteras","cartera":"Municipios","etapa":"planificadas","tipo":"ciclovía","inicio":"Las Canas","fin":"Fermin Vivaceta","origen":"Otras carteras"}},{"type":"Feature","geometry":{"type":"MultiLineString","coordinates":[[[-70.660672,-33.417751],[-70.660673,-33.419272],[-70.660657,-33.420497],[-70.660413,-33.421241],[-70.66004,-33.422375],[-70.65894,-33.42631],[-70.658078,-33.429397]]]},"properties":{"id":"OC-131080014","OBJECTID":20121,"nombre":"Escanilla","escala":"Otras carteras","comunas":"Independencia","macrozona":null,"km":1.32,"n_priori":null,"anteproyec":"PLANIFICADA","centerLng":-70.659925,"centerLat":-33.422406,"kind":"proyecto","categoria":"Otras carteras","cartera":"Municipios","etapa":"planificadas","tipo":"ciclovía","inicio":"Bezanilla","fin":"General Borgono","origen":"Otras carteras"}},{"type":"Feature","geometry":{"type":"MultiLineString","coordinates":[[[-70.658983,-33.42101],[-70.657598,-33.426003],[-70.656548,-33.429788]]]},"properties":{"id":"OC-131080015","OBJECTID":20122,"nombre":"Coronel Agustin Lopez De Alcazar","escala":"Otras carteras","comunas":"Independencia","macrozona":null,"km":1,"n_priori":null,"anteproyec":"PLANIFICADA","centerLng":-70.65771,"centerLat":-33.4256,"kind":"proyecto","categoria":"Otras carteras","cartera":"Municipios","etapa":"planificadas","tipo":"ciclovía","inicio":"Gamero","fin":"General Borgono","origen":"Otras carteras"}},{"type":"Feature","geometry":{"type":"MultiLineString","coordinates":[[[-70.654919,-33.425393],[-70.654694,-33.425282],[-70.654652,-33.425261],[-70.654587,-33.425229],[-70.65117,-33.425]]]},"properties":{"id":"OC-131080016","OBJECTID":20123,"nombre":"Echeverria","escala":"Otras carteras","comunas":"Independencia","macrozona":null,"km":0.35,"n_priori":null,"anteproyec":"PLANIFICADA","centerLng":-70.654004,"centerLat":-33.425233,"kind":"proyecto","categoria":"Otras carteras","cartera":"Municipios","etapa":"planificadas","tipo":"ciclovía","inicio":"Independencia","fin":"La Paz","origen":"Otras carteras"}},{"type":"Feature","geometry":{"type":"MultiLineString","coordinates":[[[-70.671697,-33.400781],[-70.671689,-33.400781],[-70.666431,-33.400771],[-70.666245,-33.400775]]]},"properties":{"id":"OC-131080017","OBJECTID":20124,"nombre":"David Arellano","escala":"Otras carteras","comunas":"Independencia","macrozona":null,"km":0.51,"n_priori":null,"anteproyec":"EN DISEÑO","centerLng":-70.669016,"centerLat":-33.400777,"kind":"proyecto","categoria":"Otras carteras","cartera":"Privados","etapa":"diseño","tipo":"ciclovía","inicio":"Fermin Vivaceta","fin":"Independencia","origen":"Otras carteras"}},{"type":"Feature","geometry":{"type":"MultiLineString","coordinates":[[[-70.663664,-33.417815],[-70.664288,-33.415605],[-70.664458,-33.41516],[-70.665007,-33.413726],[-70.66557,-33.412267],[-70.666128,-33.410563],[-70.666899,-33.408913],[-70.667555,-33.40751],[-70.668118,-33.40633]]]},"properties":{"id":"OC-131080018","OBJECTID":20125,"nombre":"Fermin Vivaceta","escala":"Otras carteras","comunas":"Independencia","macrozona":null,"km":1.1,"n_priori":null,"anteproyec":"PLANIFICADA","centerLng":-70.665743,"centerLat":-33.411988,"kind":"proyecto","categoria":"Otras carteras","cartera":"Municipios","etapa":"planificadas","tipo":"ciclovía","inicio":"Hipodromo Chile","fin":"Benzanilla","origen":"Otras carteras"}},{"type":"Feature","geometry":{"type":"MultiLineString","coordinates":[[[-70.67169,-33.400779],[-70.671689,-33.400781],[-70.671626,-33.400912],[-70.671033,-33.402164],[-70.670905,-33.402403],[-70.670019,-33.403184],[-70.669417,-33.403933],[-70.668871,-33.405031],[-70.668118,-33.40633]]]},"properties":{"id":"OC-131080019","OBJECTID":20126,"nombre":"Fermin Vivaceta","escala":"Otras carteras","comunas":"Independencia","macrozona":null,"km":0.71,"n_priori":null,"anteproyec":"PLANIFICADA","centerLng":-70.670374,"centerLat":-33.402835,"kind":"proyecto","categoria":"Otras carteras","cartera":"MTT","etapa":"planificadas","tipo":"ciclovía","inicio":"David Arellano","fin":"Hipodromo Chile","origen":"Otras carteras"}},{"type":"Feature","geometry":{"type":"MultiLineString","coordinates":[[[-70.682382,-33.536228],[-70.681985,-33.536349],[-70.681953,-33.536417],[-70.681533,-33.536542],[-70.680617,-33.536813],[-70.67821,-33.537557],[-70.675349,-33.538419],[-70.672365,-33.539319],[-70.671326,-33.539651],[-70.669442,-33.540201],[-70.666882,-33.54092],[-70.665419,-33.541341]]]},"properties":{"id":"OC-131090004","OBJECTID":20127,"nombre":"Ines Rivas","escala":"Otras carteras","comunas":"La Cisterna","macrozona":null,"km":1.68,"n_priori":null,"anteproyec":"PLANIFICADA","centerLng":-70.675622,"centerLat":-33.538313,"kind":"proyecto","categoria":"Otras carteras","cartera":"Municipios","etapa":"planificadas","tipo":"ciclovía","inicio":"Acuario","fin":"Gran Avenida","origen":"Otras carteras"}},{"type":"Feature","geometry":{"type":"MultiLineString","coordinates":[[[-70.680177,-33.529997],[-70.677713,-33.530798],[-70.674283,-33.531902],[-70.672964,-33.532316],[-70.67282,-33.532363],[-70.671578,-33.532742],[-70.669459,-33.533443],[-70.666647,-33.534375],[-70.663802,-33.535304]]]},"properties":{"id":"OC-131090006","OBJECTID":20128,"nombre":"Pedro Aguirre Cerda","escala":"Otras carteras","comunas":"La Cisterna","macrozona":null,"km":1.63,"n_priori":null,"anteproyec":"PLANIFICADA","centerLng":-70.67216,"centerLat":-33.532582,"kind":"proyecto","categoria":"Otras carteras","cartera":"Municipios","etapa":"planificadas","tipo":"ciclovía","inicio":"Joaquin Prieto Vial","fin":"Gran Avenida","origen":"Otras carteras"}},{"type":"Feature","geometry":{"type":"MultiLineString","coordinates":[[[-70.660874,-33.513847],[-70.660937,-33.514129],[-70.660918,-33.51439],[-70.661006,-33.514746],[-70.66111,-33.515019],[-70.661234,-33.515495],[-70.661431,-33.516136],[-70.661736,-33.517218],[-70.661477,-33.517321],[-70.661327,-33.51739],[-70.661215,-33.517487],[-70.661079,-33.517616],[-70.660965,-33.517821],[-70.660875,-33.518092],[-70.660897,-33.518255],[-70.661151,-33.519119],[-70.661167,-33.519238],[-70.661309,-33.519665],[-70.661472,-33.520264],[-70.661864,-33.521666],[-70.662277,-33.52314],[-70.662475,-33.52379],[-70.662639,-33.524451],[-70.662727,-33.524731],[-70.662768,-33.524933],[-70.662811,-33.525163],[-70.662845,-33.525707],[-70.66289,-33.525971]]]},"properties":{"id":"OC-131090007","OBJECTID":20129,"nombre":"Paulina","escala":"Otras carteras","comunas":"La Cisterna","macrozona":null,"km":1.41,"n_priori":null,"anteproyec":"PLANIFICADA","centerLng":-70.661624,"centerLat":-33.519386,"kind":"proyecto","categoria":"Otras carteras","cartera":"Municipios","etapa":"planificadas","tipo":"ciclovía","inicio":"Lo Ovalle","fin":"El Parron","origen":"Otras carteras"}},{"type":"Feature","geometry":{"type":"MultiLineString","coordinates":[[[-70.672282,-33.514024],[-70.6709,-33.51448],[-70.668971,-33.515118],[-70.667271,-33.515611],[-70.665222,-33.516211],[-70.66331,-33.516781],[-70.661736,-33.517218]]]},"properties":{"id":"OC-131090008","OBJECTID":20130,"nombre":"Calle Sergio Ceppi","escala":"Otras carteras","comunas":"La Cisterna","macrozona":null,"km":1.2,"n_priori":null,"anteproyec":"PLANIFICADA","centerLng":-70.667099,"centerLat":-33.515635,"kind":"proyecto","categoria":"Otras carteras","cartera":"Municipios","etapa":"planificadas","tipo":"ciclovía temporal/piloto","inicio":"Locarno","fin":"JJ Prieto Vial","origen":"Otras carteras"}},{"type":"Feature","geometry":{"type":"MultiLineString","coordinates":[[[-70.657538,-33.536279],[-70.656199,-33.536532],[-70.655097,-33.536765],[-70.652268,-33.537368],[-70.65052,-33.537713]]]},"properties":{"id":"OC-131090012","OBJECTID":20131,"nombre":"Bolivia","escala":"Otras carteras","comunas":"La Cisterna","macrozona":null,"km":0.67,"n_priori":null,"anteproyec":"PLANIFICADA","centerLng":-70.654324,"centerLat":-33.536931,"kind":"proyecto","categoria":"Otras carteras","cartera":"Municipios","etapa":"planificadas","tipo":"ciclovía","inicio":"Dos Oriente","fin":"Santa Rosa","origen":"Otras carteras"}},{"type":"Feature","geometry":{"type":"MultiLineString","coordinates":[[[-70.586097,-33.513424],[-70.585885,-33.51349],[-70.585027,-33.514698],[-70.584138,-33.51591],[-70.583365,-33.516986],[-70.582436,-33.518115],[-70.581964,-33.518543],[-70.580878,-33.5194],[-70.579992,-33.52029],[-70.579732,-33.520623],[-70.579497,-33.520969],[-70.579037,-33.521817],[-70.578788,-33.522481],[-70.577751,-33.524987],[-70.577032,-33.526691],[-70.576504,-33.527934],[-70.576329,-33.528243],[-70.576192,-33.528578],[-70.5754,-33.530462],[-70.574765,-33.532108],[-70.574225,-33.533738],[-70.573471,-33.535644],[-70.572739,-33.537176],[-70.57217,-33.53852],[-70.57175,-33.53973],[-70.571154,-33.540895],[-70.57064,-33.542114],[-70.569984,-33.54367],[-70.569363,-33.54507],[-70.568482,-33.547053],[-70.568201,-33.547534],[-70.558841,-33.559181],[-70.557332,-33.560739],[-70.556161,-33.561915],[-70.555349,-33.562717],[-70.555127,-33.563053],[-70.555048,-33.563416],[-70.55505,-33.563794],[-70.555095,-33.564195],[-70.555226,-33.564858],[-70.555245,-33.565168],[-70.555227,-33.565454],[-70.55518,-33.565749],[-70.555,-33.566304],[-70.55474,-33.566924],[-70.554652,-33.567322],[-70.554608,-33.567753],[-70.554564,-33.56821],[-70.554601,-33.568683],[-70.554699,-33.569652],[-70.554802,-33.570613],[-70.554853,-33.571631],[-70.554956,-33.572365],[-70.554965,-33.572834],[-70.554893,-33.573336],[-70.554671,-33.573928],[-70.554515,-33.574216],[-70.553798,-33.575573],[-70.552784,-33.577344],[-70.552021,-33.578773],[-70.551786,-33.579174],[-70.551469,-33.579535]]]},"properties":{"id":"OC-131100015","OBJECTID":20132,"nombre":"La Florida","escala":"Otras carteras","comunas":"La Florida","macrozona":null,"km":7.68,"n_priori":null,"anteproyec":"EN DISEÑO","centerLng":-70.56581,"centerLat":-33.548731,"kind":"proyecto","categoria":"Otras carteras","cartera":"MOP","etapa":"diseño","tipo":"smp","inicio":"Los Ponsianos","fin":"El Peñón","origen":"Otras carteras"}},{"type":"Feature","geometry":{"type":"MultiLineString","coordinates":[[[-70.584982,-33.563868],[-70.584606,-33.563819],[-70.582167,-33.563387],[-70.580703,-33.563125],[-70.578859,-33.562801],[-70.577682,-33.562591],[-70.576488,-33.562389],[-70.575337,-33.562146],[-70.571524,-33.561464],[-70.569697,-33.561145],[-70.568307,-33.560905],[-70.568284,-33.560901],[-70.565996,-33.560486],[-70.564653,-33.560253],[-70.561876,-33.559725],[-70.560075,-33.559394],[-70.559338,-33.559252],[-70.558912,-33.559184],[-70.558841,-33.559181],[-70.558629,-33.559179]]]},"properties":{"id":"OC-131100016","OBJECTID":20133,"nombre":"Diego Portales","escala":"Otras carteras","comunas":"La Florida","macrozona":null,"km":2.68,"n_priori":null,"anteproyec":"PLANIFICADA","centerLng":-70.570348,"centerLat":-33.56126,"kind":"proyecto","categoria":"Otras carteras","cartera":"Municipios","etapa":"planificadas","tipo":"ciclovía","inicio":"Av. La Florida","fin":"Las Perdices","origen":"Otras carteras"}},{"type":"Feature","geometry":{"type":"MultiLineString","coordinates":[[[-70.611564,-33.510462],[-70.611554,-33.510547],[-70.611372,-33.512163],[-70.611281,-33.512892],[-70.611189,-33.513044],[-70.611061,-33.514354],[-70.611002,-33.514967],[-70.611021,-33.515226],[-70.610915,-33.516169],[-70.610654,-33.518475],[-70.610487,-33.519973],[-70.610417,-33.520817],[-70.610306,-33.521232],[-70.610252,-33.521423],[-70.610198,-33.521802],[-70.610131,-33.522793]]]},"properties":{"id":"OC-131100017","OBJECTID":20134,"nombre":"Punta Arenas","escala":"Otras carteras","comunas":"La Florida","macrozona":null,"km":1.38,"n_priori":null,"anteproyec":"PLANIFICADA","centerLng":-70.610838,"centerLat":-33.516646,"kind":"proyecto","categoria":"Otras carteras","cartera":"MTT","etapa":"planificadas","tipo":"ciclovía","inicio":"Vicuna Mackenna Poniente","fin":"Yungay-Lia Aguirre","origen":"Otras carteras"}},{"type":"Feature","geometry":{"type":"MultiLineString","coordinates":[[[-70.560895,-33.535294],[-70.560648,-33.535289],[-70.560383,-33.535356],[-70.559987,-33.535489],[-70.559242,-33.535792],[-70.558734,-33.536037],[-70.558451,-33.53616],[-70.558139,-33.53622],[-70.557731,-33.536257],[-70.557293,-33.536214],[-70.557173,-33.536129],[-70.556383,-33.536031],[-70.555158,-33.535796],[-70.554854,-33.535776],[-70.553678,-33.5356],[-70.552411,-33.535397],[-70.551464,-33.535305],[-70.54971,-33.535427],[-70.54784,-33.535502],[-70.545944,-33.535462],[-70.544638,-33.535438],[-70.544338,-33.535379]]]},"properties":{"id":"OC-131100018","OBJECTID":20135,"nombre":"Rojas Magallanes","escala":"Otras carteras","comunas":"La Florida","macrozona":null,"km":1.57,"n_priori":null,"anteproyec":"PLANIFICADA","centerLng":-70.554777,"centerLat":-33.535698,"kind":"proyecto","categoria":"Otras carteras","cartera":"MTT","etapa":"planificadas","tipo":"ciclovía","inicio":"Oriente","fin":"Las Perdices","origen":"Otras carteras"}},{"type":"Feature","geometry":{"type":"MultiLineString","coordinates":[[[-70.598538,-33.523244],[-70.598353,-33.52348],[-70.59811,-33.523951],[-70.597883,-33.524573],[-70.597543,-33.525405],[-70.597338,-33.525841],[-70.597056,-33.526565]]]},"properties":{"id":"OC-131100019","OBJECTID":20136,"nombre":"Vicuna Mackenna","escala":"Otras carteras","comunas":"La Florida","macrozona":null,"km":0.39,"n_priori":null,"anteproyec":"PLANIFICADA","centerLng":-70.597832,"centerLat":-33.524723,"kind":"proyecto","categoria":"Otras carteras","cartera":"MTT","etapa":"planificadas","tipo":"ciclovía","inicio":"Americo Vespucio","fin":"Vicente Valdes","origen":"Otras carteras"}},{"type":"Feature","geometry":{"type":"MultiLineString","coordinates":[[[-70.593169,-33.535655],[-70.59247,-33.537172]]]},"properties":{"id":"OC-131100020","OBJECTID":20137,"nombre":"Vicuna Mackenna","escala":"Otras carteras","comunas":"La Florida","macrozona":null,"km":0.18,"n_priori":null,"anteproyec":"PLANIFICADA","centerLng":-70.59282,"centerLat":-33.536413,"kind":"proyecto","categoria":"Otras carteras","cartera":"MTT","etapa":"planificadas","tipo":"ciclovía","inicio":"Rojas Magallanes","fin":"Puerto Varas","origen":"Otras carteras"}},{"type":"Feature","geometry":{"type":"MultiLineString","coordinates":[[[-70.593919,-33.509681],[-70.594295,-33.513561],[-70.5944,-33.514204],[-70.594534,-33.514751],[-70.596288,-33.516773]]]},"properties":{"id":"OC-131100030","OBJECTID":20138,"nombre":"Nueva Uno - Las Pataguas","escala":"Otras carteras","comunas":"La Florida","macrozona":null,"km":0.84,"n_priori":null,"anteproyec":"EN DISEÑO","centerLng":-70.594687,"centerLat":-33.513794,"kind":"proyecto","categoria":"Otras carteras","cartera":"Privados","etapa":"diseño","tipo":"ciclovía","inicio":"Departamental","fin":"Froilán Roa","origen":"Otras carteras"}},{"type":"Feature","geometry":{"type":"MultiLineString","coordinates":[[[-70.625259,-33.548915],[-70.624561,-33.548928],[-70.624162,-33.548906],[-70.620894,-33.54873],[-70.620586,-33.548794],[-70.619526,-33.548748],[-70.618312,-33.548715],[-70.618174,-33.548724],[-70.618135,-33.548909],[-70.617802,-33.548862],[-70.61601,-33.548802],[-70.615325,-33.548763],[-70.614346,-33.54872]]]},"properties":{"id":"OC-131110008","OBJECTID":20139,"nombre":"Vasco Nunez De Balboa","escala":"Otras carteras","comunas":"La Granja","macrozona":null,"km":1.1,"n_priori":null,"anteproyec":"PLANIFICADA","centerLng":-70.619469,"centerLat":-33.548809,"kind":"proyecto","categoria":"Otras carteras","cartera":"Municipios","etapa":"planificadas","tipo":"ciclovía","inicio":"Padre Alejandro Muñoz","fin":"Coronel","origen":"Otras carteras"}},{"type":"Feature","geometry":{"type":"MultiLineString","coordinates":[[[-70.631025,-33.558092],[-70.630864,-33.558041],[-70.630429,-33.557902],[-70.627878,-33.557101],[-70.626509,-33.556801],[-70.623935,-33.556273]]]},"properties":{"id":"OC-131110009","OBJECTID":20140,"nombre":"Sofia Carmona","escala":"Otras carteras","comunas":"La Granja","macrozona":null,"km":0.69,"n_priori":null,"anteproyec":"PLANIFICADA","centerLng":-70.62844,"centerLat":-33.557368,"kind":"proyecto","categoria":"Otras carteras","cartera":"Municipios","etapa":"planificadas","tipo":"ciclovía","inicio":"Santa Rosa","fin":"Joaquin Edwards Bello","origen":"Otras carteras"}},{"type":"Feature","geometry":{"type":"MultiLineString","coordinates":[[[-70.622043,-33.5653],[-70.619236,-33.584543]]]},"properties":{"id":"OC-131120019","OBJECTID":20141,"nombre":"Juanita","escala":"Otras carteras","comunas":"La Pintana","macrozona":null,"km":2.2,"n_priori":null,"anteproyec":"EN EJECUCIÓN","centerLng":-70.62064,"centerLat":-33.574922,"kind":"proyecto","categoria":"Otras carteras","cartera":"Municipios","etapa":"ejecución","tipo":"ciclovía","inicio":"Av. Observatorio","fin":"Av. Gabriela","origen":"Otras carteras"}},{"type":"Feature","geometry":{"type":"MultiLineString","coordinates":[[[-70.62937,-33.573514],[-70.623485,-33.573201],[-70.6206,-33.572982],[-70.61569,-33.57245]]]},"properties":{"id":"OC-131120020","OBJECTID":20142,"nombre":"La Platina","escala":"Otras carteras","comunas":"La Pintana","macrozona":null,"km":1.3,"n_priori":null,"anteproyec":"EN DISEÑO","centerLng":-70.622286,"centerLat":-33.573037,"kind":"proyecto","categoria":"Otras carteras","cartera":"Municipios","etapa":"diseño","tipo":"ciclovía","inicio":"Av. Santa Rosa","fin":"Lo Martínez (proyectada)","origen":"Otras carteras"}},{"type":"Feature","geometry":{"type":"MultiLineString","coordinates":[[[-70.607811,-33.594334],[-70.608071,-33.594364],[-70.608421,-33.594399],[-70.608682,-33.594428],[-70.60915,-33.594481],[-70.609566,-33.594527],[-70.610156,-33.594588],[-70.61044,-33.594619],[-70.611027,-33.594676],[-70.611233,-33.594702]]]},"properties":{"id":"OC-131120027","OBJECTID":20143,"nombre":"La Primavera","escala":"Otras carteras","comunas":"La Pintana","macrozona":null,"km":0.31,"n_priori":null,"anteproyec":"EN DISEÑO","centerLng":-70.609456,"centerLat":-33.594512,"kind":"proyecto","categoria":"Otras carteras","cartera":"Privados","etapa":"diseño","tipo":"ciclovía","inicio":"Amador Neghme","fin":"Caletera Acceso Sur","origen":"Otras carteras"}},{"type":"Feature","geometry":{"type":"MultiLineString","coordinates":[[[-70.5475,-33.463173],[-70.547203,-33.462363],[-70.546769,-33.461052],[-70.546489,-33.460129],[-70.546246,-33.459255],[-70.546186,-33.459053],[-70.546122,-33.458833],[-70.546039,-33.458673],[-70.545971,-33.458587],[-70.545793,-33.458433],[-70.545615,-33.458308],[-70.54551,-33.458213],[-70.545368,-33.457619],[-70.544726,-33.455392],[-70.544397,-33.454243],[-70.544093,-33.453129],[-70.543775,-33.452059],[-70.543575,-33.451286]]]},"properties":{"id":"OC-131130003","OBJECTID":20144,"nombre":"Jorge Alessandri","escala":"Otras carteras","comunas":"La Reina","macrozona":null,"km":1.38,"n_priori":null,"anteproyec":"PLANIFICADA","centerLng":-70.545632,"centerLat":-33.457767,"kind":"proyecto","categoria":"Otras carteras","cartera":"Municipios","etapa":"planificadas","tipo":"ciclovía","inicio":"Fernando Castillo Velasco","fin":"José Arrieta","origen":"Otras carteras"}},{"type":"Feature","geometry":{"type":"MultiLineString","coordinates":[[[-70.54551,-33.458213],[-70.541051,-33.45851],[-70.541015,-33.458505]]]},"properties":{"id":"OC-131130004","OBJECTID":20145,"nombre":"Talinay","escala":"Otras carteras","comunas":"La Reina","macrozona":null,"km":0.42,"n_priori":null,"anteproyec":"PLANIFICADA","centerLng":-70.542525,"centerLat":-33.458409,"kind":"proyecto","categoria":"Otras carteras","cartera":"Municipios","etapa":"planificadas","tipo":"ciclovía","inicio":"Jorge Alessandri","fin":"Diputada Laura Rodríguez","origen":"Otras carteras"}},{"type":"Feature","geometry":{"type":"MultiLineString","coordinates":[[[-70.552185,-33.444417],[-70.55031,-33.444094],[-70.54969,-33.443997],[-70.549419,-33.44399],[-70.549199,-33.443987],[-70.547687,-33.444069],[-70.545006,-33.444186],[-70.543454,-33.444247],[-70.540803,-33.444455],[-70.537186,-33.444719],[-70.537093,-33.444692],[-70.53702,-33.444743],[-70.536914,-33.44475],[-70.536772,-33.444798],[-70.53665,-33.444857],[-70.536578,-33.444919]]]},"properties":{"id":"OC-131130018","OBJECTID":20146,"nombre":"Simón Bolivar","escala":"Otras carteras","comunas":"La Reina","macrozona":null,"km":1.47,"n_priori":null,"anteproyec":"PLANIFICADA","centerLng":-70.542873,"centerLat":-33.444433,"kind":"proyecto","categoria":"Otras carteras","cartera":"Municipios","etapa":"planificadas","tipo":"ciclovía","inicio":"VICENTE PEREZ ROSALES","fin":"VALENZUELA LLANOS","origen":"Otras carteras"}},{"type":"Feature","geometry":{"type":"MultiLineString","coordinates":[[[-70.573269,-33.43792],[-70.573269,-33.43792],[-70.571143,-33.438057],[-70.568646,-33.438243],[-70.566159,-33.43841],[-70.563871,-33.438566],[-70.561492,-33.438695],[-70.561499,-33.43874],[-70.561376,-33.438751],[-70.561355,-33.438621]]]},"properties":{"id":"OC-131130019","OBJECTID":20147,"nombre":"Principe de Gales","escala":"Otras carteras","comunas":"La Reina","macrozona":null,"km":1.12,"n_priori":null,"anteproyec":"EN DISEÑO","centerLng":-70.566208,"centerLat":-33.438392,"kind":"proyecto","categoria":"Otras carteras","cartera":"Municipios","etapa":"diseño","tipo":"ciclovía","inicio":"Monseñor Edwards","fin":"Américo Vespucio","origen":"Otras carteras"}},{"type":"Feature","geometry":{"type":"MultiLineString","coordinates":[[[-70.540107,-33.451638],[-70.540153,-33.451958],[-70.540139,-33.452217],[-70.54024,-33.452995],[-70.540452,-33.454503],[-70.540657,-33.455903],[-70.540802,-33.456999],[-70.540978,-33.458199],[-70.541015,-33.458505],[-70.541083,-33.459067],[-70.541314,-33.460975],[-70.541476,-33.462393],[-70.541558,-33.46273],[-70.541565,-33.462849]]]},"properties":{"id":"OC-131130020","OBJECTID":20148,"nombre":"Diputada Laura Rodriguez","escala":"Otras carteras","comunas":"La Reina","macrozona":null,"km":1.25,"n_priori":null,"anteproyec":"EN DISEÑO","centerLng":-70.540824,"centerLat":-33.457209,"kind":"proyecto","categoria":"Otras carteras","cartera":"Privados","etapa":"diseño","tipo":"ciclovía","inicio":"Fernando Castillo Velasco","fin":"Jose Arrieta","origen":"Otras carteras"}},{"type":"Feature","geometry":{"type":"MultiLineString","coordinates":[[[-70.592568,-33.412147],[-70.592376,-33.41304],[-70.591996,-33.414839],[-70.591777,-33.41582],[-70.591751,-33.415963],[-70.591241,-33.417717],[-70.590971,-33.418685],[-70.59045,-33.420541]]]},"properties":{"id":"OC-131140038","OBJECTID":20149,"nombre":"El Golf-Gertrudis Echeñique","escala":"Otras carteras","comunas":"Las Condes","macrozona":null,"km":0.95,"n_priori":null,"anteproyec":"PLANIFICADA","centerLng":-70.591641,"centerLat":-33.416094,"kind":"proyecto","categoria":"Otras carteras","cartera":"Municipios","etapa":"planificadas","tipo":"ciclovía","inicio":"PRESIDENTE RIESCO","fin":"PRESIDENTE ERRAZURIZ","origen":"Otras carteras"}},{"type":"Feature","geometry":{"type":"MultiLineString","coordinates":[[[-70.596641,-33.421511],[-70.596498,-33.421484],[-70.594366,-33.421352],[-70.59368,-33.421198],[-70.593462,-33.421157],[-70.592677,-33.420998],[-70.59045,-33.420541],[-70.588356,-33.420143],[-70.586726,-33.4198],[-70.585205,-33.419519],[-70.58394,-33.419147],[-70.582873,-33.418768],[-70.582673,-33.418859],[-70.582486,-33.418804]]]},"properties":{"id":"OC-131140039","OBJECTID":20150,"nombre":"Presidente Errazuriz","escala":"Otras carteras","comunas":"Las Condes","macrozona":null,"km":1.36,"n_priori":null,"anteproyec":"PLANIFICADA","centerLng":-70.589288,"centerLat":-33.420234,"kind":"proyecto","categoria":"Otras carteras","cartera":"Municipios","etapa":"planificadas","tipo":"ciclovía","inicio":"MARIANO SANCHEZ FONTECILLA","fin":"AMERICO VESPUCIO","origen":"Otras carteras"}},{"type":"Feature","geometry":{"type":"MultiLineString","coordinates":[[[-70.586429,-33.403738],[-70.584339,-33.404481],[-70.583382,-33.404732],[-70.5794,-33.405582],[-70.579263,-33.405612],[-70.577489,-33.406005],[-70.573463,-33.406886],[-70.573066,-33.406971],[-70.5729,-33.406957],[-70.572669,-33.407008],[-70.571536,-33.407243],[-70.569533,-33.407716],[-70.568782,-33.407888],[-70.567465,-33.408199],[-70.567172,-33.408267],[-70.566119,-33.408546],[-70.565762,-33.40871],[-70.565599,-33.408786],[-70.565344,-33.408906],[-70.564725,-33.40932]]]},"properties":{"id":"OC-131140041","OBJECTID":20151,"nombre":"Alonso de Córdova","escala":"Otras carteras","comunas":"Las Condes","macrozona":null,"km":2.12,"n_priori":null,"anteproyec":"PLANIFICADA","centerLng":-70.572722,"centerLat":-33.407078,"kind":"proyecto","categoria":"Otras carteras","cartera":"Municipios","etapa":"planificadas","tipo":"ciclovía","inicio":"Kennedy","fin":"María Teresa","origen":"Otras carteras"}},{"type":"Feature","geometry":{"type":"MultiLineString","coordinates":[[[-70.58867,-33.427728],[-70.588562,-33.427668],[-70.587662,-33.427447],[-70.584839,-33.426818]]]},"properties":{"id":"OC-131140044","OBJECTID":20152,"nombre":"Vaticano","escala":"Otras carteras","comunas":"Las Condes","macrozona":null,"km":0.37,"n_priori":null,"anteproyec":"PLANIFICADA","centerLng":-70.587433,"centerLat":-33.427415,"kind":"proyecto","categoria":"Otras carteras","cartera":"Municipios","etapa":"planificadas","tipo":"ciclovía","inicio":"Mariano Sanchez Fontecilla","fin":"Malaga","origen":"Otras carteras"}},{"type":"Feature","geometry":{"type":"MultiLineString","coordinates":[[[-70.577489,-33.406005],[-70.576388,-33.408149]]]},"properties":{"id":"OC-131140047","OBJECTID":20153,"nombre":"Pio Xi","escala":"Otras carteras","comunas":"Las Condes","macrozona":null,"km":0.26,"n_priori":null,"anteproyec":"PLANIFICADA","centerLng":-70.576938,"centerLat":-33.407077,"kind":"proyecto","categoria":"Otras carteras","cartera":"Municipios","etapa":"planificadas","tipo":"ciclovía","inicio":"Alonso De Cordova","fin":"Los Militares","origen":"Otras carteras"}},{"type":"Feature","geometry":{"type":"MultiLineString","coordinates":[[[-70.584938,-33.413637],[-70.584491,-33.413516],[-70.583552,-33.413166],[-70.582142,-33.412538],[-70.580086,-33.411323],[-70.579064,-33.410664],[-70.578857,-33.410504],[-70.578177,-33.409613],[-70.577658,-33.408956],[-70.577407,-33.40872],[-70.577243,-33.408591],[-70.576913,-33.408405],[-70.576388,-33.408149]]]},"properties":{"id":"OC-131140048","OBJECTID":20154,"nombre":"Los Militares","escala":"Otras carteras","comunas":"Las Condes","macrozona":null,"km":1.02,"n_priori":null,"anteproyec":"PLANIFICADA","centerLng":-70.579763,"centerLat":-33.410599,"kind":"proyecto","categoria":"Otras carteras","cartera":"Municipios","etapa":"planificadas","tipo":"ciclovía","inicio":"Americo Vespucio","fin":"Pio Xi","origen":"Otras carteras"}},{"type":"Feature","geometry":{"type":"MultiLineString","coordinates":[[[-70.57702,-33.42576],[-70.576724,-33.425762],[-70.576578,-33.425816],[-70.576332,-33.425835],[-70.575897,-33.425948],[-70.575595,-33.425999],[-70.575032,-33.426042],[-70.574333,-33.426246],[-70.574219,-33.426251],[-70.57249,-33.426082],[-70.570276,-33.425884],[-70.567639,-33.425619],[-70.566076,-33.42546],[-70.564327,-33.425295],[-70.563691,-33.425229],[-70.562288,-33.42505],[-70.561128,-33.424862]]]},"properties":{"id":"OC-131140049","OBJECTID":20155,"nombre":"Isabel La Catolica","escala":"Otras carteras","comunas":"Las Condes","macrozona":null,"km":1.5,"n_priori":null,"anteproyec":"PLANIFICADA","centerLng":-70.571156,"centerLat":-33.425714,"kind":"proyecto","categoria":"Otras carteras","cartera":"Municipios","etapa":"planificadas","tipo":"ciclovía","inicio":"Americo Vespucio","fin":"Alejandro Fleming","origen":"Otras carteras"}},{"type":"Feature","geometry":{"type":"MultiLineString","coordinates":[[[-70.561128,-33.424862],[-70.55995,-33.425024],[-70.557745,-33.425306],[-70.556751,-33.425402],[-70.55579,-33.425545],[-70.555582,-33.42556],[-70.554713,-33.425519],[-70.554221,-33.425468],[-70.554067,-33.425452]]]},"properties":{"id":"OC-131140050","OBJECTID":20156,"nombre":"Alejandro Fleming","escala":"Otras carteras","comunas":"Las Condes","macrozona":null,"km":0.66,"n_priori":null,"anteproyec":"PLANIFICADA","centerLng":-70.556661,"centerLat":-33.425349,"kind":"proyecto","categoria":"Otras carteras","cartera":"Municipios","etapa":"planificadas","tipo":"ciclovía","inicio":"Isabel La Catolica","fin":"Tomas Moro","origen":"Otras carteras"}},{"type":"Feature","geometry":{"type":"MultiLineString","coordinates":[[[-70.575032,-33.426042],[-70.574104,-33.424891],[-70.572893,-33.423443],[-70.571935,-33.422413],[-70.571002,-33.421438],[-70.570804,-33.421258]]]},"properties":{"id":"OC-131140051","OBJECTID":20157,"nombre":"Jose De Moraleda","escala":"Otras carteras","comunas":"Las Condes","macrozona":null,"km":0.66,"n_priori":null,"anteproyec":"PLANIFICADA","centerLng":-70.572628,"centerLat":-33.423247,"kind":"proyecto","categoria":"Otras carteras","cartera":"Municipios","etapa":"planificadas","tipo":"ciclovía","inicio":"Isabel La Catolica","fin":"Alonso De Camargo","origen":"Otras carteras"}},{"type":"Feature","geometry":{"type":"MultiLineString","coordinates":[[[-70.570804,-33.421258],[-70.570227,-33.420808],[-70.570127,-33.420757],[-70.570017,-33.420723],[-70.569268,-33.420744],[-70.567628,-33.420769],[-70.566812,-33.420783],[-70.5644,-33.420818],[-70.562247,-33.420855],[-70.561862,-33.42086],[-70.561645,-33.420882],[-70.559356,-33.421281],[-70.556709,-33.42172],[-70.554179,-33.422141],[-70.553525,-33.422234],[-70.55276,-33.422342],[-70.552598,-33.422344],[-70.552423,-33.422358],[-70.551896,-33.422317],[-70.551022,-33.422233],[-70.550323,-33.422162],[-70.549804,-33.422045],[-70.549533,-33.421957],[-70.549431,-33.421871],[-70.549117,-33.421654],[-70.548848,-33.421439],[-70.548489,-33.421284],[-70.548266,-33.421251],[-70.547895,-33.421196],[-70.547576,-33.421148],[-70.547087,-33.421115],[-70.546334,-33.421172],[-70.543891,-33.42086],[-70.543287,-33.420784],[-70.542045,-33.420811],[-70.541415,-33.420839],[-70.540822,-33.420851],[-70.540116,-33.420863],[-70.537818,-33.420741]]]},"properties":{"id":"OC-131140052","OBJECTID":20158,"nombre":"Alonso De Camargo","escala":"Otras carteras","comunas":"Las Condes","macrozona":null,"km":3.14,"n_priori":null,"anteproyec":"PLANIFICADA","centerLng":-70.553631,"centerLat":-33.42134,"kind":"proyecto","categoria":"Otras carteras","cartera":"Municipios","etapa":"planificadas","tipo":"ciclovía","inicio":"Sebastian Elcano","fin":"Padre Hurtado Sur","origen":"Otras carteras"}},{"type":"Feature","geometry":{"type":"MultiLineString","coordinates":[[[-70.552701,-33.418237],[-70.552787,-33.418304],[-70.552968,-33.41836],[-70.552949,-33.418881],[-70.553212,-33.420333],[-70.553525,-33.422234],[-70.553526,-33.422242],[-70.553721,-33.423341],[-70.554067,-33.425452],[-70.554135,-33.426867],[-70.554157,-33.427441],[-70.554221,-33.428779],[-70.554293,-33.430142],[-70.554394,-33.430467]]]},"properties":{"id":"OC-131140053","OBJECTID":20159,"nombre":"Tomas Moro","escala":"Otras carteras","comunas":"Las Condes","macrozona":null,"km":1.38,"n_priori":null,"anteproyec":"PLANIFICADA","centerLng":-70.553618,"centerLat":-33.423649,"kind":"proyecto","categoria":"Otras carteras","cartera":"Municipios","etapa":"planificadas","tipo":"ciclovía","inicio":"Cristobal Colon","fin":"Francisco Bilbao","origen":"Otras carteras"}},{"type":"Feature","geometry":{"type":"MultiLineString","coordinates":[[[-70.552633,-33.418168],[-70.550802,-33.417979],[-70.549223,-33.417752],[-70.547944,-33.417557],[-70.547145,-33.417456],[-70.545173,-33.417202],[-70.542725,-33.416911],[-70.541323,-33.416717],[-70.540957,-33.416674]]]},"properties":{"id":"OC-131140056","OBJECTID":20160,"nombre":"Cristobal Colon","escala":"Otras carteras","comunas":"Las Condes","macrozona":null,"km":1.1,"n_priori":null,"anteproyec":"PLANIFICADA","centerLng":-70.546436,"centerLat":-33.41738,"kind":"proyecto","categoria":"Otras carteras","cartera":"Municipios","etapa":"planificadas","tipo":"ciclovía","inicio":"Iv Centenario","fin":"Visviri","origen":"Otras carteras"}},{"type":"Feature","geometry":{"type":"MultiLineString","coordinates":[[[-70.553112,-33.417631],[-70.553155,-33.417411],[-70.553169,-33.416955],[-70.553025,-33.416086],[-70.552921,-33.415586],[-70.552601,-33.414075],[-70.552466,-33.413421],[-70.552409,-33.412877],[-70.552367,-33.412133],[-70.552302,-33.41114],[-70.552278,-33.410886],[-70.552257,-33.41048],[-70.552111,-33.409754],[-70.551831,-33.408418],[-70.551703,-33.408153],[-70.550673,-33.406237],[-70.550426,-33.405675],[-70.550134,-33.404963],[-70.549443,-33.403691],[-70.54882,-33.402534],[-70.548521,-33.401969],[-70.547599,-33.400505],[-70.547058,-33.399664],[-70.545757,-33.397692],[-70.544909,-33.39643]]]},"properties":{"id":"OC-131140057","OBJECTID":20161,"nombre":"Tomas Moro-Chesterton","escala":"Otras carteras","comunas":"Las Condes","macrozona":null,"km":2.51,"n_priori":null,"anteproyec":"PLANIFICADA","centerLng":-70.550842,"centerLat":-33.408575,"kind":"proyecto","categoria":"Otras carteras","cartera":"Municipios","etapa":"planificadas","tipo":"ciclovía","inicio":"El Alamein","fin":"Cristobal Colon","origen":"Otras carteras"}},{"type":"Feature","geometry":{"type":"MultiLineString","coordinates":[[[-70.544909,-33.39643],[-70.544668,-33.396477],[-70.544386,-33.396486],[-70.543252,-33.396554],[-70.541039,-33.396625],[-70.539973,-33.396675]]]},"properties":{"id":"OC-131140058","OBJECTID":20162,"nombre":"El Alamein","escala":"Otras carteras","comunas":"Las Condes","macrozona":null,"km":0.46,"n_priori":null,"anteproyec":"PLANIFICADA","centerLng":-70.543038,"centerLat":-33.396541,"kind":"proyecto","categoria":"Otras carteras","cartera":"Municipios","etapa":"planificadas","tipo":"ciclovía","inicio":"Chesterton","fin":"Paul Harris","origen":"Otras carteras"}},{"type":"Feature","geometry":{"type":"MultiLineString","coordinates":[[[-70.519429,-33.379447],[-70.520263,-33.379986],[-70.522122,-33.381152],[-70.525051,-33.382985],[-70.526561,-33.383929],[-70.528536,-33.385213],[-70.52879,-33.385349],[-70.528985,-33.385422],[-70.52919,-33.38546],[-70.529399,-33.385481],[-70.529589,-33.385483],[-70.530146,-33.385384],[-70.530269,-33.385371],[-70.530445,-33.385377],[-70.530635,-33.385426],[-70.530794,-33.385547],[-70.531208,-33.385948],[-70.53163,-33.386484],[-70.531873,-33.386795],[-70.53228,-33.387331],[-70.532686,-33.387759],[-70.533198,-33.388298],[-70.533584,-33.388686],[-70.533907,-33.388981],[-70.534391,-33.389289],[-70.534975,-33.389612],[-70.535374,-33.389925],[-70.535601,-33.390137],[-70.535912,-33.3903],[-70.536297,-33.390371],[-70.536635,-33.390466],[-70.53675,-33.390505],[-70.537162,-33.390754],[-70.53828,-33.392307],[-70.539159,-33.393533],[-70.539467,-33.39403],[-70.539674,-33.394505],[-70.539809,-33.394857],[-70.539864,-33.395063],[-70.53988,-33.395166],[-70.539973,-33.396675],[-70.540011,-33.398255],[-70.540033,-33.399539],[-70.54003,-33.400681],[-70.539967,-33.401167],[-70.539893,-33.401517],[-70.539836,-33.401769],[-70.539782,-33.401944],[-70.539596,-33.402412],[-70.539298,-33.403016],[-70.538514,-33.404549],[-70.538332,-33.404961],[-70.537882,-33.406044],[-70.537546,-33.40688],[-70.537218,-33.407663],[-70.536491,-33.409478],[-70.535952,-33.410888],[-70.535561,-33.411867],[-70.535122,-33.413038],[-70.534505,-33.414624],[-70.534296,-33.415156],[-70.534101,-33.415663],[-70.534001,-33.416158],[-70.533524,-33.417921],[-70.533237,-33.418836],[-70.533141,-33.41904],[-70.533029,-33.41918],[-70.532544,-33.419636],[-70.531847,-33.420153],[-70.530374,-33.421357],[-70.529635,-33.421938]]]},"properties":{"id":"OC-131140059","OBJECTID":20163,"nombre":"Paul Harris","escala":"Otras carteras","comunas":"Las Condes","macrozona":null,"km":5.89,"n_priori":null,"anteproyec":"PLANIFICADA","centerLng":-70.534156,"centerLat":-33.397466,"kind":"proyecto","categoria":"Otras carteras","cartera":"Municipios","etapa":"planificadas","tipo":"ciclovía","inicio":"Camino Fray Jorge","fin":"Vital Apoquindo","origen":"Otras carteras"}},{"type":"Feature","geometry":{"type":"MultiLineString","coordinates":[[[-70.529635,-33.421938],[-70.529702,-33.42712]]]},"properties":{"id":"OC-131140060","OBJECTID":20164,"nombre":"Vital Apoquindo","escala":"Otras carteras","comunas":"Las Condes","macrozona":null,"km":0.57,"n_priori":null,"anteproyec":"PLANIFICADA","centerLng":-70.529668,"centerLat":-33.424529,"kind":"proyecto","categoria":"Otras carteras","cartera":"Municipios","etapa":"planificadas","tipo":"ciclovía","inicio":"Paul Harris","fin":"Nueva Bilbao","origen":"Otras carteras"}},{"type":"Feature","geometry":{"type":"MultiLineString","coordinates":[[[-70.538733,-33.427129],[-70.538628,-33.427101],[-70.536498,-33.427103],[-70.534568,-33.427103],[-70.532064,-33.427106],[-70.529702,-33.42712]]]},"properties":{"id":"OC-131140061","OBJECTID":20165,"nombre":"Nueva Bilbao","escala":"Otras carteras","comunas":"Las Condes","macrozona":null,"km":0.84,"n_priori":null,"anteproyec":"PLANIFICADA","centerLng":-70.535032,"centerLat":-33.42711,"kind":"proyecto","categoria":"Otras carteras","cartera":"Municipios","etapa":"planificadas","tipo":"ciclovía","inicio":"Padre Hurtado Sur","fin":"Vital Apoquindo","origen":"Otras carteras"}},{"type":"Feature","geometry":{"type":"MultiLineString","coordinates":[[[-70.539001,-33.416402],[-70.53868,-33.416354],[-70.538224,-33.416324],[-70.536861,-33.416218],[-70.536405,-33.416184],[-70.53567,-33.416161],[-70.534001,-33.416158]]]},"properties":{"id":"OC-131140062","OBJECTID":20166,"nombre":"Cristobal Colon","escala":"Otras carteras","comunas":"Las Condes","macrozona":null,"km":0.47,"n_priori":null,"anteproyec":"PLANIFICADA","centerLng":-70.536977,"centerLat":-33.416257,"kind":"proyecto","categoria":"Otras carteras","cartera":"Municipios","etapa":"planificadas","tipo":"ciclovía","inicio":"Padre Hurtado Sur","fin":"Paul Harris","origen":"Otras carteras"}},{"type":"Feature","geometry":{"type":"MultiLineString","coordinates":[[[-70.543516,-33.406269],[-70.543217,-33.406085],[-70.541608,-33.405732],[-70.540009,-33.405393],[-70.539199,-33.405197],[-70.538332,-33.404961]]]},"properties":{"id":"OC-131140063","OBJECTID":20167,"nombre":"Camino El Alba","escala":"Otras carteras","comunas":"Las Condes","macrozona":null,"km":0.51,"n_priori":null,"anteproyec":"PLANIFICADA","centerLng":-70.54098,"centerLat":-33.405606,"kind":"proyecto","categoria":"Otras carteras","cartera":"Municipios","etapa":"planificadas","tipo":"ciclovía","inicio":"Padre Hurtado Central","fin":"Paul Harris","origen":"Otras carteras"}},{"type":"Feature","geometry":{"type":"MultiLineString","coordinates":[[[-70.542548,-33.391836],[-70.541599,-33.392321],[-70.54009,-33.393076],[-70.539159,-33.393533]]]},"properties":{"id":"OC-131140064","OBJECTID":20168,"nombre":"Abadia","escala":"Otras carteras","comunas":"Las Condes","macrozona":null,"km":0.37,"n_priori":null,"anteproyec":"PLANIFICADA","centerLng":-70.540849,"centerLat":-33.392691,"kind":"proyecto","categoria":"Otras carteras","cartera":"Municipios","etapa":"planificadas","tipo":"ciclovía","inicio":"Las Condes","fin":"Paul Harris","origen":"Otras carteras"}},{"type":"Feature","geometry":{"type":"MultiLineString","coordinates":[[[-70.521083,-33.386003],[-70.519982,-33.385635],[-70.519562,-33.385449],[-70.519158,-33.385128],[-70.518921,-33.385146],[-70.517792,-33.384572],[-70.516458,-33.383649],[-70.516151,-33.38343],[-70.515587,-33.383143],[-70.515003,-33.382848],[-70.512988,-33.381433],[-70.512394,-33.381058],[-70.511239,-33.380627],[-70.511058,-33.380597],[-70.510164,-33.380401],[-70.509163,-33.380072],[-70.508957,-33.379951],[-70.508557,-33.379615],[-70.508413,-33.379505],[-70.508313,-33.379445],[-70.50772,-33.379162],[-70.506903,-33.378771]]]},"properties":{"id":"OC-131140065","OBJECTID":20169,"nombre":"Charles Hamilton","escala":"Otras carteras","comunas":"Las Condes","macrozona":null,"km":1.57,"n_priori":null,"anteproyec":"PLANIFICADA","centerLng":-70.513435,"centerLat":-33.382075,"kind":"proyecto","categoria":"Otras carteras","cartera":"Municipios","etapa":"planificadas","tipo":"ciclovía","inicio":"Camino La Fuente","fin":"Camino San Antonio","origen":"Otras carteras"}},{"type":"Feature","geometry":{"type":"MultiLineString","coordinates":[[[-70.501187,-33.378],[-70.501075,-33.377985],[-70.501082,-33.377947],[-70.501063,-33.377795],[-70.500979,-33.377623],[-70.500892,-33.377528],[-70.500885,-33.37752],[-70.500869,-33.377512],[-70.500775,-33.37746],[-70.500548,-33.377373],[-70.500189,-33.37729],[-70.499883,-33.377306],[-70.499774,-33.377311],[-70.499658,-33.377265],[-70.499585,-33.377174],[-70.499554,-33.377057],[-70.499553,-33.376968],[-70.499484,-33.376829],[-70.499373,-33.376727],[-70.499206,-33.37665],[-70.49903,-33.37662],[-70.498949,-33.376569],[-70.498909,-33.376478],[-70.498922,-33.376403],[-70.498996,-33.376294],[-70.499182,-33.376085],[-70.499223,-33.376005],[-70.49923,-33.37585],[-70.499238,-33.375747],[-70.499221,-33.375596],[-70.499209,-33.375465],[-70.499236,-33.375325],[-70.499288,-33.375046],[-70.499303,-33.374859],[-70.499311,-33.374724],[-70.499279,-33.374545],[-70.499218,-33.374319],[-70.499183,-33.374192],[-70.499051,-33.373943],[-70.498903,-33.373643],[-70.498835,-33.373509],[-70.498795,-33.37339],[-70.498774,-33.37331]]]},"properties":{"id":"OC-131140066","OBJECTID":20170,"nombre":"Charles Hamilton","escala":"Otras carteras","comunas":"Las Condes","macrozona":null,"km":0.68,"n_priori":null,"anteproyec":"PLANIFICADA","centerLng":-70.499649,"centerLat":-33.376168,"kind":"proyecto","categoria":"Otras carteras","cartera":"Municipios","etapa":"planificadas","tipo":"ciclovía","inicio":"Camino La Posada","fin":"Charles Hamilton","origen":"Otras carteras"}},{"type":"Feature","geometry":{"type":"MultiLineString","coordinates":[[[-70.514585,-33.377608],[-70.514271,-33.377509],[-70.513613,-33.37729],[-70.51324,-33.37712],[-70.512521,-33.376914],[-70.511768,-33.37666],[-70.510036,-33.376025],[-70.507551,-33.375113],[-70.505604,-33.374389],[-70.505343,-33.374881],[-70.505291,-33.374938],[-70.50523,-33.374978],[-70.50514,-33.374967],[-70.504074,-33.374702],[-70.503626,-33.374576],[-70.502126,-33.374189],[-70.49967,-33.373554],[-70.499503,-33.3735],[-70.499179,-33.373393],[-70.498774,-33.37331]]]},"properties":{"id":"OC-131140067","OBJECTID":20171,"nombre":"Camino La Posada","escala":"Otras carteras","comunas":"Las Condes","macrozona":null,"km":1.61,"n_priori":null,"anteproyec":"PLANIFICADA","centerLng":-70.506557,"centerLat":-33.375281,"kind":"proyecto","categoria":"Otras carteras","cartera":"Municipios","etapa":"planificadas","tipo":"ciclovía","inicio":"Camino San Francisco De Asis","fin":"Charles Hamilton","origen":"Otras carteras"}},{"type":"Feature","geometry":{"type":"MultiLineString","coordinates":[[[-70.553672,-33.422273],[-70.553845,-33.423306],[-70.554019,-33.42425],[-70.554221,-33.425468],[-70.554239,-33.425581],[-70.554301,-33.42742]]]},"properties":{"id":"OC-131140070","OBJECTID":20172,"nombre":"Tomas Moro","escala":"Otras carteras","comunas":"Las Condes","macrozona":null,"km":0.57,"n_priori":null,"anteproyec":"PLANIFICADA","centerLng":-70.55405,"centerLat":-33.424716,"kind":"proyecto","categoria":"Otras carteras","cartera":"MTT","etapa":"planificadas","tipo":"ciclovía","inicio":"Latadia","fin":"Alonso De Camargo","origen":"Otras carteras"}},{"type":"Feature","geometry":{"type":"MultiLineString","coordinates":[[[-70.599161,-33.419705],[-70.598982,-33.419746],[-70.596732,-33.421408],[-70.597012,-33.421482],[-70.597007,-33.421487],[-70.596857,-33.421635]]]},"properties":{"id":"OC-131140071","OBJECTID":20173,"nombre":"Mariano Sanchez Fontecilla","escala":"Otras carteras","comunas":"Las Condes","macrozona":null,"km":0.35,"n_priori":null,"anteproyec":"PLANIFICADA","centerLng":-70.597625,"centerLat":-33.420911,"kind":"proyecto","categoria":"Otras carteras","cartera":"MTT","etapa":"planificadas","tipo":"ciclovía","inicio":"Callao","fin":"Lota","origen":"Otras carteras"}},{"type":"Feature","geometry":{"type":"MultiLineString","coordinates":[[[-70.507099,-33.41716],[-70.507233,-33.417466],[-70.507416,-33.417705],[-70.507647,-33.41793],[-70.507939,-33.418097],[-70.508157,-33.418183],[-70.508502,-33.418247],[-70.508849,-33.418254],[-70.509048,-33.418231],[-70.509386,-33.418151],[-70.509724,-33.417934],[-70.510275,-33.417597],[-70.510501,-33.41751],[-70.510896,-33.417368],[-70.511187,-33.417204],[-70.511617,-33.416808],[-70.511814,-33.416655],[-70.512393,-33.416313],[-70.512727,-33.415936],[-70.512907,-33.415517],[-70.512996,-33.415214],[-70.513074,-33.414884],[-70.513075,-33.414671],[-70.513037,-33.414473],[-70.512674,-33.413419],[-70.512678,-33.413153],[-70.512727,-33.412996],[-70.512876,-33.412748],[-70.513023,-33.412565],[-70.513663,-33.411708],[-70.513778,-33.411541],[-70.513891,-33.411109],[-70.513952,-33.409846],[-70.514036,-33.409384],[-70.514324,-33.408945],[-70.516443,-33.405839]]]},"properties":{"id":"OC-131140078","OBJECTID":20174,"nombre":"Francisco Bulnes Correa","escala":"Otras carteras","comunas":"Las Condes","macrozona":null,"km":1.7,"n_priori":null,"anteproyec":"PLANIFICADA","centerLng":-70.511432,"centerLat":-33.415021,"kind":"proyecto","categoria":"Otras carteras","cartera":"Privados","etapa":"planificadas","tipo":"ciclovía","inicio":"Quebrada Honda","fin":"Condominio Tierralta","origen":"Otras carteras"}},{"type":"Feature","geometry":{"type":"MultiLineString","coordinates":[[[-70.569699,-33.402209],[-70.57126,-33.397717]]]},"properties":{"id":"OC-131140079","OBJECTID":20175,"nombre":"Av. Manquehue","escala":"Otras carteras","comunas":"Las Condes","macrozona":null,"km":0.5,"n_priori":null,"anteproyec":"EN DISEÑO","centerLng":-70.57048,"centerLat":-33.399963,"kind":"proyecto","categoria":"Otras carteras","cartera":"Privados","etapa":"diseño","tipo":"ciclovía","inicio":"Presidente Riesco","fin":"Av. Pdte. Kennedy","origen":"Otras carteras"}},{"type":"Feature","geometry":{"type":"MultiLineString","coordinates":[[[-70.502173,-33.393382],[-70.503176,-33.392892],[-70.503435,-33.392808],[-70.503887,-33.392733],[-70.504337,-33.392631],[-70.504576,-33.392527],[-70.504924,-33.392375],[-70.505605,-33.392037],[-70.506624,-33.391583]]]},"properties":{"id":"OC-131140081","OBJECTID":20176,"nombre":"Republica de Honduras Sur","escala":"Otras carteras","comunas":"Las Condes","macrozona":null,"km":0.5,"n_priori":null,"anteproyec":"EN DISEÑO","centerLng":-70.504304,"centerLat":-33.392552,"kind":"proyecto","categoria":"Otras carteras","cartera":"Privados","etapa":"diseño","tipo":"ciclovía","inicio":"San Carlos de Apoquindo","fin":"Acceso Estadio Uc","origen":"Otras carteras"}},{"type":"Feature","geometry":{"type":"MultiLineString","coordinates":[[[-70.502047,-33.393235],[-70.502244,-33.393139],[-70.503047,-33.392745],[-70.503294,-33.392645],[-70.503452,-33.392603],[-70.50366,-33.392574],[-70.504226,-33.392466],[-70.504776,-33.392262],[-70.504998,-33.392158],[-70.505469,-33.391935],[-70.506537,-33.391399]]]},"properties":{"id":"OC-131140082","OBJECTID":20177,"nombre":"Republica de Honduras Norte","escala":"Otras carteras","comunas":"Las Condes","macrozona":null,"km":0.5,"n_priori":null,"anteproyec":"EN DISEÑO","centerLng":-70.503977,"centerLat":-33.392469,"kind":"proyecto","categoria":"Otras carteras","cartera":"Privados","etapa":"diseño","tipo":"ciclovía","inicio":"San Carlos de Apoquindo","fin":"Acceso Estadio Uc","origen":"Otras carteras"}},{"type":"Feature","geometry":{"type":"MultiLineString","coordinates":[[[-70.504124,-33.396534],[-70.504426,-33.396481],[-70.505328,-33.3963],[-70.506003,-33.396156],[-70.508593,-33.395653],[-70.508846,-33.395604],[-70.509256,-33.395541]]]},"properties":{"id":"OC-131140083","OBJECTID":20178,"nombre":"Camino Las Flores Sur","escala":"Otras carteras","comunas":"Las Condes","macrozona":null,"km":0.45,"n_priori":null,"anteproyec":"EN DISEÑO","centerLng":-70.506654,"centerLat":-33.396038,"kind":"proyecto","categoria":"Otras carteras","cartera":"Privados","etapa":"diseño","tipo":"ciclovía","inicio":"San Carlos de Apoquindo","fin":"Acceso Estadio Uc","origen":"Otras carteras"}},{"type":"Feature","geometry":{"type":"MultiLineString","coordinates":[[[-70.504085,-33.396352],[-70.504225,-33.396312],[-70.50476,-33.396203],[-70.505561,-33.396058],[-70.506161,-33.395949],[-70.507589,-33.395683],[-70.509227,-33.395383]]]},"properties":{"id":"OC-131140084","OBJECTID":20179,"nombre":"Camino Las Flores Norte","escala":"Otras carteras","comunas":"Las Condes","macrozona":null,"km":0.45,"n_priori":null,"anteproyec":"EN DISEÑO","centerLng":-70.505944,"centerLat":-33.395991,"kind":"proyecto","categoria":"Otras carteras","cartera":"Privados","etapa":"diseño","tipo":"ciclovía","inicio":"San Carlos de Apoquindo","fin":"Acceso Estadio Uc","origen":"Otras carteras"}},{"type":"Feature","geometry":{"type":"MultiLineString","coordinates":[[[-70.601666,-33.411755],[-70.60242,-33.414061],[-70.602414,-33.414219],[-70.601774,-33.414615],[-70.600747,-33.415823],[-70.600341,-33.416697]]]},"properties":{"id":"OC-131140087","OBJECTID":20180,"nombre":"El Bosque - Luz","escala":"Otras carteras","comunas":"Las Condes","macrozona":null,"km":0.65,"n_priori":null,"anteproyec":"EN DISEÑO","centerLng":-70.60156,"centerLat":-33.414528,"kind":"proyecto","categoria":"Otras carteras","cartera":"Municipios","etapa":"diseño","tipo":"ciclovía","inicio":"Rofer de Flor","fin":"Av. Presidente Riesco","origen":"Otras carteras"}},{"type":"Feature","geometry":{"type":"MultiLineString","coordinates":[[[-70.600302,-33.41672],[-70.599151,-33.419992]]]},"properties":{"id":"OC-131140088","OBJECTID":20181,"nombre":"El Bosque","escala":"Otras carteras","comunas":"Las Condes","macrozona":null,"km":0.35,"n_priori":null,"anteproyec":"EN DISEÑO","centerLng":-70.599727,"centerLat":-33.418356,"kind":"proyecto","categoria":"Otras carteras","cartera":"Privados","etapa":"diseño","tipo":"ciclovía","inicio":"Callao","fin":"Roger de Flor","origen":"Otras carteras"}},{"type":"Feature","geometry":{"type":"MultiLineString","coordinates":[[[-70.598514,-33.417189],[-70.598649,-33.416835],[-70.598782,-33.416472],[-70.598838,-33.416285],[-70.598896,-33.416002],[-70.599025,-33.415404],[-70.599059,-33.415177],[-70.599075,-33.414892],[-70.599077,-33.414746],[-70.599077,-33.414599],[-70.599058,-33.414419],[-70.599048,-33.414317],[-70.599037,-33.414225],[-70.598938,-33.413794],[-70.598767,-33.413228],[-70.59854,-33.412397]]]},"properties":{"id":"OC-131140090","OBJECTID":20182,"nombre":"Carmencita","escala":"Otras carteras","comunas":"Las Condes","macrozona":null,"km":0.54,"n_priori":null,"anteproyec":"EN DISEÑO","centerLng":-70.598899,"centerLat":-33.414999,"kind":"proyecto","categoria":"Otras carteras","cartera":"Privados","etapa":"diseño","tipo":"ciclovía","inicio":"Av. Presidente Riesco","fin":"Av. Apoquindo","origen":"Otras carteras"}},{"type":"Feature","geometry":{"type":"MultiLineString","coordinates":[[[-70.60038,-33.416712],[-70.598841,-33.416313]]]},"properties":{"id":"OC-131140091","OBJECTID":20183,"nombre":"Roger de Flor","escala":"Otras carteras","comunas":"Las Condes","macrozona":null,"km":0.24,"n_priori":null,"anteproyec":"EN DISEÑO","centerLng":-70.59961,"centerLat":-33.416512,"kind":"proyecto","categoria":"Otras carteras","cartera":"Privados","etapa":"diseño","tipo":"ciclovía","inicio":"El Bosque","fin":"Carmencita","origen":"Otras carteras"}},{"type":"Feature","geometry":{"type":"MultiLineString","coordinates":[[[-70.538805,-33.323673],[-70.539293,-33.323694],[-70.539708,-33.323801],[-70.540219,-33.324019],[-70.540535,-33.324227],[-70.541412,-33.325093],[-70.541608,-33.325199],[-70.542096,-33.325338]]]},"properties":{"id":"OC-131150024","OBJECTID":20184,"nombre":"Paseo Pie Andino","escala":"Otras carteras","comunas":"Lo Barnechea","macrozona":null,"km":0.37,"n_priori":null,"anteproyec":"EN DISEÑO","centerLng":-70.540459,"centerLat":-33.324381,"kind":"proyecto","categoria":"Otras carteras","cartera":"Privados","etapa":"diseño","tipo":"zona30","inicio":"Camino Las Hualtatas","fin":"Camino Los Trapenses","origen":"Otras carteras"}},{"type":"Feature","geometry":{"type":"MultiLineString","coordinates":[[[-70.542367,-33.337715],[-70.542179,-33.337304],[-70.541816,-33.336952],[-70.541513,-33.336614],[-70.541004,-33.336027],[-70.540668,-33.335602],[-70.540491,-33.335154],[-70.540226,-33.334254],[-70.53987,-33.333444],[-70.539494,-33.332903],[-70.539064,-33.332193],[-70.538608,-33.331341],[-70.538224,-33.330069],[-70.537779,-33.328686],[-70.537769,-33.3285],[-70.537902,-33.328239],[-70.538285,-33.327673],[-70.538568,-33.327189],[-70.538709,-33.326784],[-70.538772,-33.326218],[-70.538821,-33.32368]]]},"properties":{"id":"OC-131150025","OBJECTID":20185,"nombre":"Camino Las Hualtatas","escala":"Otras carteras","comunas":"Lo Barnechea","macrozona":null,"km":1.67,"n_priori":null,"anteproyec":"EN DISEÑO","centerLng":-70.539625,"centerLat":-33.33174,"kind":"proyecto","categoria":"Otras carteras","cartera":"Privados","etapa":"diseño","tipo":"ciclovía","inicio":"Paseo Pie Andino","fin":"El Golf de Manquehue","origen":"Otras carteras"}},{"type":"Feature","geometry":{"type":"MultiLineString","coordinates":[[[-70.542376,-33.337715],[-70.54473,-33.337383]]]},"properties":{"id":"OC-131150026","OBJECTID":20186,"nombre":"El Golf de Manquehue","escala":"Otras carteras","comunas":"Lo Barnechea","macrozona":null,"km":0.32,"n_priori":null,"anteproyec":"EN DISEÑO","centerLng":-70.543553,"centerLat":-33.337549,"kind":"proyecto","categoria":"Otras carteras","cartera":"Privados","etapa":"diseño","tipo":"ciclovía","inicio":"Camino Las Hualtatas","fin":"Camino Los Cazadores","origen":"Otras carteras"}},{"type":"Feature","geometry":{"type":"MultiLineString","coordinates":[[[-70.527781,-33.337979],[-70.528957,-33.33729],[-70.529903,-33.336497],[-70.530186,-33.3361],[-70.530264,-33.33591],[-70.53025,-33.33573],[-70.530154,-33.335528],[-70.529962,-33.335226],[-70.529946,-33.335039],[-70.53003,-33.334727],[-70.530552,-33.333386],[-70.531043,-33.333018],[-70.531582,-33.332719],[-70.532513,-33.332364],[-70.534047,-33.331833],[-70.534297,-33.331846],[-70.534862,-33.33193],[-70.535253,-33.331938],[-70.535629,-33.331894],[-70.536284,-33.331865],[-70.537072,-33.331935],[-70.537752,-33.332154],[-70.538223,-33.332241],[-70.539004,-33.332092]]]},"properties":{"id":"OC-131150027","OBJECTID":20187,"nombre":"Pedro Lira Urquieta","escala":"Otras carteras","comunas":"Lo Barnechea","macrozona":null,"km":1.48,"n_priori":null,"anteproyec":"EN DISEÑO","centerLng":-70.532731,"centerLat":-33.333802,"kind":"proyecto","categoria":"Otras carteras","cartera":"Privados","etapa":"diseño","tipo":"ciclovía","inicio":"Camino Las Hualtatas","fin":"Bernardo Larraín Cotapos","origen":"Otras carteras"}},{"type":"Feature","geometry":{"type":"MultiLineString","coordinates":[[[-70.527821,-33.335822],[-70.528225,-33.33588],[-70.528576,-33.335852],[-70.528747,-33.335793],[-70.530051,-33.334652]]]},"properties":{"id":"OC-131150028","OBJECTID":20188,"nombre":"Los Queltehues","escala":"Otras carteras","comunas":"Lo Barnechea","macrozona":null,"km":0.22,"n_priori":null,"anteproyec":"EN DISEÑO","centerLng":-70.528684,"centerLat":-33.3356,"kind":"proyecto","categoria":"Otras carteras","cartera":"Privados","etapa":"diseño","tipo":"ciclovía","inicio":"Pedro Lira Urquieta","fin":"Bernardo Larraín Cotapos","origen":"Otras carteras"}},{"type":"Feature","geometry":{"type":"MultiLineString","coordinates":[[[-70.521458,-33.341668],[-70.522444,-33.341608],[-70.522702,-33.34153],[-70.526209,-33.339652],[-70.526411,-33.339445],[-70.527746,-33.338023],[-70.527778,-33.335823]]]},"properties":{"id":"OC-131150029","OBJECTID":20189,"nombre":"Bernardo Larraín Cotapos","escala":"Otras carteras","comunas":"Lo Barnechea","macrozona":null,"km":0.98,"n_priori":null,"anteproyec":"EN DISEÑO","centerLng":-70.524964,"centerLat":-33.339678,"kind":"proyecto","categoria":"Otras carteras","cartera":"Privados","etapa":"diseño","tipo":"ciclovía","inicio":"Los Queltehues","fin":"Av. La Dehesa","origen":"Otras carteras"}},{"type":"Feature","geometry":{"type":"MultiLineString","coordinates":[[[-70.512601,-33.370872],[-70.513443,-33.368754],[-70.513403,-33.36866],[-70.51207,-33.368203],[-70.513612,-33.365517],[-70.514558,-33.364167],[-70.516065,-33.360387],[-70.516973,-33.359369],[-70.517333,-33.358169],[-70.517352,-33.357516],[-70.517254,-33.356954],[-70.517286,-33.356411],[-70.518518,-33.352843],[-70.519248,-33.3511],[-70.51999,-33.349886],[-70.521184,-33.348744],[-70.521977,-33.348211],[-70.522295,-33.348004],[-70.521362,-33.341708],[-70.519775,-33.330367],[-70.519267,-33.3267]]]},"properties":{"id":"OC-131150030","OBJECTID":20190,"nombre":"Av. La Dehesa - Josémaría Escrivá de Balaguer - La Cabaña","escala":"Otras carteras","comunas":"Lo Barnechea","macrozona":null,"km":5.5,"n_priori":null,"anteproyec":"EN DISEÑO","centerLng":-70.517408,"centerLat":-33.354883,"kind":"proyecto","categoria":"Otras carteras","cartera":"Municipios","etapa":"diseño","tipo":"ciclovía","inicio":"Av. Las Condes","fin":"Paseo Pie Andino","origen":"Otras carteras"}},{"type":"Feature","geometry":{"type":"MultiLineString","coordinates":[[[-70.703675,-33.52698],[-70.702661,-33.526604],[-70.701719,-33.526251],[-70.700236,-33.525683],[-70.699092,-33.525278]]]},"properties":{"id":"OC-131160005","OBJECTID":20191,"nombre":"Augusto Dhalmar","escala":"Otras carteras","comunas":"Lo Espejo","macrozona":null,"km":0.47,"n_priori":null,"anteproyec":"PLANIFICADA","centerLng":-70.701477,"centerLat":-33.526159,"kind":"proyecto","categoria":"Otras carteras","cartera":"Municipios","etapa":"planificadas","tipo":"ciclovía","inicio":"Gabriela Mistral","fin":"Juan Francisco Gonzalez","origen":"Otras carteras"}},{"type":"Feature","geometry":{"type":"MultiLineString","coordinates":[[[-70.690087,-33.52825],[-70.690144,-33.528398],[-70.690849,-33.529709],[-70.689948,-33.530035],[-70.689888,-33.530111],[-70.69048,-33.532806],[-70.690934,-33.535072],[-70.691066,-33.535144],[-70.691144,-33.535355],[-70.691269,-33.535922],[-70.691828,-33.535835],[-70.692139,-33.536587]]]},"properties":{"id":"OC-131160006","OBJECTID":20192,"nombre":"Jorge Guerra Squella","escala":"Otras carteras","comunas":"Lo Espejo","macrozona":null,"km":1.08,"n_priori":null,"anteproyec":"PLANIFICADA","centerLng":-70.690815,"centerLat":-33.532769,"kind":"proyecto","categoria":"Otras carteras","cartera":"Municipios","etapa":"planificadas","tipo":"ciclovía","inicio":"Americo Vespucio","fin":"Lo Espejo","origen":"Otras carteras"}},{"type":"Feature","geometry":{"type":"MultiLineString","coordinates":[[[-70.697897,-33.522607],[-70.697656,-33.522829],[-70.69737,-33.523255],[-70.697195,-33.523512],[-70.696154,-33.52417],[-70.695243,-33.523745],[-70.694934,-33.523471],[-70.69344,-33.52269],[-70.691399,-33.521603],[-70.690615,-33.522098],[-70.689748,-33.520488],[-70.688749,-33.519909],[-70.687068,-33.51889]]]},"properties":{"id":"OC-131160007","OBJECTID":20193,"nombre":"Diagonal Las Torres","escala":"Otras carteras","comunas":"Lo Espejo","macrozona":null,"km":1.36,"n_priori":null,"anteproyec":"PLANIFICADA","centerLng":-70.693651,"centerLat":-33.522251,"kind":"proyecto","categoria":"Otras carteras","cartera":"Municipios","etapa":"planificadas","tipo":"ciclovía","inicio":"Ferrocarril","fin":"Central Cardenal Raul Silva Henriquez","origen":"Otras carteras"}},{"type":"Feature","geometry":{"type":"MultiLineString","coordinates":[[[-70.699084,-33.524439],[-70.698652,-33.523888],[-70.698235,-33.523298],[-70.698267,-33.523108]]]},"properties":{"id":"OC-131160008","OBJECTID":20194,"nombre":"Central Cardenal Raul Silva Henriquez","escala":"Otras carteras","comunas":"Lo Espejo","macrozona":null,"km":0.17,"n_priori":null,"anteproyec":"PLANIFICADA","centerLng":-70.69856,"centerLat":-33.523683,"kind":"proyecto","categoria":"Otras carteras","cartera":"Municipios","etapa":"planificadas","tipo":"ciclovía","inicio":"Americo Vespucio","fin":"Gil De Castro","origen":"Otras carteras"}},{"type":"Feature","geometry":{"type":"MultiLineString","coordinates":[[[-70.721558,-33.436621],[-70.722951,-33.440449]]]},"properties":{"id":"OC-131170003","OBJECTID":20195,"nombre":"Neptuno","escala":"Otras carteras","comunas":"Lo Prado","macrozona":null,"km":0.45,"n_priori":null,"anteproyec":"PLANIFICADA","centerLng":-70.722254,"centerLat":-33.438535,"kind":"proyecto","categoria":"Otras carteras","cartera":"Municipios","etapa":"planificadas","tipo":"ciclovía","inicio":"Camino De Loyola","fin":"Los Copihues","origen":"Otras carteras"}},{"type":"Feature","geometry":{"type":"MultiLineString","coordinates":[[[-70.722741,-33.446524],[-70.718995,-33.446324]]]},"properties":{"id":"OC-131170008","OBJECTID":20196,"nombre":"Julio Escudero","escala":"Otras carteras","comunas":"Lo Prado","macrozona":null,"km":0.35,"n_priori":null,"anteproyec":"PLANIFICADA","centerLng":-70.720868,"centerLat":-33.446424,"kind":"proyecto","categoria":"Otras carteras","cartera":"Municipios","etapa":"planificadas","tipo":"ciclovía","inicio":"Las Torres","fin":"Ministro Gana","origen":"Otras carteras"}},{"type":"Feature","geometry":{"type":"MultiLineString","coordinates":[[[-70.734741,-33.436397],[-70.730902,-33.436277],[-70.729067,-33.436382],[-70.72833,-33.436639],[-70.727903,-33.436399],[-70.721571,-33.436616],[-70.721539,-33.43662]]]},"properties":{"id":"OC-131170018","OBJECTID":20197,"nombre":"San Francisco","escala":"Otras carteras","comunas":"Lo Prado","macrozona":null,"km":1.81,"n_priori":null,"anteproyec":"PLANIFICADA","centerLng":-70.727722,"centerLat":-33.436476,"kind":"proyecto","categoria":"Otras carteras","cartera":"MTT","etapa":"planificadas","tipo":"ciclovía","inicio":"Serrano","fin":"Sergio Valdovinos","origen":"Otras carteras"}},{"type":"Feature","geometry":{"type":"MultiLineString","coordinates":[[[-70.617218,-33.491531],[-70.616274,-33.491385],[-70.61518,-33.49126],[-70.614904,-33.491232],[-70.613545,-33.491138],[-70.611838,-33.490977],[-70.611554,-33.490964]]]},"properties":{"id":"OC-131180002","OBJECTID":20198,"nombre":"Camino Agícola","escala":"Otras carteras","comunas":"Macul","macrozona":null,"km":0.55,"n_priori":null,"anteproyec":"PLANIFICADA","centerLng":-70.614359,"centerLat":-33.491212,"kind":"proyecto","categoria":"Otras carteras","cartera":"Municipios","etapa":"planificadas","tipo":"ciclovía","inicio":"Vicuña Mackenna","fin":"Av. Marathon","origen":"Otras carteras"}},{"type":"Feature","geometry":{"type":"MultiLineString","coordinates":[[[-70.619841,-33.474764],[-70.616927,-33.474625]]]},"properties":{"id":"OC-131180004","OBJECTID":20199,"nombre":"Rodrigo de Araya","escala":"Otras carteras","comunas":"Macul","macrozona":null,"km":0.291,"n_priori":null,"anteproyec":"PLANIFICADA","centerLng":-70.618384,"centerLat":-33.474694,"kind":"proyecto","categoria":"Otras carteras","cartera":"Municipios","etapa":"planificadas","tipo":"ciclovía","inicio":"Pje. San Juan","fin":"Williams Rebolledo","origen":"Otras carteras"}},{"type":"Feature","geometry":{"type":"MultiLineString","coordinates":[[[-70.621802,-33.479463],[-70.619758,-33.479076],[-70.617581,-33.478671],[-70.615842,-33.478539],[-70.61323,-33.478412]]]},"properties":{"id":"OC-131180005","OBJECTID":20200,"nombre":"José Ananías","escala":"Otras carteras","comunas":"Macul","macrozona":null,"km":0.81,"n_priori":null,"anteproyec":"PLANIFICADA","centerLng":-70.617643,"centerLat":-33.478832,"kind":"proyecto","categoria":"Otras carteras","cartera":"Municipios","etapa":"planificadas","tipo":"ciclovía","inicio":"Vicuña Mackenna","fin":"Marathon","origen":"Otras carteras"}},{"type":"Feature","geometry":{"type":"MultiLineString","coordinates":[[[-70.619552,-33.485569],[-70.61907,-33.485718],[-70.618957,-33.485755],[-70.618593,-33.485872],[-70.618206,-33.485996],[-70.617979,-33.486007],[-70.617684,-33.485995],[-70.617432,-33.485946],[-70.616796,-33.485704],[-70.616452,-33.485577],[-70.6163,-33.485544],[-70.614579,-33.485403],[-70.61272,-33.485282],[-70.610443,-33.485131],[-70.609434,-33.485048],[-70.60905,-33.485026],[-70.607441,-33.485039],[-70.606634,-33.485025],[-70.606178,-33.484999]]]},"properties":{"id":"OC-131180006","OBJECTID":20201,"nombre":"Quilín","escala":"Otras carteras","comunas":"Macul","macrozona":null,"km":1.26,"n_priori":null,"anteproyec":"PLANIFICADA","centerLng":-70.614395,"centerLat":-33.485507,"kind":"proyecto","categoria":"Otras carteras","cartera":"Municipios","etapa":"planificadas","tipo":"ciclovía","inicio":"Vicuña Mackenna","fin":"Pedro de Valdivia","origen":"Otras carteras"}},{"type":"Feature","geometry":{"type":"MultiLineString","coordinates":[[[-70.603303,-33.504081],[-70.60112,-33.50438],[-70.597981,-33.504818],[-70.596475,-33.505037]]]},"properties":{"id":"OC-131180007","OBJECTID":20202,"nombre":"Las Codornices","escala":"Otras carteras","comunas":"Macul","macrozona":null,"km":0.64,"n_priori":null,"anteproyec":"PLANIFICADA","centerLng":-70.59972,"centerLat":-33.504579,"kind":"proyecto","categoria":"Otras carteras","cartera":"Municipios","etapa":"planificadas","tipo":"ciclovía","inicio":"Exequiel Fernandez","fin":"Fabriciano Gonzalez","origen":"Otras carteras"}},{"type":"Feature","geometry":{"type":"MultiLineString","coordinates":[[[-70.597354,-33.509475],[-70.596475,-33.505037],[-70.596001,-33.502649],[-70.595879,-33.502037]]]},"properties":{"id":"OC-131180008","OBJECTID":20203,"nombre":"Fabricio González","escala":"Otras carteras","comunas":"Macul","macrozona":null,"km":0.99,"n_priori":null,"anteproyec":"PLANIFICADA","centerLng":-70.596427,"centerLat":-33.504799,"kind":"proyecto","categoria":"Otras carteras","cartera":"Municipios","etapa":"planificadas","tipo":"ciclovía","inicio":"Macul","fin":"Departamental","origen":"Otras carteras"}},{"type":"Feature","geometry":{"type":"MultiLineString","coordinates":[[[-70.621204,-33.481741],[-70.620144,-33.481481],[-70.619106,-33.481288],[-70.617363,-33.480945],[-70.61714,-33.480955],[-70.613069,-33.48073]]]},"properties":{"id":"OC-131180010","OBJECTID":20204,"nombre":"Domingo Arteaga","escala":"Otras carteras","comunas":"Macul","macrozona":null,"km":0.77,"n_priori":null,"anteproyec":"PLANIFICADA","centerLng":-70.618004,"centerLat":-33.48119,"kind":"proyecto","categoria":"Otras carteras","cartera":"Municipios","etapa":"planificadas","tipo":"ciclovía","inicio":"Vicuna Mackenna","fin":"Marathon","origen":"Otras carteras"}},{"type":"Feature","geometry":{"type":"MultiLineString","coordinates":[[[-70.598855,-33.476715],[-70.595962,-33.47682],[-70.594412,-33.476883]]]},"properties":{"id":"OC-131180011","OBJECTID":20205,"nombre":"Los Espinos","escala":"Otras carteras","comunas":"Macul","macrozona":null,"km":0.41,"n_priori":null,"anteproyec":"PLANIFICADA","centerLng":-70.59641,"centerLat":-33.476806,"kind":"proyecto","categoria":"Otras carteras","cartera":"Municipios","etapa":"planificadas","tipo":"ciclovía","inicio":"Macul","fin":"Brown Sur","origen":"Otras carteras"}},{"type":"Feature","geometry":{"type":"MultiLineString","coordinates":[[[-70.620591,-33.484012],[-70.616715,-33.483403],[-70.612873,-33.483224]]]},"properties":{"id":"OC-131180012","OBJECTID":20206,"nombre":"Aysen","escala":"Otras carteras","comunas":"Macul","macrozona":null,"km":0.72,"n_priori":null,"anteproyec":"PLANIFICADA","centerLng":-70.616726,"centerLat":-33.483546,"kind":"proyecto","categoria":"Otras carteras","cartera":"Municipios","etapa":"planificadas","tipo":"ciclovía","inicio":"Vicuna Mackenna","fin":"Marathon","origen":"Otras carteras"}},{"type":"Feature","geometry":{"type":"MultiLineString","coordinates":[[[-70.613297,-33.477168],[-70.610495,-33.477041],[-70.610338,-33.477051],[-70.61007,-33.477178],[-70.609966,-33.477191],[-70.608204,-33.477107],[-70.606014,-33.477004],[-70.604356,-33.476922],[-70.604335,-33.476533],[-70.602851,-33.476576],[-70.601371,-33.476631],[-70.598855,-33.476715]]]},"properties":{"id":"OC-131180013","OBJECTID":20207,"nombre":"Los Espinos","escala":"Otras carteras","comunas":"Macul","macrozona":null,"km":1.39,"n_priori":null,"anteproyec":"PLANIFICADA","centerLng":-70.606679,"centerLat":-33.476926,"kind":"proyecto","categoria":"Otras carteras","cartera":"Municipios","etapa":"planificadas","tipo":"ciclovía","inicio":"Marathon","fin":"Macul","origen":"Otras carteras"}},{"type":"Feature","geometry":{"type":"MultiLineString","coordinates":[[[-70.599739,-33.490275],[-70.601726,-33.490297],[-70.604213,-33.490462],[-70.60749,-33.490716],[-70.608602,-33.490806],[-70.611383,-33.491032]]]},"properties":{"id":"OC-131180014","OBJECTID":20208,"nombre":"Escuela Agrícola","escala":"Otras carteras","comunas":"Macul","macrozona":null,"km":1.1,"n_priori":null,"anteproyec":"EN DISEÑO","centerLng":-70.605525,"centerLat":-33.490598,"kind":"proyecto","categoria":"Otras carteras","cartera":"Privados","etapa":"diseño","tipo":"ciclovía","inicio":"Av. Marathon","fin":"Av. Macul","origen":"Otras carteras"}},{"type":"Feature","geometry":{"type":"MultiLineString","coordinates":[[[-70.590613,-33.509445],[-70.591658,-33.508687],[-70.591794,-33.508581],[-70.592131,-33.508364]]]},"properties":{"id":"OC-131180018","OBJECTID":20209,"nombre":"Padre Luis Querbes","escala":"Otras carteras","comunas":"Macul","macrozona":null,"km":0.15,"n_priori":null,"anteproyec":"EN DISEÑO","centerLng":-70.591549,"centerLat":-33.508769,"kind":"proyecto","categoria":"Otras carteras","cartera":"Privados","etapa":"diseño","tipo":"ciclovía","inicio":"Av. Ámerico Vespucio","fin":"Limite predial norte","origen":"Otras carteras"}},{"type":"Feature","geometry":{"type":"MultiLineString","coordinates":[[[-70.596447,-33.505031],[-70.592122,-33.505638],[-70.591655,-33.505615]]]},"properties":{"id":"OC-131180019","OBJECTID":20210,"nombre":"Las Codornices","escala":"Otras carteras","comunas":"Macul","macrozona":null,"km":0.425,"n_priori":null,"anteproyec":"EN DISEÑO","centerLng":-70.593408,"centerLat":-33.505428,"kind":"proyecto","categoria":"Otras carteras","cartera":"Municipios","etapa":"diseño","tipo":"ciclovía","inicio":"Fabriciano Gonzalez","fin":"Av. Macul","origen":"Otras carteras"}},{"type":"Feature","geometry":{"type":"MultiLineString","coordinates":[[[-70.748902,-33.486109],[-70.749545,-33.48667],[-70.749778,-33.486787],[-70.750334,-33.487252],[-70.750842,-33.48767],[-70.751584,-33.488337],[-70.75223,-33.489023],[-70.752736,-33.489549],[-70.752838,-33.489646],[-70.753516,-33.490213],[-70.753978,-33.490588],[-70.754234,-33.490837],[-70.754518,-33.491081],[-70.754797,-33.491379],[-70.754983,-33.4916],[-70.755148,-33.491862],[-70.755409,-33.492234],[-70.755499,-33.49236],[-70.755628,-33.492481],[-70.755747,-33.492583],[-70.755889,-33.492668],[-70.756629,-33.493134],[-70.756822,-33.493325],[-70.757005,-33.493559],[-70.757127,-33.493794],[-70.757319,-33.494153],[-70.757423,-33.494446],[-70.757488,-33.494772],[-70.757505,-33.495142],[-70.75755,-33.495939],[-70.757471,-33.496257]]]},"properties":{"id":"OC-131190013a","OBJECTID":20211,"nombre":"Pajaritos Central NS","escala":"Otras carteras","comunas":"Maipú","macrozona":null,"km":1.43,"n_priori":null,"anteproyec":"EN DISEÑO","centerLng":-70.754531,"centerLat":-33.491466,"kind":"proyecto","categoria":"Otras carteras","cartera":"Municipios","etapa":"diseño","tipo":"ciclovía","inicio":"General Bueras","fin":"Américo Vespucio","origen":"Otras carteras"}},{"type":"Feature","geometry":{"type":"MultiLineString","coordinates":[[[-70.757469,-33.496216],[-70.757439,-33.496036],[-70.757411,-33.495462],[-70.757364,-33.4951],[-70.757294,-33.494674],[-70.757161,-33.494349],[-70.756953,-33.494033],[-70.756639,-33.493624],[-70.756428,-33.493447],[-70.755904,-33.493117],[-70.754807,-33.49252],[-70.754377,-33.492295],[-70.753965,-33.492026],[-70.753598,-33.491718],[-70.753449,-33.491554],[-70.753154,-33.491122],[-70.752888,-33.490669],[-70.752639,-33.490226],[-70.752023,-33.489192],[-70.751701,-33.488673],[-70.751481,-33.488415],[-70.751011,-33.487973],[-70.750241,-33.487319],[-70.749924,-33.48706],[-70.749584,-33.486822],[-70.749549,-33.4867],[-70.748902,-33.486109]]]},"properties":{"id":"OC-131190013b","OBJECTID":20212,"nombre":"Pajaritos Central SN","escala":"Otras carteras","comunas":"Maipú","macrozona":null,"km":1.43,"n_priori":null,"anteproyec":"EN DISEÑO","centerLng":-70.753828,"centerLat":-33.49135,"kind":"proyecto","categoria":"Otras carteras","cartera":"Municipios","etapa":"diseño","tipo":"ciclovía","inicio":"General Bueras","fin":"Américo Vespucio","origen":"Otras carteras"}},{"type":"Feature","geometry":{"type":"MultiLineString","coordinates":[[[-70.747209,-33.510556],[-70.747203,-33.510248],[-70.746987,-33.509192],[-70.746962,-33.508945],[-70.747098,-33.508739],[-70.747136,-33.508556],[-70.74714,-33.508409],[-70.746983,-33.507581],[-70.746825,-33.506962],[-70.746411,-33.505471],[-70.746355,-33.505267],[-70.746171,-33.504507],[-70.746128,-33.504315],[-70.745778,-33.502918],[-70.745274,-33.500921],[-70.744809,-33.49913],[-70.744619,-33.498414],[-70.744578,-33.498306],[-70.744391,-33.497737],[-70.743964,-33.495881],[-70.743755,-33.495023],[-70.743404,-33.493406],[-70.743256,-33.492702],[-70.742929,-33.490981],[-70.742799,-33.490618],[-70.742737,-33.490455]]]},"properties":{"id":"OC-131190019","OBJECTID":20213,"nombre":"Segunda Transversal","escala":"Otras carteras","comunas":"Maipú","macrozona":null,"km":2.28,"n_priori":null,"anteproyec":"PLANIFICADA","centerLng":-70.745419,"centerLat":-33.50174,"kind":"proyecto","categoria":"Otras carteras","cartera":"MTT","etapa":"planificadas","tipo":"ciclovía","inicio":"Alaska","fin":"Esquina Blanca","origen":"Otras carteras"}},{"type":"Feature","geometry":{"type":"MultiLineString","coordinates":[[[-70.739603,-33.482904],[-70.738646,-33.482662],[-70.738473,-33.482621],[-70.738257,-33.482532],[-70.738195,-33.482505]]]},"properties":{"id":"OC-131190020","OBJECTID":20214,"nombre":"Simon Bolivar","escala":"Otras carteras","comunas":"Maipú","macrozona":null,"km":0.14,"n_priori":null,"anteproyec":"PLANIFICADA","centerLng":-70.738635,"centerLat":-33.482645,"kind":"proyecto","categoria":"Otras carteras","cartera":"MTT","etapa":"planificadas","tipo":"ciclovía","inicio":"Isabel Riquelme","fin":"Santa Rosa","origen":"Otras carteras"}},{"type":"Feature","geometry":{"type":"MultiLineString","coordinates":[[[-70.738195,-33.482505],[-70.737329,-33.482169],[-70.736159,-33.481755],[-70.735421,-33.481436],[-70.73431,-33.480793],[-70.733945,-33.480572],[-70.733418,-33.480217],[-70.733145,-33.480041],[-70.732965,-33.479938],[-70.732552,-33.479788],[-70.731953,-33.479565],[-70.731553,-33.479383],[-70.731078,-33.479161],[-70.730907,-33.479068],[-70.730457,-33.47881],[-70.729536,-33.478276],[-70.728313,-33.477547],[-70.72761,-33.477137],[-70.726919,-33.47672],[-70.726567,-33.476498],[-70.725303,-33.475672],[-70.724288,-33.474913],[-70.723971,-33.474675],[-70.723031,-33.473983],[-70.722756,-33.474036],[-70.722465,-33.474075],[-70.722354,-33.474041],[-70.722334,-33.47387],[-70.722213,-33.47351],[-70.722013,-33.473257],[-70.721867,-33.47311],[-70.721828,-33.473071]]]},"properties":{"id":"OC-131190021","OBJECTID":20215,"nombre":"Simon Bolivar","escala":"Otras carteras","comunas":"Maipú","macrozona":null,"km":1.89,"n_priori":null,"anteproyec":"PLANIFICADA","centerLng":-70.728649,"centerLat":-33.477487,"kind":"proyecto","categoria":"Otras carteras","cartera":"MTT","etapa":"planificadas","tipo":"ciclovía","inicio":"Santa Rosa","fin":"Lo Errazuriz","origen":"Otras carteras"}},{"type":"Feature","geometry":{"type":"MultiLineString","coordinates":[[[-70.755714,-33.510724],[-70.755704,-33.510572],[-70.755644,-33.510389],[-70.755642,-33.510385],[-70.755578,-33.509953],[-70.755533,-33.509352],[-70.75552,-33.509191],[-70.756234,-33.509132],[-70.757279,-33.509049],[-70.75732,-33.50905],[-70.757335,-33.50905],[-70.757455,-33.509052],[-70.758865,-33.509062],[-70.75999,-33.509087],[-70.76172,-33.509095],[-70.763618,-33.509112],[-70.763628,-33.509959]]]},"properties":{"id":"OC-131190022","OBJECTID":20216,"nombre":"Alberto Llona - Chacabuco","escala":"Otras carteras","comunas":"Maipú","macrozona":null,"km":1.01,"n_priori":null,"anteproyec":"PLANIFICADA","centerLng":-70.757811,"centerLat":-33.509542,"kind":"proyecto","categoria":"Otras carteras","cartera":"Municipios","etapa":"planificadas","tipo":"ciclovía temporal/piloto","inicio":"Alberto Llona","fin":"Emiliano Llona","origen":"Otras carteras"}},{"type":"Feature","geometry":{"type":"MultiLineString","coordinates":[[[-70.753083,-33.510782],[-70.753233,-33.51083],[-70.753305,-33.510856],[-70.754454,-33.510791],[-70.755032,-33.510766],[-70.755325,-33.510762],[-70.755622,-33.510693],[-70.755714,-33.510724],[-70.755711,-33.511209],[-70.755711,-33.513452]]]},"properties":{"id":"OC-131190023","OBJECTID":20217,"nombre":"Esquina Blanca - Alberto Llona","escala":"Otras carteras","comunas":"Maipú","macrozona":null,"km":0.55,"n_priori":null,"anteproyec":"PLANIFICADA","centerLng":-70.754719,"centerLat":-33.511086,"kind":"proyecto","categoria":"Otras carteras","cartera":"Municipios","etapa":"planificadas","tipo":"ciclovía temporal/piloto","inicio":"Belarmino Osorio","fin":"Primera Transversal","origen":"Otras carteras"}},{"type":"Feature","geometry":{"type":"MultiLineString","coordinates":[[[-70.75736,-33.508992],[-70.757359,-33.509051],[-70.757326,-33.51059]]]},"properties":{"id":"OC-131190024","OBJECTID":20218,"nombre":"Pajaritos","escala":"Otras carteras","comunas":"Maipú","macrozona":null,"km":0.15,"n_priori":null,"anteproyec":"PLANIFICADA","centerLng":-70.757348,"centerLat":-33.509544,"kind":"proyecto","categoria":"Otras carteras","cartera":"MTT","etapa":"planificadas","tipo":"ciclovía","inicio":"5 De Abril","fin":"Chacabuco","origen":"Otras carteras"}},{"type":"Feature","geometry":{"type":"MultiLineString","coordinates":[[[-70.755487,-33.509173],[-70.755609,-33.510402],[-70.755629,-33.510779],[-70.755653,-33.513408]]]},"properties":{"id":"OC-131190031","OBJECTID":20219,"nombre":"Alberto Llona","escala":"Otras carteras","comunas":"Maipú","macrozona":null,"km":0.47,"n_priori":null,"anteproyec":"PLANIFICADA","centerLng":-70.755595,"centerLat":-33.510941,"kind":"proyecto","categoria":"Otras carteras","cartera":"Municipios","etapa":"planificadas","tipo":"ciclovía","inicio":"Belarmino Osorio","fin":"Chacabuco","origen":"Otras carteras"}},{"type":"Feature","geometry":{"type":"MultiLineString","coordinates":[[[-70.75549,-33.509175],[-70.756968,-33.50906],[-70.757469,-33.509055],[-70.758912,-33.509067],[-70.760573,-33.50909],[-70.761592,-33.50909],[-70.763609,-33.509104]]]},"properties":{"id":"OC-131190032","OBJECTID":20220,"nombre":"Chacabuco","escala":"Otras carteras","comunas":"Maipú","macrozona":null,"km":0.74,"n_priori":null,"anteproyec":"PLANIFICADA","centerLng":-70.75923,"centerLat":-33.509092,"kind":"proyecto","categoria":"Otras carteras","cartera":"Municipios","etapa":"planificadas","tipo":"ciclovía","inicio":"Alberto Llona","fin":"Emiliano Llona","origen":"Otras carteras"}},{"type":"Feature","geometry":{"type":"MultiLineString","coordinates":[[[-70.763576,-33.509973],[-70.763601,-33.509109]]]},"properties":{"id":"OC-131190033","OBJECTID":20221,"nombre":"Emiliano Llona","escala":"Otras carteras","comunas":"Maipú","macrozona":null,"km":0.11,"n_priori":null,"anteproyec":"PLANIFICADA","centerLng":-70.763588,"centerLat":-33.509541,"kind":"proyecto","categoria":"Otras carteras","cartera":"Municipios","etapa":"planificadas","tipo":"ciclovía","inicio":"Chacabuco","fin":"Camino a Rinconada","origen":"Otras carteras"}},{"type":"Feature","geometry":{"type":"MultiLineString","coordinates":[[[-70.757475,-33.496334],[-70.757741,-33.496346],[-70.764179,-33.496235]]]},"properties":{"id":"OC-131190034","OBJECTID":20222,"nombre":"Santiago Bueras","escala":"Otras carteras","comunas":"Maipú","macrozona":null,"km":0.61,"n_priori":null,"anteproyec":"EN DISEÑO","centerLng":-70.759798,"centerLat":-33.496305,"kind":"proyecto","categoria":"Otras carteras","cartera":"Municipios","etapa":"diseño","tipo":"ciclovía","inicio":"Pajaritos","fin":"Gral. José San Martín","origen":"Otras carteras"}},{"type":"Feature","geometry":{"type":"MultiLineString","coordinates":[[[-70.764178,-33.496249],[-70.764437,-33.496402],[-70.768842,-33.496494]]]},"properties":{"id":"OC-131190035","OBJECTID":20223,"nombre":"Hernán Bravo Cruz","escala":"Otras carteras","comunas":"Maipú","macrozona":null,"km":0.41,"n_priori":null,"anteproyec":"EN DISEÑO","centerLng":-70.765819,"centerLat":-33.496382,"kind":"proyecto","categoria":"Otras carteras","cartera":"Municipios","etapa":"diseño","tipo":"ciclovía","inicio":"Gral. José San Martín","fin":"De la Victoria","origen":"Otras carteras"}},{"type":"Feature","geometry":{"type":"MultiLineString","coordinates":[[[-70.768796,-33.498781],[-70.768878,-33.496519]]]},"properties":{"id":"OC-131190036","OBJECTID":20224,"nombre":"De la Victoria","escala":"Otras carteras","comunas":"Maipú","macrozona":null,"km":0.26,"n_priori":null,"anteproyec":"EN DISEÑO","centerLng":-70.768837,"centerLat":-33.49765,"kind":"proyecto","categoria":"Otras carteras","cartera":"Municipios","etapa":"diseño","tipo":"ciclovía","inicio":"Hernán Bravo Cruz","fin":"Argentina","origen":"Otras carteras"}},{"type":"Feature","geometry":{"type":"MultiLineString","coordinates":[[[-70.768753,-33.500919],[-70.77536,-33.500902]]]},"properties":{"id":"OC-131190037","OBJECTID":20225,"nombre":"El Porvenir","escala":"Otras carteras","comunas":"Maipú","macrozona":null,"km":0.61,"n_priori":null,"anteproyec":"EN DISEÑO","centerLng":-70.772057,"centerLat":-33.500911,"kind":"proyecto","categoria":"Otras carteras","cartera":"Municipios","etapa":"diseño","tipo":"zona30","inicio":"De la Victoria","fin":"El Olimpo","origen":"Otras carteras"}},{"type":"Feature","geometry":{"type":"MultiLineString","coordinates":[[[-70.775592,-33.502648],[-70.774821,-33.497263]]]},"properties":{"id":"OC-131190038","OBJECTID":20226,"nombre":"El Olimpo","escala":"Otras carteras","comunas":"Maipú","macrozona":null,"km":0.6,"n_priori":null,"anteproyec":"EN DISEÑO","centerLng":-70.775206,"centerLat":-33.499955,"kind":"proyecto","categoria":"Otras carteras","cartera":"Municipios","etapa":"diseño","tipo":"zona30","inicio":"Blanco Encalada","fin":"Libertador Bernardo O'Higgins","origen":"Otras carteras"}},{"type":"Feature","geometry":{"type":"MultiLineString","coordinates":[[[-70.775591,-33.502649],[-70.779626,-33.502817]]]},"properties":{"id":"OC-131190039","OBJECTID":20227,"nombre":"Libertador Bernardo O'Higgins","escala":"Otras carteras","comunas":"Maipú","macrozona":null,"km":0.36,"n_priori":null,"anteproyec":"EN DISEÑO","centerLng":-70.777608,"centerLat":-33.502733,"kind":"proyecto","categoria":"Otras carteras","cartera":"Municipios","etapa":"diseño","tipo":"zona30","inicio":"El Olimpo","fin":"Tres Poniente","origen":"Otras carteras"}},{"type":"Feature","geometry":{"type":"MultiLineString","coordinates":[[[-70.778369,-33.502761],[-70.778497,-33.499979]]]},"properties":{"id":"OC-131190040","OBJECTID":20228,"nombre":"Tres Poniente","escala":"Otras carteras","comunas":"Maipú","macrozona":null,"km":0.29,"n_priori":null,"anteproyec":"EN DISEÑO","centerLng":-70.778433,"centerLat":-33.50137,"kind":"proyecto","categoria":"Otras carteras","cartera":"Municipios","etapa":"diseño","tipo":"ciclovía","inicio":"Libertador Bernardo O'Higgins","fin":"Asunción","origen":"Otras carteras"}},{"type":"Feature","geometry":{"type":"MultiLineString","coordinates":[[[-70.775191,-33.499832],[-70.778493,-33.499985]]]},"properties":{"id":"OC-131190041","OBJECTID":20229,"nombre":"Asunción","escala":"Otras carteras","comunas":"Maipú","macrozona":null,"km":0.42,"n_priori":null,"anteproyec":"EN DISEÑO","centerLng":-70.776842,"centerLat":-33.499909,"kind":"proyecto","categoria":"Otras carteras","cartera":"Municipios","etapa":"diseño","tipo":"zona30","inicio":"Tres Poniente","fin":"El Olimpo","origen":"Otras carteras"}},{"type":"Feature","geometry":{"type":"MultiLineString","coordinates":[[[-70.768773,-33.499488],[-70.7748,-33.497284]]]},"properties":{"id":"OC-131190042","OBJECTID":20230,"nombre":"Blanco Encalada","escala":"Otras carteras","comunas":"Maipú","macrozona":null,"km":0.6,"n_priori":null,"anteproyec":"EN DISEÑO","centerLng":-70.771786,"centerLat":-33.498386,"kind":"proyecto","categoria":"Otras carteras","cartera":"Municipios","etapa":"diseño","tipo":"ciclovía","inicio":"El Olimpo","fin":"De la Victoria","origen":"Otras carteras"}},{"type":"Feature","geometry":{"type":"MultiLineString","coordinates":[[[-70.757466,-33.498567],[-70.768807,-33.498788]]]},"properties":{"id":"OC-131190043","OBJECTID":20231,"nombre":"Argentina","escala":"Otras carteras","comunas":"Maipú","macrozona":null,"km":1.03,"n_priori":null,"anteproyec":"EN DISEÑO","centerLng":-70.763137,"centerLat":-33.498677,"kind":"proyecto","categoria":"Otras carteras","cartera":"Municipios","etapa":"diseño","tipo":"ciclovía","inicio":"De la Victoria","fin":"Pajaritos","origen":"Otras carteras"}},{"type":"Feature","geometry":{"type":"MultiLineString","coordinates":[[[-70.768799,-33.498782],[-70.768776,-33.499484]]]},"properties":{"id":"OC-131190050","OBJECTID":20232,"nombre":"De la Victoria","escala":"Otras carteras","comunas":"Maipú","macrozona":null,"km":0.1,"n_priori":null,"anteproyec":"EN DISEÑO","centerLng":-70.768788,"centerLat":-33.499133,"kind":"proyecto","categoria":"Otras carteras","cartera":"Municipios","etapa":"diseño","tipo":"zona30","inicio":"Argentina","fin":"Blanco Encalada","origen":"Otras carteras"}},{"type":"Feature","geometry":{"type":"MultiLineString","coordinates":[[[-70.768774,-33.499487],[-70.768762,-33.50091]]]},"properties":{"id":"OC-131190051","OBJECTID":20233,"nombre":"De la Victoria","escala":"Otras carteras","comunas":"Maipú","macrozona":null,"km":0.16,"n_priori":null,"anteproyec":"EN DISEÑO","centerLng":-70.768768,"centerLat":-33.500198,"kind":"proyecto","categoria":"Otras carteras","cartera":"Municipios","etapa":"diseño","tipo":"ciclovía","inicio":"Blanco Encalada","fin":"El Porvenir","origen":"Otras carteras"}},{"type":"Feature","geometry":{"type":"MultiLineString","coordinates":[[[-70.762947,-33.482326],[-70.757221,-33.479183],[-70.75694,-33.479139],[-70.755899,-33.479129]]]},"properties":{"id":"OC-131190052","OBJECTID":20234,"nombre":"El Rosal","escala":"Otras carteras","comunas":"Maipú","macrozona":null,"km":0.51,"n_priori":null,"anteproyec":"EN DISEÑO","centerLng":-70.758252,"centerLat":-33.479944,"kind":"proyecto","categoria":"Otras carteras","cartera":"Privados","etapa":"diseño","tipo":"ciclovía","inicio":"Las Nalcas","fin":"Américo Vespucio","origen":"Otras carteras"}},{"type":"Feature","geometry":{"type":"MultiLineString","coordinates":[[[-70.629751,-33.449547],[-70.629464,-33.450684],[-70.629302,-33.451156],[-70.629219,-33.451495],[-70.629111,-33.451834],[-70.62899,-33.451983],[-70.628837,-33.452399],[-70.628701,-33.452726],[-70.628598,-33.452819],[-70.628148,-33.453111],[-70.628051,-33.453252],[-70.627605,-33.454765]]]},"properties":{"id":"OC-131200006","OBJECTID":20235,"nombre":"Gral. Bustamante - San Eugenio","escala":"Otras carteras","comunas":"Ñuñoa","macrozona":null,"km":0.63,"n_priori":null,"anteproyec":"PLANIFICADA","centerLng":-70.628815,"centerLat":-33.452148,"kind":"proyecto","categoria":"Otras carteras","cartera":"Municipios","etapa":"planificadas","tipo":"ciclovía temporal/piloto","inicio":"Malaquías Concha","fin":"Matta Oriente","origen":"Otras carteras"}},{"type":"Feature","geometry":{"type":"MultiLineString","coordinates":[[[-70.624711,-33.450783],[-70.623854,-33.450593],[-70.622873,-33.450383],[-70.622745,-33.450373],[-70.622636,-33.450406],[-70.622504,-33.450455],[-70.622391,-33.450469],[-70.622317,-33.450464],[-70.621538,-33.450317],[-70.620226,-33.450038],[-70.61915,-33.449821],[-70.618241,-33.449658],[-70.616833,-33.449442],[-70.614697,-33.449152],[-70.613417,-33.448938],[-70.610708,-33.448504],[-70.610615,-33.448489],[-70.610505,-33.448466],[-70.610385,-33.448485],[-70.610353,-33.448421],[-70.60903,-33.447816],[-70.608394,-33.447534],[-70.607834,-33.447283],[-70.6077,-33.447245],[-70.607486,-33.447212],[-70.606944,-33.447155],[-70.606332,-33.447122],[-70.605788,-33.447061],[-70.604131,-33.446833],[-70.602672,-33.446671],[-70.600885,-33.446499],[-70.598964,-33.446304],[-70.598953,-33.446303],[-70.597145,-33.44611],[-70.596245,-33.44602]]]},"properties":{"id":"OC-131200007","OBJECTID":20236,"nombre":"Av. Sucre - Hernán Cortés","escala":"Otras carteras","comunas":"Ñuñoa","macrozona":null,"km":2.72,"n_priori":null,"anteproyec":"PLANIFICADA","centerLng":-70.611977,"centerLat":-33.448481,"kind":"proyecto","categoria":"Otras carteras","cartera":"Municipios","etapa":"planificadas","tipo":"ciclovía temporal/piloto","inicio":"Senador Jaime Guzmán","fin":"Av. Condell","origen":"Otras carteras"}},{"type":"Feature","geometry":{"type":"MultiLineString","coordinates":[[[-70.599128,-33.444919],[-70.598964,-33.446304],[-70.59866,-33.448597],[-70.598596,-33.448765],[-70.598503,-33.448869],[-70.598414,-33.448942],[-70.598086,-33.449153],[-70.598011,-33.449193]]]},"properties":{"id":"OC-131200008","OBJECTID":20237,"nombre":"José Artigas","escala":"Otras carteras","comunas":"Ñuñoa","macrozona":null,"km":0.53,"n_priori":null,"anteproyec":"PLANIFICADA","centerLng":-70.598545,"centerLat":-33.448093,"kind":"proyecto","categoria":"Otras carteras","cartera":"Municipios","etapa":"planificadas","tipo":"ciclovía","inicio":"Pedro Lautaro Ferrer","fin":"Simón Bolívar","origen":"Otras carteras"}},{"type":"Feature","geometry":{"type":"MultiLineString","coordinates":[[[-70.599898,-33.454583],[-70.599746,-33.454788],[-70.599692,-33.45494],[-70.599654,-33.455929],[-70.599701,-33.456343],[-70.599862,-33.457783],[-70.599936,-33.459042],[-70.600055,-33.460829],[-70.600116,-33.461714],[-70.600233,-33.463553],[-70.600302,-33.464575]]]},"properties":{"id":"OC-131200009","OBJECTID":20238,"nombre":"Suecia-Exequiel Fernandez","escala":"Otras carteras","comunas":"Ñuñoa","macrozona":null,"km":1.12,"n_priori":null,"anteproyec":"PLANIFICADA","centerLng":-70.599927,"centerLat":-33.458553,"kind":"proyecto","categoria":"Otras carteras","cartera":"Municipios","etapa":"planificadas","tipo":"ciclovía","inicio":"Av. Irarrázabal","fin":"Grecia","origen":"Otras carteras"}},{"type":"Feature","geometry":{"type":"MultiLineString","coordinates":[[[-70.599862,-33.457783],[-70.598369,-33.457927],[-70.597943,-33.457947]]]},"properties":{"id":"OC-131200011","OBJECTID":20239,"nombre":"José Domingo Cañas","escala":"Otras carteras","comunas":"Ñuñoa","macrozona":null,"km":0.18,"n_priori":null,"anteproyec":"PLANIFICADA","centerLng":-70.598725,"centerLat":-33.457886,"kind":"proyecto","categoria":"Otras carteras","cartera":"Municipios","etapa":"planificadas","tipo":"ciclovía","inicio":"Exequiel Fernandez","fin":"José Pedro Alessandri","origen":"Otras carteras"}},{"type":"Feature","geometry":{"type":"MultiLineString","coordinates":[[[-70.613634,-33.470639],[-70.614087,-33.470669],[-70.616603,-33.470815],[-70.620049,-33.471013],[-70.621671,-33.471107],[-70.622231,-33.471121],[-70.622512,-33.471169],[-70.622875,-33.471274],[-70.623371,-33.471538],[-70.623663,-33.471794],[-70.623859,-33.471842]]]},"properties":{"id":"OC-131200013","OBJECTID":20240,"nombre":"Guillermo Mann","escala":"Otras carteras","comunas":"Ñuñoa","macrozona":null,"km":1,"n_priori":null,"anteproyec":"EN DISEÑO","centerLng":-70.620414,"centerLat":-33.47118,"kind":"proyecto","categoria":"Otras carteras","cartera":"Privados","etapa":"diseño","tipo":"ciclovía","inicio":"Vicuña Mackenna","fin":"Marathon","origen":"Otras carteras"}},{"type":"Feature","geometry":{"type":"MultiLineString","coordinates":[[[-70.62177,-33.453909],[-70.621662,-33.454023],[-70.619131,-33.455313],[-70.618096,-33.455792],[-70.618101,-33.455827],[-70.618107,-33.455874],[-70.617835,-33.455905],[-70.617717,-33.45604],[-70.617615,-33.456337],[-70.617224,-33.457122],[-70.616809,-33.457823]]]},"properties":{"id":"OC-131200017","OBJECTID":20241,"nombre":"Rep. de Israel","escala":"Otras carteras","comunas":"Ñuñoa","macrozona":null,"km":0.67,"n_priori":null,"anteproyec":"PLANIFICADA","centerLng":-70.618552,"centerLat":-33.455815,"kind":"proyecto","categoria":"Otras carteras","cartera":"Municipios","etapa":"planificadas","tipo":"ciclovía","inicio":"Av. Irarrázabal","fin":"Rodrigo de Araya","origen":"Otras carteras"}},{"type":"Feature","geometry":{"type":"MultiLineString","coordinates":[[[-70.598778,-33.473689],[-70.598761,-33.473252],[-70.598722,-33.472178],[-70.598672,-33.471419],[-70.598645,-33.470982],[-70.598616,-33.470426],[-70.598575,-33.469611],[-70.598547,-33.469105],[-70.598513,-33.468427],[-70.598447,-33.467177],[-70.598412,-33.466798],[-70.598354,-33.465427],[-70.598289,-33.464615],[-70.598264,-33.464016],[-70.598209,-33.462736],[-70.598159,-33.461818],[-70.598072,-33.460455],[-70.598003,-33.4591],[-70.597943,-33.457947],[-70.597899,-33.456697],[-70.597843,-33.455732],[-70.5979,-33.455321],[-70.598139,-33.454911],[-70.598424,-33.454519],[-70.598585,-33.454251],[-70.598609,-33.454141],[-70.59859,-33.453903],[-70.598505,-33.453411],[-70.598591,-33.453315]]]},"properties":{"id":"OC-131200018","OBJECTID":20242,"nombre":"José Pedro Alessandri - Macul","escala":"Otras carteras","comunas":"Ñuñoa","macrozona":null,"km":2.28,"n_priori":null,"anteproyec":"PLANIFICADA","centerLng":-70.598382,"centerLat":-33.462599,"kind":"proyecto","categoria":"Otras carteras","cartera":"Municipios","etapa":"planificadas","tipo":"ciclovía","inicio":"Miguel de Cervantes","fin":"Rodrigo de Araya","origen":"Otras carteras"}},{"type":"Feature","geometry":{"type":"MultiLineString","coordinates":[[[-70.588405,-33.465658],[-70.588353,-33.465763],[-70.588925,-33.468106],[-70.589185,-33.469144],[-70.589486,-33.470407],[-70.589556,-33.470575],[-70.589725,-33.470752],[-70.58986,-33.470864],[-70.590529,-33.471276]]]},"properties":{"id":"OC-131200020","OBJECTID":20243,"nombre":"Juan Moya","escala":"Otras carteras","comunas":"Ñuñoa","macrozona":null,"km":0.68,"n_priori":null,"anteproyec":"PLANIFICADA","centerLng":-70.589336,"centerLat":-33.469172,"kind":"proyecto","categoria":"Otras carteras","cartera":"Municipios","etapa":"planificadas","tipo":"ciclovía","inicio":"Cap. Ignacio Carrera Pinto","fin":"Av. Grecia","origen":"Otras carteras"}},{"type":"Feature","geometry":{"type":"MultiLineString","coordinates":[[[-70.581931,-33.472299],[-70.582466,-33.471587],[-70.582548,-33.471399],[-70.582546,-33.471279],[-70.582483,-33.470984],[-70.582232,-33.469933],[-70.581843,-33.468403],[-70.581808,-33.468054],[-70.581774,-33.46745],[-70.58152,-33.466011],[-70.581332,-33.465065],[-70.581233,-33.464567],[-70.581021,-33.463357],[-70.580909,-33.462565],[-70.580784,-33.461553],[-70.580672,-33.46078],[-70.580602,-33.460149],[-70.580457,-33.458974],[-70.580376,-33.458386],[-70.580267,-33.457648],[-70.580208,-33.457271],[-70.580168,-33.45686],[-70.580014,-33.455746],[-70.579966,-33.455059],[-70.580008,-33.454726],[-70.580013,-33.45457]]]},"properties":{"id":"OC-131200021","OBJECTID":20244,"nombre":"Ramón Cruz Montt","escala":"Otras carteras","comunas":"Ñuñoa","macrozona":null,"km":2,"n_priori":null,"anteproyec":"PLANIFICADA","centerLng":-70.581122,"centerLat":-33.463257,"kind":"proyecto","categoria":"Otras carteras","cartera":"Municipios","etapa":"planificadas","tipo":"ciclovía","inicio":"Irarrázabal","fin":"Rodrigo de Araya","origen":"Otras carteras"}},{"type":"Feature","geometry":{"type":"MultiLineString","coordinates":[[[-70.602208,-33.454353],[-70.602486,-33.454485],[-70.602712,-33.455938],[-70.602938,-33.457453],[-70.603092,-33.458517],[-70.60327,-33.459614],[-70.603426,-33.46063],[-70.603559,-33.461541],[-70.603633,-33.462079],[-70.603702,-33.462325],[-70.603806,-33.462548],[-70.604055,-33.462839],[-70.604128,-33.462918]]]},"properties":{"id":"OC-131200034","OBJECTID":20245,"nombre":"Ricardo Lyon-Los Tres Antonios","escala":"Otras carteras","comunas":"Ñuñoa","macrozona":null,"km":1,"n_priori":null,"anteproyec":"PLANIFICADA","centerLng":-70.603309,"centerLat":-33.459634,"kind":"proyecto","categoria":"Otras carteras","cartera":"Municipios","etapa":"planificadas","tipo":"ciclovía","inicio":"Av. Irarrázabal","fin":"Grecia","origen":"Otras carteras"}},{"type":"Feature","geometry":{"type":"MultiLineString","coordinates":[[[-70.624488,-33.448441],[-70.624059,-33.449902],[-70.623854,-33.450593],[-70.623532,-33.451655],[-70.623078,-33.453228]]]},"properties":{"id":"OC-131200035","OBJECTID":20246,"nombre":"Av. Italia","escala":"Otras carteras","comunas":"Ñuñoa","macrozona":null,"km":0.55,"n_priori":null,"anteproyec":"PLANIFICADA","centerLng":-70.623802,"centerLat":-33.450764,"kind":"proyecto","categoria":"Otras carteras","cartera":"Municipios","etapa":"planificadas","tipo":"ciclovía temporal/piloto","inicio":"Caupolicán","fin":"Av. Irarrázabal","origen":"Otras carteras"}},{"type":"Feature","geometry":{"type":"MultiLineString","coordinates":[[[-70.627605,-33.454765],[-70.627488,-33.455189],[-70.627454,-33.455263]]]},"properties":{"id":"OC-131200038","OBJECTID":20247,"nombre":"Matta-Parque Bustamante","escala":"Otras carteras","comunas":"Ñuñoa","macrozona":null,"km":0.27,"n_priori":null,"anteproyec":"PLANIFICADA","centerLng":-70.627516,"centerLat":-33.455072,"kind":"proyecto","categoria":"Otras carteras","cartera":"MTT","etapa":"planificadas","tipo":"ciclovía","inicio":"Vicuna Mackenna","fin":"Matta","origen":"Otras carteras"}},{"type":"Feature","geometry":{"type":"MultiLineString","coordinates":[[[-70.576677,-33.470405],[-70.576967,-33.470375],[-70.576973,-33.470339],[-70.577082,-33.470261],[-70.577291,-33.470152],[-70.577401,-33.470144],[-70.577474,-33.470076],[-70.577606,-33.469893],[-70.577557,-33.469878],[-70.577556,-33.469812],[-70.577591,-33.469704],[-70.577606,-33.469461],[-70.577574,-33.469306],[-70.577512,-33.469159],[-70.57753,-33.469033],[-70.577471,-33.468966],[-70.577407,-33.468866],[-70.577284,-33.468678],[-70.577129,-33.468753],[-70.576908,-33.468721],[-70.57636,-33.468669],[-70.576215,-33.468714]]]},"properties":{"id":"OC-131200039","OBJECTID":20248,"nombre":"Grecia","escala":"Otras carteras","comunas":"Ñuñoa","macrozona":null,"km":0.358,"n_priori":null,"anteproyec":"EN EJECUCIÓN","centerLng":-70.577235,"centerLat":-33.469517,"kind":"proyecto","categoria":"Otras carteras","cartera":"MOP","etapa":"ejecución","tipo":"ciclovía","inicio":"Rotonda Grecia Poniente","fin":"Egana","origen":"Otras carteras"}},{"type":"Feature","geometry":{"type":"MultiLineString","coordinates":[[[-70.60109,-33.444852],[-70.599948,-33.454622]]]},"properties":{"id":"OC-131200041","OBJECTID":20249,"nombre":"Suecia","escala":"Otras carteras","comunas":"Ñuñoa","macrozona":null,"km":1.08,"n_priori":null,"anteproyec":"EN DISEÑO","centerLng":-70.600519,"centerLat":-33.449737,"kind":"proyecto","categoria":"Otras carteras","cartera":"Municipios","etapa":"diseño","tipo":"ciclovía","inicio":"Doctor Pedro Lautaro Ferrer","fin":"Av. Irarrázabal","origen":"Otras carteras"}},{"type":"Feature","geometry":{"type":"MultiLineString","coordinates":[[[-70.60291,-33.445114],[-70.602257,-33.450068],[-70.602381,-33.450616],[-70.602253,-33.451206],[-70.602441,-33.4517],[-70.60234,-33.452149],[-70.602295,-33.454273]]]},"properties":{"id":"OC-131200042","OBJECTID":20250,"nombre":"Ricardo Lyon","escala":"Otras carteras","comunas":"Ñuñoa","macrozona":null,"km":1.03,"n_priori":null,"anteproyec":"EN DISEÑO","centerLng":-70.602411,"centerLat":-33.450732,"kind":"proyecto","categoria":"Otras carteras","cartera":"Municipios","etapa":"diseño","tipo":"ciclovía","inicio":"Av. Irarrázabal","fin":"Doctor Pedro Lautaro Ferrer","origen":"Otras carteras"}},{"type":"Feature","geometry":{"type":"MultiLineString","coordinates":[[[-70.627133,-33.452231],[-70.627869,-33.449203]]]},"properties":{"id":"OC-131200045","OBJECTID":20251,"nombre":"Seminario Tramo 2","escala":"Otras carteras","comunas":"Ñuñoa","macrozona":null,"km":0.35,"n_priori":null,"anteproyec":"EN DISEÑO","centerLng":-70.627501,"centerLat":-33.450717,"kind":"proyecto","categoria":"Otras carteras","cartera":"Privados","etapa":"diseño","tipo":"ciclovía","inicio":"Malaquías Concha","fin":"Av. Irarrázaval","origen":"Otras carteras"}},{"type":"Feature","geometry":{"type":"MultiLineString","coordinates":[[[-70.613732,-33.470658],[-70.606549,-33.470281]]]},"properties":{"id":"OC-131200046","OBJECTID":20252,"nombre":"Guillermo Mann","escala":"Otras carteras","comunas":"Ñuñoa","macrozona":null,"km":0.659,"n_priori":null,"anteproyec":"EN DISEÑO","centerLng":-70.61014,"centerLat":-33.47047,"kind":"proyecto","categoria":"Otras carteras","cartera":"Privados","etapa":"diseño","tipo":"ciclovía","inicio":"Marathon","fin":"Pedro de Valdivia","origen":"Otras carteras"}},{"type":"Feature","geometry":{"type":"MultiLineString","coordinates":[[[-70.627454,-33.455263],[-70.625988,-33.460245],[-70.625773,-33.461228],[-70.625163,-33.461765]]]},"properties":{"id":"OC-131200050","OBJECTID":20253,"nombre":"San Eugenio 1","escala":"Otras carteras","comunas":"Ñuñoa","macrozona":null,"km":0.52,"n_priori":null,"anteproyec":"PLANIFICADA","centerLng":-70.626094,"centerLat":-33.459625,"kind":"proyecto","categoria":"Otras carteras","cartera":"Municipios","etapa":"planificadas","tipo":"ciclovía","inicio":"Av. Grecia","fin":"Guillermo Mann","origen":"Otras carteras"}},{"type":"Feature","geometry":{"type":"MultiLineString","coordinates":[[[-70.622875,-33.471274],[-70.623052,-33.470005],[-70.623014,-33.46877],[-70.623502,-33.467111],[-70.62369,-33.46671]]]},"properties":{"id":"OC-131200051","OBJECTID":20254,"nombre":"San Eugenio 3","escala":"Otras carteras","comunas":"Ñuñoa","macrozona":null,"km":0.47,"n_priori":null,"anteproyec":"PLANIFICADA","centerLng":-70.623227,"centerLat":-33.468774,"kind":"proyecto","categoria":"Otras carteras","cartera":"Municipios","etapa":"planificadas","tipo":"ciclovía","inicio":"Av. Grecia","fin":"Guillermo Mann","origen":"Otras carteras"}},{"type":"Feature","geometry":{"type":"MultiLineString","coordinates":[[[-70.578475,-33.480092],[-70.577878,-33.477049],[-70.577451,-33.475297]]]},"properties":{"id":"OC-131220016","OBJECTID":20255,"nombre":"Americo Vespucio Oriente","escala":"Otras carteras","comunas":"Peñalolén","macrozona":null,"km":0.488,"n_priori":null,"anteproyec":"EN DISEÑO","centerLng":-70.577935,"centerLat":-33.477479,"kind":"proyecto","categoria":"Otras carteras","cartera":"MOP","etapa":"diseño","tipo":"ciclovía","inicio":"Av. El Valle","fin":"Los Presidentes","origen":"Otras carteras"}},{"type":"Feature","geometry":{"type":"MultiLineString","coordinates":[[[-70.574047,-33.48138],[-70.573787,-33.481409],[-70.572177,-33.481866],[-70.571284,-33.482146],[-70.569822,-33.482608],[-70.567792,-33.483222],[-70.564522,-33.48425],[-70.561794,-33.485112],[-70.560935,-33.485381],[-70.560724,-33.485535],[-70.559039,-33.486021],[-70.558362,-33.486242],[-70.558358,-33.486243]]]},"properties":{"id":"OC-131220018","OBJECTID":20256,"nombre":"Los Presidentes","escala":"Otras carteras","comunas":"Peñalolén","macrozona":null,"km":1.54,"n_priori":null,"anteproyec":"PLANIFICADA","centerLng":-70.565588,"centerLat":-33.483955,"kind":"proyecto","categoria":"Otras carteras","cartera":"Municipios","etapa":"planificadas","tipo":"ciclovía","inicio":"Santa Maria","fin":"Av. Tobalaba","origen":"Otras carteras"}},{"type":"Feature","geometry":{"type":"MultiLineString","coordinates":[[[-70.569501,-33.492913],[-70.569325,-33.492978],[-70.569462,-33.493378],[-70.571484,-33.496307],[-70.571515,-33.496418],[-70.571465,-33.496534],[-70.571394,-33.496582],[-70.56866,-33.497639],[-70.568332,-33.497846],[-70.567431,-33.498179],[-70.56675,-33.498283],[-70.564675,-33.498532],[-70.560419,-33.498959]]]},"properties":{"id":"OC-131220020","OBJECTID":20257,"nombre":"Quilin","escala":"Otras carteras","comunas":"Peñalolén","macrozona":null,"km":1.9,"n_priori":null,"anteproyec":"PLANIFICADA","centerLng":-70.568493,"centerLat":-33.496504,"kind":"proyecto","categoria":"Otras carteras","cartera":"Municipios","etapa":"planificadas","tipo":"ciclovía","inicio":"Quilin","fin":"Tobalaba","origen":"Otras carteras"}},{"type":"Feature","geometry":{"type":"MultiLineString","coordinates":[[[-70.573277,-33.500016],[-70.573858,-33.499899],[-70.574628,-33.499784],[-70.574175,-33.499138],[-70.573754,-33.498479],[-70.573058,-33.497366],[-70.572405,-33.497498],[-70.572315,-33.497509],[-70.572256,-33.497488],[-70.572188,-33.497409],[-70.57172,-33.49664],[-70.571484,-33.496307]]]},"properties":{"id":"OC-131220021","OBJECTID":20258,"nombre":"Camino El Almendral-Los Cerezos","escala":"Otras carteras","comunas":"Peñalolén","macrozona":null,"km":0.66,"n_priori":null,"anteproyec":"PLANIFICADA","centerLng":-70.572926,"centerLat":-33.498128,"kind":"proyecto","categoria":"Otras carteras","cartera":"Municipios","etapa":"planificadas","tipo":"ciclovía","inicio":"Quilin","fin":"El Chuncho","origen":"Otras carteras"}},{"type":"Feature","geometry":{"type":"MultiLineString","coordinates":[[[-70.576207,-33.468715],[-70.576,-33.468816],[-70.57579,-33.469037],[-70.575666,-33.469161],[-70.575625,-33.469253],[-70.57557,-33.469344],[-70.575519,-33.469472],[-70.575511,-33.469596],[-70.575558,-33.469727],[-70.575637,-33.469931],[-70.575786,-33.470128],[-70.575939,-33.470225],[-70.576267,-33.470371],[-70.576288,-33.470429],[-70.576691,-33.470407]]]},"properties":{"id":"OC-131220022","OBJECTID":20259,"nombre":"Grecia","escala":"Otras carteras","comunas":"Peñalolén","macrozona":null,"km":0.279,"n_priori":null,"anteproyec":"EN EJECUCIÓN","centerLng":-70.57587,"centerLat":-33.469641,"kind":"proyecto","categoria":"Otras carteras","cartera":"MOP","etapa":"ejecución","tipo":"ciclovía","inicio":"Rotonda Grecia Poniente","fin":"Egana","origen":"Otras carteras"}},{"type":"Feature","geometry":{"type":"MultiLineString","coordinates":[[[-70.552326,-33.50008],[-70.550243,-33.500314],[-70.546836,-33.500887],[-70.54482,-33.501191],[-70.543657,-33.501351]]]},"properties":{"id":"OC-131220023","OBJECTID":20260,"nombre":"Quilin","escala":"Otras carteras","comunas":"Peñalolén","macrozona":null,"km":0.88,"n_priori":null,"anteproyec":"PLANIFICADA","centerLng":-70.547576,"centerLat":-33.500765,"kind":"proyecto","categoria":"Otras carteras","cartera":"Municipios","etapa":"planificadas","tipo":"ciclovía","inicio":"Tobalaba","fin":"Las Perdices","origen":"Otras carteras"}},{"type":"Feature","geometry":{"type":"MultiLineString","coordinates":[[[-70.552247,-33.50009],[-70.553754,-33.499921],[-70.555784,-33.499636],[-70.557858,-33.499343],[-70.559361,-33.49913],[-70.560228,-33.499031],[-70.560425,-33.499014]]]},"properties":{"id":"OC-131220024","OBJECTID":20261,"nombre":"Av. Quilín Sur","escala":"Otras carteras","comunas":"Peñalolén","macrozona":null,"km":0.78,"n_priori":null,"anteproyec":"EN DISEÑO","centerLng":-70.557094,"centerLat":-33.499452,"kind":"proyecto","categoria":"Otras carteras","cartera":"Municipios","etapa":"diseño","tipo":"ciclovía","inicio":"Av. Consistorial","fin":"Av. Tobalaba","origen":"Otras carteras"}},{"type":"Feature","geometry":{"type":"MultiLineString","coordinates":[[[-70.558379,-33.48628],[-70.557707,-33.478623],[-70.55561,-33.475228],[-70.55487,-33.473261],[-70.554218,-33.472274],[-70.552035,-33.469549],[-70.549985,-33.467085],[-70.549926,-33.46689],[-70.549863,-33.466391],[-70.550146,-33.465163],[-70.550524,-33.464292],[-70.551399,-33.462666]]]},"properties":{"id":"OC-131220029","OBJECTID":20262,"nombre":"Tobalaba - Sanchez Fontecilla","escala":"Otras carteras","comunas":"Peñalolén","macrozona":null,"km":2.84,"n_priori":null,"anteproyec":"EN DISEÑO","centerLng":-70.552888,"centerLat":-33.470642,"kind":"proyecto","categoria":"Otras carteras","cartera":"Municipios","etapa":"diseño","tipo":"ciclovía","inicio":"Av. Departamental","fin":"José Arrieta","origen":"Otras carteras"}},{"type":"Feature","geometry":{"type":"MultiLineString","coordinates":[[[-70.608937,-33.424168],[-70.606758,-33.423681],[-70.602685,-33.422771],[-70.601081,-33.422434],[-70.600091,-33.422228],[-70.598439,-33.421879],[-70.597089,-33.421583]]]},"properties":{"id":"OC-131230038","OBJECTID":20263,"nombre":"Lota","escala":"Otras carteras","comunas":"Providencia","macrozona":null,"km":1.13,"n_priori":null,"anteproyec":"EN DISEÑO","centerLng":-70.602154,"centerLat":-33.422678,"kind":"proyecto","categoria":"Otras carteras","cartera":"Municipios","etapa":"diseño","tipo":"ciclovía","inicio":"Ricardo Lyon","fin":"Tobalaba","origen":"Otras carteras"}},{"type":"Feature","geometry":{"type":"MultiLineString","coordinates":[[[-70.582408,-33.43401],[-70.583099,-33.434819],[-70.586978,-33.439195],[-70.58724,-33.439502],[-70.58766,-33.440177],[-70.5886,-33.441621],[-70.589486,-33.443021],[-70.590375,-33.444429],[-70.590975,-33.44532],[-70.591308,-33.445881],[-70.591717,-33.446484],[-70.592773,-33.447695]]]},"properties":{"id":"OC-131230040","OBJECTID":20264,"nombre":"Eliecer Parada","escala":"Otras carteras","comunas":"Providencia","macrozona":null,"km":1.8,"n_priori":null,"anteproyec":"PLANIFICADA","centerLng":-70.588552,"centerLat":-33.441846,"kind":"proyecto","categoria":"Otras carteras","cartera":"Municipios","etapa":"planificadas","tipo":"ciclovía","inicio":"Jaime Guzmán Errázuriz","fin":"Tobalaba","origen":"Otras carteras"}},{"type":"Feature","geometry":{"type":"MultiLineString","coordinates":[[[-70.614232,-33.437936],[-70.615809,-33.438246],[-70.616716,-33.438385],[-70.617273,-33.438481],[-70.618479,-33.43875],[-70.618537,-33.438764],[-70.619963,-33.439062],[-70.620716,-33.439224],[-70.620911,-33.439237],[-70.621505,-33.4392],[-70.621787,-33.439186],[-70.622082,-33.439242],[-70.624659,-33.43978],[-70.626825,-33.440243],[-70.628811,-33.440657],[-70.629992,-33.440907],[-70.631415,-33.441189]]]},"properties":{"id":"OC-131230046","OBJECTID":20265,"nombre":"Rancagua-Alferez Real","escala":"Otras carteras","comunas":"Providencia","macrozona":null,"km":1.64,"n_priori":null,"anteproyec":"PLANIFICADA","centerLng":-70.621748,"centerLat":-33.439323,"kind":"proyecto","categoria":"Otras carteras","cartera":"Municipios","etapa":"planificadas","tipo":"ciclovía","inicio":"Vicuna Mackenna","fin":"Antonio Varas","origen":"Otras carteras"}},{"type":"Feature","geometry":{"type":"MultiLineString","coordinates":[[[-70.600818,-33.420217],[-70.600091,-33.422228],[-70.599588,-33.423473],[-70.599311,-33.424133],[-70.598568,-33.426021],[-70.598227,-33.427082],[-70.597671,-33.428884],[-70.59715,-33.430424],[-70.596896,-33.431295],[-70.596264,-33.43317]]]},"properties":{"id":"OC-131230047","OBJECTID":20266,"nombre":"Hernando De Aguirre","escala":"Otras carteras","comunas":"Providencia","macrozona":null,"km":1.5,"n_priori":null,"anteproyec":"EN DISEÑO","centerLng":-70.598458,"centerLat":-33.426693,"kind":"proyecto","categoria":"Otras carteras","cartera":"Municipios","etapa":"diseño","tipo":"ciclovía","inicio":"San Pio X","fin":"Pocuro","origen":"Otras carteras"}},{"type":"Feature","geometry":{"type":"MultiLineString","coordinates":[[[-70.596264,-33.43317],[-70.595693,-33.435053],[-70.595167,-33.436671],[-70.594893,-33.437247],[-70.594553,-33.437832],[-70.594192,-33.438342],[-70.593756,-33.438852],[-70.59321,-33.439364],[-70.592072,-33.440441],[-70.59173,-33.440636],[-70.591395,-33.44076],[-70.591117,-33.440831],[-70.590752,-33.440859],[-70.590346,-33.440894],[-70.590033,-33.44098],[-70.589107,-33.441381],[-70.5886,-33.441621]]]},"properties":{"id":"OC-131230048","OBJECTID":20267,"nombre":"Hernando De Aguirre","escala":"Otras carteras","comunas":"Providencia","macrozona":null,"km":1.27,"n_priori":null,"anteproyec":"PLANIFICADA","centerLng":-70.592522,"centerLat":-33.439114,"kind":"proyecto","categoria":"Otras carteras","cartera":"Municipios","etapa":"planificadas","tipo":"ciclovía","inicio":"Pocuro","fin":"Eliecer Parada","origen":"Otras carteras"}},{"type":"Feature","geometry":{"type":"MultiLineString","coordinates":[[[-70.598935,-33.420255],[-70.599986,-33.419478],[-70.600784,-33.418861],[-70.600856,-33.418811],[-70.601458,-33.418332],[-70.601554,-33.41813],[-70.601773,-33.41792],[-70.601999,-33.417798],[-70.602366,-33.417674],[-70.602885,-33.417512],[-70.603306,-33.417435],[-70.603637,-33.417391],[-70.604177,-33.417384],[-70.604315,-33.41741],[-70.604538,-33.417411],[-70.604859,-33.417343],[-70.605034,-33.417202]]]},"properties":{"id":"OC-131230049","OBJECTID":20268,"nombre":"Tobalaba","escala":"Otras carteras","comunas":"Providencia","macrozona":null,"km":0.69,"n_priori":null,"anteproyec":"EN DISEÑO","centerLng":-70.602498,"centerLat":-33.41802,"kind":"proyecto","categoria":"Otras carteras","cartera":"Municipios","etapa":"diseño","tipo":"ciclovía","inicio":"Andres Bello","fin":"El Bosque","origen":"Otras carteras"}},{"type":"Feature","geometry":{"type":"MultiLineString","coordinates":[[[-70.621505,-33.4392],[-70.621888,-33.438009],[-70.622391,-33.436341],[-70.622569,-33.435977],[-70.622998,-33.43456],[-70.623384,-33.433402]]]},"properties":{"id":"OC-131230050","OBJECTID":20269,"nombre":"Jose Manuel Infante","escala":"Otras carteras","comunas":"Providencia","macrozona":null,"km":0.67,"n_priori":null,"anteproyec":"EN DISEÑO","centerLng":-70.622456,"centerLat":-33.436248,"kind":"proyecto","categoria":"Otras carteras","cartera":"Municipios","etapa":"diseño","tipo":"ciclovía","inicio":"Eliodoro Yanez","fin":"Alferez Real","origen":"Otras carteras"}},{"type":"Feature","geometry":{"type":"MultiLineString","coordinates":[[[-70.622094,-33.430048],[-70.622259,-33.42988],[-70.622476,-33.429529],[-70.623184,-33.428954],[-70.623285,-33.428857]]]},"properties":{"id":"OC-131230051","OBJECTID":20270,"nombre":"Miguel Claro","escala":"Otras carteras","comunas":"Providencia","macrozona":null,"km":0.17,"n_priori":null,"anteproyec":"PLANIFICADA","centerLng":-70.62266,"centerLat":-33.429454,"kind":"proyecto","categoria":"Otras carteras","cartera":"Municipios","etapa":"planificadas","tipo":"ciclovía","inicio":"Andres Bello","fin":"Providencia","origen":"Otras carteras"}},{"type":"Feature","geometry":{"type":"MultiLineString","coordinates":[[[-70.623942,-33.442263],[-70.623552,-33.443551]]]},"properties":{"id":"OC-131230052","OBJECTID":20271,"nombre":"Salvador","escala":"Otras carteras","comunas":"Providencia","macrozona":null,"km":0.15,"n_priori":null,"anteproyec":"PLANIFICADA","centerLng":-70.623747,"centerLat":-33.442907,"kind":"proyecto","categoria":"Otras carteras","cartera":"Municipios","etapa":"planificadas","tipo":"ciclovía","inicio":"Pedro Leon Gallo","fin":"Marin","origen":"Otras carteras"}},{"type":"Feature","geometry":{"type":"MultiLineString","coordinates":[[[-70.622701,-33.427473],[-70.62143,-33.427808],[-70.620999,-33.427993],[-70.620819,-33.428159],[-70.620639,-33.428372],[-70.620234,-33.428972],[-70.619776,-33.429655],[-70.618825,-33.431087],[-70.618117,-33.432178],[-70.617382,-33.433266],[-70.616603,-33.434822],[-70.616253,-33.43637],[-70.616142,-33.436777],[-70.615809,-33.438246],[-70.615538,-33.439417],[-70.615298,-33.440494],[-70.615267,-33.440622],[-70.615052,-33.441602],[-70.614811,-33.442643],[-70.61432,-33.444833],[-70.613877,-33.446831],[-70.613731,-33.447559]]]},"properties":{"id":"OC-131230053","OBJECTID":20272,"nombre":"Manuel Montt","escala":"Otras carteras","comunas":"Providencia","macrozona":null,"km":2.47,"n_priori":null,"anteproyec":"PLANIFICADA","centerLng":-70.617437,"centerLat":-33.43569,"kind":"proyecto","categoria":"Otras carteras","cartera":"Municipios","etapa":"planificadas","tipo":"ciclovía","inicio":"Andres Bello","fin":"Rengo","origen":"Otras carteras"}},{"type":"Feature","geometry":{"type":"MultiLineString","coordinates":[[[-70.617445,-33.415486],[-70.617444,-33.415486],[-70.617264,-33.415433],[-70.616301,-33.415445],[-70.613718,-33.415502],[-70.613183,-33.415545],[-70.61289,-33.415597],[-70.612318,-33.415708],[-70.611959,-33.415804],[-70.611784,-33.415814],[-70.611631,-33.415725],[-70.610071,-33.416019],[-70.609027,-33.416236],[-70.608388,-33.416284]]]},"properties":{"id":"OC-131230054","OBJECTID":20273,"nombre":"El Cerro","escala":"Otras carteras","comunas":"Providencia","macrozona":null,"km":0.86,"n_priori":null,"anteproyec":"PLANIFICADA","centerLng":-70.613102,"centerLat":-33.41572,"kind":"proyecto","categoria":"Otras carteras","cartera":"Municipios","etapa":"planificadas","tipo":"ciclovía","inicio":"Pedro De Valdivia Norte","fin":"Santa Maria","origen":"Otras carteras"}},{"type":"Feature","geometry":{"type":"MultiLineString","coordinates":[[[-70.621177,-33.418019],[-70.620746,-33.418377],[-70.619942,-33.418978],[-70.618094,-33.420358],[-70.61743,-33.420864],[-70.6167,-33.421367]]]},"properties":{"id":"OC-131230055","OBJECTID":20274,"nombre":"Monsenor Carlos Casanueva","escala":"Otras carteras","comunas":"Providencia","macrozona":null,"km":0.56,"n_priori":null,"anteproyec":"EN DISEÑO","centerLng":-70.619015,"centerLat":-33.41966,"kind":"proyecto","categoria":"Otras carteras","cartera":"Municipios","etapa":"diseño","tipo":"ciclovía","inicio":"Paseo Metropolitano","fin":"Santa Maria","origen":"Otras carteras"}},{"type":"Feature","geometry":{"type":"MultiLineString","coordinates":[[[-70.597595,-33.43349],[-70.59673,-33.436215],[-70.596035,-33.438439],[-70.595872,-33.438843],[-70.59573,-33.439135],[-70.595537,-33.439464],[-70.595338,-33.439733],[-70.59485,-33.440276],[-70.594747,-33.440345],[-70.5946,-33.440371],[-70.594317,-33.440442],[-70.594252,-33.440542],[-70.594241,-33.44062],[-70.594128,-33.441223],[-70.593908,-33.442682],[-70.593903,-33.44296],[-70.593919,-33.443067],[-70.593964,-33.443162],[-70.596091,-33.445974]]]},"properties":{"id":"OC-131230056","OBJECTID":20275,"nombre":"Luis Tayher Ojeda-Chile Espana","escala":"Otras carteras","comunas":"Providencia","macrozona":null,"km":1.53,"n_priori":null,"anteproyec":"PLANIFICADA","centerLng":-70.59504,"centerLat":-33.440368,"kind":"proyecto","categoria":"Otras carteras","cartera":"Municipios","etapa":"planificadas","tipo":"ciclovía","inicio":"Pocuro","fin":"Jaime Guzman Errazuriz","origen":"Otras carteras"}},{"type":"Feature","geometry":{"type":"MultiLineString","coordinates":[[[-70.611265,-33.438433],[-70.610841,-33.438319],[-70.610338,-33.43826],[-70.609957,-33.438289],[-70.609803,-33.438256],[-70.609695,-33.438183],[-70.609773,-33.437825],[-70.609124,-33.437687],[-70.607729,-33.437285]]]},"properties":{"id":"OC-131230057","OBJECTID":20276,"nombre":"California-Fco Bilbao","escala":"Otras carteras","comunas":"Providencia","macrozona":null,"km":0.39,"n_priori":null,"anteproyec":"PLANIFICADA","centerLng":-70.609836,"centerLat":-33.43806,"kind":"proyecto","categoria":"Otras carteras","cartera":"MTT","etapa":"planificadas","tipo":"ciclovía","inicio":"Francisco Bilbao","fin":"Pedro De Valdivia","origen":"Otras carteras"}},{"type":"Feature","geometry":{"type":"MultiLineString","coordinates":[[[-70.632258,-33.442876],[-70.632469,-33.442956],[-70.633239,-33.443253],[-70.6334,-33.443356],[-70.633421,-33.443361],[-70.633602,-33.443403],[-70.633653,-33.443414]]]},"properties":{"id":"OC-131230058","OBJECTID":20277,"nombre":"Bilbao","escala":"Otras carteras","comunas":"Providencia","macrozona":null,"km":0.14,"n_priori":null,"anteproyec":"PLANIFICADA","centerLng":-70.633149,"centerLat":-33.443231,"kind":"proyecto","categoria":"Otras carteras","cartera":"MTT","etapa":"planificadas","tipo":"ciclovía","inicio":"Ramon Carnicer","fin":"Curico","origen":"Otras carteras"}},{"type":"Feature","geometry":{"type":"MultiLineString","coordinates":[[[-70.631963,-33.442647],[-70.631996,-33.442655],[-70.632024,-33.442678],[-70.632068,-33.442688],[-70.632218,-33.442722],[-70.632282,-33.442744],[-70.632309,-33.44276],[-70.632277,-33.442832],[-70.632258,-33.442876]]]},"properties":{"id":"OC-131230059","OBJECTID":20278,"nombre":"Bilbao","escala":"Otras carteras","comunas":"Providencia","macrozona":null,"km":0.05,"n_priori":null,"anteproyec":"PLANIFICADA","centerLng":-70.632155,"centerLat":-33.442734,"kind":"proyecto","categoria":"Otras carteras","cartera":"MTT","etapa":"planificadas","tipo":"ciclovía","inicio":"Parque Bustamante","fin":"Bilbao","origen":"Otras carteras"}},{"type":"Feature","geometry":{"type":"MultiLineString","coordinates":[[[-70.62223,-33.441905],[-70.621923,-33.442965],[-70.62359,-33.443306],[-70.623524,-33.443542],[-70.623552,-33.443551],[-70.623545,-33.443573]]]},"properties":{"id":"OC-131230060","OBJECTID":20279,"nombre":"Nestor Aracena-Julio Prado","escala":"Otras carteras","comunas":"Providencia","macrozona":null,"km":0.31,"n_priori":null,"anteproyec":"PLANIFICADA","centerLng":-70.623061,"centerLat":-33.44314,"kind":"proyecto","categoria":"Otras carteras","cartera":"MTT","etapa":"planificadas","tipo":"ciclovía","inicio":"Savador","fin":"Pedro Leon Gallo","origen":"Otras carteras"}},{"type":"Feature","geometry":{"type":"MultiLineString","coordinates":[[[-70.623305,-33.428837],[-70.623285,-33.428857],[-70.623462,-33.428997],[-70.623547,-33.429064],[-70.623597,-33.429104],[-70.623822,-33.429046],[-70.62401,-33.429245],[-70.624138,-33.429379],[-70.624316,-33.429664],[-70.62458,-33.430088],[-70.624701,-33.430251],[-70.625066,-33.43074],[-70.625484,-33.431273],[-70.625546,-33.431353],[-70.625637,-33.431447],[-70.62573,-33.431547],[-70.625869,-33.431699],[-70.625674,-33.431852],[-70.625797,-33.432],[-70.625896,-33.432096],[-70.626355,-33.432517],[-70.627442,-33.433488],[-70.628396,-33.434157],[-70.629147,-33.434481],[-70.630775,-33.435199],[-70.631932,-33.435666],[-70.631667,-33.436193],[-70.632227,-33.436373],[-70.632773,-33.436604],[-70.63295,-33.436627],[-70.633198,-33.436583],[-70.633485,-33.436569],[-70.633694,-33.436582],[-70.634034,-33.436583],[-70.634276,-33.436568],[-70.634522,-33.436547],[-70.634879,-33.436535],[-70.635251,-33.436542]]]},"properties":{"id":"OC-131230061","OBJECTID":20280,"nombre":"Andres Bello","escala":"Otras carteras","comunas":"Providencia","macrozona":null,"km":1.59,"n_priori":null,"anteproyec":"PLANIFICADA","centerLng":-70.62817,"centerLat":-33.432904,"kind":"proyecto","categoria":"Otras carteras","cartera":"MTT","etapa":"planificadas","tipo":"ciclovía","inicio":"Miguel Claro","fin":"Vicuna Mackenna","origen":"Otras carteras"}},{"type":"Feature","geometry":{"type":"MultiLineString","coordinates":[[[-70.635385,-33.436266],[-70.635238,-33.436291],[-70.635242,-33.436378],[-70.635251,-33.436542],[-70.635251,-33.436559],[-70.635255,-33.436776],[-70.635164,-33.436985],[-70.635107,-33.437152],[-70.635082,-33.43723],[-70.634961,-33.437398],[-70.634835,-33.437368],[-70.634671,-33.437401],[-70.634501,-33.437401],[-70.634244,-33.437367],[-70.634019,-33.43733],[-70.63392,-33.43735],[-70.633816,-33.437419],[-70.633747,-33.4375],[-70.633626,-33.437479],[-70.633559,-33.437465],[-70.633075,-33.437361]]]},"properties":{"id":"OC-131230062","OBJECTID":20281,"nombre":"Pio Nono","escala":"Otras carteras","comunas":"Providencia","macrozona":null,"km":0.33,"n_priori":null,"anteproyec":"PLANIFICADA","centerLng":-70.634569,"centerLat":-33.437096,"kind":"proyecto","categoria":"Otras carteras","cartera":"MTT","etapa":"planificadas","tipo":"ciclovía","inicio":"General Bustamante","fin":"Bellavista","origen":"Otras carteras"}},{"type":"Feature","geometry":{"type":"MultiLineString","coordinates":[[[-70.632258,-33.442876],[-70.632258,-33.442876],[-70.632252,-33.442889],[-70.632228,-33.442895],[-70.63217,-33.442883],[-70.632152,-33.442916],[-70.63211,-33.443076],[-70.632093,-33.443098],[-70.632064,-33.443094],[-70.63196,-33.443076]]]},"properties":{"id":"OC-131230063","OBJECTID":20282,"nombre":"Bilbao","escala":"Otras carteras","comunas":"Providencia","macrozona":null,"km":0.05,"n_priori":null,"anteproyec":"PLANIFICADA","centerLng":-70.632154,"centerLat":-33.442968,"kind":"proyecto","categoria":"Otras carteras","cartera":"MTT","etapa":"planificadas","tipo":"ciclovía","inicio":"Parque Bustamante","fin":"Bilbao","origen":"Otras carteras"}},{"type":"Feature","geometry":{"type":"MultiLineString","coordinates":[[[-70.625749,-33.431714],[-70.624099,-33.429706],[-70.622937,-33.428569],[-70.62154,-33.424903],[-70.620874,-33.424259],[-70.61942,-33.423531],[-70.617861,-33.422994],[-70.614977,-33.422198],[-70.612849,-33.421252],[-70.610416,-33.419699],[-70.607189,-33.416518]]]},"properties":{"id":"OC-131230067","OBJECTID":20283,"nombre":"Av. Andrés Bello","escala":"Otras carteras","comunas":"Providencia","macrozona":null,"km":2.51,"n_priori":null,"anteproyec":"EN DISEÑO","centerLng":-70.617992,"centerLat":-33.424122,"kind":"proyecto","categoria":"Otras carteras","cartera":"Municipios","etapa":"diseño","tipo":"ciclovía","inicio":"Nueva Tajamar","fin":"Eliodoro Yáñez","origen":"Otras carteras"}},{"type":"Feature","geometry":{"type":"MultiLineString","coordinates":[[[-70.754635,-33.451408],[-70.754667,-33.452517],[-70.754518,-33.452781],[-70.754271,-33.453049],[-70.75399,-33.453234],[-70.753374,-33.453413],[-70.751375,-33.453812],[-70.750997,-33.454119],[-70.750779,-33.454642]]]},"properties":{"id":"OC-131240003","OBJECTID":20284,"nombre":"Diagonal La Estrella","escala":"Otras carteras","comunas":"Pudahuel","macrozona":null,"km":0.44,"n_priori":null,"anteproyec":"EN DISEÑO","centerLng":-70.753178,"centerLat":-33.453219,"kind":"proyecto","categoria":"Otras carteras","cartera":"Municipios","etapa":"diseño","tipo":"ciclovía temporal/piloto","inicio":"La Estrella","fin":"Oceanía","origen":"Otras carteras"}},{"type":"Feature","geometry":{"type":"MultiLineString","coordinates":[[[-70.738813,-33.454349],[-70.749994,-33.452212]]]},"properties":{"id":"OC-131240004","OBJECTID":20285,"nombre":"Claudio Arrau","escala":"Otras carteras","comunas":"Pudahuel","macrozona":null,"km":1.04,"n_priori":null,"anteproyec":"EN DISEÑO","centerLng":-70.744404,"centerLat":-33.453281,"kind":"proyecto","categoria":"Otras carteras","cartera":"Municipios","etapa":"diseño","tipo":"ciclovía temporal/piloto","inicio":"Teniente Cruz","fin":"La Estrella","origen":"Otras carteras"}},{"type":"Feature","geometry":{"type":"MultiLineString","coordinates":[[[-70.764767,-33.426938],[-70.765718,-33.426421],[-70.766262,-33.426124],[-70.766794,-33.425872],[-70.76713,-33.425798],[-70.767442,-33.425783],[-70.767778,-33.425813],[-70.768752,-33.425891],[-70.769976,-33.425825],[-70.771388,-33.425738],[-70.772166,-33.425651],[-70.772561,-33.425576],[-70.77313,-33.425402],[-70.773745,-33.425193]]]},"properties":{"id":"OC-131240007","OBJECTID":20286,"nombre":"José Joaquín Pérez","escala":"Otras carteras","comunas":"Pudahuel","macrozona":null,"km":0.88,"n_priori":null,"anteproyec":"PLANIFICADA","centerLng":-70.769115,"centerLat":-33.425859,"kind":"proyecto","categoria":"Otras carteras","cartera":"Municipios","etapa":"planificadas","tipo":"ciclovía","inicio":"El Retiro","fin":"Ranco","origen":"Otras carteras"}},{"type":"Feature","geometry":{"type":"MultiLineString","coordinates":[[[-70.746636,-33.429989],[-70.747729,-33.431488],[-70.748096,-33.43186],[-70.748551,-33.432121],[-70.748805,-33.432192],[-70.749567,-33.432264],[-70.750605,-33.43229],[-70.750613,-33.432289],[-70.754574,-33.431693],[-70.758298,-33.43116],[-70.762091,-33.430387],[-70.76212,-33.430381],[-70.762726,-33.430261],[-70.763359,-33.430054],[-70.764268,-33.429719],[-70.765028,-33.429476]]]},"properties":{"id":"OC-131240008","OBJECTID":20287,"nombre":"San Daniel","escala":"Otras carteras","comunas":"Pudahuel","macrozona":null,"km":1.87,"n_priori":null,"anteproyec":"PLANIFICADA","centerLng":-70.755192,"centerLat":-33.431101,"kind":"proyecto","categoria":"Otras carteras","cartera":"Municipios","etapa":"planificadas","tipo":"ciclovía","inicio":"Federico Errázuriz","fin":"José Joaquín Pérez","origen":"Otras carteras"}},{"type":"Feature","geometry":{"type":"MultiLineString","coordinates":[[[-70.761136,-33.427676],[-70.761162,-33.427939],[-70.761252,-33.428339],[-70.761791,-33.429534],[-70.76212,-33.430381],[-70.762127,-33.430399],[-70.762432,-33.431745],[-70.762552,-33.432627],[-70.762735,-33.43438],[-70.762735,-33.434382],[-70.763267,-33.435821],[-70.7634,-33.436333],[-70.763512,-33.437246],[-70.763622,-33.438242],[-70.763658,-33.438786],[-70.76374,-33.439439],[-70.763886,-33.440585],[-70.764133,-33.442065],[-70.76413,-33.442078],[-70.764059,-33.442474],[-70.763786,-33.443927],[-70.763726,-33.444178],[-70.763449,-33.444826],[-70.763283,-33.445134],[-70.763049,-33.445685],[-70.762277,-33.448108]]]},"properties":{"id":"OC-131240011","OBJECTID":20288,"nombre":"Federico Errázuriz","escala":"Otras carteras","comunas":"Pudahuel","macrozona":null,"km":2.32,"n_priori":null,"anteproyec":"PLANIFICADA","centerLng":-70.762962,"centerLat":-33.437397,"kind":"proyecto","categoria":"Otras carteras","cartera":"Municipios","etapa":"planificadas","tipo":"ciclovía","inicio":"José Joaquín Pérez","fin":"General Oscar Bonilla","origen":"Otras carteras"}},{"type":"Feature","geometry":{"type":"MultiLineString","coordinates":[[[-70.772631,-33.432238],[-70.771553,-33.432274],[-70.770614,-33.432328],[-70.769709,-33.43241],[-70.768983,-33.432516],[-70.768203,-33.43274],[-70.766616,-33.433256]]]},"properties":{"id":"OC-131240012","OBJECTID":20289,"nombre":"Santa Blanca - Corea","escala":"Otras carteras","comunas":"Pudahuel","macrozona":null,"km":0.58,"n_priori":null,"anteproyec":"PLANIFICADA","centerLng":-70.769758,"centerLat":-33.432537,"kind":"proyecto","categoria":"Otras carteras","cartera":"MTT","etapa":"planificadas","tipo":"ciclovía","inicio":"José Manuel Guzmán","fin":"Serrano","origen":"Otras carteras"}},{"type":"Feature","geometry":{"type":"MultiLineString","coordinates":[[[-70.773745,-33.425193],[-70.775166,-33.427455],[-70.775933,-33.428625],[-70.777065,-33.430328],[-70.777274,-33.430646],[-70.777404,-33.430807],[-70.777569,-33.430935],[-70.777959,-33.431144],[-70.778382,-33.431341],[-70.778802,-33.431565],[-70.77952,-33.431918],[-70.779865,-33.432019],[-70.780587,-33.432205],[-70.781673,-33.432323],[-70.782417,-33.432367],[-70.783763,-33.432326],[-70.784904,-33.432304],[-70.788345,-33.432169]]]},"properties":{"id":"OC-131240013","OBJECTID":20290,"nombre":"Los Maitenes","escala":"Otras carteras","comunas":"Pudahuel","macrozona":null,"km":1.77,"n_priori":null,"anteproyec":"PLANIFICADA","centerLng":-70.779465,"centerLat":-33.430871,"kind":"proyecto","categoria":"Otras carteras","cartera":"Municipios","etapa":"planificadas","tipo":"cicloparque","inicio":"La Oración","fin":"Río Viejo Sur","origen":"Otras carteras"}},{"type":"Feature","geometry":{"type":"MultiLineString","coordinates":[[[-70.783725,-33.437223],[-70.783172,-33.43697],[-70.782794,-33.436845],[-70.782516,-33.436829],[-70.782189,-33.436834],[-70.781871,-33.436866],[-70.781611,-33.436958],[-70.779547,-33.437968],[-70.77767,-33.438899],[-70.776108,-33.439676],[-70.775779,-33.439954],[-70.775508,-33.440315],[-70.775354,-33.440843],[-70.775486,-33.443241],[-70.775519,-33.444056]]]},"properties":{"id":"OC-131240015","OBJECTID":20291,"nombre":"Parque Isidora","escala":"Otras carteras","comunas":"Pudahuel","macrozona":null,"km":1.31,"n_priori":null,"anteproyec":"PLANIFICADA","centerLng":-70.779257,"centerLat":-33.438898,"kind":"proyecto","categoria":"Otras carteras","cartera":"Municipios","etapa":"planificadas","tipo":"cicloparque","inicio":"Américo Vespucio","fin":"San Pablo","origen":"Otras carteras"}},{"type":"Feature","geometry":{"type":"MultiLineString","coordinates":[[[-70.767305,-33.448871],[-70.754586,-33.451361],[-70.749994,-33.452259],[-70.749789,-33.452214],[-70.744161,-33.453292],[-70.73875,-33.45433],[-70.731495,-33.455721],[-70.731421,-33.455766],[-70.731339,-33.455892],[-70.731364,-33.45869],[-70.731369,-33.459368],[-70.731404,-33.46099],[-70.731403,-33.461111],[-70.731384,-33.461123],[-70.731292,-33.461183]]]},"properties":{"id":"OC-131240018","OBJECTID":20292,"nombre":"Clarudio Arrau - Las Torres","escala":"Otras carteras","comunas":"Pudahuel","macrozona":null,"km":4.03,"n_priori":null,"anteproyec":"PLANIFICADA","centerLng":-70.739137,"centerLat":-33.456145,"kind":"proyecto","categoria":"Otras carteras","cartera":"Municipios","etapa":"planificadas","tipo":"cicloparque","inicio":"Serrano","fin":"Laguna Sur","origen":"Otras carteras"}},{"type":"Feature","geometry":{"type":"MultiLineString","coordinates":[[[-70.738918,-33.453509],[-70.738858,-33.453758],[-70.73875,-33.45433],[-70.738749,-33.454334],[-70.738617,-33.455697],[-70.738498,-33.456859],[-70.738372,-33.458225],[-70.738368,-33.45826],[-70.738241,-33.459316],[-70.738039,-33.461232],[-70.73786,-33.462844],[-70.73786,-33.462844],[-70.737356,-33.467548],[-70.737276,-33.468398],[-70.737251,-33.468773],[-70.737209,-33.469769],[-70.737148,-33.470951],[-70.73701,-33.47119],[-70.736795,-33.471487]]]},"properties":{"id":"OC-131240022","OBJECTID":20293,"nombre":"Teniente Cruz","escala":"Otras carteras","comunas":"Pudahuel","macrozona":null,"km":2.01,"n_priori":null,"anteproyec":"PLANIFICADA","centerLng":-70.737957,"centerLat":-33.46207,"kind":"proyecto","categoria":"Otras carteras","cartera":"Municipios","etapa":"planificadas","tipo":"ciclovía","inicio":"Los Pajaritos","fin":"General Oscar Bonilla","origen":"Otras carteras"}},{"type":"Feature","geometry":{"type":"MultiLineString","coordinates":[[[-70.740796,-33.429901],[-70.74087,-33.433729],[-70.740942,-33.436366],[-70.74094,-33.436391],[-70.740719,-33.439462],[-70.740547,-33.441886],[-70.740607,-33.444663],[-70.74063,-33.445707],[-70.740558,-33.445855],[-70.740441,-33.44596],[-70.739699,-33.446438],[-70.739604,-33.446533],[-70.739572,-33.446625],[-70.739245,-33.450259],[-70.739074,-33.452606],[-70.739072,-33.45264],[-70.739047,-33.453021],[-70.738985,-33.453244],[-70.738918,-33.453509]]]},"properties":{"id":"OC-131240028","OBJECTID":20294,"nombre":"Teniente Cruz","escala":"Otras carteras","comunas":"Pudahuel","macrozona":null,"km":2.67,"n_priori":null,"anteproyec":"PLANIFICADA","centerLng":-70.740014,"centerLat":-33.444989,"kind":"proyecto","categoria":"Otras carteras","cartera":"Municipios","etapa":"planificadas","tipo":"ciclovía","inicio":"Jose Joaquin Perez","fin":"Ruta 68","origen":"Otras carteras"}},{"type":"Feature","geometry":{"type":"MultiLineString","coordinates":[[[-70.749698,-33.429328],[-70.749817,-33.429719],[-70.75033,-33.431319]]]},"properties":{"id":"OC-131240029","OBJECTID":20295,"nombre":"Rolando Petersen-La Estrella","escala":"Otras carteras","comunas":"Pudahuel","macrozona":null,"km":0.208,"n_priori":null,"anteproyec":"PLANIFICADA","centerLng":-70.749948,"centerLat":-33.430122,"kind":"proyecto","categoria":"Otras carteras","cartera":"MTT","etapa":"planificadas","tipo":"ciclovía","inicio":"Milovan Djilas","fin":"Mostar","origen":"Otras carteras"}},{"type":"Feature","geometry":{"type":"MultiLineString","coordinates":[[[-70.754491,-33.449545],[-70.754477,-33.449671],[-70.754541,-33.449829],[-70.754586,-33.451361],[-70.754588,-33.451438],[-70.754583,-33.451829],[-70.754617,-33.45258],[-70.754576,-33.452763],[-70.754402,-33.453012],[-70.754062,-33.453263],[-70.753859,-33.453341],[-70.753126,-33.453486],[-70.751933,-33.453696],[-70.751452,-33.453811],[-70.751141,-33.453994],[-70.751012,-33.454108],[-70.75088,-33.454247],[-70.750773,-33.45441],[-70.750712,-33.454623],[-70.750692,-33.454768],[-70.75069,-33.454778]]]},"properties":{"id":"OC-131240030","OBJECTID":20296,"nombre":"La Estrella","escala":"Otras carteras","comunas":"Pudahuel","macrozona":null,"km":0.82,"n_priori":null,"anteproyec":"PLANIFICADA","centerLng":-70.752914,"centerLat":-33.452883,"kind":"proyecto","categoria":"Otras carteras","cartera":"MTT","etapa":"planificadas","tipo":"ciclovía","inicio":"General Oscar Bonilla","fin":"Mar Del Sur","origen":"Otras carteras"}},{"type":"Feature","geometry":{"type":"MultiLineString","coordinates":[[[-70.766489,-33.43299],[-70.765139,-33.433349],[-70.7649,-33.433428],[-70.762735,-33.43438],[-70.762733,-33.434381],[-70.761622,-33.434609],[-70.760434,-33.434873],[-70.758863,-33.435409],[-70.758676,-33.435477],[-70.75842,-33.435545],[-70.756744,-33.435929],[-70.755678,-33.436153],[-70.754725,-33.436317],[-70.753898,-33.436428],[-70.751996,-33.436628],[-70.75199,-33.436629],[-70.747923,-33.436461],[-70.746138,-33.436401],[-70.745527,-33.436379],[-70.74094,-33.436391],[-70.740931,-33.436391],[-70.740883,-33.436391]]]},"properties":{"id":"OC-131240031","OBJECTID":20297,"nombre":"San Francisco","escala":"Otras carteras","comunas":"Pudahuel","macrozona":null,"km":2.45,"n_priori":null,"anteproyec":"PLANIFICADA","centerLng":-70.754881,"centerLat":-33.435497,"kind":"proyecto","categoria":"Otras carteras","cartera":"MTT","etapa":"planificadas","tipo":"ciclovía","inicio":"Serrano","fin":"Sergio Valdovinos","origen":"Otras carteras"}},{"type":"Feature","geometry":{"type":"MultiLineString","coordinates":[[[-70.791513,-33.432032],[-70.793756,-33.431963]]]},"properties":{"id":"OC-131240038","OBJECTID":20298,"nombre":"Los Alerces","escala":"Otras carteras","comunas":"Pudahuel","macrozona":null,"km":0.21,"n_priori":null,"anteproyec":"EN DISEÑO","centerLng":-70.792634,"centerLat":-33.431998,"kind":"proyecto","categoria":"Otras carteras","cartera":"Privados","etapa":"diseño","tipo":"ciclovía","inicio":"Av. Boulevard","fin":"Frente Acceso Parque Logístico","origen":"Otras carteras"}},{"type":"Feature","geometry":{"type":"MultiLineString","coordinates":[[[-70.84352,-33.415984],[-70.843518,-33.415989],[-70.843501,-33.416004],[-70.843497,-33.416011],[-70.843486,-33.416027],[-70.843484,-33.416029],[-70.843474,-33.416038],[-70.843455,-33.416057],[-70.843446,-33.416064],[-70.843434,-33.416079],[-70.843423,-33.416089],[-70.8434,-33.416114],[-70.843389,-33.41613],[-70.843381,-33.416144],[-70.843373,-33.416159],[-70.843366,-33.416171],[-70.843358,-33.416178],[-70.843349,-33.416189],[-70.843335,-33.416201],[-70.84332,-33.416213],[-70.8433,-33.416222],[-70.843277,-33.416223],[-70.843258,-33.416213],[-70.843244,-33.416203],[-70.843226,-33.416192],[-70.843215,-33.416187],[-70.843204,-33.416179],[-70.843194,-33.416171],[-70.843185,-33.416163],[-70.843176,-33.416153],[-70.843167,-33.416146],[-70.843152,-33.416134],[-70.843137,-33.416122],[-70.84313,-33.416109],[-70.843124,-33.4161],[-70.843113,-33.416088],[-70.84311,-33.416076],[-70.843102,-33.416061],[-70.843093,-33.416051],[-70.843089,-33.41604],[-70.84308,-33.416029],[-70.843078,-33.41602],[-70.843071,-33.416004],[-70.843069,-33.415992],[-70.843064,-33.415981],[-70.843058,-33.415965],[-70.843057,-33.415954],[-70.843055,-33.415945],[-70.843055,-33.41593],[-70.843057,-33.415917],[-70.843055,-33.415905],[-70.843059,-33.41589],[-70.843056,-33.415881],[-70.843061,-33.415866],[-70.843063,-33.415846],[-70.843062,-33.415831],[-70.843069,-33.415822],[-70.843067,-33.415809],[-70.843069,-33.4158],[-70.843071,-33.415784],[-70.84307,-33.415765],[-70.843072,-33.415752],[-70.843074,-33.415739],[-70.843072,-33.415726],[-70.843072,-33.415723],[-70.843068,-33.415708],[-70.843061,-33.415691],[-70.843056,-33.41568],[-70.843047,-33.415665],[-70.84304,-33.415655],[-70.843027,-33.415644],[-70.843024,-33.415635],[-70.84302,-33.41562],[-70.843013,-33.415614],[-70.843002,-33.415601],[-70.842986,-33.415584],[-70.842979,-33.415574],[-70.84297,-33.415563],[-70.842956,-33.415551],[-70.842945,-33.415542],[-70.842929,-33.415528],[-70.842917,-33.415518],[-70.842901,-33.415504],[-70.842892,-33.415497],[-70.842878,-33.415485],[-70.842864,-33.415473],[-70.842855,-33.415465],[-70.842836,-33.41545],[-70.842827,-33.415442],[-70.842818,-33.415434],[-70.842806,-33.415424],[-70.842794,-33.415414],[-70.842778,-33.415401],[-70.842769,-33.415393],[-70.842757,-33.415383],[-70.842743,-33.415371],[-70.842688,-33.415322],[-70.842595,-33.415227],[-70.842406,-33.415027],[-70.842109,-33.414706],[-70.841842,-33.414421],[-70.841328,-33.413911],[-70.840889,-33.413486],[-70.840164,-33.41286],[-70.839644,-33.412418]]]},"properties":{"id":"OC-131240039","OBJECTID":20299,"nombre":"Calle C5","escala":"Otras carteras","comunas":"Pudahuel","macrozona":null,"km":0.59,"n_priori":null,"anteproyec":"EN DISEÑO","centerLng":-70.84298,"centerLat":-33.415719,"kind":"proyecto","categoria":"Otras carteras","cartera":"Municipios","etapa":"diseño","tipo":"ciclovía","inicio":"Camino a Noviciado","fin":"Calle S8","origen":"Otras carteras"}},{"type":"Feature","geometry":{"type":"MultiLineString","coordinates":[[[-70.804273,-33.431509],[-70.800781,-33.431728]]]},"properties":{"id":"OC-131240040","OBJECTID":20300,"nombre":"Av. El Retiro Parque Los Maitenes","escala":"Otras carteras","comunas":"Pudahuel","macrozona":null,"km":0.352,"n_priori":null,"anteproyec":"EN DISEÑO","centerLng":-70.802527,"centerLat":-33.431618,"kind":"proyecto","categoria":"Otras carteras","cartera":"Privados","etapa":"diseño","tipo":"ciclovía","inicio":"Av. El Parque","fin":"Retorno a 352 m de Av. El Parque","origen":"Otras carteras"}},{"type":"Feature","geometry":{"type":"MultiLineString","coordinates":[[[-70.800411,-33.428898],[-70.800393,-33.431276],[-70.800447,-33.433121]]]},"properties":{"id":"OC-131240041","OBJECTID":20301,"nombre":"Av. El Parque","escala":"Otras carteras","comunas":"Pudahuel","macrozona":null,"km":0.47,"n_priori":null,"anteproyec":"EN DISEÑO","centerLng":-70.800417,"centerLat":-33.431098,"kind":"proyecto","categoria":"Otras carteras","cartera":"Privados","etapa":"diseño","tipo":"ciclovía","inicio":"El Parque","fin":"86 Metros al sur de Av. El Retiro Parque Los Maitenes","origen":"Otras carteras"}},{"type":"Feature","geometry":{"type":"MultiLineString","coordinates":[[[-70.790834,-33.358363],[-70.790129,-33.357061],[-70.788369,-33.356181],[-70.785729,-33.352661],[-70.782472,-33.350549],[-70.777632,-33.349933],[-70.773408,-33.349141],[-70.76496,-33.345268],[-70.763026,-33.34355],[-70.761791,-33.342452],[-70.758183,-33.339284],[-70.753167,-33.337964],[-70.74917,-33.337261],[-70.745159,-33.336556],[-70.743697,-33.336426],[-70.74023,-33.336116],[-70.735302,-33.336116],[-70.729934,-33.3377],[-70.728333,-33.338506]]]},"properties":{"id":"OC-131250008","OBJECTID":20302,"nombre":"Costanera Norte","escala":"Otras carteras","comunas":"Quilicura","macrozona":null,"km":6.84,"n_priori":null,"anteproyec":"PLANIFICADA","centerLng":-70.761133,"centerLat":-33.344268,"kind":"proyecto","categoria":"Otras carteras","cartera":"Municipios","etapa":"planificadas","tipo":"ciclovía","inicio":"O'Higgins","fin":"Lo Echevers","origen":"Otras carteras"}},{"type":"Feature","geometry":{"type":"MultiLineString","coordinates":[[[-70.786708,-33.362891],[-70.78669,-33.362882],[-70.767875,-33.353211],[-70.759872,-33.350113],[-70.75969,-33.350043],[-70.753882,-33.345555],[-70.745771,-33.343795],[-70.744554,-33.34353],[-70.741649,-33.343018],[-70.741562,-33.343002],[-70.735137,-33.341946],[-70.728889,-33.342738]]]},"properties":{"id":"OC-131250009","OBJECTID":20303,"nombre":"Costanera Sur","escala":"Otras carteras","comunas":"Quilicura","macrozona":null,"km":6.01,"n_priori":null,"anteproyec":"PLANIFICADA","centerLng":-70.754357,"centerLat":-33.34856,"kind":"proyecto","categoria":"Otras carteras","cartera":"Municipios","etapa":"planificadas","tipo":"ciclovía","inicio":"O'Higgins","fin":"Lo Echevers","origen":"Otras carteras"}},{"type":"Feature","geometry":{"type":"MultiLineString","coordinates":[[[-70.766609,-33.3353],[-70.765643,-33.337797],[-70.765217,-33.338895],[-70.7645,-33.340411],[-70.763026,-33.34355],[-70.761777,-33.346207],[-70.759954,-33.349959],[-70.759872,-33.350113],[-70.758946,-33.351855],[-70.757944,-33.354027],[-70.756589,-33.35653],[-70.755374,-33.358592],[-70.754332,-33.36104],[-70.754017,-33.36177],[-70.753269,-33.3635],[-70.753061,-33.363981],[-70.752694,-33.364338],[-70.744723,-33.36568],[-70.738507,-33.36662],[-70.738023,-33.366338],[-70.737843,-33.366301],[-70.737573,-33.366244],[-70.735951,-33.36663],[-70.734033,-33.367197],[-70.731531,-33.368411],[-70.731032,-33.368882],[-70.730264,-33.369357],[-70.729773,-33.369477],[-70.729321,-33.369345],[-70.727793,-33.368388],[-70.726853,-33.367736],[-70.725926,-33.366996],[-70.725017,-33.366103]]]},"properties":{"id":"OC-131250010","OBJECTID":20304,"nombre":"San Luis - Arturo Prat","escala":"Otras carteras","comunas":"Quilicura","macrozona":null,"km":6.32,"n_priori":null,"anteproyec":"PLANIFICADA","centerLng":-70.746272,"centerLat":-33.35932,"kind":"proyecto","categoria":"Otras carteras","cartera":"Municipios","etapa":"planificadas","tipo":"ciclovía","inicio":"G-164","fin":"Manuel Antonio Matta","origen":"Otras carteras"}},{"type":"Feature","geometry":{"type":"MultiLineString","coordinates":[[[-70.752189,-33.380155],[-70.747617,-33.381837],[-70.744382,-33.384567]]]},"properties":{"id":"OC-131250012","OBJECTID":20305,"nombre":"Central","escala":"Otras carteras","comunas":"Quilicura","macrozona":null,"km":0.89,"n_priori":null,"anteproyec":"PLANIFICADA","centerLng":-70.748063,"centerLat":-33.382186,"kind":"proyecto","categoria":"Otras carteras","cartera":"Municipios","etapa":"planificadas","tipo":"ciclovía","inicio":"Américo Vespucio","fin":"Aeropuerto","origen":"Otras carteras"}},{"type":"Feature","geometry":{"type":"MultiLineString","coordinates":[[[-70.723144,-33.392514],[-70.72331,-33.391821],[-70.72316,-33.391046],[-70.723088,-33.390457],[-70.723057,-33.388839],[-70.723352,-33.388659],[-70.723393,-33.388483],[-70.723781,-33.38691],[-70.724004,-33.386831],[-70.724422,-33.386813],[-70.724486,-33.387038],[-70.724704,-33.387436],[-70.725294,-33.387804],[-70.726075,-33.387982],[-70.726808,-33.387959],[-70.727418,-33.387812],[-70.727904,-33.387417],[-70.729205,-33.385191],[-70.730297,-33.384423],[-70.723169,-33.37354],[-70.72027,-33.368856],[-70.719697,-33.36691],[-70.718476,-33.362759],[-70.720986,-33.361358],[-70.727714,-33.357604],[-70.729183,-33.356785]]]},"properties":{"id":"OC-131250013","OBJECTID":20306,"nombre":"Las Torres","escala":"Otras carteras","comunas":"Quilicura","macrozona":null,"km":5.38,"n_priori":null,"anteproyec":"PLANIFICADA","centerLng":-70.724477,"centerLat":-33.381663,"kind":"proyecto","categoria":"Otras carteras","cartera":"Municipios","etapa":"planificadas","tipo":"ciclovía","inicio":"O'Higgins","fin":"Límite Comunal","origen":"Otras carteras"}},{"type":"Feature","geometry":{"type":"MultiLineString","coordinates":[[[-70.721246,-33.366604],[-70.721246,-33.366572],[-70.720986,-33.361358],[-70.720986,-33.361357],[-70.720892,-33.358128],[-70.720839,-33.35748],[-70.720804,-33.357069],[-70.720725,-33.355671],[-70.72079,-33.355175],[-70.720601,-33.350134],[-70.718873,-33.348195],[-70.71897,-33.346262],[-70.710844,-33.348265],[-70.708928,-33.347708]]]},"properties":{"id":"OC-131250015","OBJECTID":20307,"nombre":"Lo Cruzat","escala":"Otras carteras","comunas":"Quilicura","macrozona":null,"km":3.29,"n_priori":null,"anteproyec":"PLANIFICADA","centerLng":-70.719052,"centerLat":-33.355713,"kind":"proyecto","categoria":"Otras carteras","cartera":"Municipios","etapa":"planificadas","tipo":"ciclovía","inicio":"Presidente Eduardo Frei Montalva","fin":"Manuel Antonio Matta","origen":"Otras carteras"}},{"type":"Feature","geometry":{"type":"MultiLineString","coordinates":[[[-70.795453,-33.356133],[-70.792493,-33.358265],[-70.792235,-33.358384],[-70.791922,-33.35842],[-70.791432,-33.358387],[-70.790816,-33.358351],[-70.790607,-33.358404],[-70.790361,-33.358544],[-70.790226,-33.358737],[-70.79018,-33.359037],[-70.790275,-33.359259],[-70.790535,-33.359539],[-70.790539,-33.359612],[-70.790474,-33.359745],[-70.789477,-33.360525],[-70.789206,-33.36059],[-70.78633,-33.362801],[-70.78269,-33.365431],[-70.782438,-33.36555],[-70.782276,-33.365651]]]},"properties":{"id":"OC-131250016","OBJECTID":20308,"nombre":"Lo Echevers - ColoColo","escala":"Otras carteras","comunas":"Quilicura","macrozona":null,"km":1.73,"n_priori":null,"anteproyec":"PLANIFICADA","centerLng":-70.789498,"centerLat":-33.360068,"kind":"proyecto","categoria":"Otras carteras","cartera":"MOP","etapa":"planificadas","tipo":"ciclovía","inicio":"Estero Lampa","fin":"Asentamiento Colo Colo","origen":"Otras carteras"}},{"type":"Feature","geometry":{"type":"MultiLineString","coordinates":[[[-70.751932,-33.331914],[-70.749731,-33.336185],[-70.74917,-33.337261],[-70.748551,-33.338447],[-70.745771,-33.343795],[-70.744708,-33.34584],[-70.743155,-33.348935],[-70.740659,-33.350438],[-70.739298,-33.351115],[-70.738972,-33.351277],[-70.733985,-33.354102]]]},"properties":{"id":"OC-131250019","OBJECTID":20309,"nombre":"Las Torres","escala":"Otras carteras","comunas":"Quilicura","macrozona":null,"km":3.09,"n_priori":null,"anteproyec":"PLANIFICADA","centerLng":-70.744176,"centerLat":-33.344483,"kind":"proyecto","categoria":"Otras carteras","cartera":"Municipios","etapa":"planificadas","tipo":"ciclovía","inicio":"G-164","fin":"Lo Ovalle","origen":"Otras carteras"}},{"type":"Feature","geometry":{"type":"MultiLineString","coordinates":[[[-70.695928,-33.359917],[-70.695929,-33.359907],[-70.696105,-33.356678],[-70.69615,-33.355937],[-70.696401,-33.3536],[-70.696403,-33.353575],[-70.697607,-33.350874],[-70.697868,-33.350457],[-70.698023,-33.350016],[-70.69892,-33.348485],[-70.699883,-33.345725],[-70.700891,-33.342223],[-70.701147,-33.341542],[-70.706181,-33.331328],[-70.706208,-33.331274],[-70.707825,-33.327626],[-70.708417,-33.3227]]]},"properties":{"id":"OC-131250020","OBJECTID":20310,"nombre":"Galvarino","escala":"Otras carteras","comunas":"Quilicura","macrozona":null,"km":4.33,"n_priori":null,"anteproyec":"PLANIFICADA","centerLng":-70.699993,"centerLat":-33.345992,"kind":"proyecto","categoria":"Otras carteras","cartera":"Municipios","etapa":"planificadas","tipo":"ciclovía","inicio":"El Molino","fin":"Caupolicán","origen":"Otras carteras"}},{"type":"Feature","geometry":{"type":"MultiLineString","coordinates":[[[-70.728034,-33.338231],[-70.714578,-33.333975],[-70.706181,-33.331328],[-70.705044,-33.33097],[-70.701826,-33.32996],[-70.700974,-33.329194]]]},"properties":{"id":"OC-131250021","OBJECTID":20311,"nombre":"San Ignacio","escala":"Otras carteras","comunas":"Quilicura","macrozona":null,"km":2.72,"n_priori":null,"anteproyec":"PLANIFICADA","centerLng":-70.709439,"centerLat":-33.332276,"kind":"proyecto","categoria":"Otras carteras","cartera":"Municipios","etapa":"planificadas","tipo":"ciclovía","inicio":"Línea Férrea","fin":"Caupolicán","origen":"Otras carteras"}},{"type":"Feature","geometry":{"type":"MultiLineString","coordinates":[[[-70.708745,-33.346419],[-70.707902,-33.346857],[-70.707294,-33.347103],[-70.706349,-33.347681],[-70.705888,-33.3478],[-70.704742,-33.348819],[-70.704343,-33.349076],[-70.704202,-33.349504],[-70.703198,-33.350145],[-70.702509,-33.35008],[-70.701948,-33.350438],[-70.701473,-33.350608],[-70.700899,-33.351055],[-70.700693,-33.351221],[-70.700462,-33.351651],[-70.700228,-33.35193],[-70.699621,-33.352252],[-70.699311,-33.352419],[-70.698972,-33.352687],[-70.698429,-33.353196],[-70.698017,-33.353528],[-70.697438,-33.353737],[-70.696869,-33.353694],[-70.696401,-33.3536],[-70.696284,-33.353577],[-70.695367,-33.353339],[-70.694481,-33.353137],[-70.693208,-33.352967]]]},"properties":{"id":"OC-131250022","OBJECTID":20312,"nombre":"Puente Verde","escala":"Otras carteras","comunas":"Quilicura","macrozona":null,"km":1.78,"n_priori":null,"anteproyec":"PLANIFICADA","centerLng":-70.700903,"centerLat":-33.351019,"kind":"proyecto","categoria":"Otras carteras","cartera":"Municipios","etapa":"planificadas","tipo":"ciclovía","inicio":"Presidente Eduardo Frei Montalva","fin":"Autopista Los Libertadores","origen":"Otras carteras"}},{"type":"Feature","geometry":{"type":"MultiLineString","coordinates":[[[-70.690187,-33.365694],[-70.689973,-33.365433],[-70.690067,-33.363325],[-70.690218,-33.362645],[-70.690669,-33.361221],[-70.691253,-33.359749]]]},"properties":{"id":"OC-131250024","OBJECTID":20313,"nombre":"Los Libertadores","escala":"Otras carteras","comunas":"Quilicura","macrozona":null,"km":0.68,"n_priori":null,"anteproyec":"PLANIFICADA","centerLng":-70.690395,"centerLat":-33.363011,"kind":"proyecto","categoria":"Otras carteras","cartera":"Municipios","etapa":"planificadas","tipo":"ciclovía","inicio":"Americo Vespucio","fin":"El Molino","origen":"Otras carteras"}},{"type":"Feature","geometry":{"type":"MultiLineString","coordinates":[[[-70.729945,-33.365552],[-70.72992,-33.3652],[-70.729944,-33.365167],[-70.729928,-33.365037],[-70.72991,-33.364904],[-70.729861,-33.364524],[-70.72979,-33.364001],[-70.729739,-33.363593],[-70.729739,-33.363593]]]},"properties":{"id":"OC-131250026","OBJECTID":20314,"nombre":"Ohiggins","escala":"Otras carteras","comunas":"Quilicura","macrozona":null,"km":0.22,"n_priori":null,"anteproyec":"PLANIFICADA","centerLng":-70.729864,"centerLat":-33.364619,"kind":"proyecto","categoria":"Otras carteras","cartera":"MTT","etapa":"planificadas","tipo":"ciclovía","inicio":"Matta","fin":"Pasaje Del Granero","origen":"Otras carteras"}},{"type":"Feature","geometry":{"type":"MultiLineString","coordinates":[[[-70.729724,-33.362937],[-70.729732,-33.362919],[-70.729692,-33.362849],[-70.729598,-33.362078],[-70.729647,-33.362022],[-70.729616,-33.361697],[-70.729547,-33.361615],[-70.729393,-33.360345],[-70.729395,-33.360281],[-70.729397,-33.360236]]]},"properties":{"id":"OC-131250027","OBJECTID":20315,"nombre":"Ohiggins","escala":"Otras carteras","comunas":"Quilicura","macrozona":null,"km":0.31,"n_priori":null,"anteproyec":"PLANIFICADA","centerLng":-70.729574,"centerLat":-33.361698,"kind":"proyecto","categoria":"Otras carteras","cartera":"MTT","etapa":"planificadas","tipo":"ciclovía","inicio":"Doña Leticia","fin":"Ana Frank","origen":"Otras carteras"}},{"type":"Feature","geometry":{"type":"MultiLineString","coordinates":[[[-70.729397,-33.360234],[-70.729397,-33.360232],[-70.729397,-33.360231],[-70.729397,-33.360229],[-70.729397,-33.360226],[-70.729397,-33.360201],[-70.729397,-33.360201],[-70.729397,-33.36018],[-70.729397,-33.360168],[-70.729397,-33.360159],[-70.729398,-33.360108],[-70.729398,-33.360093],[-70.729398,-33.360069],[-70.729398,-33.360055],[-70.729396,-33.360038],[-70.729396,-33.360032],[-70.729395,-33.360029],[-70.729386,-33.35994],[-70.729373,-33.35983],[-70.729372,-33.359818],[-70.729369,-33.359793],[-70.729369,-33.359791],[-70.729369,-33.359791],[-70.729366,-33.35976],[-70.729363,-33.359737],[-70.729344,-33.359567],[-70.729342,-33.359544],[-70.729342,-33.359541],[-70.72934,-33.359523],[-70.729339,-33.35952],[-70.729334,-33.359469],[-70.72933,-33.359439],[-70.729326,-33.359394],[-70.729325,-33.359392],[-70.729325,-33.359387],[-70.729324,-33.359385],[-70.729324,-33.359381],[-70.729324,-33.35938],[-70.729324,-33.359376],[-70.729323,-33.359375],[-70.729323,-33.359373],[-70.729323,-33.35937],[-70.729323,-33.359369],[-70.729322,-33.359366],[-70.729322,-33.359363],[-70.729317,-33.359314],[-70.729295,-33.359115],[-70.729295,-33.359108],[-70.729295,-33.358995],[-70.729295,-33.358943],[-70.729271,-33.358732],[-70.729241,-33.358467],[-70.729232,-33.358384],[-70.72923,-33.358347],[-70.729199,-33.357911]]]},"properties":{"id":"OC-131250028","OBJECTID":20316,"nombre":"Ohiggins","escala":"Otras carteras","comunas":"Quilicura","macrozona":null,"km":0.26,"n_priori":null,"anteproyec":"PLANIFICADA","centerLng":-70.729345,"centerLat":-33.359578,"kind":"proyecto","categoria":"Otras carteras","cartera":"MTT","etapa":"planificadas","tipo":"ciclovía","inicio":"Ana Frank","fin":"Lo Marcoleta","origen":"Otras carteras"}},{"type":"Feature","geometry":{"type":"MultiLineString","coordinates":[[[-70.729129,-33.355624],[-70.729146,-33.356031],[-70.729186,-33.356076],[-70.729199,-33.356468],[-70.729178,-33.356519],[-70.729183,-33.356785],[-70.729186,-33.357015],[-70.729212,-33.357097],[-70.729216,-33.35711],[-70.729213,-33.357127],[-70.729187,-33.357264],[-70.729191,-33.357477],[-70.72918,-33.357548]]]},"properties":{"id":"OC-131250029","OBJECTID":20317,"nombre":"Ohiggins","escala":"Otras carteras","comunas":"Quilicura","macrozona":null,"km":0.22,"n_priori":null,"anteproyec":"PLANIFICADA","centerLng":-70.729185,"centerLat":-33.35678,"kind":"proyecto","categoria":"Otras carteras","cartera":"MTT","etapa":"planificadas","tipo":"ciclovía","inicio":"Lo Marcoleta","fin":"Pichidegua","origen":"Otras carteras"}},{"type":"Feature","geometry":{"type":"MultiLineString","coordinates":[[[-70.729129,-33.355624],[-70.729128,-33.354768]]]},"properties":{"id":"OC-131250030","OBJECTID":20318,"nombre":"Ohiggins","escala":"Otras carteras","comunas":"Quilicura","macrozona":null,"km":0.09,"n_priori":null,"anteproyec":"PLANIFICADA","centerLng":-70.729129,"centerLat":-33.355196,"kind":"proyecto","categoria":"Otras carteras","cartera":"MTT","etapa":"planificadas","tipo":"ciclovía","inicio":"Pichidegua","fin":"Requinoa","origen":"Otras carteras"}},{"type":"Feature","geometry":{"type":"MultiLineString","coordinates":[[[-70.729128,-33.354768],[-70.729097,-33.353925]]]},"properties":{"id":"OC-131250031","OBJECTID":20319,"nombre":"Ohiggins","escala":"Otras carteras","comunas":"Quilicura","macrozona":null,"km":0.09,"n_priori":null,"anteproyec":"PLANIFICADA","centerLng":-70.729112,"centerLat":-33.354346,"kind":"proyecto","categoria":"Otras carteras","cartera":"MTT","etapa":"planificadas","tipo":"ciclovía","inicio":"Requinoa","fin":"Licanten","origen":"Otras carteras"}},{"type":"Feature","geometry":{"type":"MultiLineString","coordinates":[[[-70.729097,-33.353925],[-70.72904,-33.35277],[-70.729026,-33.352488],[-70.728963,-33.351228],[-70.728957,-33.351102]]]},"properties":{"id":"OC-131250032","OBJECTID":20320,"nombre":"Ohiggins","escala":"Otras carteras","comunas":"Quilicura","macrozona":null,"km":0.31,"n_priori":null,"anteproyec":"PLANIFICADA","centerLng":-70.729017,"centerLat":-33.352303,"kind":"proyecto","categoria":"Otras carteras","cartera":"MTT","etapa":"planificadas","tipo":"ciclovía","inicio":"Licanten","fin":"Corintos","origen":"Otras carteras"}},{"type":"Feature","geometry":{"type":"MultiLineString","coordinates":[[[-70.728957,-33.351103],[-70.728956,-33.351086],[-70.728953,-33.351012],[-70.728944,-33.350797],[-70.728913,-33.350734],[-70.728904,-33.350578],[-70.728873,-33.350037],[-70.728862,-33.349827],[-70.728827,-33.349123],[-70.728811,-33.348725]]]},"properties":{"id":"OC-131250033","OBJECTID":20321,"nombre":"Ohiggins","escala":"Otras carteras","comunas":"Quilicura","macrozona":null,"km":0.26,"n_priori":null,"anteproyec":"PLANIFICADA","centerLng":-70.7289,"centerLat":-33.350302,"kind":"proyecto","categoria":"Otras carteras","cartera":"MTT","etapa":"planificadas","tipo":"ciclovía","inicio":"Corintos","fin":"Colbun","origen":"Otras carteras"}},{"type":"Feature","geometry":{"type":"MultiLineString","coordinates":[[[-70.72918,-33.357548],[-70.729084,-33.357533],[-70.729065,-33.357536],[-70.729071,-33.357626],[-70.729077,-33.357721],[-70.729069,-33.35791],[-70.729199,-33.357911]]]},"properties":{"id":"OC-131250034","OBJECTID":20322,"nombre":"Ohiggins","escala":"Otras carteras","comunas":"Quilicura","macrozona":null,"km":0.06,"n_priori":null,"anteproyec":"PLANIFICADA","centerLng":-70.729106,"centerLat":-33.357684,"kind":"proyecto","categoria":"Otras carteras","cartera":"MTT","etapa":"planificadas","tipo":"ciclovía","inicio":"Lo Marcoleta","fin":"Lo Marcoleta","origen":"Otras carteras"}},{"type":"Feature","geometry":{"type":"MultiLineString","coordinates":[[[-70.729739,-33.363593],[-70.729667,-33.363109],[-70.72959,-33.363015],[-70.729602,-33.362972],[-70.729702,-33.362943],[-70.729721,-33.362937]]]},"properties":{"id":"OC-131250035","OBJECTID":20323,"nombre":"Ohiggins","escala":"Otras carteras","comunas":"Quilicura","macrozona":null,"km":0.08,"n_priori":null,"anteproyec":"PLANIFICADA","centerLng":-70.72967,"centerLat":-33.363095,"kind":"proyecto","categoria":"Otras carteras","cartera":"MTT","etapa":"planificadas","tipo":"ciclovía","inicio":"Pasaje Del Granero","fin":"Dona Leticia","origen":"Otras carteras"}},{"type":"Feature","geometry":{"type":"MultiLineString","coordinates":[[[-70.708458,-33.3227],[-70.716678,-33.325331],[-70.717292,-33.325599],[-70.717831,-33.325824]]]},"properties":{"id":"OC-131250038","OBJECTID":20324,"nombre":"Cañaveral","escala":"Otras carteras","comunas":"Quilicura","macrozona":null,"km":0.94,"n_priori":null,"anteproyec":"EN DISEÑO","centerLng":-70.715065,"centerLat":-33.324863,"kind":"proyecto","categoria":"Otras carteras","cartera":"Privados","etapa":"diseño","tipo":"ciclovía","inicio":"Av. Caupolican","fin":"Ruta 5","origen":"Otras carteras"}},{"type":"Feature","geometry":{"type":"MultiLineString","coordinates":[[[-70.710249,-33.41284],[-70.710649,-33.413541],[-70.711354,-33.415316],[-70.711624,-33.416014],[-70.711812,-33.416436],[-70.712192,-33.417147],[-70.712522,-33.417798],[-70.71273,-33.418194],[-70.712882,-33.418499],[-70.713028,-33.418926],[-70.71318,-33.419602],[-70.713356,-33.420504],[-70.713533,-33.421399],[-70.713748,-33.422491],[-70.713748,-33.422495],[-70.713753,-33.422515],[-70.714069,-33.424048],[-70.714314,-33.425282],[-70.714569,-33.426478],[-70.714571,-33.426484],[-70.715075,-33.427983],[-70.715294,-33.428916],[-70.715495,-33.429832],[-70.715719,-33.430837],[-70.715925,-33.431851],[-70.716202,-33.433095],[-70.716486,-33.434349],[-70.716707,-33.435409],[-70.716939,-33.436486],[-70.717075,-33.437226]]]},"properties":{"id":"OC-131260005","OBJECTID":20325,"nombre":"Samuel Izquierdo-Mercurio","escala":"Otras carteras","comunas":"Quinta Normal","macrozona":null,"km":2.79,"n_priori":null,"anteproyec":"PLANIFICADA","centerLng":-70.71396,"centerLat":-33.424066,"kind":"proyecto","categoria":"Otras carteras","cartera":"Municipios","etapa":"planificadas","tipo":"ciclovía","inicio":"Santa Edelmira - Los Sauces","fin":"Camino de Loyola","origen":"Otras carteras"}},{"type":"Feature","geometry":{"type":"MultiLineString","coordinates":[[[-70.698262,-33.412198],[-70.69839,-33.412667],[-70.698258,-33.414042],[-70.69813,-33.415741],[-70.697998,-33.417397],[-70.697957,-33.417606],[-70.697842,-33.419106],[-70.697678,-33.421188],[-70.697655,-33.421704],[-70.697603,-33.421775],[-70.697602,-33.421777]]]},"properties":{"id":"OC-131260006","OBJECTID":20326,"nombre":"Doctor Gonzalo Bulnes-Entre Ríos","escala":"Otras carteras","comunas":"Quinta Normal","macrozona":null,"km":1.07,"n_priori":null,"anteproyec":"PLANIFICADA","centerLng":-70.697943,"centerLat":-33.417746,"kind":"proyecto","categoria":"Otras carteras","cartera":"Municipios","etapa":"planificadas","tipo":"ciclovía","inicio":"Costanera Sur","fin":"Carrascal","origen":"Otras carteras"}},{"type":"Feature","geometry":{"type":"MultiLineString","coordinates":[[[-70.698103,-33.429631],[-70.697792,-33.428575],[-70.697438,-33.427392],[-70.69701,-33.425911],[-70.697008,-33.425903],[-70.697005,-33.425893],[-70.696451,-33.423914],[-70.696172,-33.423075],[-70.696039,-33.422616],[-70.695952,-33.422343],[-70.695899,-33.422195],[-70.695968,-33.421108],[-70.696011,-33.420507],[-70.696037,-33.42004],[-70.696131,-33.419019],[-70.696178,-33.418434],[-70.696208,-33.417839],[-70.696257,-33.417343],[-70.696289,-33.417015],[-70.696331,-33.416844],[-70.696486,-33.416488],[-70.696539,-33.416392],[-70.696698,-33.41619],[-70.696827,-33.416064],[-70.697172,-33.415876],[-70.69745,-33.415797],[-70.697784,-33.415749],[-70.69813,-33.415741]]]},"properties":{"id":"OC-131260007","OBJECTID":20327,"nombre":"Embajador Gómez-Santa Fé","escala":"Otras carteras","comunas":"Quinta Normal","macrozona":null,"km":1.67,"n_priori":null,"anteproyec":"PLANIFICADA","centerLng":-70.696692,"centerLat":-33.420496,"kind":"proyecto","categoria":"Otras carteras","cartera":"Municipios","etapa":"planificadas","tipo":"ciclovía","inicio":"Doctor Gonzalo Bulnes","fin":"Mapocho","origen":"Otras carteras"}},{"type":"Feature","geometry":{"type":"MultiLineString","coordinates":[[[-70.688865,-33.419914],[-70.689024,-33.419954],[-70.68903,-33.419955],[-70.68911,-33.420012],[-70.689396,-33.423676]]]},"properties":{"id":"OC-131260008","OBJECTID":20328,"nombre":"Alberto Loseco","escala":"Otras carteras","comunas":"Quinta Normal","macrozona":null,"km":0.43,"n_priori":null,"anteproyec":"PLANIFICADA","centerLng":-70.689085,"centerLat":-33.420702,"kind":"proyecto","categoria":"Otras carteras","cartera":"Privados","etapa":"planificadas","tipo":"ciclovía","inicio":"Costanera Sur","fin":"Carrascal","origen":"Otras carteras"}},{"type":"Feature","geometry":{"type":"MultiLineString","coordinates":[[[-70.692646,-33.426782],[-70.691545,-33.427],[-70.691477,-33.426689],[-70.6905,-33.427],[-70.689682,-33.427323],[-70.688806,-33.427604],[-70.687803,-33.427967],[-70.686621,-33.428081],[-70.686613,-33.428082]]]},"properties":{"id":"OC-131260009","OBJECTID":20329,"nombre":"Doctor Lucas Sierra","escala":"Otras carteras","comunas":"Quinta Normal","macrozona":null,"km":0.62,"n_priori":null,"anteproyec":"PLANIFICADA","centerLng":-70.689521,"centerLat":-33.427392,"kind":"proyecto","categoria":"Otras carteras","cartera":"Municipios","etapa":"planificadas","tipo":"ciclovía","inicio":"Mendoza","fin":"Lourdes","origen":"Otras carteras"}},{"type":"Feature","geometry":{"type":"MultiLineString","coordinates":[[[-70.689891,-33.423569],[-70.689915,-33.423647],[-70.69008,-33.424682],[-70.690299,-33.425841],[-70.6905,-33.427],[-70.690703,-33.42813],[-70.690924,-33.429364],[-70.69122,-33.430542],[-70.691487,-33.431853]]]},"properties":{"id":"OC-131260010","OBJECTID":20330,"nombre":"Agusto Matte","escala":"Otras carteras","comunas":"Quinta Normal","macrozona":null,"km":0.93,"n_priori":null,"anteproyec":"PLANIFICADA","centerLng":-70.690558,"centerLat":-33.427181,"kind":"proyecto","categoria":"Otras carteras","cartera":"Municipios","etapa":"planificadas","tipo":"ciclovía","inicio":"Carrascal","fin":"Mapocho","origen":"Otras carteras"}},{"type":"Feature","geometry":{"type":"MultiLineString","coordinates":[[[-70.718989,-33.425618],[-70.718964,-33.425623],[-70.717091,-33.425951],[-70.715749,-33.426241],[-70.714571,-33.426484],[-70.713547,-33.426695],[-70.712383,-33.426908],[-70.711007,-33.427182],[-70.709472,-33.427487],[-70.708742,-33.427625],[-70.707888,-33.427775],[-70.707482,-33.42785],[-70.706924,-33.427962],[-70.706414,-33.428059],[-70.705499,-33.428231],[-70.705293,-33.428269],[-70.704037,-33.428491],[-70.7026,-33.428723],[-70.701126,-33.429016],[-70.700941,-33.429053],[-70.699635,-33.429314],[-70.699194,-33.429395],[-70.698103,-33.429631],[-70.69748,-33.429772],[-70.696598,-33.429987],[-70.695129,-33.430471],[-70.694367,-33.430719],[-70.693438,-33.431117],[-70.693437,-33.431118]]]},"properties":{"id":"OC-131260019","OBJECTID":20331,"nombre":"Mapocho","escala":"Otras carteras","comunas":"Quinta Normal","macrozona":null,"km":2.617,"n_priori":null,"anteproyec":"PLANIFICADA","centerLng":-70.705383,"centerLat":-33.428302,"kind":"proyecto","categoria":"Otras carteras","cartera":"Municipios","etapa":"planificadas","tipo":"ciclovía","inicio":"Neptuno","fin":"Mendoza-Diaz Sagredo","origen":"Otras carteras"}},{"type":"Feature","geometry":{"type":"MultiLineString","coordinates":[[[-70.690962,-33.432018],[-70.690999,-33.432916],[-70.691029,-33.434002],[-70.691044,-33.43459],[-70.691023,-33.435168],[-70.691023,-33.435175],[-70.691056,-33.435204],[-70.69104,-33.435876],[-70.691002,-33.436567],[-70.690924,-33.437966]]]},"properties":{"id":"OC-131260023","OBJECTID":20332,"nombre":"Alcerreca","escala":"Otras carteras","comunas":"Quinta Normal","macrozona":null,"km":0.66,"n_priori":null,"anteproyec":"PLANIFICADA","centerLng":-70.69101,"centerLat":-33.434948,"kind":"proyecto","categoria":"Otras carteras","cartera":"Municipios","etapa":"planificadas","tipo":"ciclovía","inicio":"San Pablo","fin":"Mapocho","origen":"Otras carteras"}},{"type":"Feature","geometry":{"type":"MultiLineString","coordinates":[[[-70.688519,-33.437433],[-70.688553,-33.436244],[-70.688574,-33.435639],[-70.688574,-33.435035]]]},"properties":{"id":"OC-131260024","OBJECTID":20333,"nombre":"Villasana","escala":"Otras carteras","comunas":"Quinta Normal","macrozona":null,"km":0.27,"n_priori":null,"anteproyec":"PLANIFICADA","centerLng":-70.688555,"centerLat":-33.436088,"kind":"proyecto","categoria":"Otras carteras","cartera":"Municipios","etapa":"planificadas","tipo":"ciclovía","inicio":"San Pablo","fin":"Martinez De Rozas","origen":"Otras carteras"}},{"type":"Feature","geometry":{"type":"MultiLineString","coordinates":[[[-70.697602,-33.421777],[-70.697501,-33.421915],[-70.697484,-33.421966],[-70.69748,-33.422105],[-70.697676,-33.422738],[-70.697969,-33.423615],[-70.69818,-33.424493],[-70.698488,-33.42559],[-70.698491,-33.425601],[-70.698494,-33.42561],[-70.698921,-33.42709],[-70.699265,-33.428267],[-70.699635,-33.429314]]]},"properties":{"id":"OC-131260029","OBJECTID":20334,"nombre":"Entre Rios","escala":"Otras carteras","comunas":"Quinta Normal","macrozona":null,"km":0.86,"n_priori":null,"anteproyec":"PLANIFICADA","centerLng":-70.698245,"centerLat":-33.424622,"kind":"proyecto","categoria":"Otras carteras","cartera":"MINVU","etapa":"planificadas","tipo":"ciclovía","inicio":"Carrascal","fin":"Mapocho","origen":"Otras carteras"}},{"type":"Feature","geometry":{"type":"MultiLineString","coordinates":[[[-70.699194,-33.429395],[-70.699177,-33.430285],[-70.699181,-33.431012],[-70.699207,-33.431831],[-70.699036,-33.432796],[-70.698794,-33.43388],[-70.698401,-33.435915],[-70.698265,-33.436703],[-70.698115,-33.437493],[-70.697914,-33.438515],[-70.697863,-33.438757],[-70.697817,-33.439029],[-70.697776,-33.439273],[-70.697755,-33.439398],[-70.697779,-33.440137],[-70.697885,-33.441497],[-70.698008,-33.442799],[-70.698045,-33.443465],[-70.698092,-33.44413],[-70.698122,-33.444759],[-70.698212,-33.44564]]]},"properties":{"id":"OC-131260030","OBJECTID":20335,"nombre":"Santa Genoveva-San Martin-Victorino Laynez","escala":"Otras carteras","comunas":"Quinta Normal","macrozona":null,"km":1.81,"n_priori":null,"anteproyec":"PLANIFICADA","centerLng":-70.698316,"centerLat":-33.437939,"kind":"proyecto","categoria":"Otras carteras","cartera":"Municipios","etapa":"planificadas","tipo":"ciclovía","inicio":"Mapocho","fin":"Nueva Imperial","origen":"Otras carteras"}},{"type":"Feature","geometry":{"type":"MultiLineString","coordinates":[[[-70.651818,-33.431108],[-70.651677,-33.431143],[-70.650089,-33.431531],[-70.648396,-33.431882],[-70.648206,-33.43203],[-70.648035,-33.432164],[-70.64722,-33.43239],[-70.644699,-33.432956],[-70.642678,-33.433444],[-70.641389,-33.43382],[-70.640344,-33.434162],[-70.639043,-33.434569],[-70.63841,-33.434731],[-70.63725,-33.434849],[-70.636676,-33.434847],[-70.63551,-33.434831]]]},"properties":{"id":"OC-131270014","OBJECTID":20336,"nombre":"Bellavista-Artesanos","escala":"Otras carteras","comunas":"Recoleta","macrozona":null,"km":1.58,"n_priori":null,"anteproyec":"PLANIFICADA","centerLng":-70.64384,"centerLat":-33.433154,"kind":"proyecto","categoria":"Otras carteras","cartera":"Municipios","etapa":"planificadas","tipo":"ciclovía","inicio":"La Paz","fin":"Pio Nono","origen":"Otras carteras"}},{"type":"Feature","geometry":{"type":"MultiLineString","coordinates":[[[-70.640192,-33.422858],[-70.639266,-33.423021],[-70.637767,-33.423297],[-70.637402,-33.423394]]]},"properties":{"id":"OC-131270015","OBJECTID":20337,"nombre":"Santos Dumont","escala":"Otras carteras","comunas":"Recoleta","macrozona":null,"km":0.27,"n_priori":null,"anteproyec":"PLANIFICADA","centerLng":-70.638657,"centerLat":-33.423142,"kind":"proyecto","categoria":"Otras carteras","cartera":"Municipios","etapa":"planificadas","tipo":"ciclovía","inicio":"Peru","fin":"Paseo Metropolitano","origen":"Otras carteras"}},{"type":"Feature","geometry":{"type":"MultiLineString","coordinates":[[[-70.652723,-33.415193],[-70.652792,-33.412898]]]},"properties":{"id":"OC-131270018","OBJECTID":20338,"nombre":"San Jose","escala":"Otras carteras","comunas":"Recoleta","macrozona":null,"km":0.25,"n_priori":null,"anteproyec":"PLANIFICADA","centerLng":-70.652758,"centerLat":-33.414046,"kind":"proyecto","categoria":"Otras carteras","cartera":"Municipios","etapa":"planificadas","tipo":"ciclovía","inicio":"Limay","fin":"Domingo Santa Maria","origen":"Otras carteras"}},{"type":"Feature","geometry":{"type":"MultiLineString","coordinates":[[[-70.652792,-33.412898],[-70.649587,-33.413379],[-70.646076,-33.413939],[-70.645659,-33.413983],[-70.64358,-33.414013],[-70.643571,-33.414013],[-70.641885,-33.414066],[-70.640908,-33.41412],[-70.638943,-33.413633],[-70.638665,-33.413532],[-70.63786,-33.413237],[-70.635265,-33.412472],[-70.634588,-33.412225],[-70.633088,-33.41147]]]},"properties":{"id":"OC-131270019","OBJECTID":20339,"nombre":"Arzobispo Valdivieso-Cementerio","escala":"Otras carteras","comunas":"Recoleta","macrozona":null,"km":1.9,"n_priori":null,"anteproyec":"PLANIFICADA","centerLng":-70.641605,"centerLat":-33.413356,"kind":"proyecto","categoria":"Otras carteras","cartera":"Municipios","etapa":"planificadas","tipo":"ciclovía","inicio":"San Jose","fin":"Nicolas De Garnica","origen":"Otras carteras"}},{"type":"Feature","geometry":{"type":"MultiLineString","coordinates":[[[-70.629287,-33.40009],[-70.62922,-33.400371],[-70.628332,-33.400823],[-70.628136,-33.400923],[-70.626635,-33.401686],[-70.62658,-33.401713],[-70.625793,-33.402102],[-70.624576,-33.402728],[-70.622324,-33.403916],[-70.62107,-33.404543],[-70.620222,-33.404938]]]},"properties":{"id":"OC-131270022","OBJECTID":20340,"nombre":"Colombia","escala":"Otras carteras","comunas":"Recoleta","macrozona":null,"km":1.01,"n_priori":null,"anteproyec":"PLANIFICADA","centerLng":-70.625652,"centerLat":-33.402167,"kind":"proyecto","categoria":"Otras carteras","cartera":"Municipios","etapa":"planificadas","tipo":"ciclovía","inicio":"Las Torres","fin":"La Montana","origen":"Otras carteras"}},{"type":"Feature","geometry":{"type":"MultiLineString","coordinates":[[[-70.620222,-33.404938],[-70.61954,-33.40343],[-70.619189,-33.40265],[-70.618896,-33.402008]]]},"properties":{"id":"OC-131270023","OBJECTID":20341,"nombre":"La Montana","escala":"Otras carteras","comunas":"Recoleta","macrozona":null,"km":0.35,"n_priori":null,"anteproyec":"PLANIFICADA","centerLng":-70.619462,"centerLat":-33.403256,"kind":"proyecto","categoria":"Otras carteras","cartera":"Municipios","etapa":"planificadas","tipo":"ciclovía","inicio":"Los Turistas","fin":"Colombia","origen":"Otras carteras"}},{"type":"Feature","geometry":{"type":"MultiLineString","coordinates":[[[-70.626692,-33.396715],[-70.624617,-33.397729],[-70.620477,-33.399885],[-70.620216,-33.400001]]]},"properties":{"id":"OC-131270024","OBJECTID":20342,"nombre":"Los Zapadores","escala":"Otras carteras","comunas":"Recoleta","macrozona":null,"km":0.7,"n_priori":null,"anteproyec":"PLANIFICADA","centerLng":-70.623,"centerLat":-33.398583,"kind":"proyecto","categoria":"Otras carteras","cartera":"Municipios","etapa":"planificadas","tipo":"ciclovía","inicio":"Las Torres","fin":"Los Turistas","origen":"Otras carteras"}},{"type":"Feature","geometry":{"type":"MultiLineString","coordinates":[[[-70.648945,-33.380049],[-70.649079,-33.38033],[-70.649144,-33.380529],[-70.64922,-33.381045],[-70.647345,-33.381096],[-70.645227,-33.38118],[-70.644732,-33.381182],[-70.644652,-33.381173],[-70.6445,-33.381236],[-70.644602,-33.381742],[-70.644725,-33.382433],[-70.644769,-33.382817],[-70.644878,-33.383436],[-70.644873,-33.383518],[-70.645064,-33.3839],[-70.645136,-33.384155],[-70.644136,-33.384276],[-70.643929,-33.384299],[-70.642908,-33.38461],[-70.642233,-33.384804],[-70.641254,-33.385107],[-70.641249,-33.385109]]]},"properties":{"id":"OC-131270025","OBJECTID":20343,"nombre":"Teniente Juan Colipi-Ignacio Carrera Pinto","escala":"Otras carteras","comunas":"Recoleta","macrozona":null,"km":1.26,"n_priori":null,"anteproyec":"PLANIFICADA","centerLng":-70.645118,"centerLat":-33.382638,"kind":"proyecto","categoria":"Otras carteras","cartera":"Municipios","etapa":"planificadas","tipo":"ciclovía","inicio":"Calle G","fin":"Recoleta","origen":"Otras carteras"}},{"type":"Feature","geometry":{"type":"MultiLineString","coordinates":[[[-70.640934,-33.384277],[-70.640465,-33.38435],[-70.640087,-33.384437],[-70.639382,-33.384959],[-70.637375,-33.386421],[-70.63585,-33.387554],[-70.634259,-33.388749],[-70.632649,-33.389908],[-70.631798,-33.390519],[-70.631111,-33.391031],[-70.631609,-33.391501],[-70.630902,-33.39192],[-70.629457,-33.39276],[-70.627661,-33.393814],[-70.626567,-33.394453],[-70.625551,-33.395036],[-70.625225,-33.394589]]]},"properties":{"id":"OC-131270026","OBJECTID":20344,"nombre":"Los Cardenales","escala":"Otras carteras","comunas":"Recoleta","macrozona":null,"km":2.01,"n_priori":null,"anteproyec":"PLANIFICADA","centerLng":-70.632993,"centerLat":-33.389781,"kind":"proyecto","categoria":"Otras carteras","cartera":"Municipios","etapa":"planificadas","tipo":"ciclovía","inicio":"Recoleta","fin":"El Salto","origen":"Otras carteras"}},{"type":"Feature","geometry":{"type":"MultiLineString","coordinates":[[[-70.657143,-33.386756],[-70.650353,-33.3874],[-70.649712,-33.387538],[-70.64536,-33.389554],[-70.642513,-33.390897],[-70.642439,-33.390929],[-70.64236,-33.390964],[-70.638775,-33.39139],[-70.634918,-33.392682],[-70.633943,-33.392993],[-70.628414,-33.395838],[-70.626692,-33.396715]]]},"properties":{"id":"OC-131270027","OBJECTID":20345,"nombre":"Zapadores","escala":"Otras carteras","comunas":"Recoleta","macrozona":null,"km":3.09,"n_priori":null,"anteproyec":"EN DISEÑO","centerLng":-70.641052,"centerLat":-33.391138,"kind":"proyecto","categoria":"Otras carteras","cartera":"Municipios","etapa":"diseño","tipo":"ciclovía","inicio":"El Guanaco","fin":"El Salto","origen":"Otras carteras"}},{"type":"Feature","geometry":{"type":"MultiLineString","coordinates":[[[-70.637368,-33.375502],[-70.634604,-33.368652]]]},"properties":{"id":"OC-131070034","OBJECTID":20346,"nombre":"Recoleta","escala":"Otras carteras","comunas":"Huechuraba","macrozona":null,"km":0.807,"n_priori":null,"anteproyec":"EN DISEÑO","centerLng":-70.635986,"centerLat":-33.372077,"kind":"proyecto","categoria":"Otras carteras","cartera":"Municipios","etapa":"diseño","tipo":"ciclovía","inicio":"Carlos Aguirre Luco","fin":"Del Pincoy","origen":"Otras carteras"}},{"type":"Feature","geometry":{"type":"MultiLineString","coordinates":[[[-70.690408,-33.418999],[-70.690256,-33.417898],[-70.690296,-33.417378],[-70.690585,-33.41686],[-70.691007,-33.416405],[-70.691113,-33.415801],[-70.691106,-33.41542],[-70.6911,-33.415126],[-70.691271,-33.414747],[-70.691764,-33.414472],[-70.691926,-33.414356],[-70.692604,-33.411843],[-70.69385,-33.408838],[-70.694519,-33.407226],[-70.696753,-33.402478],[-70.697821,-33.400304],[-70.698124,-33.399686],[-70.699778,-33.396844],[-70.700099,-33.396357],[-70.701051,-33.394914],[-70.701165,-33.394196],[-70.700964,-33.393362],[-70.699343,-33.389883],[-70.696914,-33.385354],[-70.696823,-33.385138],[-70.695637,-33.382321]]]},"properties":{"id":"OC-131280009","OBJECTID":20347,"nombre":"Apostol Santiago","escala":"Otras carteras","comunas":"Renca","macrozona":null,"km":4.39,"n_priori":null,"anteproyec":"PLANIFICADA","centerLng":-70.694857,"centerLat":-33.404854,"kind":"proyecto","categoria":"Otras carteras","cartera":"Municipios","etapa":"planificadas","tipo":"ciclovía","inicio":"Límite Comunal","fin":"Costanera Sur","origen":"Otras carteras"}},{"type":"Feature","geometry":{"type":"MultiLineString","coordinates":[[[-70.694062,-33.400259],[-70.693249,-33.398465],[-70.693115,-33.398151],[-70.693045,-33.397895],[-70.693116,-33.397607],[-70.694174,-33.393983],[-70.695102,-33.390801],[-70.696648,-33.385798],[-70.696823,-33.385138]]]},"properties":{"id":"OC-131280010","OBJECTID":20348,"nombre":"Fresia","escala":"Otras carteras","comunas":"Renca","macrozona":null,"km":1.73,"n_priori":null,"anteproyec":"PLANIFICADA","centerLng":-70.69437,"centerLat":-33.394233,"kind":"proyecto","categoria":"Otras carteras","cartera":"Municipios","etapa":"planificadas","tipo":"ciclovía temporal/piloto","inicio":"Jaime Guzman","fin":"Los Tulipanes","origen":"Otras carteras"}},{"type":"Feature","geometry":{"type":"MultiLineString","coordinates":[[[-70.700964,-33.393362],[-70.700026,-33.393482],[-70.694174,-33.393983],[-70.69246,-33.394129],[-70.692125,-33.394134],[-70.691239,-33.393626],[-70.690238,-33.393066],[-70.689461,-33.391954],[-70.689293,-33.391711],[-70.688991,-33.391578]]]},"properties":{"id":"OC-131280011","OBJECTID":20349,"nombre":"Puerto Montt","escala":"Otras carteras","comunas":"Renca","macrozona":null,"km":1.24,"n_priori":null,"anteproyec":"PLANIFICADA","centerLng":-70.692897,"centerLat":-33.393102,"kind":"proyecto","categoria":"Otras carteras","cartera":"Municipios","etapa":"planificadas","tipo":"ciclovía","inicio":"Apóstol Santiago","fin":"Presidente Eduardo Frei Montalva","origen":"Otras carteras"}},{"type":"Feature","geometry":{"type":"MultiLineString","coordinates":[[[-70.723669,-33.394555],[-70.723383,-33.394484],[-70.723053,-33.394407],[-70.722677,-33.394577],[-70.722339,-33.394817],[-70.722031,-33.39517],[-70.718528,-33.399216],[-70.717909,-33.399772]]]},"properties":{"id":"OC-131280012","OBJECTID":20350,"nombre":"El Cerro","escala":"Otras carteras","comunas":"Renca","macrozona":null,"km":0.83,"n_priori":null,"anteproyec":"PLANIFICADA","centerLng":-70.721699,"centerLat":-33.395875,"kind":"proyecto","categoria":"Otras carteras","cartera":"Municipios","etapa":"planificadas","tipo":"ciclovía","inicio":"Manuel Rodríguez","fin":"General Vergara","origen":"Otras carteras"}},{"type":"Feature","geometry":{"type":"MultiLineString","coordinates":[[[-70.745515,-33.402735],[-70.74604,-33.402674],[-70.747049,-33.40254],[-70.747459,-33.40249],[-70.747865,-33.402346],[-70.748029,-33.402269],[-70.748231,-33.402148],[-70.748568,-33.401933],[-70.748898,-33.401758],[-70.750985,-33.40095],[-70.753601,-33.399947],[-70.755289,-33.399518],[-70.756281,-33.39917],[-70.758358,-33.39839],[-70.760642,-33.397487],[-70.762141,-33.396905],[-70.768541,-33.394514],[-70.768955,-33.394325],[-70.768965,-33.394228]]]},"properties":{"id":"OC-131280022","OBJECTID":20351,"nombre":"Miraflores Norte","escala":"Otras carteras","comunas":"Renca","macrozona":null,"km":2.5,"n_priori":null,"anteproyec":"EN DISEÑO","centerLng":-70.754285,"centerLat":-33.399807,"kind":"proyecto","categoria":"Otras carteras","cartera":"Privados","etapa":"diseño","tipo":"ciclovía","inicio":"Av. Américo Vespucio","fin":"Av. Vicuña Mackenna","origen":"Otras carteras"}},{"type":"Feature","geometry":{"type":"MultiLineString","coordinates":[[[-70.619552,-33.485569],[-70.62275,-33.484876],[-70.625888,-33.484167],[-70.626152,-33.484084],[-70.626469,-33.483793],[-70.628128,-33.482165],[-70.6284,-33.481962],[-70.628664,-33.481863],[-70.629391,-33.481663],[-70.629655,-33.481588],[-70.629927,-33.481401],[-70.630639,-33.480923],[-70.632176,-33.479869],[-70.632526,-33.479784],[-70.63311,-33.479586],[-70.633811,-33.479238]]]},"properties":{"id":"OC-131290015","OBJECTID":20352,"nombre":"Isabel Riquelme","escala":"Otras carteras","comunas":"San Joaquín","macrozona":null,"km":1.54,"n_priori":null,"anteproyec":"EN DISEÑO","centerLng":-70.628577,"centerLat":-33.482033,"kind":"proyecto","categoria":"Otras carteras","cartera":"Municipios","etapa":"diseño","tipo":"ciclovía","inicio":"Carmen","fin":"Vicuna Mackenna","origen":"Otras carteras"}},{"type":"Feature","geometry":{"type":"MultiLineString","coordinates":[[[-70.625243,-33.485701],[-70.625196,-33.486049],[-70.625132,-33.486447],[-70.62497,-33.487181],[-70.624721,-33.48835],[-70.624291,-33.490232],[-70.624126,-33.491038],[-70.623958,-33.491696],[-70.623929,-33.49244],[-70.623835,-33.494008],[-70.623765,-33.494828],[-70.623757,-33.495174],[-70.62371,-33.495461],[-70.623628,-33.49586],[-70.623383,-33.496347]]]},"properties":{"id":"OC-131290016","OBJECTID":20353,"nombre":"Primero De Mayo","escala":"Otras carteras","comunas":"San Joaquín","macrozona":null,"km":1.2,"n_priori":null,"anteproyec":"PLANIFICADA","centerLng":-70.624243,"centerLat":-33.491387,"kind":"proyecto","categoria":"Otras carteras","cartera":"Municipios","etapa":"planificadas","tipo":"ciclovía","inicio":"Carlos Valdovinos","fin":"Salvador Allende","origen":"Otras carteras"}},{"type":"Feature","geometry":{"type":"MultiLineString","coordinates":[[[-70.62932,-33.493679],[-70.629142,-33.493773],[-70.629042,-33.493795],[-70.629033,-33.493945],[-70.628722,-33.494446],[-70.628675,-33.494568],[-70.62874,-33.494727],[-70.628699,-33.494891],[-70.628638,-33.495091],[-70.628444,-33.496012],[-70.628352,-33.496458],[-70.628182,-33.497021],[-70.628144,-33.497474]]]},"properties":{"id":"OC-131290019","OBJECTID":20354,"nombre":"Las Industrias","escala":"Otras carteras","comunas":"San Joaquín","macrozona":null,"km":0.45,"n_priori":null,"anteproyec":"PLANIFICADA","centerLng":-70.628703,"centerLat":-33.495068,"kind":"proyecto","categoria":"Otras carteras","cartera":"MTT","etapa":"planificadas","tipo":"ciclovía","inicio":"Camerun","fin":"Ingeniero Budge","origen":"Otras carteras"}},{"type":"Feature","geometry":{"type":"MultiLineString","coordinates":[[[-70.625563,-33.475366],[-70.625423,-33.475877],[-70.625302,-33.476019],[-70.622287,-33.4783],[-70.622162,-33.478288]]]},"properties":{"id":"OC-131290025","OBJECTID":20355,"nombre":"Santa Elena","escala":"Otras carteras","comunas":"San Joaquín","macrozona":null,"km":0.47,"n_priori":null,"anteproyec":"EN DISEÑO","centerLng":-70.624147,"centerLat":-33.47677,"kind":"proyecto","categoria":"Otras carteras","cartera":"Municipios","etapa":"diseño","tipo":"ciclovía","inicio":"Rodrigo de Araya","fin":"Vicuña Mackenna","origen":"Otras carteras"}},{"type":"Feature","geometry":{"type":"MultiLineString","coordinates":[[[-70.664997,-33.498648],[-70.663196,-33.499269],[-70.661163,-33.499777],[-70.65872,-33.500444],[-70.656208,-33.501112],[-70.65437,-33.501559]]]},"properties":{"id":"OC-131300004","OBJECTID":20356,"nombre":"Carlos Edwards","escala":"Otras carteras","comunas":"San Miguel","macrozona":null,"km":1.04,"n_priori":null,"anteproyec":"EN DISEÑO","centerLng":-70.659776,"centerLat":-33.500135,"kind":"proyecto","categoria":"Otras carteras","cartera":"Municipios","etapa":"diseño","tipo":"ciclovía","inicio":"Autopista Central","fin":"Gran Avenida","origen":"Otras carteras"}},{"type":"Feature","geometry":{"type":"MultiLineString","coordinates":[[[-70.650033,-33.486175],[-70.641092,-33.488016]]]},"properties":{"id":"OC-131300009","OBJECTID":20357,"nombre":"Alcalde Pedro Alarcón","escala":"Otras carteras","comunas":"San Miguel","macrozona":null,"km":0.85,"n_priori":null,"anteproyec":"EN DISEÑO","centerLng":-70.645562,"centerLat":-33.487096,"kind":"proyecto","categoria":"Otras carteras","cartera":"Municipios","etapa":"diseño","tipo":"ciclovía","inicio":"Gran Avenida","fin":"Santa Rosa","origen":"Otras carteras"}},{"type":"Feature","geometry":{"type":"MultiLineString","coordinates":[[[-70.654428,-33.501556],[-70.657189,-33.500828],[-70.662783,-33.499352],[-70.665001,-33.498638]]]},"properties":{"id":"OC-131300010","OBJECTID":20358,"nombre":"Carlos Edwards","escala":"Otras carteras","comunas":"San Miguel","macrozona":null,"km":1.03,"n_priori":null,"anteproyec":"EN DISEÑO","centerLng":-70.65985,"centerLat":-33.500094,"kind":"proyecto","categoria":"Otras carteras","cartera":"Municipios","etapa":"diseño","tipo":"ciclovía","inicio":"José Joquín Prieto","fin":"Gran Avenida","origen":"Otras carteras"}},{"type":"Feature","geometry":{"type":"MultiLineString","coordinates":[[[-70.637366,-33.513086],[-70.638324,-33.512908],[-70.638659,-33.512849],[-70.638882,-33.512702],[-70.639038,-33.512598],[-70.639284,-33.51251],[-70.639906,-33.512421],[-70.644813,-33.511422],[-70.6563,-33.509056]]]},"properties":{"id":"OC-131300011","OBJECTID":20359,"nombre":"Varas Mena","escala":"Otras carteras","comunas":"San Miguel","macrozona":null,"km":1.81,"n_priori":null,"anteproyec":"EN DISEÑO","centerLng":-70.641397,"centerLat":-33.512172,"kind":"proyecto","categoria":"Otras carteras","cartera":"Municipios","etapa":"diseño","tipo":"ciclovía","inicio":"Gran Avenida","fin":"Santa Rosa","origen":"Otras carteras"}},{"type":"Feature","geometry":{"type":"MultiLineString","coordinates":[[[-70.656443,-33.50865],[-70.656746,-33.508523],[-70.668061,-33.505014]]]},"properties":{"id":"OC-131300012","OBJECTID":20360,"nombre":"Quinta Avenida","escala":"Otras carteras","comunas":"San Miguel","macrozona":null,"km":1.14,"n_priori":null,"anteproyec":"EN DISEÑO","centerLng":-70.660417,"centerLat":-33.507396,"kind":"proyecto","categoria":"Otras carteras","cartera":"Municipios","etapa":"diseño","tipo":"ciclovía","inicio":"José Joquín Prieto","fin":"Gran Avenida","origen":"Otras carteras"}},{"type":"Feature","geometry":{"type":"MultiLineString","coordinates":[[[-70.656707,-33.509504],[-70.658875,-33.50889],[-70.668355,-33.506039]]]},"properties":{"id":"OC-131300013","OBJECTID":20361,"nombre":"Sexta Avenida","escala":"Otras carteras","comunas":"San Miguel","macrozona":null,"km":1.16,"n_priori":null,"anteproyec":"EN DISEÑO","centerLng":-70.661312,"centerLat":-33.508144,"kind":"proyecto","categoria":"Otras carteras","cartera":"Municipios","etapa":"diseño","tipo":"ciclovía","inicio":"José Joquín Prieto","fin":"Gran Avenida","origen":"Otras carteras"}},{"type":"Feature","geometry":{"type":"MultiLineString","coordinates":[[[-70.659115,-33.496355],[-70.65873,-33.495557],[-70.658478,-33.495035],[-70.658193,-33.493997],[-70.657873,-33.492928],[-70.655193,-33.484979],[-70.653703,-33.480119],[-70.654037,-33.476543]]]},"properties":{"id":"OC-131300014","OBJECTID":20362,"nombre":"San ignacio","escala":"Otras carteras","comunas":"San Miguel","macrozona":null,"km":2.28,"n_priori":null,"anteproyec":"EN DISEÑO","centerLng":-70.656915,"centerLat":-33.489439,"kind":"proyecto","categoria":"Otras carteras","cartera":"Municipios","etapa":"diseño","tipo":"ciclovía","inicio":"Centenario","fin":"La Marina","origen":"Otras carteras"}},{"type":"Feature","geometry":{"type":"MultiLineString","coordinates":[[[-70.653437,-33.498215],[-70.663475,-33.49494]]]},"properties":{"id":"OC-131300015","OBJECTID":20363,"nombre":"La Marina","escala":"Otras carteras","comunas":"San Miguel","macrozona":null,"km":0.98,"n_priori":null,"anteproyec":"EN DISEÑO","centerLng":-70.658456,"centerLat":-33.496578,"kind":"proyecto","categoria":"Otras carteras","cartera":"Municipios","etapa":"diseño","tipo":"ciclovía","inicio":"Gran Avenida","fin":"José Joaquín Prieto","origen":"Otras carteras"}},{"type":"Feature","geometry":{"type":"MultiLineString","coordinates":[[[-70.65052,-33.537713],[-70.6475,-33.53833],[-70.645378,-33.538738],[-70.643876,-33.538941],[-70.642593,-33.539137],[-70.642085,-33.539112],[-70.640044,-33.539417],[-70.637846,-33.539745],[-70.636718,-33.539863],[-70.636456,-33.539791],[-70.636098,-33.53972],[-70.635541,-33.539719],[-70.634322,-33.539688]]]},"properties":{"id":"OC-131310005","OBJECTID":20364,"nombre":"Bolivia","escala":"Otras carteras","comunas":"San Ramón","macrozona":null,"km":1.53,"n_priori":null,"anteproyec":"PLANIFICADA","centerLng":-70.640691,"centerLat":-33.539224,"kind":"proyecto","categoria":"Otras carteras","cartera":"Municipios","etapa":"planificadas","tipo":"ciclovía","inicio":"Dos Oriente","fin":"Santa Rosa","origen":"Otras carteras"}},{"type":"Feature","geometry":{"type":"MultiLineString","coordinates":[[[-70.654871,-33.554944],[-70.653228,-33.555193],[-70.650471,-33.555599],[-70.647416,-33.556054],[-70.64553,-33.556343],[-70.64312,-33.556668],[-70.639424,-33.557166],[-70.636672,-33.557556],[-70.635009,-33.557777],[-70.632967,-33.558066],[-70.632099,-33.558183],[-70.631806,-33.558177],[-70.631182,-33.558118],[-70.631025,-33.558092]]]},"properties":{"id":"OC-131310006","OBJECTID":20365,"nombre":"Venancia Leiva","escala":"Otras carteras","comunas":"San Ramón","macrozona":null,"km":2.25,"n_priori":null,"anteproyec":"PLANIFICADA","centerLng":-70.640344,"centerLat":-33.556995,"kind":"proyecto","categoria":"Otras carteras","cartera":"Municipios","etapa":"planificadas","tipo":"ciclovía","inicio":"San Francisco","fin":"Santa Rosa","origen":"Otras carteras"}},{"type":"Feature","geometry":{"type":"MultiLineString","coordinates":[[[-70.576018,-33.399558],[-70.577009,-33.396971],[-70.577135,-33.396632],[-70.577311,-33.396224],[-70.577529,-33.395716],[-70.577711,-33.395407],[-70.578094,-33.39487],[-70.578477,-33.394381],[-70.578999,-33.393887],[-70.579334,-33.393658],[-70.579704,-33.393442],[-70.580311,-33.39316],[-70.581039,-33.392815],[-70.583099,-33.391866],[-70.584302,-33.391357],[-70.585379,-33.390901],[-70.586682,-33.39034],[-70.588642,-33.389027],[-70.589335,-33.388581],[-70.591306,-33.387243],[-70.592079,-33.386486]]]},"properties":{"id":"OC-131320004","OBJECTID":20366,"nombre":"Luis Carrera","escala":"Otras carteras","comunas":"Vitacura","macrozona":null,"km":2.17,"n_priori":null,"anteproyec":"PLANIFICADA","centerLng":-70.581881,"centerLat":-33.392977,"kind":"proyecto","categoria":"Otras carteras","cartera":"Municipios","etapa":"planificadas","tipo":"ciclovía","inicio":"JOSEMARIA ESCRIVA DE BALAGUER","fin":"PRESIDENTE KENNEDY","origen":"Otras carteras"}},{"type":"Feature","geometry":{"type":"MultiLineString","coordinates":[[[-70.586925,-33.402074],[-70.58594,-33.401884],[-70.585331,-33.401769],[-70.585017,-33.401709],[-70.584531,-33.401564],[-70.584077,-33.401391],[-70.583804,-33.401212],[-70.583578,-33.401055],[-70.583266,-33.400829],[-70.583014,-33.40053],[-70.582808,-33.400155],[-70.582628,-33.399926],[-70.582388,-33.399753],[-70.581622,-33.399307],[-70.580574,-33.398771],[-70.57875,-33.397848],[-70.577851,-33.397406],[-70.577009,-33.396971],[-70.575962,-33.396503],[-70.575661,-33.396356],[-70.57481,-33.395993],[-70.574069,-33.395625],[-70.573452,-33.395354],[-70.572079,-33.394676],[-70.570109,-33.393754],[-70.568909,-33.393185],[-70.568627,-33.393073],[-70.566871,-33.392685],[-70.565371,-33.392295],[-70.562987,-33.391573],[-70.5617,-33.391184],[-70.561276,-33.391034],[-70.560555,-33.390765],[-70.560373,-33.390672],[-70.560181,-33.390527],[-70.559741,-33.39029],[-70.557787,-33.389495],[-70.555772,-33.388689],[-70.552879,-33.387512],[-70.549911,-33.386268],[-70.547893,-33.385435],[-70.54754,-33.385312],[-70.547307,-33.385283],[-70.545257,-33.385186],[-70.545019,-33.385133],[-70.543881,-33.384817],[-70.542655,-33.384431],[-70.541821,-33.384159],[-70.540842,-33.383761],[-70.540307,-33.383529],[-70.536417,-33.381334],[-70.53437,-33.380308],[-70.534102,-33.380164],[-70.533373,-33.379704],[-70.531363,-33.378022],[-70.528672,-33.375713],[-70.528245,-33.375396],[-70.527804,-33.375111],[-70.527337,-33.374816],[-70.526874,-33.374573]]]},"properties":{"id":"OC-131320005","OBJECTID":20367,"nombre":"Las Hualtatas","escala":"Otras carteras","comunas":"Vitacura","macrozona":null,"km":6.46,"n_priori":null,"anteproyec":"PLANIFICADA","centerLng":-70.561155,"centerLat":-33.390897,"kind":"proyecto","categoria":"Otras carteras","cartera":"Municipios","etapa":"planificadas","tipo":"ciclovía","inicio":"AMERICO VESPUCIO","fin":"SAN DAMIAN","origen":"Otras carteras"}},{"type":"Feature","geometry":{"type":"MultiLineString","coordinates":[[[-70.526874,-33.374573],[-70.526312,-33.375379],[-70.525716,-33.376217]]]},"properties":{"id":"OC-131320006","OBJECTID":20368,"nombre":"San Damian","escala":"Otras carteras","comunas":"Vitacura","macrozona":null,"km":0.21,"n_priori":null,"anteproyec":"PLANIFICADA","centerLng":-70.526301,"centerLat":-33.37539,"kind":"proyecto","categoria":"Otras carteras","cartera":"Municipios","etapa":"planificadas","tipo":"ciclovía","inicio":"LAS HUALTATAS","fin":"Las Condes","origen":"Otras carteras"}},{"type":"Feature","geometry":{"type":"MultiLineString","coordinates":[[[-70.58665,-33.403796],[-70.586977,-33.404081],[-70.587166,-33.404192],[-70.588449,-33.404457],[-70.588859,-33.404567],[-70.589297,-33.40466],[-70.590135,-33.404876],[-70.590703,-33.405056],[-70.591347,-33.405298],[-70.59224,-33.405625],[-70.593977,-33.406227],[-70.595828,-33.406871],[-70.597584,-33.407461],[-70.598829,-33.407863],[-70.599267,-33.407933],[-70.599769,-33.407934],[-70.59993,-33.40789],[-70.600075,-33.407819],[-70.600266,-33.407746]]]},"properties":{"id":"OC-131320007","OBJECTID":20369,"nombre":"Kennedy","escala":"Otras carteras","comunas":"Vitacura","macrozona":null,"km":1.4,"n_priori":null,"anteproyec":"PLANIFICADA","centerLng":-70.593545,"centerLat":-33.406019,"kind":"proyecto","categoria":"Otras carteras","cartera":"Municipios","etapa":"planificadas","tipo":"ciclovía","inicio":"Av. Vitacura","fin":"Américo vespucio","origen":"Otras carteras"}},{"type":"Feature","geometry":{"type":"MultiLineString","coordinates":[[[-70.517587,-33.372682],[-70.519503,-33.373525],[-70.521461,-33.374388],[-70.522263,-33.374716],[-70.5233,-33.375181],[-70.524794,-33.375791],[-70.525406,-33.37607],[-70.525716,-33.376217],[-70.525998,-33.376365],[-70.526693,-33.376778],[-70.527168,-33.377098],[-70.527697,-33.377509],[-70.528213,-33.378067],[-70.529027,-33.379055],[-70.529606,-33.379637],[-70.530169,-33.380135],[-70.531592,-33.381505],[-70.532291,-33.382149],[-70.532563,-33.382257],[-70.532778,-33.382397],[-70.533062,-33.382629],[-70.533329,-33.382975],[-70.533492,-33.383073],[-70.533693,-33.38317],[-70.533826,-33.383192],[-70.534143,-33.38318],[-70.534376,-33.383189],[-70.534452,-33.383236],[-70.534646,-33.383488],[-70.534654,-33.383613]]]},"properties":{"id":"OC-131320008","OBJECTID":20370,"nombre":"Las Condes","escala":"Otras carteras","comunas":"Vitacura","macrozona":null,"km":2.05,"n_priori":null,"anteproyec":"PLANIFICADA","centerLng":-70.529117,"centerLat":-33.379442,"kind":"proyecto","categoria":"Otras carteras","cartera":"Municipios","etapa":"planificadas","tipo":"ciclovía","inicio":"Tabancura","fin":"SAN FRANCISCO DE ASIS","origen":"Otras carteras"}},{"type":"Feature","geometry":{"type":"MultiLineString","coordinates":[[[-70.600266,-33.407746],[-70.600005,-33.407486],[-70.598624,-33.406241],[-70.597365,-33.405072],[-70.59544,-33.403267],[-70.594039,-33.401947],[-70.592797,-33.400788],[-70.592531,-33.400533],[-70.592377,-33.400411],[-70.592236,-33.400337],[-70.591885,-33.400207],[-70.589786,-33.399478],[-70.587834,-33.398791],[-70.585014,-33.397825],[-70.583492,-33.397308],[-70.582925,-33.39712],[-70.582428,-33.396932],[-70.581926,-33.396692],[-70.581019,-33.396075],[-70.579301,-33.394935],[-70.578477,-33.394381],[-70.577112,-33.393456],[-70.57585,-33.392601],[-70.574905,-33.391977],[-70.574436,-33.391728],[-70.573406,-33.391141],[-70.572467,-33.39062],[-70.571982,-33.390511],[-70.570618,-33.390074],[-70.570361,-33.390022],[-70.570218,-33.38998],[-70.569423,-33.389537],[-70.567928,-33.388661],[-70.567564,-33.388451],[-70.566649,-33.387894],[-70.564975,-33.386922],[-70.564201,-33.386505],[-70.563958,-33.386396],[-70.563633,-33.386289],[-70.563281,-33.386194],[-70.558816,-33.385706],[-70.557368,-33.385557],[-70.556213,-33.385432],[-70.555742,-33.385342],[-70.555176,-33.38521],[-70.554656,-33.38505],[-70.55396,-33.3848],[-70.553196,-33.384495],[-70.551125,-33.38373],[-70.547913,-33.382521],[-70.545317,-33.381532],[-70.542807,-33.380585],[-70.540167,-33.379571],[-70.539275,-33.379252],[-70.539045,-33.379084],[-70.538191,-33.378777],[-70.537977,-33.378736],[-70.53775,-33.378774],[-70.537615,-33.378883],[-70.53729,-33.379293],[-70.537247,-33.37956],[-70.537281,-33.379882],[-70.537299,-33.380088]]]},"properties":{"id":"OC-131320009","OBJECTID":20371,"nombre":"Vitacura","escala":"Otras carteras","comunas":"Vitacura","macrozona":null,"km":6.95,"n_priori":null,"anteproyec":"PLANIFICADA","centerLng":-70.567526,"centerLat":-33.390228,"kind":"proyecto","categoria":"Otras carteras","cartera":"Municipios","etapa":"planificadas","tipo":"ciclovía","inicio":"Presidente Kennedy","fin":"TABANCURA","origen":"Otras carteras"}},{"type":"Feature","geometry":{"type":"MultiLineString","coordinates":[[[-70.537299,-33.380088],[-70.536417,-33.381334],[-70.535115,-33.383126],[-70.535014,-33.383286],[-70.534846,-33.383451],[-70.534654,-33.383613]]]},"properties":{"id":"OC-131320010","OBJECTID":20372,"nombre":"Tabancura","escala":"Otras carteras","comunas":"Vitacura","macrozona":null,"km":0.46,"n_priori":null,"anteproyec":"PLANIFICADA","centerLng":-70.535557,"centerLat":-33.382483,"kind":"proyecto","categoria":"Otras carteras","cartera":"Municipios","etapa":"planificadas","tipo":"ciclovía","inicio":"Vitacura","fin":"PRESIDENTE KENNEDY","origen":"Otras carteras"}},{"type":"Feature","geometry":{"type":"MultiLineString","coordinates":[[[-70.600266,-33.407746],[-70.600422,-33.407724],[-70.600555,-33.407726],[-70.600659,-33.407741],[-70.600821,-33.407254],[-70.600938,-33.406922],[-70.600944,-33.406715],[-70.600918,-33.40633],[-70.600889,-33.405809],[-70.600929,-33.405626],[-70.601188,-33.405054],[-70.601581,-33.404218],[-70.601727,-33.403909],[-70.601766,-33.403726],[-70.601772,-33.403535],[-70.601741,-33.403357],[-70.601565,-33.402317],[-70.601363,-33.401107],[-70.601283,-33.400626],[-70.601177,-33.400146],[-70.601048,-33.399202],[-70.600905,-33.398376],[-70.600742,-33.39777],[-70.600508,-33.396922],[-70.600408,-33.396605],[-70.600268,-33.396221],[-70.60007,-33.395794],[-70.599775,-33.39519],[-70.5992,-33.394068]]]},"properties":{"id":"OC-131320013","OBJECTID":20373,"nombre":"Bicentenario","escala":"Otras carteras","comunas":"Vitacura","macrozona":null,"km":1.6,"n_priori":null,"anteproyec":"PLANIFICADA","centerLng":-70.600877,"centerLat":-33.402336,"kind":"proyecto","categoria":"Otras carteras","cartera":"Municipios","etapa":"planificadas","tipo":"ciclovía","inicio":"Isabel Montt","fin":"Vitacura","origen":"Otras carteras"}},{"type":"Feature","geometry":{"type":"MultiLineString","coordinates":[[[-70.5992,-33.394068],[-70.601402,-33.393415],[-70.601708,-33.393339]]]},"properties":{"id":"OC-131320014","OBJECTID":20374,"nombre":"Isabel Montt","escala":"Otras carteras","comunas":"Vitacura","macrozona":null,"km":0.25,"n_priori":null,"anteproyec":"PLANIFICADA","centerLng":-70.60077,"centerLat":-33.393607,"kind":"proyecto","categoria":"Otras carteras","cartera":"Municipios","etapa":"planificadas","tipo":"ciclovía","inicio":"Costanera Sur","fin":"BICENTENARIO","origen":"Otras carteras"}},{"type":"Feature","geometry":{"type":"MultiLineString","coordinates":[[[-70.584246,-33.372438],[-70.58422,-33.372369],[-70.584105,-33.372202],[-70.583896,-33.372072],[-70.583789,-33.372039],[-70.577317,-33.37141],[-70.573856,-33.370826],[-70.573491,-33.370814],[-70.573228,-33.370847],[-70.573009,-33.370898]]]},"properties":{"id":"OC-131320015","OBJECTID":20375,"nombre":"Parque Antonio Rabat","escala":"Otras carteras","comunas":"Vitacura","macrozona":null,"km":1.08,"n_priori":null,"anteproyec":"PLANIFICADA","centerLng":-70.579116,"centerLat":-33.371592,"kind":"proyecto","categoria":"Otras carteras","cartera":"Municipios","etapa":"planificadas","tipo":"ciclovía","inicio":"Agua de Palo","fin":"LUIS PASTEUR","origen":"Otras carteras"}},{"type":"Feature","geometry":{"type":"MultiLineString","coordinates":[[[-70.573009,-33.370898],[-70.572677,-33.371004],[-70.572441,-33.371102],[-70.572218,-33.371249],[-70.571965,-33.371486],[-70.571766,-33.371767],[-70.571666,-33.371967],[-70.571186,-33.373504],[-70.570971,-33.374191],[-70.570128,-33.376631],[-70.569903,-33.376765],[-70.569776,-33.377062]]]},"properties":{"id":"OC-131320016","OBJECTID":20376,"nombre":"Luis Pasteur","escala":"Otras carteras","comunas":"Vitacura","macrozona":null,"km":0.78,"n_priori":null,"anteproyec":"PLANIFICADA","centerLng":-70.571475,"centerLat":-33.373135,"kind":"proyecto","categoria":"Otras carteras","cartera":"Municipios","etapa":"planificadas","tipo":"ciclovía","inicio":"PARQUE ANTONIO RABAT","fin":"SANTA MARIA","origen":"Otras carteras"}},{"type":"Feature","geometry":{"type":"MultiLineString","coordinates":[[[-70.569776,-33.377062],[-70.570561,-33.377239],[-70.570732,-33.377249],[-70.571337,-33.377392],[-70.5718,-33.377331],[-70.574091,-33.377958],[-70.57614,-33.378533],[-70.577117,-33.378811],[-70.577826,-33.379],[-70.57804,-33.379033],[-70.579601,-33.379109],[-70.581533,-33.379228],[-70.581984,-33.379297],[-70.582427,-33.379395],[-70.583149,-33.379611],[-70.583181,-33.379621],[-70.583685,-33.379789],[-70.585135,-33.380267],[-70.586565,-33.380718],[-70.588338,-33.381256],[-70.589063,-33.381506],[-70.58935,-33.381617],[-70.589739,-33.381879],[-70.59057,-33.382508],[-70.591258,-33.383048],[-70.591864,-33.383518],[-70.592908,-33.384371],[-70.593307,-33.384684],[-70.593678,-33.385006],[-70.594025,-33.385296],[-70.59515,-33.3862],[-70.595497,-33.386505],[-70.596113,-33.386987],[-70.596585,-33.387386],[-70.597272,-33.387894],[-70.59769,-33.388203],[-70.597955,-33.388426],[-70.598329,-33.388702],[-70.598526,-33.388809],[-70.598599,-33.388836],[-70.598697,-33.388827]]]},"properties":{"id":"OC-131320017","OBJECTID":20377,"nombre":"Santa María","escala":"Otras carteras","comunas":"Vitacura","macrozona":null,"km":3.09,"n_priori":null,"anteproyec":"EN DISEÑO","centerLng":-70.58681,"centerLat":-33.382393,"kind":"proyecto","categoria":"Otras carteras","cartera":"Municipios","etapa":"diseño","tipo":"ciclovía","inicio":"Santa Cruz","fin":"Luis Pasteur","origen":"Otras carteras"}},{"type":"Feature","geometry":{"type":"MultiLineString","coordinates":[[[-70.58318,-33.379624],[-70.583181,-33.379621],[-70.583242,-33.379456],[-70.583266,-33.379267],[-70.583363,-33.378638],[-70.583472,-33.377849],[-70.583506,-33.377622],[-70.583507,-33.377395],[-70.583523,-33.377009],[-70.583665,-33.3762],[-70.583778,-33.375351],[-70.584389,-33.372041],[-70.584496,-33.368979]]]},"properties":{"id":"OC-131320018","OBJECTID":20378,"nombre":"Agua de Palo","escala":"Otras carteras","comunas":"Vitacura","macrozona":null,"km":0.8,"n_priori":null,"anteproyec":"PLANIFICADA","centerLng":-70.583582,"centerLat":-33.37685,"kind":"proyecto","categoria":"Otras carteras","cartera":"Municipios","etapa":"planificadas","tipo":"ciclovía","inicio":"PARQUE ANTONIO RABAT","fin":"SANTA MARIA","origen":"Otras carteras"}},{"type":"Feature","geometry":{"type":"MultiLineString","coordinates":[[[-70.583492,-33.397308],[-70.583267,-33.396897],[-70.583086,-33.396609],[-70.582541,-33.395797],[-70.582354,-33.395429],[-70.581759,-33.39426],[-70.581039,-33.392815],[-70.580801,-33.392391],[-70.577925,-33.388852],[-70.576486,-33.387105],[-70.575093,-33.385591],[-70.573923,-33.384334],[-70.573668,-33.384098],[-70.572618,-33.38293],[-70.571687,-33.381785],[-70.570461,-33.380309],[-70.56973,-33.379416],[-70.569362,-33.378925]]]},"properties":{"id":"OC-131320020","OBJECTID":20379,"nombre":"Luis Pasteur","escala":"Otras carteras","comunas":"Vitacura","macrozona":null,"km":2.44,"n_priori":null,"anteproyec":"PLANIFICADA","centerLng":-70.577183,"centerLat":-33.388603,"kind":"proyecto","categoria":"Otras carteras","cartera":"Municipios","etapa":"planificadas","tipo":"ciclovía","inicio":"José María Escrivá de Balaguer","fin":"Vitacura","origen":"Otras carteras"}},{"type":"Feature","geometry":{"type":"MultiLineString","coordinates":[[[-70.572467,-33.39062],[-70.572386,-33.391055],[-70.572355,-33.39119],[-70.572368,-33.391902],[-70.572304,-33.392814],[-70.572266,-33.393327],[-70.572177,-33.393905],[-70.572079,-33.394676]]]},"properties":{"id":"OC-131320021","OBJECTID":20380,"nombre":"Manquehue Norte","escala":"Otras carteras","comunas":"Vitacura","macrozona":null,"km":0.52,"n_priori":null,"anteproyec":"EN DISEÑO","centerLng":-70.5723,"centerLat":-33.392436,"kind":"proyecto","categoria":"Otras carteras","cartera":"Municipios","etapa":"diseño","tipo":"ciclovía","inicio":"Rotonda Irene Frei","fin":"Las Hualtatas","origen":"Otras carteras"}},{"type":"Feature","geometry":{"type":"MultiLineString","coordinates":[[[-70.561754,-33.394362],[-70.562313,-33.393171],[-70.562987,-33.391573],[-70.563764,-33.389768],[-70.564291,-33.388445],[-70.564686,-33.387466],[-70.564975,-33.386922]]]},"properties":{"id":"OC-131320022","OBJECTID":20381,"nombre":"Gerónico de Alderete","escala":"Otras carteras","comunas":"Vitacura","macrozona":null,"km":0.88,"n_priori":null,"anteproyec":"PLANIFICADA","centerLng":-70.563539,"centerLat":-33.390244,"kind":"proyecto","categoria":"Otras carteras","cartera":"Municipios","etapa":"planificadas","tipo":"ciclovía","inicio":"Vitacura","fin":"Presidente Kennedy","origen":"Otras carteras"}},{"type":"Feature","geometry":{"type":"MultiLineString","coordinates":[[[-70.580453,-33.381574],[-70.579543,-33.384214],[-70.576611,-33.386828],[-70.574042,-33.389227],[-70.572762,-33.390222]]]},"properties":{"id":"OC-131320023","OBJECTID":20382,"nombre":"Manquehue Norte","escala":"Otras carteras","comunas":"Vitacura","macrozona":null,"km":1.28,"n_priori":null,"anteproyec":"PLANIFICADA","centerLng":-70.576682,"centerLat":-33.386413,"kind":"proyecto","categoria":"Otras carteras","cartera":"Municipios","etapa":"planificadas","tipo":"ciclovía","inicio":"José María Escrivá de Balaguer","fin":"Vitacura","origen":"Otras carteras"}},{"type":"Feature","geometry":{"type":"MultiLineString","coordinates":[[[-70.569776,-33.377062],[-70.569479,-33.378405],[-70.569362,-33.378925]]]},"properties":{"id":"OC-131320026","OBJECTID":20383,"nombre":"Puente Lo Curro","escala":"Otras carteras","comunas":"Vitacura","macrozona":null,"km":0.21,"n_priori":null,"anteproyec":"PLANIFICADA","centerLng":-70.569539,"centerLat":-33.378131,"kind":"proyecto","categoria":"Otras carteras","cartera":"Municipios","etapa":"planificadas","tipo":"ciclovía","inicio":"Santa Maria","fin":"Josemaria Escriva De Balaguer","origen":"Otras carteras"}},{"type":"Feature","geometry":{"type":"MultiLineString","coordinates":[[[-70.548543,-33.389609],[-70.548718,-33.389684],[-70.550061,-33.390199],[-70.556016,-33.392397],[-70.561797,-33.394361],[-70.56331,-33.394888],[-70.564569,-33.39525],[-70.564863,-33.395388],[-70.565446,-33.395556]]]},"properties":{"id":"OC-131320030","OBJECTID":20384,"nombre":"Kennedy","escala":"Otras carteras","comunas":"Vitacura","macrozona":null,"km":1.8,"n_priori":null,"anteproyec":"EN DISEÑO","centerLng":-70.558147,"centerLat":-33.393037,"kind":"proyecto","categoria":"Otras carteras","cartera":"Privados","etapa":"diseño","tipo":"ciclovía","inicio":"Av. Padre Hurtado","fin":"Benito Juarez","origen":"Otras carteras"}},{"type":"Feature","geometry":{"type":"MultiLineString","coordinates":[[[-70.571258,-33.397732],[-70.57177,-33.396065],[-70.57207,-33.394655]]]},"properties":{"id":"OC-131320032","OBJECTID":20385,"nombre":"Manquehue","escala":"Otras carteras","comunas":"Vitacura","macrozona":null,"km":0.82,"n_priori":null,"anteproyec":"EN DISEÑO","centerLng":-70.571699,"centerLat":-33.396151,"kind":"proyecto","categoria":"Otras carteras","cartera":"Municipios","etapa":"diseño","tipo":"ciclovía","inicio":"Av. Las Hualtatas","fin":"Av. Presidente Riesco","origen":"Otras carteras"}},{"type":"Feature","geometry":{"type":"MultiLineString","coordinates":[[[-70.571553,-33.580063],[-70.570813,-33.580434],[-70.570634,-33.580508],[-70.569331,-33.581272],[-70.568454,-33.581789],[-70.566743,-33.58288],[-70.566164,-33.583468],[-70.565033,-33.584536],[-70.564041,-33.585332],[-70.563262,-33.585922],[-70.562396,-33.586629],[-70.562133,-33.586784],[-70.560808,-33.587087],[-70.559544,-33.587349],[-70.558751,-33.587661],[-70.558408,-33.587857],[-70.55809,-33.588151],[-70.557825,-33.588468],[-70.557506,-33.588707],[-70.55703,-33.588888],[-70.556588,-33.589152],[-70.556539,-33.589367],[-70.556295,-33.58953],[-70.556103,-33.589663],[-70.555897,-33.589869],[-70.55553,-33.59035],[-70.555203,-33.590879],[-70.555049,-33.59106],[-70.554796,-33.591254],[-70.554265,-33.591611],[-70.553106,-33.592405],[-70.552951,-33.592224],[-70.552838,-33.592277],[-70.552702,-33.592394],[-70.552449,-33.592608],[-70.552143,-33.593038],[-70.551986,-33.593262],[-70.551781,-33.593442],[-70.551582,-33.593566],[-70.551346,-33.593664],[-70.55094,-33.593772],[-70.550167,-33.593886],[-70.549512,-33.594051],[-70.548678,-33.59433],[-70.547885,-33.594602],[-70.547498,-33.594774],[-70.547259,-33.594952],[-70.547119,-33.595093],[-70.546984,-33.59527],[-70.546815,-33.595653],[-70.546672,-33.596427],[-70.54648,-33.597097],[-70.546185,-33.597509],[-70.545566,-33.598071],[-70.544737,-33.598556],[-70.543539,-33.598979],[-70.542347,-33.599328],[-70.539635,-33.600278],[-70.537915,-33.601626],[-70.536303,-33.602409],[-70.535405,-33.60315],[-70.533876,-33.605183]]]},"properties":{"id":"OC-132010019","OBJECTID":20386,"nombre":"Troncal San Francisco","escala":"Otras carteras","comunas":"Puente Alto","macrozona":null,"km":4.67,"n_priori":null,"anteproyec":"PLANIFICADA","centerLng":-70.553697,"centerLat":-33.591619,"kind":"proyecto","categoria":"Otras carteras","cartera":"MTT","etapa":"planificadas","tipo":"ciclovía","inicio":"El Penon","fin":"Eyzaguirre","origen":"Otras carteras"}},{"type":"Feature","geometry":{"type":"MultiLineString","coordinates":[[[-70.568308,-33.5609],[-70.568307,-33.560905],[-70.567888,-33.562698],[-70.567794,-33.562755],[-70.567562,-33.563824],[-70.56734,-33.564729],[-70.56672,-33.567465],[-70.566491,-33.568705],[-70.566059,-33.571085],[-70.565812,-33.57242],[-70.565255,-33.574185],[-70.564643,-33.576117],[-70.564136,-33.578013],[-70.563639,-33.579936],[-70.563534,-33.5815],[-70.563397,-33.58343],[-70.563289,-33.585317],[-70.563262,-33.585922],[-70.563108,-33.587871],[-70.563096,-33.587999],[-70.56305,-33.588099],[-70.562883,-33.588288],[-70.562596,-33.588705],[-70.562301,-33.589218],[-70.56148,-33.590576],[-70.560972,-33.591414],[-70.560414,-33.592383],[-70.559902,-33.593193],[-70.558849,-33.594916],[-70.557898,-33.596467],[-70.557684,-33.59674],[-70.557419,-33.597022],[-70.557242,-33.597239],[-70.557105,-33.597472],[-70.557021,-33.597616],[-70.556862,-33.598325],[-70.556616,-33.599414],[-70.556368,-33.600616]]]},"properties":{"id":"OC-132010020","OBJECTID":20387,"nombre":"Mexico","escala":"Otras carteras","comunas":"Puente Alto","macrozona":null,"km":4.6,"n_priori":null,"anteproyec":"PLANIFICADA","centerLng":-70.562534,"centerLat":-33.583513,"kind":"proyecto","categoria":"Otras carteras","cartera":"MTT","etapa":"planificadas","tipo":"ciclovía","inicio":"Diego Portales","fin":"Domingo Tocornal","origen":"Otras carteras"}},{"type":"Feature","geometry":{"type":"MultiLineString","coordinates":[[[-70.545643,-33.58477],[-70.54646,-33.585452],[-70.547534,-33.586488],[-70.551354,-33.590187],[-70.551883,-33.591079],[-70.552702,-33.592394],[-70.554243,-33.594821],[-70.555223,-33.596257],[-70.555546,-33.596762],[-70.555988,-33.597406],[-70.556289,-33.598378],[-70.5565,-33.599213],[-70.556616,-33.599414]]]},"properties":{"id":"OC-132010021","OBJECTID":20388,"nombre":"Paseo Pie Andino","escala":"Otras carteras","comunas":"Puente Alto","macrozona":null,"km":1.94,"n_priori":null,"anteproyec":"PLANIFICADA","centerLng":-70.552768,"centerLat":-33.593279,"kind":"proyecto","categoria":"Otras carteras","cartera":"MTT","etapa":"planificadas","tipo":"ciclovía","inicio":"Camilo Henriquez","fin":"Mexico","origen":"Otras carteras"}},{"type":"Feature","geometry":{"type":"MultiLineString","coordinates":[[[-70.624746,-33.629421],[-70.623606,-33.62923],[-70.62197,-33.628969],[-70.620988,-33.628807],[-70.619958,-33.628641],[-70.619443,-33.628556],[-70.618448,-33.62849],[-70.617592,-33.628442],[-70.616762,-33.628305],[-70.615927,-33.628129],[-70.615255,-33.628058],[-70.613784,-33.627942],[-70.612175,-33.627812],[-70.610611,-33.627813],[-70.609558,-33.627679],[-70.608086,-33.627512],[-70.607785,-33.627452],[-70.607388,-33.627529],[-70.607268,-33.627518],[-70.606768,-33.627449],[-70.60562,-33.627305],[-70.605439,-33.627276],[-70.60539,-33.627197],[-70.605265,-33.627119],[-70.598608,-33.625847]]]},"properties":{"id":"OC-132010022","OBJECTID":20389,"nombre":"San Pedro","escala":"Otras carteras","comunas":"Puente Alto","macrozona":null,"km":2.47,"n_priori":null,"anteproyec":"PLANIFICADA","centerLng":-70.612738,"centerLat":-33.62794,"kind":"proyecto","categoria":"Otras carteras","cartera":"MTT","etapa":"planificadas","tipo":"ciclovía","inicio":"Curanilahue","fin":"Acceso Sur (Poniente)","origen":"Otras carteras"}},{"type":"Feature","geometry":{"type":"MultiLineString","coordinates":[[[-70.542838,-33.611379],[-70.542653,-33.611338],[-70.541602,-33.610621],[-70.538298,-33.608363],[-70.536562,-33.607181],[-70.536348,-33.607085],[-70.535521,-33.60684],[-70.53517,-33.606689],[-70.534822,-33.606535],[-70.534649,-33.60641],[-70.53445,-33.606209],[-70.533876,-33.605183],[-70.5336,-33.604753],[-70.533102,-33.603192],[-70.532822,-33.6024],[-70.531884,-33.600733],[-70.531128,-33.599359],[-70.530796,-33.598564]]]},"properties":{"id":"OC-132010023","OBJECTID":20390,"nombre":"Eyzaguirre-Camino Internacional","escala":"Otras carteras","comunas":"Puente Alto","macrozona":null,"km":1.89,"n_priori":null,"anteproyec":"PLANIFICADA","centerLng":-70.535562,"centerLat":-33.605713,"kind":"proyecto","categoria":"Otras carteras","cartera":"MTT","etapa":"planificadas","tipo":"ciclovía","inicio":"Eyzaguirre","fin":"Camilo Enriquez","origen":"Otras carteras"}},{"type":"Feature","geometry":{"type":"MultiLineString","coordinates":[[[-70.580924,-33.595441],[-70.580664,-33.595198],[-70.580414,-33.594947],[-70.579979,-33.594642],[-70.579452,-33.594426],[-70.579225,-33.594361],[-70.579041,-33.594308],[-70.578703,-33.594241],[-70.575804,-33.593972],[-70.573243,-33.593738],[-70.570896,-33.593529],[-70.569454,-33.593408],[-70.568417,-33.593298],[-70.567811,-33.592928],[-70.567711,-33.592885],[-70.566512,-33.592805]]]},"properties":{"id":"OC-132010027","OBJECTID":20391,"nombre":"Jorge Ross Ossa-Las Nieves Oriente","escala":"Otras carteras","comunas":"Puente Alto","macrozona":null,"km":1.4,"n_priori":null,"anteproyec":"PLANIFICADA","centerLng":-70.574891,"centerLat":-33.594008,"kind":"proyecto","categoria":"Otras carteras","cartera":"Municipios","etapa":"planificadas","tipo":"ciclovía","inicio":"Emiliana Subercaseaux","fin":"Nonato Coo","origen":"Otras carteras"}},{"type":"Feature","geometry":{"type":"MultiLineString","coordinates":[[[-70.550926,-33.609897],[-70.54388,-33.611325],[-70.543199,-33.611367],[-70.543171,-33.611365],[-70.542838,-33.611379]]]},"properties":{"id":"OC-132010029","OBJECTID":20392,"nombre":"Eyzaguirre","escala":"Otras carteras","comunas":"Puente Alto","macrozona":null,"km":0.77,"n_priori":null,"anteproyec":"PLANIFICADA","centerLng":-70.544803,"centerLat":-33.611067,"kind":"proyecto","categoria":"Otras carteras","cartera":"Municipios","etapa":"planificadas","tipo":"ciclovía","inicio":"Paseo Pie Andino","fin":"Canal Eyzaguirre","origen":"Otras carteras"}},{"type":"Feature","geometry":{"type":"MultiLineString","coordinates":[[[-70.626686,-33.618517],[-70.626525,-33.618534],[-70.62652,-33.618535],[-70.626192,-33.618523],[-70.624577,-33.618322],[-70.622442,-33.618055],[-70.620503,-33.617798],[-70.619502,-33.617668],[-70.616758,-33.617335],[-70.615238,-33.617144],[-70.613266,-33.616891],[-70.611203,-33.616632],[-70.608687,-33.61633],[-70.60491,-33.615882],[-70.602628,-33.615618],[-70.602452,-33.615604],[-70.602055,-33.615712],[-70.60178,-33.615764],[-70.601519,-33.615759],[-70.600451,-33.615613],[-70.599926,-33.615533],[-70.599923,-33.615532],[-70.598935,-33.615413],[-70.598686,-33.615337],[-70.598197,-33.615064],[-70.596438,-33.614837],[-70.596061,-33.614793]]]},"properties":{"id":"OC-132010030","OBJECTID":20393,"nombre":"Eyzaguirre","escala":"Otras carteras","comunas":"Puente Alto","macrozona":null,"km":2.88,"n_priori":null,"anteproyec":"PLANIFICADA","centerLng":-70.609706,"centerLat":-33.616546,"kind":"proyecto","categoria":"Otras carteras","cartera":"Municipios","etapa":"planificadas","tipo":"ciclovía","inicio":"Acceso Sur (Poniente)","fin":"Arturo Prat","origen":"Otras carteras"}},{"type":"Feature","geometry":{"type":"MultiLineString","coordinates":[[[-70.592874,-33.604879],[-70.591428,-33.611844],[-70.590841,-33.614921],[-70.590708,-33.616471],[-70.590708,-33.616477],[-70.590632,-33.61754],[-70.590539,-33.618624],[-70.590538,-33.618627],[-70.590439,-33.619968],[-70.590362,-33.62096],[-70.590238,-33.622715],[-70.590048,-33.625064],[-70.589942,-33.626298],[-70.589759,-33.628467],[-70.589612,-33.630299],[-70.58949,-33.631696],[-70.589458,-33.631991]]]},"properties":{"id":"OC-132010032","OBJECTID":20394,"nombre":"Ejercito Libertador","escala":"Otras carteras","comunas":"Puente Alto","macrozona":null,"km":2.73,"n_priori":null,"anteproyec":"PLANIFICADA","centerLng":-70.590448,"centerLat":-33.620991,"kind":"proyecto","categoria":"Otras carteras","cartera":"Municipios","etapa":"planificadas","tipo":"ciclovía","inicio":"Tocornal","fin":"La Colonia","origen":"Otras carteras"}},{"type":"Feature","geometry":{"type":"MultiLineString","coordinates":[[[-70.558629,-33.559179],[-70.558506,-33.559177],[-70.558312,-33.559211],[-70.55816,-33.559249],[-70.557987,-33.559259],[-70.557399,-33.559199],[-70.55662,-33.559078],[-70.555711,-33.558938],[-70.554613,-33.558779],[-70.554524,-33.558832],[-70.554197,-33.558774],[-70.554002,-33.558755],[-70.553841,-33.55879],[-70.553744,-33.558818],[-70.553554,-33.558929],[-70.553465,-33.558998],[-70.553357,-33.559057],[-70.552571,-33.55923],[-70.552187,-33.559304],[-70.552055,-33.559244],[-70.550399,-33.559599],[-70.549292,-33.55983],[-70.548425,-33.560006],[-70.547387,-33.560227],[-70.546133,-33.560516],[-70.545551,-33.560636],[-70.543234,-33.561112],[-70.543151,-33.561223],[-70.542741,-33.561303],[-70.542365,-33.561384],[-70.541135,-33.561683]]]},"properties":{"id":"OC-132010033","OBJECTID":20395,"nombre":"Diego Portales","escala":"Otras carteras","comunas":"Puente Alto","macrozona":null,"km":1.69,"n_priori":null,"anteproyec":"PLANIFICADA","centerLng":-70.551718,"centerLat":-33.559623,"kind":"proyecto","categoria":"Otras carteras","cartera":"MTT","etapa":"planificadas","tipo":"ciclovía","inicio":"Vicuna Mackenna","fin":"Las Perdices","origen":"Otras carteras"}},{"type":"Feature","geometry":{"type":"MultiLineString","coordinates":[[[-70.656281,-33.274384],[-70.634582,-33.26643],[-70.625723,-33.263058]]]},"properties":{"id":"OC-133010011","OBJECTID":20396,"nombre":"Guay Guay","escala":"Otras carteras","comunas":"Colina","macrozona":null,"km":3.11,"n_priori":null,"anteproyec":"EN DISEÑO","centerLng":-70.638862,"centerLat":-33.267957,"kind":"proyecto","categoria":"Otras carteras","cartera":"Municipios","etapa":"diseño","tipo":"ciclovía","inicio":"Av. del Valle","fin":"Av. Ignacio Carrera Pinto","origen":"Otras carteras"}},{"type":"Feature","geometry":{"type":"MultiLineString","coordinates":[[[-70.675338,-33.204462],[-70.676135,-33.204546],[-70.680137,-33.203672],[-70.682504,-33.203926]]]},"properties":{"id":"OC-133010016","OBJECTID":20397,"nombre":"Av. Concepción","escala":"Otras carteras","comunas":"Colina","macrozona":null,"km":0.68,"n_priori":null,"anteproyec":"PLANIFICADA","centerLng":-70.678528,"centerLat":-33.204152,"kind":"proyecto","categoria":"Otras carteras","cartera":"Municipios","etapa":"planificadas","tipo":"ciclovía temporal/piloto","inicio":"Fontt","fin":"Av. Colina","origen":"Otras carteras"}},{"type":"Feature","geometry":{"type":"MultiLineString","coordinates":[[[-70.675241,-33.201733],[-70.675338,-33.204462],[-70.675355,-33.205359]]]},"properties":{"id":"OC-133010017","OBJECTID":20398,"nombre":"Av. Fontt","escala":"Otras carteras","comunas":"Colina","macrozona":null,"km":0.4,"n_priori":null,"anteproyec":"PLANIFICADA","centerLng":-70.675311,"centerLat":-33.203851,"kind":"proyecto","categoria":"Otras carteras","cartera":"Municipios","etapa":"planificadas","tipo":"ciclovía temporal/piloto","inicio":"Chacabuco","fin":"Alpatacal","origen":"Otras carteras"}},{"type":"Feature","geometry":{"type":"MultiLineString","coordinates":[[[-70.678664,-33.207985],[-70.677312,-33.206298],[-70.675978,-33.20453],[-70.673901,-33.201735]]]},"properties":{"id":"OC-133010018","OBJECTID":20399,"nombre":"Carretera General San Martin","escala":"Otras carteras","comunas":"Colina","macrozona":null,"km":0.82,"n_priori":null,"anteproyec":"PLANIFICADA","centerLng":-70.676464,"centerLat":-33.205137,"kind":"proyecto","categoria":"Otras carteras","cartera":"Municipios","etapa":"planificadas","tipo":"ciclovía temporal/piloto","inicio":"Chacabuco","fin":"Maria Ester Fuenzalida","origen":"Otras carteras"}},{"type":"Feature","geometry":{"type":"MultiLineString","coordinates":[[[-70.647035,-33.321579],[-70.646907,-33.321723],[-70.646743,-33.322075],[-70.646029,-33.322558],[-70.644731,-33.323285],[-70.643555,-33.32373],[-70.642881,-33.323867],[-70.642693,-33.323815],[-70.642305,-33.323764],[-70.641909,-33.323834],[-70.641354,-33.324123],[-70.640891,-33.324257],[-70.639962,-33.324252],[-70.638928,-33.324378],[-70.638017,-33.324538],[-70.63657,-33.324565],[-70.635924,-33.324475],[-70.635565,-33.324304],[-70.635249,-33.324073],[-70.635026,-33.323914],[-70.63474,-33.323872],[-70.634398,-33.323929],[-70.634025,-33.323958],[-70.633609,-33.323939],[-70.630981,-33.322883],[-70.62994,-33.322565],[-70.629509,-33.3222],[-70.629059,-33.322055]]]},"properties":{"id":"OC-133010020","OBJECTID":20400,"nombre":"Chamisero","escala":"Otras carteras","comunas":"Colina","macrozona":null,"km":1.79,"n_priori":null,"anteproyec":"EN DISEÑO","centerLng":-70.638519,"centerLat":-33.323518,"kind":"proyecto","categoria":"Otras carteras","cartera":"Privados","etapa":"diseño","tipo":"ciclovía","inicio":"Sergio Reiss","fin":"Santa María","origen":"Otras carteras"}},{"type":"Feature","geometry":{"type":"MultiLineString","coordinates":[[[-70.725786,-33.208254],[-70.725467,-33.208044],[-70.725477,-33.207819],[-70.725476,-33.207223],[-70.725646,-33.20657],[-70.725897,-33.205902],[-70.726166,-33.204904],[-70.726347,-33.204389],[-70.726201,-33.203875],[-70.726009,-33.20291],[-70.72594,-33.202341]]]},"properties":{"id":"OC-133010023","OBJECTID":20401,"nombre":"Av. El Magnolio","escala":"Otras carteras","comunas":"Colina","macrozona":null,"km":0.68,"n_priori":null,"anteproyec":"EN DISEÑO","centerLng":-70.725856,"centerLat":-33.205657,"kind":"proyecto","categoria":"Otras carteras","cartera":"Privados","etapa":"diseño","tipo":"ciclovía","inicio":"Prolongación Av. El Magnolio","fin":"Fin Av El Magnolio","origen":"Otras carteras"}},{"type":"Feature","geometry":{"type":"MultiLineString","coordinates":[[[-70.656369,-33.274264],[-70.656222,-33.274676],[-70.65606,-33.27508],[-70.655775,-33.276143],[-70.655339,-33.278055],[-70.65505,-33.27952],[-70.65456,-33.280774],[-70.654084,-33.281802],[-70.653425,-33.282937]]]},"properties":{"id":"OC-133010025","OBJECTID":20402,"nombre":"Av. Del Valle","escala":"Otras carteras","comunas":"Colina","macrozona":null,"km":1,"n_priori":null,"anteproyec":"EN DISEÑO","centerLng":-70.655209,"centerLat":-33.278139,"kind":"proyecto","categoria":"Otras carteras","cartera":"Privados","etapa":"diseño","tipo":"ciclovía","inicio":"Acceso Polo II","fin":"Condominio Candón Sur","origen":"Otras carteras"}},{"type":"Feature","geometry":{"type":"MultiLineString","coordinates":[[[-70.638598,-33.256398],[-70.638748,-33.256473],[-70.639126,-33.256709],[-70.639768,-33.25708],[-70.640498,-33.257464],[-70.640964,-33.257706],[-70.641888,-33.258184],[-70.642683,-33.258659],[-70.643071,-33.258961],[-70.644833,-33.26043],[-70.644966,-33.260522],[-70.645645,-33.261016],[-70.646184,-33.261279],[-70.646906,-33.261636],[-70.647486,-33.261971],[-70.647778,-33.262201],[-70.648074,-33.26243],[-70.648845,-33.263114],[-70.649726,-33.263988],[-70.650365,-33.264726],[-70.65076,-33.265235],[-70.650983,-33.265463],[-70.651248,-33.265704],[-70.651534,-33.265921],[-70.652203,-33.266365],[-70.652754,-33.266807],[-70.65317,-33.267249],[-70.653338,-33.267458],[-70.653582,-33.267834],[-70.653847,-33.268134],[-70.654213,-33.268381],[-70.654471,-33.268515],[-70.655,-33.268728],[-70.655338,-33.268868],[-70.65651,-33.269352],[-70.657257,-33.269644]]]},"properties":{"id":"OC-133010026","OBJECTID":20403,"nombre":"Av. José Rabat","escala":"Otras carteras","comunas":"Colina","macrozona":null,"km":0.95,"n_priori":null,"anteproyec":"EN DISEÑO","centerLng":-70.648399,"centerLat":-33.26335,"kind":"proyecto","categoria":"Otras carteras","cartera":"Privados","etapa":"diseño","tipo":"ciclovía","inicio":"Av. Del Valle","fin":"San Anselmo","origen":"Otras carteras"}},{"type":"Feature","geometry":{"type":"MultiLineString","coordinates":[[[-70.702531,-33.28055],[-70.694493,-33.280636]]]},"properties":{"id":"OC-133010029","OBJECTID":20404,"nombre":"Camino Proyectado 6","escala":"Otras carteras","comunas":"Colina","macrozona":null,"km":0.749,"n_priori":null,"anteproyec":"EN DISEÑO","centerLng":-70.698512,"centerLat":-33.280593,"kind":"proyecto","categoria":"Otras carteras","cartera":"Privados","etapa":"diseño","tipo":"ciclovía","inicio":"Caletera Gral. San Martín","fin":"Camino San Pedro","origen":"Otras carteras"}},{"type":"Feature","geometry":{"type":"MultiLineString","coordinates":[[[-70.699285,-33.280638],[-70.699275,-33.281128],[-70.699093,-33.281529],[-70.698833,-33.281898],[-70.698555,-33.282219],[-70.698286,-33.282588],[-70.698065,-33.283126],[-70.698016,-33.2838],[-70.698016,-33.283817],[-70.697977,-33.284515],[-70.697977,-33.284965],[-70.697987,-33.285422]]]},"properties":{"id":"OC-133010030","OBJECTID":20405,"nombre":"Camino Proyectado 7","escala":"Otras carteras","comunas":"Colina","macrozona":null,"km":0.56,"n_priori":null,"anteproyec":"EN DISEÑO","centerLng":-70.698447,"centerLat":-33.28297,"kind":"proyecto","categoria":"Otras carteras","cartera":"Municipios","etapa":"diseño","tipo":"ciclovía","inicio":"Camino Proyectado 6","fin":"Av. Chicureo","origen":"Otras carteras"}},{"type":"Feature","geometry":{"type":"MultiLineString","coordinates":[[[-70.679634,-33.186986],[-70.679058,-33.184971]]]},"properties":{"id":"OC-133010031","OBJECTID":20406,"nombre":"Av. Colina","escala":"Otras carteras","comunas":"Colina","macrozona":null,"km":0.23,"n_priori":null,"anteproyec":"EN DISEÑO","centerLng":-70.679346,"centerLat":-33.185978,"kind":"proyecto","categoria":"Otras carteras","cartera":"Municipios","etapa":"diseño","tipo":"ciclovía","inicio":"Av. Reina Norte","fin":"Calle B","origen":"Otras carteras"}},{"type":"Feature","geometry":{"type":"MultiLineString","coordinates":[[[-70.67963,-33.187019],[-70.680023,-33.188599]]]},"properties":{"id":"OC-133010032","OBJECTID":20407,"nombre":"Av. Colina","escala":"Otras carteras","comunas":"Colina","macrozona":null,"km":0.179,"n_priori":null,"anteproyec":"EN EJECUCIÓN","centerLng":-70.679827,"centerLat":-33.187809,"kind":"proyecto","categoria":"Otras carteras","cartera":"Municipios","etapa":"ejecución","tipo":"ciclovía","inicio":"Calle B","fin":"Fin Av. Colina","origen":"Otras carteras"}},{"type":"Feature","geometry":{"type":"MultiLineString","coordinates":[[[-70.724888,-33.203298],[-70.72545,-33.20269],[-70.726054,-33.202441],[-70.727333,-33.202488],[-70.728048,-33.202501],[-70.729775,-33.202816],[-70.730912,-33.202817],[-70.731853,-33.202642],[-70.732855,-33.202647]]]},"properties":{"id":"OC-133010033","OBJECTID":20408,"nombre":"Totorallila-El Farellón","escala":"Otras carteras","comunas":"Colina","macrozona":null,"km":0.926,"n_priori":null,"anteproyec":"EN DISEÑO","centerLng":-70.728574,"centerLat":-33.202704,"kind":"proyecto","categoria":"Otras carteras","cartera":"Privados","etapa":"diseño","tipo":"ciclovía","inicio":"Av. Santa Elena","fin":"Fin Av. Totoralilla","origen":"Otras carteras"}},{"type":"Feature","geometry":{"type":"MultiLineString","coordinates":[[[-70.725829,-33.208338],[-70.724999,-33.208117],[-70.724386,-33.208119],[-70.723478,-33.208404],[-70.722108,-33.209304]]]},"properties":{"id":"OC-133010034","OBJECTID":20409,"nombre":"El Magnolio","escala":"Otras carteras","comunas":"Colina","macrozona":null,"km":0.391,"n_priori":null,"anteproyec":"EN DISEÑO","centerLng":-70.72416,"centerLat":-33.208456,"kind":"proyecto","categoria":"Otras carteras","cartera":"Privados","etapa":"diseño","tipo":"ciclovía","inicio":"Prolongación Av. El Magnolio","fin":"Ciclovía Existente Av. El Magnolio","origen":"Otras carteras"}},{"type":"Feature","geometry":{"type":"MultiLineString","coordinates":[[[-70.729746,-33.202849],[-70.729954,-33.201498],[-70.730024,-33.201177],[-70.730156,-33.200155],[-70.730189,-33.199477]]]},"properties":{"id":"OC-133010035","OBJECTID":20410,"nombre":"Av. Santa Elena","escala":"Otras carteras","comunas":"Colina","macrozona":null,"km":0.372,"n_priori":null,"anteproyec":"EN DISEÑO","centerLng":-70.730014,"centerLat":-33.201031,"kind":"proyecto","categoria":"Otras carteras","cartera":"Privados","etapa":"diseño","tipo":"ciclovía","inicio":"Totoralilla","fin":"Fin Av. Santa Elena","origen":"Otras carteras"}},{"type":"Feature","geometry":{"type":"MultiLineString","coordinates":[[[-70.684014,-33.22704],[-70.683246,-33.226987],[-70.682187,-33.227037],[-70.677467,-33.227414],[-70.676772,-33.227457],[-70.676278,-33.227447],[-70.67552,-33.22731]]]},"properties":{"id":"OC-133010036","OBJECTID":20411,"nombre":"Av. Rukan","escala":"Otras carteras","comunas":"Colina","macrozona":null,"km":0.62,"n_priori":null,"anteproyec":"EN DISEÑO","centerLng":-70.679355,"centerLat":-33.227242,"kind":"proyecto","categoria":"Otras carteras","cartera":"Municipios","etapa":"diseño","tipo":"ciclovía","inicio":"Caletera Gral. San Martín","fin":"Fin Av. Rukán","origen":"Otras carteras"}},{"type":"Feature","geometry":{"type":"MultiLineString","coordinates":[[[-70.682207,-33.230083],[-70.675734,-33.230627]]]},"properties":{"id":"OC-133010037","OBJECTID":20412,"nombre":"Borde Blanco","escala":"Otras carteras","comunas":"Colina","macrozona":null,"km":0.61,"n_priori":null,"anteproyec":"EN EJECUCIÓN","centerLng":-70.678971,"centerLat":-33.230355,"kind":"proyecto","categoria":"Otras carteras","cartera":"Privados","etapa":"ejecución","tipo":"ciclovía","inicio":"Camino Al Refugio","fin":"Fin Calle Borde Blanco","origen":"Otras carteras"}},{"type":"Feature","geometry":{"type":"MultiLineString","coordinates":[[[-70.700804,-33.299144],[-70.702277,-33.299352],[-70.705421,-33.299875],[-70.706661,-33.300067],[-70.706956,-33.30012],[-70.707281,-33.300269],[-70.707649,-33.300479],[-70.709091,-33.301375]]]},"properties":{"id":"OC-133010048","OBJECTID":20413,"nombre":"Hermanos Carrera Pinto","escala":"Otras carteras","comunas":"Colina","macrozona":null,"km":0.83,"n_priori":null,"anteproyec":"EN DISEÑO","centerLng":-70.705767,"centerLat":-33.300085,"kind":"proyecto","categoria":"Otras carteras","cartera":"Privados","etapa":"diseño","tipo":"ciclovía","inicio":"Los Libertadores","fin":"Calle 5","origen":"Otras carteras"}},{"type":"Feature","geometry":{"type":"MultiLineString","coordinates":[[[-70.675105,-33.18916],[-70.676584,-33.189143]]]},"properties":{"id":"OC-133010049","OBJECTID":20414,"nombre":"Fray Camilo Henriquez","escala":"Otras carteras","comunas":"Colina","macrozona":null,"km":0.14,"n_priori":null,"anteproyec":"EN DISEÑO","centerLng":-70.675845,"centerLat":-33.189152,"kind":"proyecto","categoria":"Otras carteras","cartera":"Privados","etapa":"diseño","tipo":"ciclovía","inicio":"Deslinde Condominio","fin":"Calle Aconcagua","origen":"Otras carteras"}},{"type":"Feature","geometry":{"type":"MultiLineString","coordinates":[[[-70.65294,-33.283315],[-70.652722,-33.283366],[-70.650184,-33.283456],[-70.649046,-33.283502],[-70.647783,-33.283524],[-70.647137,-33.283503],[-70.646334,-33.28345],[-70.645719,-33.28338]]]},"properties":{"id":"OC-133010050","OBJECTID":20415,"nombre":"Av. Chicureo","escala":"Otras carteras","comunas":"Colina","macrozona":null,"km":0.67,"n_priori":null,"anteproyec":"EN DISEÑO","centerLng":-70.648983,"centerLat":-33.283437,"kind":"proyecto","categoria":"Otras carteras","cartera":"Privados","etapa":"diseño","tipo":"ciclovía","inicio":"Av. El Valle","fin":"Colegio Verbo Divino","origen":"Otras carteras"}},{"type":"Feature","geometry":{"type":"MultiLineString","coordinates":[[[-70.658312,-33.182866],[-70.660389,-33.187918]]]},"properties":{"id":"OC-133010051","OBJECTID":20416,"nombre":"Padre Soto","escala":"Otras carteras","comunas":"Colina","macrozona":null,"km":0.59,"n_priori":null,"anteproyec":"EN DISEÑO","centerLng":-70.65935,"centerLat":-33.185392,"kind":"proyecto","categoria":"Otras carteras","cartera":"Privados","etapa":"diseño","tipo":"ciclovía","inicio":"Reina Norte","fin":"Madre Bonifacia Rodríguez","origen":"Otras carteras"}},{"type":"Feature","geometry":{"type":"MultiLineString","coordinates":[[[-70.649619,-33.181887],[-70.655066,-33.186288],[-70.657762,-33.188167]]]},"properties":{"id":"OC-133010052","OBJECTID":20417,"nombre":"General San Martín","escala":"Otras carteras","comunas":"Colina","macrozona":null,"km":1,"n_priori":null,"anteproyec":"PLANIFICADA","centerLng":-70.654149,"centerLat":-33.185447,"kind":"proyecto","categoria":"Otras carteras","cartera":"Privados","etapa":"planificadas","tipo":"ciclovía","inicio":"Coquimbo","fin":"Calle San Antonio Comaico","origen":"Otras carteras"}},{"type":"Feature","geometry":{"type":"MultiLineString","coordinates":[[[-70.706894,-33.316587],[-70.707442,-33.316638],[-70.707977,-33.316595],[-70.708511,-33.316592],[-70.70882,-33.31659],[-70.710447,-33.31696],[-70.710885,-33.317108],[-70.711114,-33.317674],[-70.711294,-33.318159],[-70.711326,-33.318766],[-70.711086,-33.319239],[-70.710648,-33.319455],[-70.710102,-33.319807],[-70.709665,-33.320104],[-70.709118,-33.321009],[-70.708667,-33.321861],[-70.708411,-33.322701]]]},"properties":{"id":"OC-133010055","OBJECTID":20418,"nombre":"Caupolican","escala":"Otras carteras","comunas":"Colina","macrozona":null,"km":1.1,"n_priori":null,"anteproyec":"EN DISEÑO","centerLng":-70.709553,"centerLat":-33.318579,"kind":"proyecto","categoria":"Otras carteras","cartera":"Privados","etapa":"diseño","tipo":"ciclovía","inicio":"Mediana de Av. Cañaveral, en su intersección con Av. Caupolicán","fin":"Frente predial Avanza Park","origen":"Otras carteras"}},{"type":"Feature","geometry":{"type":"MultiLineString","coordinates":[[[-70.709422,-33.300487],[-70.709185,-33.301057],[-70.709136,-33.30118],[-70.709028,-33.301307],[-70.708824,-33.301569],[-70.70874,-33.301713],[-70.708662,-33.301919]]]},"properties":{"id":"OC-133010056","OBJECTID":20419,"nombre":"Calle 5","escala":"Otras carteras","comunas":"Colina","macrozona":null,"km":0.18,"n_priori":null,"anteproyec":"EN DISEÑO","centerLng":-70.709,"centerLat":-33.301319,"kind":"proyecto","categoria":"Otras carteras","cartera":"Privados","etapa":"diseño","tipo":"ciclovía","inicio":null,"fin":null,"origen":"Otras carteras"}},{"type":"Feature","geometry":{"type":"MultiLineString","coordinates":[[[-70.659919,-33.189699],[-70.657775,-33.188175]]]},"properties":{"id":"OC-133010057","OBJECTID":20420,"nombre":"Carretera General San Martín","escala":"Otras carteras","comunas":"Colina","macrozona":null,"km":0.26,"n_priori":null,"anteproyec":"EN DISEÑO","centerLng":-70.658847,"centerLat":-33.188937,"kind":"proyecto","categoria":"Otras carteras","cartera":"Privados","etapa":"diseño","tipo":"ciclovía","inicio":"Ciclovía Existene en eje","fin":"260 metros al norte de ciclovía existente","origen":"Otras carteras"}},{"type":"Feature","geometry":{"type":"MultiLineString","coordinates":[[[-70.730175,-33.19949],[-70.730602,-33.198424],[-70.730678,-33.198065],[-70.730785,-33.197684],[-70.731093,-33.197111]]]},"properties":{"id":"OC-133010059","OBJECTID":20421,"nombre":"Av. Santa Elena","escala":"Otras carteras","comunas":"Colina","macrozona":null,"km":0.2,"n_priori":null,"anteproyec":"EN DISEÑO","centerLng":-70.730667,"centerLat":-33.198155,"kind":"proyecto","categoria":"Otras carteras","cartera":"Privados","etapa":"diseño","tipo":"ciclovía","inicio":"448 metros al norte de la intersección de Av. Santa Elena con Av. Totorilla y Av. El Farellón","fin":"648 metros al norte de la intersección de Av. Santa Elena con Av. Totorilla y Av. El Farellón","origen":"Otras carteras"}},{"type":"Feature","geometry":{"type":"MultiLineString","coordinates":[[[-70.71758,-33.557973],[-70.716346,-33.553922],[-70.715854,-33.553054],[-70.713005,-33.549244],[-70.712597,-33.548804],[-70.709415,-33.545428],[-70.708757,-33.544817],[-70.70765,-33.54356],[-70.703072,-33.53872],[-70.701743,-33.537314],[-70.700205,-33.535661],[-70.698824,-33.534221]]]},"properties":{"id":"OC-134010003","OBJECTID":20422,"nombre":"Santa Margarita  - Chena","escala":"Otras carteras","comunas":"San Bernardo","macrozona":null,"km":3.19,"n_priori":null,"anteproyec":"PLANIFICADA","centerLng":-70.708754,"centerLat":-33.545226,"kind":"proyecto","categoria":"Otras carteras","cartera":"Municipios","etapa":"planificadas","tipo":"ciclovía","inicio":"Lo Espejo","fin":"Las Acacias","origen":"Otras carteras"}},{"type":"Feature","geometry":{"type":"MultiLineString","coordinates":[[[-70.698271,-33.592804],[-70.697838,-33.592818],[-70.697503,-33.592864],[-70.695599,-33.593278],[-70.6941,-33.59364],[-70.692532,-33.594119]]]},"properties":{"id":"OC-134010007","OBJECTID":20423,"nombre":"O'Higgins","escala":"Otras carteras","comunas":"San Bernardo","macrozona":null,"km":0.55,"n_priori":null,"anteproyec":"PLANIFICADA","centerLng":-70.695974,"centerLat":-33.593254,"kind":"proyecto","categoria":"Otras carteras","cartera":"Municipios","etapa":"planificadas","tipo":"ciclovía","inicio":"Pinto","fin":"Estadio Municipal","origen":"Otras carteras"}},{"type":"Feature","geometry":{"type":"MultiLineString","coordinates":[[[-70.693842,-33.592373],[-70.6941,-33.59364],[-70.694457,-33.595137],[-70.694921,-33.596258],[-70.695003,-33.596571],[-70.695094,-33.597075],[-70.695079,-33.597286],[-70.694935,-33.597689],[-70.694872,-33.597853],[-70.694884,-33.597992],[-70.69491,-33.598111],[-70.695035,-33.598368],[-70.695161,-33.598568]]]},"properties":{"id":"OC-134010009","OBJECTID":20424,"nombre":"San Martín","escala":"Otras carteras","comunas":"San Bernardo","macrozona":null,"km":0.71,"n_priori":null,"anteproyec":"PLANIFICADA","centerLng":-70.694792,"centerLat":-33.596686,"kind":"proyecto","categoria":"Otras carteras","cartera":"Municipios","etapa":"planificadas","tipo":"ciclovía","inicio":"Colón","fin":"San José","origen":"Otras carteras"}},{"type":"Feature","geometry":{"type":"MultiLineString","coordinates":[[[-70.682532,-33.604782],[-70.683126,-33.604632],[-70.683719,-33.604321],[-70.68656,-33.602806],[-70.688022,-33.602028],[-70.689365,-33.60138],[-70.692812,-33.599744],[-70.694301,-33.598977],[-70.695161,-33.598568],[-70.696684,-33.597825],[-70.697344,-33.597582],[-70.697996,-33.597468],[-70.698917,-33.597305],[-70.699686,-33.597182],[-70.699845,-33.597238],[-70.700344,-33.597118],[-70.703781,-33.596579],[-70.706566,-33.596147]]]},"properties":{"id":"OC-134010010","OBJECTID":20425,"nombre":"San José","escala":"Otras carteras","comunas":"San Bernardo","macrozona":null,"km":2.46,"n_priori":null,"anteproyec":"PLANIFICADA","centerLng":-70.694265,"centerLat":-33.599538,"kind":"proyecto","categoria":"Otras carteras","cartera":"Municipios","etapa":"planificadas","tipo":"ciclovía","inicio":"Eyzaguirre","fin":"Padre Hurtado","origen":"Otras carteras"}},{"type":"Feature","geometry":{"type":"MultiLineString","coordinates":[[[-70.679729,-33.593643],[-70.679715,-33.593655],[-70.679615,-33.593736],[-70.678553,-33.593997],[-70.6725,-33.595343],[-70.669039,-33.596118],[-70.667584,-33.596434],[-70.666942,-33.596545]]]},"properties":{"id":"OC-134010012","OBJECTID":20426,"nombre":"Balmaceda","escala":"Otras carteras","comunas":"San Bernardo","macrozona":null,"km":1.23,"n_priori":null,"anteproyec":"PLANIFICADA","centerLng":-70.67421,"centerLat":-33.594934,"kind":"proyecto","categoria":"Otras carteras","cartera":"Municipios","etapa":"planificadas","tipo":"ciclovía","inicio":"Padre Hurtado","fin":"San Francisco","origen":"Otras carteras"}},{"type":"Feature","geometry":{"type":"MultiLineString","coordinates":[[[-70.674889,-33.592259],[-70.676687,-33.591865],[-70.67682,-33.591793],[-70.677891,-33.591228],[-70.678875,-33.590996],[-70.678992,-33.590978],[-70.679021,-33.590965],[-70.680138,-33.590458],[-70.682856,-33.58922],[-70.684989,-33.588248],[-70.686543,-33.587543],[-70.687,-33.587326],[-70.68766,-33.587043],[-70.689417,-33.586255],[-70.690735,-33.585657],[-70.691183,-33.585464],[-70.692778,-33.584674],[-70.694572,-33.583811],[-70.69683,-33.58269],[-70.696837,-33.582688]]]},"properties":{"id":"OC-134010013","OBJECTID":20427,"nombre":"Santa Marta","escala":"Otras carteras","comunas":"San Bernardo","macrozona":null,"km":2.3,"n_priori":null,"anteproyec":"PLANIFICADA","centerLng":-70.685236,"centerLat":-33.588058,"kind":"proyecto","categoria":"Otras carteras","cartera":"Municipios","etapa":"planificadas","tipo":"ciclovía","inicio":"Gran Avenida","fin":"Volcán Tolhuaca","origen":"Otras carteras"}},{"type":"Feature","geometry":{"type":"MultiLineString","coordinates":[[[-70.706566,-33.596147],[-70.706613,-33.596237],[-70.708844,-33.598297],[-70.711129,-33.600421],[-70.713114,-33.602259],[-70.714621,-33.603627]]]},"properties":{"id":"OC-134010014","OBJECTID":20428,"nombre":"Eyzaguirre","escala":"Otras carteras","comunas":"San Bernardo","macrozona":null,"km":1.12,"n_priori":null,"anteproyec":"PLANIFICADA","centerLng":-70.710148,"centerLat":-33.599498,"kind":"proyecto","categoria":"Otras carteras","cartera":"Municipios","etapa":"planificadas","tipo":"ciclovía","inicio":"San José","fin":"América","origen":"Otras carteras"}},{"type":"Feature","geometry":{"type":"MultiLineString","coordinates":[[[-70.725865,-33.567846],[-70.725599,-33.567862],[-70.724411,-33.567839],[-70.717088,-33.567479],[-70.716908,-33.567494],[-70.716652,-33.567525],[-70.716519,-33.567499],[-70.71615,-33.567369],[-70.71597,-33.567371],[-70.715637,-33.567376],[-70.711943,-33.567216],[-70.711436,-33.567201],[-70.708083,-33.567059],[-70.706052,-33.566952],[-70.705742,-33.566885],[-70.704872,-33.566849],[-70.704754,-33.566886],[-70.702662,-33.5668],[-70.701607,-33.566743],[-70.701123,-33.566765],[-70.699801,-33.566712],[-70.6996,-33.566663],[-70.699334,-33.566627],[-70.697948,-33.566585]]]},"properties":{"id":"OC-134010021","OBJECTID":20429,"nombre":"Camino Lo Vara","escala":"Otras carteras","comunas":"San Bernardo","macrozona":null,"km":2.6,"n_priori":null,"anteproyec":"PLANIFICADA","centerLng":-70.71024,"centerLat":-33.56715,"kind":"proyecto","categoria":"Otras carteras","cartera":"Municipios","etapa":"planificadas","tipo":"ciclovía","inicio":"Camino La Vara","fin":"Ochagavía","origen":"Otras carteras"}},{"type":"Feature","geometry":{"type":"MultiLineString","coordinates":[[[-70.724562,-33.571534],[-70.720941,-33.571254],[-70.71195,-33.570613],[-70.705823,-33.570187],[-70.704054,-33.570088],[-70.702998,-33.570007],[-70.699356,-33.569735]]]},"properties":{"id":"OC-134010022","OBJECTID":20430,"nombre":"Los Pinos","escala":"Otras carteras","comunas":"San Bernardo","macrozona":null,"km":2.35,"n_priori":null,"anteproyec":"PLANIFICADA","centerLng":-70.709955,"centerLat":-33.570488,"kind":"proyecto","categoria":"Otras carteras","cartera":"Municipios","etapa":"planificadas","tipo":"ciclovía","inicio":"Límite Comunal","fin":"Ochagavía","origen":"Otras carteras"}},{"type":"Feature","geometry":{"type":"MultiLineString","coordinates":[[[-70.725865,-33.567846],[-70.727076,-33.567599],[-70.728055,-33.567633],[-70.728336,-33.567661],[-70.728481,-33.567802],[-70.728689,-33.568212],[-70.729055,-33.569194],[-70.729784,-33.5712],[-70.729882,-33.571361],[-70.730515,-33.571893]]]},"properties":{"id":"OC-134010023","OBJECTID":20431,"nombre":"Rinconada de Chena","escala":"Otras carteras","comunas":"San Bernardo","macrozona":null,"km":0.75,"n_priori":null,"anteproyec":"PLANIFICADA","centerLng":-70.728574,"centerLat":-33.56904,"kind":"proyecto","categoria":"Otras carteras","cartera":"Municipios","etapa":"planificadas","tipo":"ciclovía","inicio":"Rinconada de Chena","fin":"Camino La Vara","origen":"Otras carteras"}},{"type":"Feature","geometry":{"type":"MultiLineString","coordinates":[[[-70.692287,-33.576464],[-70.693384,-33.577985],[-70.694238,-33.579151],[-70.695761,-33.581222],[-70.69683,-33.582678],[-70.696837,-33.582688],[-70.698153,-33.584501],[-70.698333,-33.58471],[-70.698474,-33.584851],[-70.698715,-33.585011],[-70.698888,-33.585135],[-70.699015,-33.585309],[-70.699076,-33.585519],[-70.69913,-33.58582],[-70.69907,-33.58594],[-70.698794,-33.586377],[-70.698691,-33.586725],[-70.698353,-33.591239],[-70.698265,-33.592624],[-70.698271,-33.592804],[-70.698421,-33.593106]]]},"properties":{"id":"OC-134010024","OBJECTID":20432,"nombre":"Gran Avenida - Pinto","escala":"Otras carteras","comunas":"San Bernardo","macrozona":null,"km":2.04,"n_priori":null,"anteproyec":"PLANIFICADA","centerLng":-70.697571,"centerLat":-33.585231,"kind":"proyecto","categoria":"Otras carteras","cartera":"Municipios","etapa":"planificadas","tipo":"ciclovía","inicio":"Lo Blanco","fin":"O'Higgins","origen":"Otras carteras"}},{"type":"Feature","geometry":{"type":"MultiLineString","coordinates":[[[-70.69907,-33.58594],[-70.69926,-33.585938],[-70.70015,-33.585778],[-70.702737,-33.585393],[-70.705295,-33.585012],[-70.706249,-33.584893]]]},"properties":{"id":"OC-134010025","OBJECTID":20433,"nombre":"Balmaceda","escala":"Otras carteras","comunas":"San Bernardo","macrozona":null,"km":0.68,"n_priori":null,"anteproyec":"PLANIFICADA","centerLng":-70.702127,"centerLat":-33.585492,"kind":"proyecto","categoria":"Otras carteras","cartera":"Municipios","etapa":"planificadas","tipo":"ciclovía","inicio":"América","fin":"Gran Avenida - Pinto","origen":"Otras carteras"}},{"type":"Feature","geometry":{"type":"MultiLineString","coordinates":[[[-70.685263,-33.579214],[-70.686917,-33.582059],[-70.691245,-33.589148],[-70.691911,-33.589252],[-70.691828,-33.590466],[-70.692348,-33.592677]]]},"properties":{"id":"OC-134010026","OBJECTID":20434,"nombre":"Pedro Sancho de la Hoz","escala":"Otras carteras","comunas":"San Bernardo","macrozona":null,"km":1.6,"n_priori":null,"anteproyec":"PLANIFICADA","centerLng":-70.689919,"centerLat":-33.587136,"kind":"proyecto","categoria":"Otras carteras","cartera":"Municipios","etapa":"planificadas","tipo":"ciclovía","inicio":"Lo Blanco","fin":"Colón","origen":"Otras carteras"}},{"type":"Feature","geometry":{"type":"MultiLineString","coordinates":[[[-70.680908,-33.593167],[-70.681209,-33.592984],[-70.684324,-33.591439],[-70.685887,-33.590678],[-70.688357,-33.589443],[-70.689388,-33.58894],[-70.692047,-33.587619],[-70.692116,-33.587515],[-70.692938,-33.587158],[-70.693167,-33.587043],[-70.693347,-33.58679],[-70.694602,-33.58659],[-70.694765,-33.586645],[-70.694822,-33.586667],[-70.696154,-33.586477],[-70.697986,-33.586166],[-70.698351,-33.586089],[-70.69907,-33.58594]]]},"properties":{"id":"OC-134010027","OBJECTID":20435,"nombre":"Balmaceda","escala":"Otras carteras","comunas":"San Bernardo","macrozona":null,"km":1.9,"n_priori":null,"anteproyec":"PLANIFICADA","centerLng":-70.691635,"centerLat":-33.588186,"kind":"proyecto","categoria":"Otras carteras","cartera":"Municipios","etapa":"planificadas","tipo":"ciclovía","inicio":"José Toribio Medina","fin":"Colón","origen":"Otras carteras"}},{"type":"Feature","geometry":{"type":"MultiLineString","coordinates":[[[-70.693842,-33.592373],[-70.693882,-33.592199],[-70.694038,-33.591942],[-70.694204,-33.591662],[-70.694235,-33.591554],[-70.694315,-33.590559],[-70.694401,-33.589341],[-70.694519,-33.588106],[-70.694626,-33.587262],[-70.694765,-33.586645],[-70.694819,-33.586434],[-70.694724,-33.585268],[-70.694621,-33.583906],[-70.694572,-33.583811]]]},"properties":{"id":"OC-134010028","OBJECTID":20436,"nombre":"San Martín","escala":"Otras carteras","comunas":"San Bernardo","macrozona":null,"km":0.96,"n_priori":null,"anteproyec":"PLANIFICADA","centerLng":-70.694397,"centerLat":-33.588647,"kind":"proyecto","categoria":"Otras carteras","cartera":"Municipios","etapa":"planificadas","tipo":"ciclovía","inicio":"Santa María","fin":"Colón","origen":"Otras carteras"}},{"type":"Feature","geometry":{"type":"MultiLineString","coordinates":[[[-70.71245,-33.610231],[-70.711916,-33.610435],[-70.710675,-33.610908],[-70.709286,-33.611437],[-70.707387,-33.612161],[-70.704668,-33.613197],[-70.702023,-33.614205],[-70.697766,-33.615827]]]},"properties":{"id":"OC-134010038","OBJECTID":20437,"nombre":"General Urrutia","escala":"Otras carteras","comunas":"San Bernardo","macrozona":null,"km":1.25,"n_priori":null,"anteproyec":"PLANIFICADA","centerLng":-70.707021,"centerLat":-33.6123,"kind":"proyecto","categoria":"Otras carteras","cartera":"Municipios","etapa":"planificadas","tipo":"ciclovía","inicio":"OBISPO MANUEL VICUNA","fin":"Portales","origen":"Otras carteras"}},{"type":"Feature","geometry":{"type":"MultiLineString","coordinates":[[[-70.698353,-33.591239],[-70.698153,-33.591273],[-70.696974,-33.591612],[-70.69557,-33.591941],[-70.693842,-33.592373],[-70.692348,-33.592677],[-70.690833,-33.592968],[-70.685701,-33.594172],[-70.681694,-33.593397],[-70.681638,-33.593169],[-70.681384,-33.593123],[-70.680908,-33.593167],[-70.68069,-33.593204],[-70.680477,-33.593286],[-70.679734,-33.593641],[-70.679729,-33.593643]]]},"properties":{"id":"OC-134010042","OBJECTID":20438,"nombre":"Colón","escala":"Otras carteras","comunas":"San Bernardo","macrozona":null,"km":1.82,"n_priori":null,"anteproyec":"EN DISEÑO","centerLng":-70.687377,"centerLat":-33.592805,"kind":"proyecto","categoria":"Otras carteras","cartera":"Privados","etapa":"diseño","tipo":"ciclovía","inicio":"Pinto","fin":"Av. Padre Hurtado","origen":"Otras carteras"}},{"type":"Feature","geometry":{"type":"MultiLineString","coordinates":[[[-70.705891,-33.573038],[-70.70658,-33.575995],[-70.707253,-33.578668],[-70.70779,-33.580742],[-70.708228,-33.582486],[-70.709072,-33.585783],[-70.709165,-33.586148],[-70.709963,-33.5883],[-70.710585,-33.590192],[-70.711613,-33.593251],[-70.712263,-33.595263],[-70.71283,-33.596301],[-70.713286,-33.597531],[-70.71389,-33.598982],[-70.714495,-33.60072],[-70.715109,-33.60268],[-70.715598,-33.604109]]]},"properties":{"id":"OC-134010044","OBJECTID":20439,"nombre":"Costanera","escala":"Otras carteras","comunas":"San Bernardo","macrozona":null,"km":3.57,"n_priori":null,"anteproyec":"EN DISEÑO","centerLng":-70.710801,"centerLat":-33.590011,"kind":"proyecto","categoria":"Otras carteras","cartera":"Municipios","etapa":"diseño","tipo":"ciclovía","inicio":"Lo Blanco","fin":"Eucaliptus","origen":"Otras carteras"}},{"type":"Feature","geometry":{"type":"MultiLineString","coordinates":[[[-70.692306,-33.576448],[-70.698336,-33.574213],[-70.698509,-33.57405],[-70.700799,-33.573025]]]},"properties":{"id":"OC-134010045","OBJECTID":20440,"nombre":"Lo Blanco","escala":"Otras carteras","comunas":"San Bernardo","macrozona":null,"km":0.89,"n_priori":null,"anteproyec":"PLANIFICADA","centerLng":-70.697488,"centerLat":-33.574434,"kind":"proyecto","categoria":"Otras carteras","cartera":"Municipios","etapa":"planificadas","tipo":"ciclovía","inicio":"America","fin":"Gran Avenida","origen":"Otras carteras"}},{"type":"Feature","geometry":{"type":"MultiLineString","coordinates":[[[-70.71142,-33.613933],[-70.712171,-33.611294],[-70.712817,-33.609118],[-70.713076,-33.608295],[-70.713249,-33.607637],[-70.71329,-33.607564],[-70.715231,-33.604535],[-70.715598,-33.604109]]]},"properties":{"id":"OC-134010047","OBJECTID":20441,"nombre":"Enrique Madrid Osorio-Nueva Espejino","escala":"Otras carteras","comunas":"San Bernardo","macrozona":null,"km":1.17,"n_priori":null,"anteproyec":"EN DISEÑO","centerLng":-70.713357,"centerLat":-33.608311,"kind":"proyecto","categoria":"Otras carteras","cartera":"Municipios","etapa":"diseño","tipo":"ciclovía","inicio":"Eucaliptus","fin":"General Urrutia","origen":"Otras carteras"}},{"type":"Feature","geometry":{"type":"MultiLineString","coordinates":[[[-70.723564,-33.68806],[-70.723472,-33.68799],[-70.722704,-33.687408],[-70.721385,-33.685697],[-70.720445,-33.685054],[-70.72013,-33.683567],[-70.71938,-33.681728],[-70.71863,-33.67989],[-70.717975,-33.679243],[-70.716444,-33.677594],[-70.715777,-33.67635],[-70.715159,-33.673973],[-70.714636,-33.672787],[-70.713534,-33.671192],[-70.711704,-33.668831],[-70.71031,-33.666882],[-70.708998,-33.665469],[-70.707479,-33.664416],[-70.705248,-33.663433],[-70.702801,-33.662333],[-70.699934,-33.661657],[-70.697581,-33.661689],[-70.69608,-33.661531],[-70.694145,-33.66108],[-70.692209,-33.66057],[-70.689998,-33.6606],[-70.689068,-33.660434],[-70.68757,-33.660454],[-70.686989,-33.659926],[-70.685916,-33.659761],[-70.685275,-33.65983],[-70.683702,-33.659612],[-70.681761,-33.658922],[-70.681109,-33.658394],[-70.680158,-33.657942],[-70.679514,-33.657808],[-70.677975,-33.657936],[-70.676387,-33.657707],[-70.676176,-33.657853],[-70.675844,-33.658359],[-70.675076,-33.658476],[-70.674211,-33.658059],[-70.672746,-33.657506],[-70.671798,-33.657196],[-70.671406,-33.656844],[-70.670926,-33.656385],[-70.670367,-33.656249],[-70.669889,-33.655862],[-70.668987,-33.655695],[-70.668209,-33.655312],[-70.667643,-33.654783],[-70.666739,-33.654509],[-70.666052,-33.654375],[-70.665448,-33.654168],[-70.664499,-33.653752],[-70.664318,-33.653253],[-70.664013,-33.652971],[-70.662042,-33.652854]]]},"properties":{"id":"OC-134010048","OBJECTID":20442,"nombre":"Orbital Sur","escala":"Otras carteras","comunas":"San Bernardo","macrozona":null,"km":7.72,"n_priori":null,"anteproyec":"PLANIFICADA","centerLng":-70.690716,"centerLat":-33.664004,"kind":"proyecto","categoria":"Otras carteras","cartera":"MOP","etapa":"planificadas","tipo":"smp","inicio":"Camino A Padre Hurtado","fin":"Costanera Norte Rio Maipo","origen":"Otras carteras"}},{"type":"Feature","geometry":{"type":"MultiLineString","coordinates":[[[-70.679334,-33.61727],[-70.679466,-33.617201],[-70.679558,-33.617197],[-70.679784,-33.617174],[-70.680114,-33.617073],[-70.681461,-33.616648],[-70.682308,-33.616462]]]},"properties":{"id":"OC-134010051","OBJECTID":20443,"nombre":"Almirante Riveros Norte","escala":"Otras carteras","comunas":"San Bernardo","macrozona":null,"km":0.3,"n_priori":null,"anteproyec":"EN DISEÑO","centerLng":-70.680289,"centerLat":-33.617004,"kind":"proyecto","categoria":"Otras carteras","cartera":"Privados","etapa":"diseño","tipo":"ciclovía","inicio":"Padre Hurtado","fin":"C. Los Brigadieres","origen":"Otras carteras"}},{"type":"Feature","geometry":{"type":"MultiLineString","coordinates":[[[-70.679336,-33.61727],[-70.676393,-33.617277]]]},"properties":{"id":"OC-134010055","OBJECTID":20444,"nombre":"Almirante Riveros Sur","escala":"Otras carteras","comunas":"San Bernardo","macrozona":null,"km":0.3,"n_priori":null,"anteproyec":"EN DISEÑO","centerLng":-70.677864,"centerLat":-33.617273,"kind":"proyecto","categoria":"Otras carteras","cartera":"Privados","etapa":"diseño","tipo":"ciclovía","inicio":"C. Los Brigadieres","fin":"Borde Cerro Negro","origen":"Otras carteras"}},{"type":"Feature","geometry":{"type":"MultiLineString","coordinates":[[[-70.709032,-33.533297],[-70.715966,-33.542721]]]},"properties":{"id":"OC-134010060","OBJECTID":20445,"nombre":"Av. Chena","escala":"Otras carteras","comunas":"San Bernardo","macrozona":null,"km":1.23,"n_priori":null,"anteproyec":"EN DISEÑO","centerLng":-70.712499,"centerLat":-33.538009,"kind":"proyecto","categoria":"Otras carteras","cartera":"Municipios","etapa":"diseño","tipo":"ciclovía","inicio":"Jaun Bas","fin":"280 metros hacia el sur de Av. Lo Espejo","origen":"Otras carteras"}},{"type":"Feature","geometry":{"type":"MultiLineString","coordinates":[[[-70.707457,-33.531107],[-70.709033,-33.533297]]]},"properties":{"id":"OC-134010061","OBJECTID":20446,"nombre":"Av. Chena","escala":"Otras carteras","comunas":"San Bernardo","macrozona":null,"km":0.28,"n_priori":null,"anteproyec":"EN DISEÑO","centerLng":-70.708245,"centerLat":-33.532202,"kind":"proyecto","categoria":"Otras carteras","cartera":"Municipios","etapa":"diseño","tipo":"ciclovía","inicio":"280 metros hacia el sur de Av. Lo Espejo","fin":"Av. Lo Espejo","origen":"Otras carteras"}},{"type":"Feature","geometry":{"type":"MultiLineString","coordinates":[[[-70.749253,-33.728033],[-70.743431,-33.728703]]]},"properties":{"id":"OC-134020017","OBJECTID":20447,"nombre":"Manuel Rodríguez","escala":"Otras carteras","comunas":"Buin","macrozona":null,"km":0.576,"n_priori":null,"anteproyec":"EN DISEÑO","centerLng":-70.746342,"centerLat":-33.728368,"kind":"proyecto","categoria":"Otras carteras","cartera":"Municipios","etapa":"diseño","tipo":"ciclovía","inicio":"Calle 01","fin":"Bernardo O'Higgins","origen":"Otras carteras"}},{"type":"Feature","geometry":{"type":"MultiLineString","coordinates":[[[-70.749255,-33.728029],[-70.749669,-33.72796],[-70.749847,-33.727752],[-70.749911,-33.727361],[-70.749983,-33.726699],[-70.749942,-33.726425],[-70.749848,-33.72629],[-70.749639,-33.725944],[-70.749474,-33.725678],[-70.749532,-33.725353],[-70.749603,-33.724834],[-70.749748,-33.724399],[-70.749963,-33.723889],[-70.750092,-33.723573],[-70.750227,-33.723242],[-70.75029,-33.723067]]]},"properties":{"id":"OC-134020018","OBJECTID":20448,"nombre":"Calle 01","escala":"Otras carteras","comunas":"Buin","macrozona":null,"km":0.59,"n_priori":null,"anteproyec":"EN EJECUCIÓN","centerLng":-70.749814,"centerLat":-33.725656,"kind":"proyecto","categoria":"Otras carteras","cartera":"Municipios","etapa":"ejecución","tipo":"ciclovía","inicio":"Manuel Rodríguez","fin":"Fin Calle 01","origen":"Otras carteras"}},{"type":"Feature","geometry":{"type":"MultiLineString","coordinates":[[[-71.170587,-33.677605],[-71.170756,-33.679178]]]},"properties":{"id":"OC-135010013","OBJECTID":20449,"nombre":"Calle 1","escala":"Otras carteras","comunas":"Melipilla","macrozona":null,"km":0.17,"n_priori":null,"anteproyec":"EN DISEÑO","centerLng":-71.170671,"centerLat":-33.678392,"kind":"proyecto","categoria":"Otras carteras","cartera":"Privados","etapa":"diseño","tipo":"ciclovía","inicio":"Las industrias","fin":"Calle 5","origen":"Otras carteras"}},{"type":"Feature","geometry":{"type":"MultiLineString","coordinates":[[[-71.225128,-33.687535],[-71.22112,-33.688003],[-71.217824,-33.688188],[-71.213814,-33.688452],[-71.209794,-33.688756],[-71.208479,-33.688838]]]},"properties":{"id":"OC-135010014","OBJECTID":20450,"nombre":"Libertad","escala":"Otras carteras","comunas":"Melipilla","macrozona":null,"km":1.56,"n_priori":null,"anteproyec":"EN DISEÑO","centerLng":-71.216026,"centerLat":-33.688295,"kind":"proyecto","categoria":"Otras carteras","cartera":"Municipios","etapa":"diseño","tipo":"ciclovía temporal/piloto","inicio":"Av. Las Torres","fin":"Alcalde","origen":"Otras carteras"}},{"type":"Feature","geometry":{"type":"MultiLineString","coordinates":[[[-71.127173,-33.392457],[-71.129392,-33.392415]]]},"properties":{"id":"OC-135030002","OBJECTID":20451,"nombre":"Cinco Norte","escala":"Otras carteras","comunas":"Curacaví","macrozona":null,"km":0.21,"n_priori":null,"anteproyec":"PLANIFICADA","centerLng":-71.128282,"centerLat":-33.392436,"kind":"proyecto","categoria":"Otras carteras","cartera":"Municipios","etapa":"planificadas","tipo":"ciclovía","inicio":"Germán Riesco","fin":"Manuel Larraín","origen":"Otras carteras"}},{"type":"Feature","geometry":{"type":"MultiLineString","coordinates":[[[-71.129847,-33.401931],[-71.129809,-33.400763],[-71.129789,-33.399505],[-71.12964,-33.396996],[-71.129586,-33.395935],[-71.129572,-33.395625],[-71.12951,-33.394544],[-71.129426,-33.39301],[-71.129401,-33.392486]]]},"properties":{"id":"OC-135030003","OBJECTID":20452,"nombre":"Germán Riesco","escala":"Otras carteras","comunas":"Curacaví","macrozona":null,"km":1.04,"n_priori":null,"anteproyec":"PLANIFICADA","centerLng":-71.12962,"centerLat":-33.396755,"kind":"proyecto","categoria":"Otras carteras","cartera":"Municipios","etapa":"planificadas","tipo":"ciclovía","inicio":"Cinco Norte","fin":"Williams Rebolledo","origen":"Otras carteras"}},{"type":"Feature","geometry":{"type":"MultiLineString","coordinates":[[[-71.128814,-33.400865],[-71.128813,-33.401109],[-71.128828,-33.401826]]]},"properties":{"id":"OC-135030004","OBJECTID":20453,"nombre":"Presbítero Moraga","escala":"Otras carteras","comunas":"Curacaví","macrozona":null,"km":0.1,"n_priori":null,"anteproyec":"PLANIFICADA","centerLng":-71.128818,"centerLat":-33.401267,"kind":"proyecto","categoria":"Otras carteras","cartera":"Municipios","etapa":"planificadas","tipo":"ciclovía","inicio":"Williams Rebolledo","fin":"Jorge Montt","origen":"Otras carteras"}},{"type":"Feature","geometry":{"type":"MultiLineString","coordinates":[[[-71.127352,-33.400868],[-71.128663,-33.400846]]]},"properties":{"id":"OC-135030005","OBJECTID":20454,"nombre":"Jorge Montt","escala":"Otras carteras","comunas":"Curacaví","macrozona":null,"km":0.12,"n_priori":null,"anteproyec":"PLANIFICADA","centerLng":-71.128007,"centerLat":-33.400857,"kind":"proyecto","categoria":"Otras carteras","cartera":"Municipios","etapa":"planificadas","tipo":"ciclovía","inicio":"Presbítero Moraga","fin":"Manuel Larraín","origen":"Otras carteras"}},{"type":"Feature","geometry":{"type":"MultiLineString","coordinates":[[[-71.127352,-33.400868],[-71.127336,-33.399835],[-71.127325,-33.399172],[-71.127278,-33.397555],[-71.127255,-33.39595],[-71.127196,-33.393652],[-71.127181,-33.392562]]]},"properties":{"id":"OC-135030006","OBJECTID":20455,"nombre":"Manuel Larraín","escala":"Otras carteras","comunas":"Curacaví","macrozona":null,"km":0.92,"n_priori":null,"anteproyec":"PLANIFICADA","centerLng":-71.127275,"centerLat":-33.397085,"kind":"proyecto","categoria":"Otras carteras","cartera":"Municipios","etapa":"planificadas","tipo":"ciclovía","inicio":"Jorge Montt","fin":"Cinco Norte","origen":"Otras carteras"}},{"type":"Feature","geometry":{"type":"MultiLineString","coordinates":[[[-70.932658,-33.665465],[-70.93081,-33.664729],[-70.930618,-33.664822],[-70.930615,-33.664824],[-70.930426,-33.664924],[-70.930242,-33.664956],[-70.930222,-33.664954],[-70.930047,-33.664924],[-70.929785,-33.664808],[-70.929627,-33.664574],[-70.929619,-33.664565],[-70.929573,-33.664306],[-70.929587,-33.664174],[-70.927467,-33.663361],[-70.92506,-33.662412],[-70.922784,-33.661514],[-70.917594,-33.659486]]]},"properties":{"id":"OC-136010009","OBJECTID":20456,"nombre":"Av Libertador Bernardo Ohiggins Tramo 4","escala":"Otras carteras","comunas":"Talagante","macrozona":null,"km":1.54,"n_priori":null,"anteproyec":"EN DISEÑO","centerLng":-70.928631,"centerLat":-33.664047,"kind":"proyecto","categoria":"Otras carteras","cartera":"Municipios","etapa":"diseño","tipo":"ciclovía","inicio":"Calle Libertad","fin":"Darwin Vargas","origen":"Otras carteras"}},{"type":"Feature","geometry":{"type":"MultiLineString","coordinates":[[[-70.808997,-33.573349],[-70.807107,-33.571821],[-70.805726,-33.570658],[-70.805254,-33.570242],[-70.804606,-33.569923],[-70.804318,-33.569748],[-70.800766,-33.566848],[-70.7996,-33.565582],[-70.799408,-33.565361],[-70.793649,-33.560633]]]},"properties":{"id":"OC-136040003","OBJECTID":20457,"nombre":"Primera Transversal","escala":"Otras carteras","comunas":"Padre Hurtado","macrozona":null,"km":2,"n_priori":null,"anteproyec":"EN DISEÑO","centerLng":-70.802943,"centerLat":-33.568416,"kind":"proyecto","categoria":"Otras carteras","cartera":"Municipios","etapa":"diseño","tipo":"ciclovía temporal/piloto","inicio":"Río Ñuble","fin":"La Pirámide","origen":"Otras carteras"}},{"type":"Feature","geometry":{"type":"MultiLineString","coordinates":[[[-70.6216,-33.453989],[-70.619025,-33.454405],[-70.617893,-33.454396],[-70.61373,-33.454701],[-70.611311,-33.454974],[-70.605265,-33.455618],[-70.601344,-33.456039],[-70.597696,-33.456674],[-70.5898,-33.457037],[-70.587917,-33.457189],[-70.586892,-33.457838],[-70.582611,-33.458581],[-70.579248,-33.459131],[-70.577327,-33.459744],[-70.572678,-33.460079]]]},"properties":{"id":"OC-131200048","OBJECTID":20458,"nombre":"Duble Almeyda","escala":"Otras carteras","comunas":"Ñuñoa","macrozona":null,"km":4.7,"n_priori":null,"anteproyec":"PLANIFICADA","centerLng":-70.597622,"centerLat":-33.456693,"kind":"proyecto","categoria":"Otras carteras","cartera":"Municipios","etapa":"planificadas","tipo":"ciclovía","inicio":"Irarrázaval","fin":"Americo Vespucio","origen":"Otras carteras"}},{"type":"Feature","geometry":{"type":"MultiLineString","coordinates":[[[-70.587161,-33.43947],[-70.583925,-33.440765]]]},"properties":{"id":"OC-131200049","OBJECTID":20459,"nombre":"Emilia Tellez","escala":"Otras carteras","comunas":"Ñuñoa","macrozona":null,"km":0.33,"n_priori":null,"anteproyec":"PLANIFICADA","centerLng":-70.585543,"centerLat":-33.440117,"kind":"proyecto","categoria":"Otras carteras","cartera":"Municipios","etapa":"planificadas","tipo":"ciclovía","inicio":"Eliecer Parada","fin":"Montenegro","origen":"Otras carteras"}},{"type":"Feature","geometry":{"type":"MultiLineString","coordinates":[[[-70.601272,-33.47382],[-70.601371,-33.476631],[-70.601422,-33.47981],[-70.601678,-33.48483],[-70.601726,-33.490297],[-70.602119,-33.497465],[-70.603046,-33.502116],[-70.604538,-33.50895]]]},"properties":{"id":"OC-131180020","OBJECTID":20460,"nombre":"Exequiel Fernández","escala":"Otras carteras","comunas":"Macul","macrozona":null,"km":3.54,"n_priori":null,"anteproyec":"PLANIFICADA","centerLng":-70.602147,"centerLat":-33.48924,"kind":"proyecto","categoria":"Otras carteras","cartera":"Municipios","etapa":"planificadas","tipo":"ciclovía","inicio":"Rodrigo De Araya","fin":"Departamental","origen":"Otras carteras"}},{"type":"Feature","geometry":{"type":"MultiLineString","coordinates":[[[-70.581918,-33.472439],[-70.581255,-33.473171],[-70.581553,-33.474166],[-70.581844,-33.475247],[-70.582624,-33.47785],[-70.585936,-33.487199],[-70.586488,-33.487872],[-70.587186,-33.490544],[-70.587523,-33.490841],[-70.589837,-33.491582],[-70.590708,-33.491517]]]},"properties":{"id":"OC-131180021","OBJECTID":20461,"nombre":"Ramón Cruz Montt","escala":"Otras carteras","comunas":"Macul","macrozona":null,"km":2.31,"n_priori":null,"anteproyec":"PLANIFICADA","centerLng":-70.58517,"centerLat":-33.482948,"kind":"proyecto","categoria":"Otras carteras","cartera":"Municipios","etapa":"planificadas","tipo":"ciclovía","inicio":"Grecia","fin":"El Líbano","origen":"Otras carteras"}},{"type":"Feature","geometry":{"type":"MultiLineString","coordinates":[[[-70.59982,-33.493231],[-70.599895,-33.495779],[-70.600095,-33.497573],[-70.600117,-33.499166],[-70.600788,-33.502456],[-70.601647,-33.507211],[-70.601714,-33.507729],[-70.602079,-33.509141]]]},"properties":{"id":"OC-131180022","OBJECTID":20462,"nombre":"Froilán Roa","escala":"Otras carteras","comunas":"Macul","macrozona":null,"km":1.6,"n_priori":null,"anteproyec":"PLANIFICADA","centerLng":-70.600769,"centerLat":-33.501536,"kind":"proyecto","categoria":"Otras carteras","cartera":"Municipios","etapa":"planificadas","tipo":"ciclovía","inicio":"Macul","fin":"Departamental","origen":"Otras carteras"}},{"type":"Feature","geometry":{"type":"MultiLineString","coordinates":[[[-70.588622,-33.479877],[-70.588481,-33.479144],[-70.588297,-33.477892],[-70.587746,-33.475949],[-70.58776,-33.475187],[-70.587623,-33.474569],[-70.58727,-33.474314]]]},"properties":{"id":"OC-131180026","OBJECTID":20463,"nombre":"El Líbano","escala":"Otras carteras","comunas":"Macul","macrozona":null,"km":0.58,"n_priori":null,"anteproyec":"PLANIFICADA","centerLng":-70.587971,"centerLat":-33.476705,"kind":"proyecto","categoria":"Otras carteras","cartera":"Municipios","etapa":"planificadas","tipo":"ciclovía","inicio":"Rodrigo de Araya","fin":"Los Olmos","origen":"Otras carteras"}},{"type":"Feature","geometry":{"type":"MultiLineString","coordinates":[[[-70.590708,-33.491517],[-70.591395,-33.493679],[-70.591763,-33.494838],[-70.59228,-33.496468],[-70.592259,-33.496664],[-70.592196,-33.497409],[-70.592238,-33.497818],[-70.592224,-33.498248],[-70.59231,-33.498484],[-70.59317,-33.501191],[-70.593789,-33.501802],[-70.594612,-33.502219],[-70.595879,-33.502037]]]},"properties":{"id":"OC-131180027","OBJECTID":20464,"nombre":"El Líbano - Las Golondrinas","escala":"Otras carteras","comunas":"Macul","macrozona":null,"km":1.31,"n_priori":null,"anteproyec":"PLANIFICADA","centerLng":-70.592679,"centerLat":-33.497875,"kind":"proyecto","categoria":"Otras carteras","cartera":"Municipios","etapa":"planificadas","tipo":"ciclovía","inicio":"Los Olmos","fin":"Macul","origen":"Otras carteras"}},{"type":"Feature","geometry":{"type":"MultiLineString","coordinates":[[[-70.697696,-33.616749],[-70.695946,-33.617121],[-70.694215,-33.617431],[-70.69235,-33.617775],[-70.68998,-33.618241],[-70.687344,-33.618718],[-70.685319,-33.619161],[-70.685036,-33.61884],[-70.684907,-33.618296],[-70.683581,-33.618935],[-70.681469,-33.620299]]]},"properties":{"id":"OC-134010062","OBJECTID":20465,"nombre":"Los Canelos","escala":"Otras carteras","comunas":"San Bernardo","macrozona":null,"km":1.68,"n_priori":null,"anteproyec":"PLANIFICADA","centerLng":-70.688895,"centerLat":-33.618324,"kind":"proyecto","categoria":"Otras carteras","cartera":"Municipios","etapa":"planificadas","tipo":"ciclovía","inicio":"Diego Portales","fin":"Padre Hurtado","origen":"Otras carteras"}},{"type":"Feature","geometry":{"type":"MultiLineString","coordinates":[[[-70.701377,-33.581555],[-70.701816,-33.581468],[-70.702167,-33.58124],[-70.70287,-33.581058],[-70.704315,-33.580748],[-70.704322,-33.580745]]]},"properties":{"id":"OC-134010064","OBJECTID":20466,"nombre":"Santa Marta","escala":"Otras carteras","comunas":"San Bernardo","macrozona":null,"km":2.3,"n_priori":null,"anteproyec":"PLANIFICADA","centerLng":-70.702811,"centerLat":-33.581136,"kind":"proyecto","categoria":"Otras carteras","cartera":"Municipios","etapa":"planificadas","tipo":"ciclovía","inicio":"Gran Avenida","fin":"Volcán Tolhuaca","origen":"Otras carteras"}},{"type":"Feature","geometry":{"type":"MultiLineString","coordinates":[[[-70.697422,-33.604629],[-70.703172,-33.602862],[-70.707996,-33.601365],[-70.709449,-33.600973],[-70.711129,-33.600421],[-70.712982,-33.599812]]]},"properties":{"id":"OC-134010063","OBJECTID":20467,"nombre":"Nogales","escala":"Otras carteras","comunas":"San Bernardo","macrozona":null,"km":1.62,"n_priori":null,"anteproyec":"PLANIFICADA","centerLng":-70.707025,"centerLat":-33.601677,"kind":"proyecto","categoria":"Otras carteras","cartera":"Municipios","etapa":"planificadas","tipo":"ciclovía","inicio":"América","fin":"Portales","origen":"Otras carteras"}},{"type":"Feature","geometry":{"type":"MultiLineString","coordinates":[[[-70.878235,-33.606097],[-70.886405,-33.604525],[-70.887913,-33.604569],[-70.891085,-33.605439],[-70.892622,-33.606146],[-70.89377,-33.606062],[-70.898002,-33.60714],[-70.898794,-33.607551],[-70.899802,-33.608353]]]},"properties":{"id":"OC-136050007","OBJECTID":20468,"nombre":"21 de Mayo","escala":"Otras carteras","comunas":"Peñaflor","macrozona":null,"km":2.25,"n_priori":null,"anteproyec":"PLANIFICADA","centerLng":-70.891848,"centerLat":-33.606209,"kind":"proyecto","categoria":"Otras carteras","cartera":"Municipios","etapa":"planificadas","tipo":"ciclovía","inicio":"Francisco Bilbao","fin":"Plaza de Peñaflor","origen":"Otras carteras"}},{"type":"Feature","geometry":{"type":"MultiLineString","coordinates":[[[-70.625422,-33.524279],[-70.63007,-33.524842],[-70.635072,-33.525624],[-70.63582,-33.525523]]]},"properties":{"id":"OC-131110022","OBJECTID":20469,"nombre":"Santa Ana","escala":"Otras carteras","comunas":"La Granja","macrozona":null,"km":1,"n_priori":null,"anteproyec":"PLANIFICADA","centerLng":-70.631596,"centerLat":-33.525067,"kind":"proyecto","categoria":"Otras carteras","cartera":"Municipios","etapa":"planificadas","tipo":"ciclovía","inicio":"Santa Rosa","fin":"Yungay","origen":"Otras carteras"}},{"type":"Feature","geometry":{"type":"MultiLineString","coordinates":[[[-70.634438,-33.537274],[-70.620632,-33.537718],[-70.614676,-33.537372],[-70.61432,-33.537728],[-70.609889,-33.537372]]]},"properties":{"id":"OC-131110021","OBJECTID":20470,"nombre":"San Gregorio","escala":"Otras carteras","comunas":"La Granja","macrozona":null,"km":2.47,"n_priori":null,"anteproyec":"PLANIFICADA","centerLng":-70.618791,"centerLat":-33.537493,"kind":"proyecto","categoria":"Otras carteras","cartera":"Municipios","etapa":"planificadas","tipo":"ciclovía","inicio":"Santa Rosa","fin":"Américo Vespucio","origen":"Otras carteras"}},{"type":"Feature","geometry":{"type":"MultiLineString","coordinates":[[[-70.634296,-33.538933],[-70.626927,-33.539723],[-70.621121,-33.540447]]]},"properties":{"id":"OC-131110019","OBJECTID":20471,"nombre":"Av. Sur","escala":"Otras carteras","comunas":"La Granja","macrozona":null,"km":1.3,"n_priori":null,"anteproyec":"PLANIFICADA","centerLng":-70.627448,"centerLat":-33.539701,"kind":"proyecto","categoria":"Otras carteras","cartera":"Municipios","etapa":"planificadas","tipo":"ciclovía","inicio":"Santa Rosa","fin":"Raúl Silva Henríquez","origen":"Otras carteras"}},{"type":"Feature","geometry":{"type":"MultiLineString","coordinates":[[[-70.609605,-33.526153],[-70.612132,-33.526345],[-70.624349,-33.527489],[-70.635383,-33.528914]]]},"properties":{"id":"OC-131110020","OBJECTID":20472,"nombre":"Linares","escala":"Otras carteras","comunas":"La Granja","macrozona":null,"km":1,"n_priori":null,"anteproyec":"PLANIFICADA","centerLng":-70.620367,"centerLat":-33.527225,"kind":"proyecto","categoria":"Otras carteras","cartera":"Municipios","etapa":"planificadas","tipo":"ciclovía","inicio":"Santa Rosa","fin":"Punta Arenas","origen":"Otras carteras"}},{"type":"Feature","geometry":{"type":"MultiLineString","coordinates":[[[-70.766235,-33.844012],[-70.765325,-33.848977],[-70.764137,-33.850949],[-70.764374,-33.85187],[-70.764137,-33.853711],[-70.763561,-33.854797]]]},"properties":{"id":"OC-134040018","OBJECTID":20473,"nombre":"Las Camelias - Champa","escala":"Otras carteras","comunas":"Paine","macrozona":null,"km":11.3,"n_priori":null,"anteproyec":"PLANIFICADA","centerLng":-70.764628,"centerLat":-33.850719,"kind":"proyecto","categoria":"Otras carteras","cartera":"Municipios","etapa":"planificadas","tipo":"ciclovía","inicio":"Los Alamos","fin":"Dario Pavéz","origen":"Otras carteras"}},{"type":"Feature","geometry":{"type":"MultiLineString","coordinates":[[[-70.751156,-33.85474],[-70.750508,-33.860707],[-70.750323,-33.865176],[-70.750199,-33.866717],[-70.747477,-33.866717]]]},"properties":{"id":"OC-134040015","OBJECTID":20474,"nombre":"El Cañamo - Las Acacias","escala":"Otras carteras","comunas":"Paine","macrozona":null,"km":1.47,"n_priori":null,"anteproyec":"PLANIFICADA","centerLng":-70.749933,"centerLat":-33.862811,"kind":"proyecto","categoria":"Otras carteras","cartera":"Municipios","etapa":"planificadas","tipo":"ciclovía","inicio":"Dario Pavez","fin":"Diego Portales","origen":"Otras carteras"}},{"type":"Feature","geometry":{"type":"MultiLineString","coordinates":[[[-70.653155,-33.902237],[-70.660879,-33.90092],[-70.66234,-33.89236],[-70.66482,-33.875976]]]},"properties":{"id":"OC-134040019","OBJECTID":20475,"nombre":"Las Lilas - La Romana","escala":"Otras carteras","comunas":"Paine","macrozona":null,"km":3.3,"n_priori":null,"anteproyec":"PLANIFICADA","centerLng":-70.660298,"centerLat":-33.892873,"kind":"proyecto","categoria":"Otras carteras","cartera":"Municipios","etapa":"planificadas","tipo":"smp","inicio":"Ruta G-555","fin":"Ruta G-515-H","origen":"Otras carteras"}},{"type":"Feature","geometry":{"type":"MultiLineString","coordinates":[[[-70.659978,-33.875753],[-70.642745,-33.874988]]]},"properties":{"id":"OC-134040017","OBJECTID":20476,"nombre":"Ruta G-555","escala":"Otras carteras","comunas":"Paine","macrozona":null,"km":1.7,"n_priori":null,"anteproyec":"PLANIFICADA","centerLng":-70.651362,"centerLat":-33.875371,"kind":"proyecto","categoria":"Otras carteras","cartera":"Municipios","etapa":"planificadas","tipo":"smp","inicio":"Ruta G-555","fin":"Padre Hurtado","origen":"Otras carteras"}},{"type":"Feature","geometry":{"type":"MultiLineString","coordinates":[[[-70.698087,-33.80315],[-70.698504,-33.812192],[-70.701262,-33.844576],[-70.70271,-33.861886],[-70.702936,-33.865134],[-70.710081,-33.863385],[-70.715572,-33.859076],[-70.716587,-33.861886]]]},"properties":{"id":"OC-134040020","OBJECTID":20477,"nombre":"Ruta G-573","escala":"Otras carteras","comunas":"Paine","macrozona":null,"km":7.95,"n_priori":null,"anteproyec":"PLANIFICADA","centerLng":-70.705717,"centerLat":-33.846411,"kind":"proyecto","categoria":"Otras carteras","cartera":"Municipios","etapa":"planificadas","tipo":"smp","inicio":"18 de Septiembre","fin":"Romero","origen":"Otras carteras"}},{"type":"Feature","geometry":{"type":"MultiLineString","coordinates":[[[-70.744351,-33.838635],[-70.741634,-33.843142],[-70.741682,-33.84802],[-70.741894,-33.855926]]]},"properties":{"id":"OC-134040021","OBJECTID":20478,"nombre":"Ruta S-G-R 559","escala":"Otras carteras","comunas":"Paine","macrozona":null,"km":1.8,"n_priori":null,"anteproyec":"PLANIFICADA","centerLng":-70.74239,"centerLat":-33.846431,"kind":"proyecto","categoria":"Otras carteras","cartera":"Municipios","etapa":"planificadas","tipo":"smp","inicio":"Romero","fin":"General Baquedano","origen":"Otras carteras"}},{"type":"Feature","geometry":{"type":"MultiLineString","coordinates":[[[-70.641777,-33.832118],[-70.652529,-33.833697]]]},"properties":{"id":"OC-134040022","OBJECTID":20479,"nombre":"Santa Filomena","escala":"Otras carteras","comunas":"Paine","macrozona":null,"km":1.08,"n_priori":null,"anteproyec":"PLANIFICADA","centerLng":-70.647153,"centerLat":-33.832908,"kind":"proyecto","categoria":"Otras carteras","cartera":"Municipios","etapa":"planificadas","tipo":"ciclovía","inicio":"Santa Filomena","fin":"Padre Hurtado","origen":"Otras carteras"}},{"type":"Feature","geometry":{"type":"MultiLineString","coordinates":[[[-70.55944,-33.494149],[-70.560406,-33.498892],[-70.560406,-33.498892],[-70.560447,-33.499061]]]},"properties":{"id":"OC-131220030","OBJECTID":20480,"nombre":"Tobalaba","escala":"Otras carteras","comunas":"Peñalolén","macrozona":null,"km":0.5,"n_priori":null,"anteproyec":"PLANIFICADA","centerLng":-70.560175,"centerLat":-33.497749,"kind":"proyecto","categoria":"Otras carteras","cartera":"Municipios","etapa":"planificadas","tipo":"ciclovía","inicio":"Tobalaba","fin":"Quilín","origen":"Otras carteras"}},{"type":"Feature","geometry":{"type":"MultiLineString","coordinates":[[[-70.702351,-33.769753],[-70.703715,-33.769639],[-70.732387,-33.770178],[-70.732728,-33.765133],[-70.732557,-33.764736],[-70.734034,-33.761491]]]},"properties":{"id":"OC-134020022","OBJECTID":20481,"nombre":"Ruta G-517 Camino El Cerrillo","escala":"Otras carteras","comunas":"Buin","macrozona":null,"km":3.6,"n_priori":null,"anteproyec":"PLANIFICADA","centerLng":-70.722962,"centerLat":-33.766822,"kind":"proyecto","categoria":"Otras carteras","cartera":"Municipios","etapa":"planificadas","tipo":"smp","inicio":"Acceso Sur","fin":"Teniente Merino","origen":"Otras carteras"}},{"type":"Feature","geometry":{"type":"MultiLineString","coordinates":[[[-70.7914,-33.783424],[-70.797902,-33.79322],[-70.796683,-33.795077],[-70.799934,-33.803183],[-70.804405,-33.809261],[-70.817613,-33.82243],[-70.822195,-33.826611],[-70.822408,-33.827275],[-70.822248,-33.828381],[-70.822568,-33.830417]]]},"properties":{"id":"OC-134020023","OBJECTID":20482,"nombre":"Ruta G-520 Santa Filomena","escala":"Otras carteras","comunas":"Buin","macrozona":null,"km":5.8,"n_priori":null,"anteproyec":"EN EJECUCIÓN","centerLng":-70.809736,"centerLat":-33.811928,"kind":"proyecto","categoria":"Otras carteras","cartera":"Municipios","etapa":"ejecución","tipo":"smp","inicio":"Ruta G-46 Av. Viluco","fin":"Limite comunal (Río Angostura)","origen":"Otras carteras"}},{"type":"Feature","geometry":{"type":"MultiLineString","coordinates":[[[-70.810955,-33.761181],[-70.824219,-33.768665],[-70.829866,-33.774068],[-70.836524,-33.781152],[-70.83743,-33.782702],[-70.838708,-33.784871],[-70.839561,-33.786465],[-70.840253,-33.787749],[-70.841532,-33.789166],[-70.842171,-33.789608],[-70.846965,-33.797621],[-70.852558,-33.803553]]]},"properties":{"id":"OC-134020024","OBJECTID":20483,"nombre":"Ruta G-500 Camino Valdivia de Paine","escala":"Otras carteras","comunas":"Buin","macrozona":null,"km":6.4,"n_priori":null,"anteproyec":"EN EJECUCIÓN","centerLng":-70.836729,"centerLat":-33.7839,"kind":"proyecto","categoria":"Otras carteras","cartera":"Municipios","etapa":"ejecución","tipo":"smp","inicio":"Ruta G-46 Av. Viluco","fin":"Caupolicán","origen":"Otras carteras"}},{"type":"Feature","geometry":{"type":"MultiLineString","coordinates":[[[-70.594149,-33.512052],[-70.60136,-33.51154],[-70.602822,-33.511722],[-70.603433,-33.512377],[-70.608844,-33.513286],[-70.610437,-33.514323],[-70.611061,-33.514354]]]},"properties":{"id":"OC-131100031","OBJECTID":20484,"nombre":"Mirador Azul","escala":"Otras carteras","comunas":"La Florida","macrozona":null,"km":1.65,"n_priori":null,"anteproyec":"PLANIFICADA","centerLng":-70.604587,"centerLat":-33.512808,"kind":"proyecto","categoria":"Otras carteras","cartera":"Municipios","etapa":"planificadas","tipo":"ciclovía","inicio":"Punta Arenas","fin":"Nueva Uno","origen":"Otras carteras"}},{"type":"Feature","geometry":{"type":"MultiLineString","coordinates":[[[-70.585719,-33.513724],[-70.578357,-33.513742],[-70.575868,-33.516244],[-70.575595,-33.51667],[-70.569629,-33.517153]]]},"properties":{"id":"OC-131100032","OBJECTID":20485,"nombre":"Av. El Parque","escala":"Otras carteras","comunas":"La Florida","macrozona":null,"km":1.64,"n_priori":null,"anteproyec":"PLANIFICADA","centerLng":-70.577034,"centerLat":-33.515507,"kind":"proyecto","categoria":"Otras carteras","cartera":"Municipios","etapa":"planificadas","tipo":"s_i","inicio":"Av. La Florida","fin":"fin calle","origen":"Otras carteras"}},{"type":"Feature","geometry":{"type":"MultiLineString","coordinates":[[[-70.55863,-33.516489],[-70.560493,-33.516244],[-70.561686,-33.516698],[-70.563697,-33.516812],[-70.564345,-33.517182],[-70.570754,-33.516642],[-70.571335,-33.516698],[-70.575529,-33.516275]]]},"properties":{"id":"OC-131100033","OBJECTID":20486,"nombre":"Volcán Osorno","escala":"Otras carteras","comunas":"La Florida","macrozona":null,"km":1.59,"n_priori":null,"anteproyec":"PLANIFICADA","centerLng":-70.565809,"centerLat":-33.51663,"kind":"proyecto","categoria":"Otras carteras","cartera":"Municipios","etapa":"planificadas","tipo":"s_i","inicio":"Tobalaba","fin":"Punitaqui","origen":"Otras carteras"}},{"type":"Feature","geometry":{"type":"MultiLineString","coordinates":[[[-70.585217,-33.562406],[-70.598522,-33.563679]]]},"properties":{"id":"OC-131100034","OBJECTID":20487,"nombre":"Tegualda","escala":"Otras carteras","comunas":"La Florida","macrozona":null,"km":1.25,"n_priori":null,"anteproyec":"PLANIFICADA","centerLng":-70.59187,"centerLat":-33.563043,"kind":"proyecto","categoria":"Otras carteras","cartera":"Municipios","etapa":"planificadas","tipo":"s_i","inicio":"Vicuña Mackenna","fin":"Santa Raquel","origen":"Otras carteras"}},{"type":"Feature","geometry":{"type":"MultiLineString","coordinates":[[[-70.591344,-33.539586],[-70.596781,-33.539378],[-70.603495,-33.539213],[-70.609257,-33.537538]]]},"properties":{"id":"OC-131100035","OBJECTID":20488,"nombre":"Dr. Sotero Del Río","escala":"Otras carteras","comunas":"La Florida","macrozona":null,"km":1.14,"n_priori":null,"anteproyec":"PLANIFICADA","centerLng":-70.600219,"centerLat":-33.538929,"kind":"proyecto","categoria":"Otras carteras","cartera":"Municipios","etapa":"planificadas","tipo":"s_i","inicio":"Vicuña Mackenna","fin":"Américo Vespucio","origen":"Otras carteras"}},{"type":"Feature","geometry":{"type":"MultiLineString","coordinates":[[[-70.58612,-33.557318],[-70.60292,-33.558908],[-70.603479,-33.558769],[-70.606076,-33.559234],[-70.611113,-33.559718]]]},"properties":{"id":"OC-131100036","OBJECTID":20489,"nombre":"General Arriagada","escala":"Otras carteras","comunas":"La Florida","macrozona":null,"km":2.35,"n_priori":null,"anteproyec":"PLANIFICADA","centerLng":-70.601942,"centerLat":-33.558789,"kind":"proyecto","categoria":"Otras carteras","cartera":"Municipios","etapa":"planificadas","tipo":"s_i","inicio":"Vicuña Mackenna","fin":"Bahía Catalina","origen":"Otras carteras"}},{"type":"Feature","geometry":{"type":"MultiLineString","coordinates":[[[-70.589637,-33.543406],[-70.595752,-33.54328],[-70.596647,-33.542916],[-70.603583,-33.542751]]]},"properties":{"id":"OC-131100037","OBJECTID":20490,"nombre":"Santa Amalia","escala":"Otras carteras","comunas":"La Florida","macrozona":null,"km":1.32,"n_priori":null,"anteproyec":"PLANIFICADA","centerLng":-70.596405,"centerLat":-33.543088,"kind":"proyecto","categoria":"Otras carteras","cartera":"Municipios","etapa":"planificadas","tipo":"s_i","inicio":"Vicuña Mackenna","fin":"Santa Raquel","origen":"Otras carteras"}},{"type":"Feature","geometry":{"type":"MultiLineString","coordinates":[[[-70.713101,-33.407218],[-70.713147,-33.406678],[-70.713524,-33.405647],[-70.713581,-33.405375],[-70.713558,-33.405117],[-70.71349,-33.404869],[-70.713484,-33.404744],[-70.713564,-33.404654],[-70.713976,-33.404692],[-70.714422,-33.403555],[-70.714479,-33.403321],[-70.71425,-33.40217]]]},"properties":{"id":"OC-131280003","OBJECTID":20491,"nombre":"Anibal Pinto - Federico Errázuriz","escala":"Otras carteras","comunas":"Renca","macrozona":null,"km":0.57,"n_priori":null,"anteproyec":"PLANIFICADA","centerLng":-70.713715,"centerLat":-33.404837,"kind":"proyecto","categoria":"Otras carteras","cartera":"Municipios","etapa":"planificadas","tipo":"s_i","inicio":"José Manuel Infante","fin":"José Manuel Balmaceda","origen":"Otras carteras"}},{"type":"Feature","geometry":{"type":"MultiLineString","coordinates":[[[-70.676752,-33.181944],[-70.673933,-33.18168]]]},"properties":{"id":"OC-133010062","OBJECTID":20492,"nombre":"Esmeralda","escala":"Otras carteras","comunas":"Colina","macrozona":null,"km":0.3,"n_priori":null,"anteproyec":"EN DISEÑO","centerLng":-70.675342,"centerLat":-33.181812,"kind":"proyecto","categoria":"Otras carteras","cartera":"Privados","etapa":"diseño","tipo":"ciclovía","inicio":"Aconcagua","fin":"Pje. A","origen":"Otras carteras"}},{"type":"Feature","geometry":{"type":"MultiLineString","coordinates":[[[-70.638634,-33.256425],[-70.637421,-33.255508],[-70.636441,-33.255059],[-70.633688,-33.253733],[-70.632568,-33.253323],[-70.629955,-33.252484]]]},"properties":{"id":"OC-133010063","OBJECTID":20493,"nombre":"José Rabat","escala":"Otras carteras","comunas":"Colina","macrozona":null,"km":0.95,"n_priori":null,"anteproyec":"EN DISEÑO","centerLng":-70.634784,"centerLat":-33.254422,"kind":"proyecto","categoria":"Otras carteras","cartera":"Privados","etapa":"diseño","tipo":"ciclovía","inicio":"San Anselmo","fin":"Pedro Sergio Correa","origen":"Otras carteras"}},{"type":"Feature","geometry":{"type":"MultiLineString","coordinates":[[[-70.62496,-33.377648],[-70.627241,-33.381977],[-70.628527,-33.382739],[-70.629688,-33.390669]]]},"properties":{"id":"OC-131070029","OBJECTID":20494,"nombre":"Av. Uno","escala":"Otras carteras","comunas":"Huechuraba","macrozona":null,"km":1.56,"n_priori":null,"anteproyec":"EN DISEÑO","centerLng":-70.627604,"centerLat":-33.383258,"kind":"proyecto","categoria":"Otras carteras","cartera":"Privados","etapa":"diseño","tipo":"ciclovía","inicio":"Av. El Bosque de Santiago","fin":"Caletera Americo Vespucio","origen":"Otras carteras"}},{"type":"Feature","geometry":{"type":"MultiLineString","coordinates":[[[-70.842619,-33.448064],[-70.844195,-33.449241],[-70.845978,-33.44976],[-70.850001,-33.451975],[-70.851536,-33.452875],[-70.85307,-33.452805],[-70.85419,-33.453255],[-70.854647,-33.454259],[-70.854688,-33.455539]]]},"properties":{"id":"OC-131240047","OBJECTID":20495,"nombre":"Av. Del Canal","escala":"Otras carteras","comunas":"Pudahuel","macrozona":null,"km":1.5,"n_priori":null,"anteproyec":"EN DISEÑO","centerLng":-70.850103,"centerLat":-33.451975,"kind":"proyecto","categoria":"Otras carteras","cartera":"Privados","etapa":"diseño","tipo":"ciclovía","inicio":"Camino Apacible","fin":"Camino Lo Aguirre","origen":"Otras carteras"}},{"type":"Feature","geometry":{"type":"MultiLineString","coordinates":[[[-70.683315,-33.722638],[-70.683203,-33.721239],[-70.68284,-33.719867],[-70.682639,-33.71768]]]},"properties":{"id":"OC-134020027","OBJECTID":20496,"nombre":"Ruta G-45","escala":"Otras carteras","comunas":"Buin","macrozona":null,"km":0.533,"n_priori":null,"anteproyec":"EN DISEÑO","centerLng":-70.682999,"centerLat":-33.720356,"kind":"proyecto","categoria":"Otras carteras","cartera":"Privados","etapa":"diseño","tipo":"ciclovía","inicio":"500 al sur Ruta G-489 Los Guindos","fin":null,"origen":"Otras carteras"}},{"type":"Feature","geometry":{"type":"MultiLineString","coordinates":[[[-70.765138,-33.421679],[-70.766282,-33.421565]]]},"properties":{"id":"OC-131030018","OBJECTID":20497,"nombre":"Rodoviario","escala":"Otras carteras","comunas":"Cerro Navia","macrozona":null,"km":0.13,"n_priori":null,"anteproyec":"EN DISEÑO","centerLng":-70.76571,"centerLat":-33.421622,"kind":"proyecto","categoria":"Otras carteras","cartera":"Privados","etapa":"diseño","tipo":"ciclovía","inicio":"Ventisquero","fin":"Mares de Chile","origen":"Otras carteras"}},{"type":"Feature","geometry":{"type":"MultiLineString","coordinates":[[[-70.581821,-33.405066],[-70.586053,-33.40691],[-70.586965,-33.406779]]]},"properties":{"id":"OC-131140092","OBJECTID":20498,"nombre":"Cerro Colorado","escala":"Otras carteras","comunas":"Las Condes","macrozona":null,"km":0.55,"n_priori":null,"anteproyec":"EN DISEÑO","centerLng":-70.584946,"centerLat":-33.406252,"kind":"proyecto","categoria":"Otras carteras","cartera":"Municipios","etapa":"diseño","tipo":"ciclovía","inicio":"Av. Alonso de Córdova","fin":"Vespucio","origen":"Otras carteras"}},{"type":"Feature","geometry":{"type":"MultiLineString","coordinates":[[[-70.565441,-33.395552],[-70.565746,-33.395187]]]},"properties":{"id":"OC-131320034","OBJECTID":20499,"nombre":"Benito Juarez","escala":"Otras carteras","comunas":"Vitacura","macrozona":null,"km":0.67,"n_priori":null,"anteproyec":"EN DISEÑO","centerLng":-70.565594,"centerLat":-33.39537,"kind":"proyecto","categoria":"Otras carteras","cartera":"Privados","etapa":"diseño","tipo":"ciclovía","inicio":"Kennedy","fin":"Fernando de Argüello","origen":"Otras carteras"}},{"type":"Feature","geometry":{"type":"MultiLineString","coordinates":[[[-70.565712,-33.395183],[-70.569362,-33.396363],[-70.569519,-33.397017]]]},"properties":{"id":"OC-131320035","OBJECTID":20500,"nombre":"Fernando de Argüello","escala":"Otras carteras","comunas":"Vitacura","macrozona":null,"km":0.45,"n_priori":null,"anteproyec":"EN DISEÑO","centerLng":-70.568198,"centerLat":-33.396188,"kind":"proyecto","categoria":"Otras carteras","cartera":"Privados","etapa":"diseño","tipo":"ciclovía","inicio":"Fernando de Argüello","fin":"Kennedy","origen":"Otras carteras"}},{"type":"Feature","geometry":{"type":"MultiLineString","coordinates":[[[-70.765138,-33.421679],[-70.764393,-33.4218],[-70.763581,-33.421917],[-70.76351,-33.421923],[-70.76322,-33.42194]]]},"properties":{"id":"OC-131030022","OBJECTID":20501,"nombre":"Rodoviario","escala":"Otras carteras","comunas":"Cerro Navia","macrozona":null,"km":0.13,"n_priori":null,"anteproyec":"EN DISEÑO","centerLng":-70.763968,"centerLat":-33.421852,"kind":"proyecto","categoria":"Otras carteras","cartera":"Privados","etapa":"diseño","tipo":"ciclovía","inicio":"Mar de Chile","fin":"Serrano","origen":"Otras carteras"}},{"type":"Feature","geometry":{"type":"MultiLineString","coordinates":[[[-70.628908,-33.581057],[-70.623053,-33.580287]]]},"properties":{"id":"OC-131120028","OBJECTID":20502,"nombre":"Calle 1","escala":"Otras carteras","comunas":"La Pintana","macrozona":null,"km":0.6,"n_priori":null,"anteproyec":"EN DISEÑO","centerLng":-70.62598,"centerLat":-33.580672,"kind":"proyecto","categoria":"Otras carteras","cartera":"Privados","etapa":"diseño","tipo":"ciclovía","inicio":"Santa Rosa","fin":"Joaquin Edwards Bello","origen":"Otras carteras"}},{"type":"Feature","geometry":{"type":"MultiLineString","coordinates":[[[-70.63004,-33.56584],[-70.627996,-33.566169],[-70.622865,-33.565456],[-70.622043,-33.5653]]]},"properties":{"id":"OC-131120029","OBJECTID":20503,"nombre":"Observatorio","escala":"Otras carteras","comunas":"La Pintana","macrozona":null,"km":0.8,"n_priori":null,"anteproyec":"EN DISEÑO","centerLng":-70.625736,"centerLat":-33.565691,"kind":"proyecto","categoria":"Otras carteras","cartera":"Privados","etapa":"diseño","tipo":"ciclovía","inicio":"Santa Rosa","fin":"Joaquin Edwards Bello","origen":"Otras carteras"}},{"type":"Feature","geometry":{"type":"MultiLineString","coordinates":[[[-70.678379,-33.222082],[-70.675828,-33.219441]]]},"properties":{"id":"OC-133010064","OBJECTID":20504,"nombre":"Caletera Oriente General San Martín","escala":"Otras carteras","comunas":"Colina","macrozona":null,"km":0.27,"n_priori":null,"anteproyec":"EN DISEÑO","centerLng":-70.677104,"centerLat":-33.220762,"kind":"proyecto","categoria":"Otras carteras","cartera":"Privados","etapa":"diseño","tipo":"ciclovía","inicio":"Caletera Oriente General San Martín Nueva","fin":"Fin calle","origen":"Otras carteras"}},{"type":"Feature","geometry":{"type":"MultiLineString","coordinates":[[[-70.779558,-33.487738],[-70.762026,-33.492966]]]},"properties":{"id":"OC-131190054","OBJECTID":20505,"nombre":"Camino La Farfana","escala":"Otras carteras","comunas":"Maipú","macrozona":null,"km":1.41,"n_priori":null,"anteproyec":"EN DISEÑO","centerLng":-70.770792,"centerLat":-33.490352,"kind":"proyecto","categoria":"Otras carteras","cartera":"MOP","etapa":"diseño","tipo":"smp","inicio":"Licanray","fin":"Ruta 78","origen":"Otras carteras"}},{"type":"Feature","geometry":{"type":"MultiLineString","coordinates":[[[-70.790817,-33.48425],[-70.785001,-33.486046]]]},"properties":{"id":"OC-131190055","OBJECTID":20506,"nombre":"Camino La Farfana","escala":"Otras carteras","comunas":"Maipú","macrozona":null,"km":0.6,"n_priori":null,"anteproyec":"EN DISEÑO","centerLng":-70.787909,"centerLat":-33.485148,"kind":"proyecto","categoria":"Otras carteras","cartera":"Privados","etapa":"diseño","tipo":"ciclovía","inicio":"Lote LF3","fin":"Lote LF2","origen":"Otras carteras"}},{"type":"Feature","geometry":{"type":"MultiLineString","coordinates":[[[-70.622375,-33.38684],[-70.621798,-33.387137],[-70.621209,-33.38744],[-70.620927,-33.387674],[-70.618273,-33.389908]]]},"properties":{"id":"OC-131070031","OBJECTID":20507,"nombre":"Av. Santa Clara","escala":"Otras carteras","comunas":"Huechuraba","macrozona":null,"km":0.51,"n_priori":null,"anteproyec":"EN DISEÑO","centerLng":-70.620916,"centerLat":-33.3878,"kind":"proyecto","categoria":"Otras carteras","cartera":"Privados","etapa":"diseño","tipo":"ciclovía","inicio":"El Salto","fin":"Del Parque","origen":"Otras carteras"}},{"type":"Feature","geometry":{"type":"MultiLineString","coordinates":[[[-70.615693,-33.392066],[-70.612743,-33.394568]]]},"properties":{"id":"OC-131070032","OBJECTID":20508,"nombre":"Av. Santa Clara","escala":"Otras carteras","comunas":"Huechuraba","macrozona":null,"km":0.38,"n_priori":null,"anteproyec":"EN DISEÑO","centerLng":-70.614218,"centerLat":-33.393317,"kind":"proyecto","categoria":"Otras carteras","cartera":"Privados","etapa":"diseño","tipo":"ciclovía","inicio":"Del Cóndor","fin":"La Rinconada","origen":"Otras carteras"}},{"type":"Feature","geometry":{"type":"MultiLineString","coordinates":[[[-70.583912,-33.500744],[-70.583872,-33.500574],[-70.58377,-33.500416],[-70.58366,-33.500304],[-70.58351,-33.500212],[-70.583431,-33.500186]]]},"properties":{"id":"OC-131220031","OBJECTID":20509,"nombre":"Mar Tirreno","escala":"Otras carteras","comunas":"Peñalolén","macrozona":null,"km":0.08,"n_priori":null,"anteproyec":"EN DISEÑO","centerLng":-70.583692,"centerLat":-33.500406,"kind":"proyecto","categoria":"Otras carteras","cartera":"Municipios","etapa":"diseño","tipo":"ciclovía","inicio":"Las Torres","fin":null,"origen":"Otras carteras"}},{"type":"Feature","geometry":{"type":"MultiLineString","coordinates":[[[-70.574933,-33.628852],[-70.574777,-33.628341],[-70.575029,-33.62783]]]},"properties":{"id":"OC-132020005","OBJECTID":20510,"nombre":"Concha Y Toro","escala":"Otras carteras","comunas":"Pirque","macrozona":null,"km":0.12,"n_priori":null,"anteproyec":"EN DISEÑO","centerLng":-70.574913,"centerLat":-33.628341,"kind":"proyecto","categoria":"Otras carteras","cartera":"Municipios","etapa":"diseño","tipo":"Cicloparque","inicio":"Acceso particular áridos","fin":"210m alñ sur desde Puente San Ramón","origen":"Otras carteras"}},{"type":"Feature","geometry":{"type":"MultiLineString","coordinates":[[[-70.738368,-33.45826],[-70.73093,-33.458693]]]},"properties":{"id":"OC-131240048","OBJECTID":20511,"nombre":"Travesía","escala":"Otras carteras","comunas":"Pudahuel","macrozona":null,"km":0.63,"n_priori":null,"anteproyec":"EN DISEÑO","centerLng":-70.734649,"centerLat":-33.458477,"kind":"proyecto","categoria":"Otras carteras","cartera":"Municipios","etapa":"diseño","tipo":"ciclovía","inicio":"Teniente Cruz","fin":"Las Torres","origen":"Otras carteras"}},{"type":"Feature","geometry":{"type":"MultiLineString","coordinates":[[[-70.73093,-33.458693],[-70.730895,-33.46101]]]},"properties":{"id":"OC-131240049","OBJECTID":20512,"nombre":"Las Torres","escala":"Otras carteras","comunas":"Pudahuel","macrozona":null,"km":0.29,"n_priori":null,"anteproyec":"EN DISEÑO","centerLng":-70.730913,"centerLat":-33.459851,"kind":"proyecto","categoria":"Otras carteras","cartera":"Municipios","etapa":"diseño","tipo":"ciclovía","inicio":"Travesía","fin":"Laguna Sur","origen":"Otras carteras"}},{"type":"Feature","geometry":{"type":"MultiLineString","coordinates":[[[-70.657561,-33.482808],[-70.649649,-33.484329]]]},"properties":{"id":"OC-131300019","OBJECTID":20513,"nombre":"Fernando Lazcano","escala":"Otras carteras","comunas":"San Miguel","macrozona":null,"km":0.75,"n_priori":null,"anteproyec":"EN DISEÑO","centerLng":-70.653605,"centerLat":-33.483569,"kind":"proyecto","categoria":"Otras carteras","cartera":"Privados","etapa":"diseño","tipo":"ciclovía","inicio":"J.J. Pérez","fin":"Gran Avenida","origen":"Otras carteras"}},{"type":"Feature","geometry":{"type":"MultiLineString","coordinates":[[[-71.238076,-33.682538],[-71.233781,-33.675754]]]},"properties":{"id":"OC-135010015","OBJECTID":20514,"nombre":"Tres Poniente","escala":"Otras carteras","comunas":"Melipilla","macrozona":null,"km":0.85,"n_priori":null,"anteproyec":"PLANIFICADA","centerLng":-71.235928,"centerLat":-33.679146,"kind":"proyecto","categoria":"Otras carteras","cartera":"MTT","etapa":"planificadas","tipo":"s_i","inicio":"Vicuña Mackenna","fin":"Fin Calle","origen":"Otras carteras"}},{"type":"Feature","geometry":{"type":"MultiLineString","coordinates":[[[-71.219183,-33.682304],[-71.21906,-33.679836]]]},"properties":{"id":"OC-135010016","OBJECTID":20515,"nombre":"Hurtado","escala":"Otras carteras","comunas":"Melipilla","macrozona":null,"km":0.27,"n_priori":null,"anteproyec":"PLANIFICADA","centerLng":-71.219121,"centerLat":-33.68107,"kind":"proyecto","categoria":"Otras carteras","cartera":"MTT","etapa":"planificadas","tipo":"s_i","inicio":"Vicuña Mackenna","fin":"Arza","origen":"Otras carteras"}},{"type":"Feature","geometry":{"type":"MultiLineString","coordinates":[[[-71.217201,-33.679964],[-71.217843,-33.682405],[-71.218952,-33.699534],[-71.218379,-33.700926],[-71.217806,-33.700964]]]},"properties":{"id":"OC-135010017","OBJECTID":20516,"nombre":"Pardo","escala":"Otras carteras","comunas":"Melipilla","macrozona":null,"km":2.4,"n_priori":null,"anteproyec":"PLANIFICADA","centerLng":-71.218036,"centerLat":-33.692759,"kind":"proyecto","categoria":"Otras carteras","cartera":"MTT","etapa":"planificadas","tipo":"s_i","inicio":"Vicuña Mackenna","fin":"Silva Chávez","origen":"Otras carteras"}},{"type":"Feature","geometry":{"type":"MultiLineString","coordinates":[[[-71.216254,-33.680072],[-71.216554,-33.684846],[-71.217806,-33.701692]]]},"properties":{"id":"OC-135010018","OBJECTID":20517,"nombre":"Silva Chávez","escala":"Otras carteras","comunas":"Melipilla","macrozona":null,"km":2.4,"n_priori":null,"anteproyec":"PLANIFICADA","centerLng":-71.216871,"centerLat":-33.68887,"kind":"proyecto","categoria":"Otras carteras","cartera":"MTT","etapa":"planificadas","tipo":"s_i","inicio":"Vicuña Mackenna","fin":"Manuel Rodríguez","origen":"Otras carteras"}},{"type":"Feature","geometry":{"type":"MultiLineString","coordinates":[[[-71.209258,-33.680579],[-71.210033,-33.692303],[-71.208094,-33.697142]]]},"properties":{"id":"OC-135010019","OBJECTID":20518,"nombre":"Egaña","escala":"Otras carteras","comunas":"Melipilla","macrozona":null,"km":1.9,"n_priori":null,"anteproyec":"PLANIFICADA","centerLng":-71.209128,"centerLat":-33.690008,"kind":"proyecto","categoria":"Otras carteras","cartera":"MTT","etapa":"planificadas","tipo":"s_i","inicio":"Vicuña Mackenna","fin":"Camino El Bajo","origen":"Otras carteras"}},{"type":"Feature","geometry":{"type":"MultiLineString","coordinates":[[[-71.207668,-33.679312],[-71.207771,-33.680582],[-71.207916,-33.680668],[-71.208369,-33.688854]]]},"properties":{"id":"OC-135010020","OBJECTID":20519,"nombre":"Alcalde","escala":"Otras carteras","comunas":"Melipilla","macrozona":null,"km":1.1,"n_priori":null,"anteproyec":"PLANIFICADA","centerLng":-71.207931,"centerLat":-33.682354,"kind":"proyecto","categoria":"Otras carteras","cartera":"MTT","etapa":"planificadas","tipo":"s_i","inicio":"Padre Demetrio Bravo","fin":"Pje. Libertad","origen":"Otras carteras"}},{"type":"Feature","geometry":{"type":"MultiLineString","coordinates":[[[-71.23786,-33.676959],[-71.235543,-33.678529],[-71.230678,-33.681505],[-71.226707,-33.684259],[-71.209528,-33.685306],[-71.207707,-33.685472],[-71.205953,-33.685169],[-71.203735,-33.684948],[-71.201318,-33.683929],[-71.200259,-33.68335],[-71.195724,-33.681367]]]},"properties":{"id":"OC-135010021","OBJECTID":20520,"nombre":"Merced-Vargas-Pablo Neruda","escala":"Otras carteras","comunas":"Melipilla","macrozona":null,"km":4.3,"n_priori":null,"anteproyec":"PLANIFICADA","centerLng":-71.214092,"centerLat":-33.682799,"kind":"proyecto","categoria":"Otras carteras","cartera":"MTT","etapa":"planificadas","tipo":"s_i","inicio":"Pje. Juan Bruna Bruna","fin":"Vicuña Mackenna","origen":"Otras carteras"}},{"type":"Feature","geometry":{"type":"MultiLineString","coordinates":[[[-71.236666,-33.680323],[-71.233604,-33.682022],[-71.230251,-33.684191],[-71.228575,-33.685587],[-71.22544,-33.687513],[-71.225276,-33.687528]]]},"properties":{"id":"OC-135010022","OBJECTID":20521,"nombre":"Libertad","escala":"Otras carteras","comunas":"Melipilla","macrozona":null,"km":1.33,"n_priori":null,"anteproyec":"PLANIFICADA","centerLng":-71.229969,"centerLat":-33.684527,"kind":"proyecto","categoria":"Otras carteras","cartera":"MTT","etapa":"planificadas","tipo":"s_i","inicio":"Tres Poniente","fin":"Las Torres","origen":"Otras carteras"}},{"type":"Feature","geometry":{"type":"MultiLineString","coordinates":[[[-71.230711,-33.681457],[-71.22629,-33.681823],[-71.223088,-33.682043]]]},"properties":{"id":"OC-135010023","OBJECTID":20522,"nombre":"Arza","escala":"Otras carteras","comunas":"Melipilla","macrozona":null,"km":0.7,"n_priori":null,"anteproyec":"PLANIFICADA","centerLng":-71.226696,"centerLat":-33.681774,"kind":"proyecto","categoria":"Otras carteras","cartera":"MTT","etapa":"planificadas","tipo":"s_i","inicio":"Merced","fin":"Cv Alfonso Suárez","origen":"Otras carteras"}},{"type":"Feature","geometry":{"type":"MultiLineString","coordinates":[[[-71.157427,-33.676447],[-71.163502,-33.675365],[-71.164162,-33.675324],[-71.176202,-33.676272],[-71.18184,-33.676785],[-71.182669,-33.676944],[-71.191876,-33.680445],[-71.192287,-33.680547],[-71.195758,-33.681362],[-71.196302,-33.681388],[-71.201839,-33.681062],[-71.222121,-33.679543],[-71.227485,-33.679093],[-71.22851,-33.678883],[-71.229092,-33.678669],[-71.234169,-33.675552],[-71.248167,-33.666928],[-71.248698,-33.666721],[-71.250174,-33.666328]]]},"properties":{"id":"OC-135010024","OBJECTID":20523,"nombre":"Vicuña Mackenna","escala":"Otras carteras","comunas":"Melipilla","macrozona":null,"km":9.2,"n_priori":null,"anteproyec":"PLANIFICADA","centerLng":-71.204857,"centerLat":-33.676508,"kind":"proyecto","categoria":"Otras carteras","cartera":"MTT","etapa":"planificadas","tipo":"s_i","inicio":null,"fin":"Monsanto Melipilla","origen":"Otras carteras"}},{"type":"Feature","geometry":{"type":"MultiLineString","coordinates":[[[-71.208376,-33.688817],[-71.206976,-33.688885],[-71.205627,-33.688721],[-71.20396,-33.688348],[-71.203087,-33.687907]]]},"properties":{"id":"OC-135010025","OBJECTID":20524,"nombre":"Pje. Libertad","escala":"Otras carteras","comunas":"Melipilla","macrozona":null,"km":0.5,"n_priori":null,"anteproyec":"PLANIFICADA","centerLng":-71.205605,"centerLat":-33.688536,"kind":"proyecto","categoria":"Otras carteras","cartera":"MTT","etapa":"planificadas","tipo":"s_i","inicio":"Alcalde","fin":"La Quebrada","origen":"Otras carteras"}},{"type":"Feature","geometry":{"type":"MultiLineString","coordinates":[[[-71.220852,-33.696521],[-71.220061,-33.697201],[-71.220089,-33.697609],[-71.21956,-33.698991],[-71.218913,-33.699007]]]},"properties":{"id":"OC-135010026","OBJECTID":20525,"nombre":"Av. Chile- Los Pajaritos","escala":"Otras carteras","comunas":"Melipilla","macrozona":null,"km":0.37,"n_priori":null,"anteproyec":"PLANIFICADA","centerLng":-71.219895,"centerLat":-33.697866,"kind":"proyecto","categoria":"Otras carteras","cartera":"MTT","etapa":"planificadas","tipo":"s_i","inicio":"El Cementerio","fin":"Pardo","origen":"Otras carteras"}},{"type":"Feature","geometry":{"type":"MultiLineString","coordinates":[[[-71.217809,-33.701679],[-71.217437,-33.701755],[-71.217419,-33.701924],[-71.217081,-33.702225],[-71.215697,-33.70309]]]},"properties":{"id":"OC-135010027","OBJECTID":20526,"nombre":"Camino Viejo","escala":"Otras carteras","comunas":"Melipilla","macrozona":null,"km":0.26,"n_priori":null,"anteproyec":"PLANIFICADA","centerLng":-71.217089,"centerLat":-33.702135,"kind":"proyecto","categoria":"Otras carteras","cartera":"MTT","etapa":"planificadas","tipo":"s_i","inicio":"Silva Chávez","fin":"Camino a Rapel","origen":"Otras carteras"}},{"type":"Feature","geometry":{"type":"MultiLineString","coordinates":[[[-71.215703,-33.703086],[-71.215567,-33.70293],[-71.21536,-33.702427],[-71.215188,-33.702192],[-71.214928,-33.702029],[-71.211622,-33.702163],[-71.211272,-33.702048],[-71.211242,-33.70204],[-71.211215,-33.701779],[-71.210954,-33.70147],[-71.210928,-33.700799],[-71.210859,-33.700325],[-71.209469,-33.698873],[-71.20811,-33.697061]]]},"properties":{"id":"OC-135010028","OBJECTID":20527,"nombre":"Camino El Bajo","escala":"Otras carteras","comunas":"Melipilla","macrozona":null,"km":1.13,"n_priori":null,"anteproyec":"PLANIFICADA","centerLng":-71.212316,"centerLat":-33.701373,"kind":"proyecto","categoria":"Otras carteras","cartera":"MTT","etapa":"planificadas","tipo":"s_i","inicio":"Camino a Rapel","fin":"Egaña","origen":"Otras carteras"}},{"type":"Feature","geometry":{"type":"MultiLineString","coordinates":[[[-71.23703,-33.684637],[-71.231708,-33.687438],[-71.231421,-33.68768],[-71.22755,-33.689611],[-71.22713,-33.689884],[-71.226345,-33.690355]]]},"properties":{"id":"OC-135010029","OBJECTID":20528,"nombre":"Av. Circunvalación","escala":"Otras carteras","comunas":"Melipilla","macrozona":null,"km":1.2,"n_priori":null,"anteproyec":"PLANIFICADA","centerLng":-71.230197,"centerLat":-33.688268,"kind":"proyecto","categoria":"Otras carteras","cartera":"MTT","etapa":"planificadas","tipo":"s_i","inicio":"Adolfo Larraín Valdivieso","fin":"Las Torres","origen":"Otras carteras"}},{"type":"Feature","geometry":{"type":"MultiLineString","coordinates":[[[-71.225728,-33.690826],[-71.226315,-33.690185],[-71.225045,-33.690529],[-71.222982,-33.690873],[-71.221708,-33.691028],[-71.219916,-33.691312]]]},"properties":{"id":"OC-135010030","OBJECTID":20529,"nombre":"Manso","escala":"Otras carteras","comunas":"Melipilla","macrozona":null,"km":0.7,"n_priori":null,"anteproyec":"PLANIFICADA","centerLng":-71.223616,"centerLat":-33.690792,"kind":"proyecto","categoria":"Otras carteras","cartera":"MTT","etapa":"planificadas","tipo":"s_i","inicio":"Las Torres","fin":"Hurtado","origen":"Otras carteras"}},{"type":"Feature","geometry":{"type":"MultiLineString","coordinates":[[[-71.220178,-33.693608],[-71.220147,-33.693599],[-71.213114,-33.693936]]]},"properties":{"id":"OC-135010031","OBJECTID":20530,"nombre":"Los Carrera","escala":"Otras carteras","comunas":"Melipilla","macrozona":null,"km":0.66,"n_priori":null,"anteproyec":"PLANIFICADA","centerLng":-71.217813,"centerLat":-33.693714,"kind":"proyecto","categoria":"Otras carteras","cartera":"MTT","etapa":"planificadas","tipo":"s_i","inicio":"Hurtado","fin":"Barros","origen":"Otras carteras"}},{"type":"Feature","geometry":{"type":"MultiLineString","coordinates":[[[-71.212984,-33.692017],[-71.211555,-33.692103],[-71.210744,-33.68035]]]},"properties":{"id":"OC-135010032","OBJECTID":20531,"nombre":"Hidalgo-Fuenzalida","escala":"Otras carteras","comunas":"Melipilla","macrozona":null,"km":1.44,"n_priori":null,"anteproyec":"PLANIFICADA","centerLng":-71.211761,"centerLat":-33.688157,"kind":"proyecto","categoria":"Otras carteras","cartera":"MTT","etapa":"planificadas","tipo":"s_i","inicio":"Barros","fin":"Vicuña Mackenna","origen":"Otras carteras"}},{"type":"Feature","geometry":{"type":"MultiLineString","coordinates":[[[-71.20315,-33.68796],[-71.201883,-33.687175],[-71.200638,-33.686308],[-71.200403,-33.686021],[-71.199161,-33.685357],[-71.196526,-33.684841],[-71.19413,-33.684562],[-71.192808,-33.684453],[-71.187493,-33.682758],[-71.175831,-33.680945]]]},"properties":{"id":"OC-135010033","OBJECTID":20532,"nombre":"Libertad","escala":"Otras carteras","comunas":"Melipilla","macrozona":null,"km":2.7,"n_priori":null,"anteproyec":"PLANIFICADA","centerLng":-71.195202,"centerLat":-33.685038,"kind":"proyecto","categoria":"Otras carteras","cartera":"MTT","etapa":"planificadas","tipo":"s_i","inicio":"La Quebrada","fin":"El Maitén","origen":"Otras carteras"}},{"type":"Feature","geometry":{"type":"MultiLineString","coordinates":[[[-71.233209,-33.688805],[-71.231214,-33.687228],[-71.231238,-33.687046],[-71.229346,-33.681505]]]},"properties":{"id":"OC-135010034","OBJECTID":20533,"nombre":"Gob. Carlos Avilés","escala":"Otras carteras","comunas":"Melipilla","macrozona":null,"km":0.91,"n_priori":null,"anteproyec":"PLANIFICADA","centerLng":-71.231252,"centerLat":-33.686146,"kind":"proyecto","categoria":"Otras carteras","cartera":"MTT","etapa":"planificadas","tipo":"s_i","inicio":"Inicio calle","fin":"Arza","origen":"Otras carteras"}},{"type":"Feature","geometry":{"type":"MultiLineString","coordinates":[[[-71.223588,-33.693124],[-71.223099,-33.692908],[-71.223024,-33.692803],[-71.222985,-33.69086]]]},"properties":{"id":"OC-135010035","OBJECTID":20534,"nombre":"Real Audiencia","escala":"Otras carteras","comunas":"Melipilla","macrozona":null,"km":0.28,"n_priori":null,"anteproyec":"PLANIFICADA","centerLng":-71.223174,"centerLat":-33.692424,"kind":"proyecto","categoria":"Otras carteras","cartera":"MTT","etapa":"planificadas","tipo":"s_i","inicio":"Alfonso Suárez","fin":"Manso","origen":"Otras carteras"}},{"type":"Feature","geometry":{"type":"MultiLineString","coordinates":[[[-71.223313,-33.690814],[-71.222796,-33.687829]]]},"properties":{"id":"OC-135010036","OBJECTID":20535,"nombre":"Veteranos del 79","escala":"Otras carteras","comunas":"Melipilla","macrozona":null,"km":0.33,"n_priori":null,"anteproyec":"PLANIFICADA","centerLng":-71.223055,"centerLat":-33.689322,"kind":"proyecto","categoria":"Otras carteras","cartera":"MTT","etapa":"planificadas","tipo":"s_i","inicio":"Manso","fin":"Libertad","origen":"Otras carteras"}},{"type":"Feature","geometry":{"type":"MultiLineString","coordinates":[[[-71.214052,-33.696163],[-71.21388,-33.696061],[-71.213259,-33.694974],[-71.21218,-33.680256]]]},"properties":{"id":"OC-135010037","OBJECTID":20536,"nombre":"Barros","escala":"Otras carteras","comunas":"Melipilla","macrozona":null,"km":1.8,"n_priori":null,"anteproyec":"PLANIFICADA","centerLng":-71.213343,"centerLat":-33.691863,"kind":"proyecto","categoria":"Otras carteras","cartera":"MTT","etapa":"planificadas","tipo":"s_i","inicio":"Manuel Benítez","fin":"Vicuña Mackenna","origen":"Otras carteras"}},{"type":"Feature","geometry":{"type":"MultiLineString","coordinates":[[[-71.206442,-33.680725],[-71.206622,-33.683199]]]},"properties":{"id":"OC-135010038","OBJECTID":20537,"nombre":"Manuel Rodríguez","escala":"Otras carteras","comunas":"Melipilla","macrozona":null,"km":0.27,"n_priori":null,"anteproyec":"PLANIFICADA","centerLng":-71.206532,"centerLat":-33.681962,"kind":"proyecto","categoria":"Otras carteras","cartera":"MTT","etapa":"planificadas","tipo":"s_i","inicio":"Vicuña Mackenna","fin":"Arza","origen":"Otras carteras"}},{"type":"Feature","geometry":{"type":"MultiLineString","coordinates":[[[-71.206642,-33.683176],[-71.202962,-33.683406]]]},"properties":{"id":"OC-135010039","OBJECTID":20538,"nombre":"Arza","escala":"Otras carteras","comunas":"Melipilla","macrozona":null,"km":0.34,"n_priori":null,"anteproyec":"PLANIFICADA","centerLng":-71.204802,"centerLat":-33.683291,"kind":"proyecto","categoria":"Otras carteras","cartera":"MTT","etapa":"planificadas","tipo":"s_i","inicio":"Manuel Rodríguez","fin":"Barceló Lira","origen":"Otras carteras"}},{"type":"Feature","geometry":{"type":"MultiLineString","coordinates":[[[-71.202824,-33.681001],[-71.203045,-33.684669]]]},"properties":{"id":"OC-135010040","OBJECTID":20539,"nombre":"Barceló Lira","escala":"Otras carteras","comunas":"Melipilla","macrozona":null,"km":0.41,"n_priori":null,"anteproyec":"PLANIFICADA","centerLng":-71.202934,"centerLat":-33.682835,"kind":"proyecto","categoria":"Otras carteras","cartera":"MTT","etapa":"planificadas","tipo":"s_i","inicio":"Vicuña Mackenna","fin":"Pablo Neruda","origen":"Otras carteras"}},{"type":"Feature","geometry":{"type":"MultiLineString","coordinates":[[[-71.194683,-33.681102],[-71.194072,-33.686086]]]},"properties":{"id":"OC-135010041","OBJECTID":20540,"nombre":"Wolfgang Amadeus Mozart","escala":"Otras carteras","comunas":"Melipilla","macrozona":null,"km":0.56,"n_priori":null,"anteproyec":"PLANIFICADA","centerLng":-71.194378,"centerLat":-33.683594,"kind":"proyecto","categoria":"Otras carteras","cartera":"MTT","etapa":"planificadas","tipo":"s_i","inicio":"Pablo Neruda","fin":"San Miguel","origen":"Otras carteras"}},{"type":"Feature","geometry":{"type":"MultiLineString","coordinates":[[[-71.188432,-33.679081],[-71.187617,-33.682821]]]},"properties":{"id":"OC-135010042","OBJECTID":20541,"nombre":"Camino El Bajo","escala":"Otras carteras","comunas":"Melipilla","macrozona":null,"km":0.42,"n_priori":null,"anteproyec":"PLANIFICADA","centerLng":-71.188025,"centerLat":-33.680951,"kind":"proyecto","categoria":"Otras carteras","cartera":"MTT","etapa":"planificadas","tipo":"s_i","inicio":"Vicuña Mackenna","fin":"Libertad","origen":"Otras carteras"}},{"type":"Feature","geometry":{"type":"MultiLineString","coordinates":[[[-71.185359,-33.677921],[-71.184523,-33.682324]]]},"properties":{"id":"OC-135010043","OBJECTID":20542,"nombre":"Santa María Oriente","escala":"Otras carteras","comunas":"Melipilla","macrozona":null,"km":0.5,"n_priori":null,"anteproyec":"PLANIFICADA","centerLng":-71.184941,"centerLat":-33.680122,"kind":"proyecto","categoria":"Otras carteras","cartera":"MTT","etapa":"planificadas","tipo":"s_i","inicio":"Vicuña Mackenna","fin":"Libertad","origen":"Otras carteras"}},{"type":"Feature","geometry":{"type":"MultiLineString","coordinates":[[[-71.176102,-33.676228],[-71.17579,-33.680978]]]},"properties":{"id":"OC-135010044","OBJECTID":20543,"nombre":"El Maitén","escala":"Otras carteras","comunas":"Melipilla","macrozona":null,"km":0.53,"n_priori":null,"anteproyec":"PLANIFICADA","centerLng":-71.175946,"centerLat":-33.678603,"kind":"proyecto","categoria":"Otras carteras","cartera":"MTT","etapa":"planificadas","tipo":"s_i","inicio":"Vicuña Mackenna","fin":"Libertad","origen":"Otras carteras"}},{"type":"Feature","geometry":{"type":"MultiLineString","coordinates":[[[-71.161187,-33.675787],[-71.158544,-33.672066],[-71.15848,-33.671863],[-71.158005,-33.671414],[-71.157145,-33.671125]]]},"properties":{"id":"OC-135010045","OBJECTID":20544,"nombre":"Camino El Marco","escala":"Otras carteras","comunas":"Melipilla","macrozona":null,"km":0.66,"n_priori":null,"anteproyec":"PLANIFICADA","centerLng":-71.158672,"centerLat":-33.672451,"kind":"proyecto","categoria":"Otras carteras","cartera":"MTT","etapa":"planificadas","tipo":"s_i","inicio":"Ruta 78","fin":"Camino a Melipilla","origen":"Otras carteras"}},{"type":"Feature","geometry":{"type":"MultiLineString","coordinates":[[[-71.178291,-33.673061],[-71.178303,-33.673468],[-71.17794,-33.67643]]]},"properties":{"id":"OC-135010046","OBJECTID":20545,"nombre":"Suecia","escala":"Otras carteras","comunas":"Melipilla","macrozona":null,"km":0.4,"n_priori":null,"anteproyec":"PLANIFICADA","centerLng":-71.178178,"centerLat":-33.67432,"kind":"proyecto","categoria":"Otras carteras","cartera":"MTT","etapa":"planificadas","tipo":"s_i","inicio":"Caletera Autopista del Sol","fin":"Vicuña Mackenna","origen":"Otras carteras"}},{"type":"Feature","geometry":{"type":"MultiLineString","coordinates":[[[-71.178249,-33.673059],[-71.18329,-33.673792],[-71.189231,-33.674334],[-71.191636,-33.674125],[-71.19308,-33.674143],[-71.195653,-33.673917],[-71.196489,-33.674074],[-71.197242,-33.674597],[-71.197493,-33.675293],[-71.197388,-33.676111],[-71.197346,-33.676511],[-71.197597,-33.676912],[-71.197555,-33.677765],[-71.197973,-33.677782],[-71.198057,-33.677626],[-71.198204,-33.674475],[-71.198351,-33.67404],[-71.198811,-33.673883],[-71.200548,-33.673762],[-71.201907,-33.673396],[-71.208059,-33.672454],[-71.211594,-33.672124],[-71.214293,-33.672106],[-71.214565,-33.672228],[-71.214655,-33.672662],[-71.214776,-33.672981],[-71.215379,-33.673355],[-71.215467,-33.673255],[-71.215281,-33.672497],[-71.215292,-33.672223],[-71.219395,-33.672904],[-71.21968,-33.67357]]]},"properties":{"id":"OC-135010047","OBJECTID":20546,"nombre":"Caletera Autopista del Sol","escala":"Otras carteras","comunas":"Melipilla","macrozona":null,"km":4.9,"n_priori":null,"anteproyec":"PLANIFICADA","centerLng":-71.202642,"centerLat":-33.674124,"kind":"proyecto","categoria":"Otras carteras","cartera":"MTT","etapa":"planificadas","tipo":"s_i","inicio":"Suecia","fin":"Las Torres","origen":"Otras carteras"}},{"type":"Feature","geometry":{"type":"MultiLineString","coordinates":[[[-71.216869,-33.678635],[-71.204328,-33.679594],[-71.198166,-33.678705],[-71.198181,-33.677083]]]},"properties":{"id":"OC-135010048","OBJECTID":20547,"nombre":"Padre Demetrio Bravo","escala":"Otras carteras","comunas":"Melipilla","macrozona":null,"km":1.93,"n_priori":null,"anteproyec":"PLANIFICADA","centerLng":-71.204386,"centerLat":-33.678504,"kind":"proyecto","categoria":"Otras carteras","cartera":"MTT","etapa":"planificadas","tipo":"s_i","inicio":"José Massound Sarquis","fin":"Gral. San Martín","origen":"Otras carteras"}},{"type":"Feature","geometry":{"type":"MultiLineString","coordinates":[[[-71.210692,-33.679091],[-71.209957,-33.67598],[-71.209596,-33.674767],[-71.208081,-33.672401]]]},"properties":{"id":"OC-135010049","OBJECTID":20548,"nombre":"Ostolazas","escala":"Otras carteras","comunas":"Melipilla","macrozona":null,"km":0.8,"n_priori":null,"anteproyec":"PLANIFICADA","centerLng":-71.209581,"centerLat":-33.67556,"kind":"proyecto","categoria":"Otras carteras","cartera":"MTT","etapa":"planificadas","tipo":"s_i","inicio":"Padre Demetrio Bravo","fin":"Caletera Autopista del Sol","origen":"Otras carteras"}},{"type":"Feature","geometry":{"type":"MultiLineString","coordinates":[[[-71.202943,-33.679366],[-71.202424,-33.675931]]]},"properties":{"id":"OC-135010050","OBJECTID":20549,"nombre":"Hernández","escala":"Otras carteras","comunas":"Melipilla","macrozona":null,"km":0.38,"n_priori":null,"anteproyec":"PLANIFICADA","centerLng":-71.202684,"centerLat":-33.677649,"kind":"proyecto","categoria":"Otras carteras","cartera":"MTT","etapa":"planificadas","tipo":"s_i","inicio":"Padre Demetrio Bravo","fin":"Cementerio Parque Las Flores","origen":"Otras carteras"}},{"type":"Feature","geometry":{"type":"MultiLineString","coordinates":[[[-71.198864,-33.68272],[-71.198323,-33.681213],[-71.198446,-33.681086],[-71.198222,-33.68081],[-71.197948,-33.678708],[-71.198179,-33.678438]]]},"properties":{"id":"OC-135010051","OBJECTID":20550,"nombre":"Gral. San Martín","escala":"Otras carteras","comunas":"Melipilla","macrozona":null,"km":0.5,"n_priori":null,"anteproyec":"PLANIFICADA","centerLng":-71.19833,"centerLat":-33.680496,"kind":"proyecto","categoria":"Otras carteras","cartera":"MTT","etapa":"planificadas","tipo":"s_i","inicio":"Pablo Neruda","fin":"Padre Demetrio Bravo","origen":"Otras carteras"}},{"type":"Feature","geometry":{"type":"MultiLineString","coordinates":[[[-70.618771,-33.261205],[-70.618976,-33.260746],[-70.619216,-33.260008],[-70.619405,-33.259922],[-70.619542,-33.259635],[-70.619268,-33.259542],[-70.619122,-33.259901],[-70.618659,-33.261155]]]},"properties":{"id":"OC-133010065","OBJECTID":20551,"nombre":"Av. Los Ríos","escala":"Otras carteras","comunas":"Colina","macrozona":null,"km":0.12,"n_priori":null,"anteproyec":"EN DISEÑO","centerLng":-70.61912,"centerLat":-33.260264,"kind":"proyecto","categoria":"Otras carteras","cartera":"Privados","etapa":"diseño","tipo":"ciclovía","inicio":"Alemania","fin":"Límite sur colegio Alemán de Chicureo","origen":"Otras carteras"}},{"type":"Feature","geometry":{"type":"MultiLineString","coordinates":[[[-70.68022,-33.191991],[-70.678456,-33.192097]]]},"properties":{"id":"OC-133010066","OBJECTID":20552,"nombre":"Lo Seco","escala":"Otras carteras","comunas":"Colina","macrozona":null,"km":0.15,"n_priori":null,"anteproyec":"EN DISEÑO","centerLng":-70.679338,"centerLat":-33.192044,"kind":"proyecto","categoria":"Otras carteras","cartera":"Privados","etapa":"diseño","tipo":"ciclovía","inicio":"Fin condominio Jardines de Aconcagua","fin":"Av. Colina","origen":"Otras carteras"}},{"type":"Feature","geometry":{"type":"MultiLineString","coordinates":[[[-70.735607,-33.737403],[-70.735608,-33.737426],[-70.735614,-33.737462],[-70.735621,-33.737502],[-70.735624,-33.737543],[-70.735625,-33.737583],[-70.735624,-33.737629],[-70.735622,-33.737674],[-70.735622,-33.737723],[-70.735623,-33.737777],[-70.735624,-33.737831],[-70.735625,-33.737886],[-70.735626,-33.737931],[-70.735627,-33.737958],[-70.735628,-33.73798],[-70.73563,-33.738003],[-70.735631,-33.738021],[-70.735631,-33.738034],[-70.735631,-33.738052],[-70.735632,-33.738093],[-70.735631,-33.738152],[-70.735633,-33.738201],[-70.735636,-33.738255],[-70.735637,-33.738341],[-70.73564,-33.738449],[-70.735643,-33.73858],[-70.735646,-33.738728],[-70.735645,-33.738882],[-70.735645,-33.73904],[-70.735636,-33.739197],[-70.735636,-33.739355],[-70.735636,-33.739509],[-70.735625,-33.739667],[-70.735624,-33.73982],[-70.735617,-33.739973],[-70.73561,-33.740127],[-70.735604,-33.740285],[-70.735599,-33.740438],[-70.735596,-33.740591],[-70.735584,-33.740749],[-70.735583,-33.740875],[-70.735583,-33.740984],[-70.73558,-33.741078],[-70.735574,-33.741191],[-70.735564,-33.741318],[-70.735563,-33.741466],[-70.735555,-33.741611],[-70.735548,-33.741755],[-70.735545,-33.741904],[-70.73554,-33.742048],[-70.735538,-33.742193],[-70.735533,-33.742346],[-70.735524,-33.742481],[-70.73552,-33.74259],[-70.735519,-33.742675],[-70.735517,-33.742761],[-70.735513,-33.74286],[-70.73551,-33.742973],[-70.735501,-33.74309],[-70.735497,-33.743212],[-70.735492,-33.743343],[-70.735485,-33.743474],[-70.735479,-33.743596],[-70.735473,-33.743699],[-70.735468,-33.74379],[-70.735465,-33.743875],[-70.735461,-33.743975],[-70.735456,-33.744083],[-70.735452,-33.7442],[-70.735445,-33.744331],[-70.735443,-33.744462],[-70.735437,-33.744593],[-70.735428,-33.744733],[-70.735423,-33.744872],[-70.735418,-33.745017],[-70.735418,-33.745157],[-70.735416,-33.745301],[-70.735414,-33.745445],[-70.73541,-33.745589],[-70.735409,-33.745729],[-70.735406,-33.745874],[-70.735403,-33.746018],[-70.735399,-33.746162],[-70.7354,-33.746306],[-70.735398,-33.746451],[-70.735398,-33.7466],[-70.735399,-33.746739],[-70.735397,-33.746884],[-70.735396,-33.747028],[-70.735403,-33.747177],[-70.735396,-33.74733],[-70.735396,-33.747492],[-70.735396,-33.747655],[-70.735398,-33.747803],[-70.735399,-33.747943],[-70.7354,-33.748083],[-70.735402,-33.748223],[-70.735405,-33.748349],[-70.735405,-33.748475],[-70.735404,-33.748601],[-70.735408,-33.748723],[-70.735409,-33.748858],[-70.73541,-33.748998],[-70.735408,-33.749147],[-70.73541,-33.749296],[-70.73541,-33.749449],[-70.735412,-33.749607],[-70.735414,-33.749764],[-70.735414,-33.749922],[-70.735413,-33.750085],[-70.735413,-33.750247],[-70.735416,-33.750414],[-70.735417,-33.75058],[-70.73542,-33.750747],[-70.73542,-33.750919],[-70.73542,-33.751094],[-70.735419,-33.751275],[-70.735419,-33.751446],[-70.735419,-33.751617],[-70.735422,-33.751789],[-70.735423,-33.75196],[-70.735425,-33.752136],[-70.735422,-33.752307],[-70.735425,-33.752479],[-70.735422,-33.75265],[-70.735425,-33.752812],[-70.735421,-33.752975],[-70.735425,-33.753128],[-70.735427,-33.75329],[-70.735429,-33.753448],[-70.735432,-33.753606],[-70.735435,-33.753768],[-70.735436,-33.753926],[-70.735435,-33.754083],[-70.735436,-33.754246],[-70.735435,-33.754395],[-70.735434,-33.754534],[-70.735441,-33.754665],[-70.735435,-33.754778],[-70.735443,-33.754886],[-70.735441,-33.755017],[-70.735441,-33.755143],[-70.735442,-33.755247],[-70.735437,-33.755364],[-70.735442,-33.755481],[-70.735444,-33.755553],[-70.73545,-33.755598],[-70.735451,-33.755679],[-70.735451,-33.755761],[-70.735439,-33.755869],[-70.735443,-33.755991],[-70.735446,-33.756103],[-70.735445,-33.756225],[-70.735444,-33.756347],[-70.735446,-33.756473],[-70.735446,-33.756617],[-70.735448,-33.756766],[-70.735446,-33.756906],[-70.735446,-33.757046],[-70.735449,-33.757185],[-70.735452,-33.757334],[-70.735452,-33.757492],[-70.735449,-33.757654],[-70.735449,-33.757821],[-70.735449,-33.757979],[-70.735452,-33.758123],[-70.735454,-33.758258],[-70.735454,-33.758394],[-70.735454,-33.758524],[-70.735454,-33.75866],[-70.735455,-33.758795],[-70.735456,-33.758917],[-70.73546,-33.759029],[-70.735462,-33.759133],[-70.735464,-33.759228],[-70.735465,-33.759322],[-70.735465,-33.759408],[-70.735464,-33.759466],[-70.735472,-33.759489],[-70.735467,-33.759516],[-70.735468,-33.759584],[-70.735468,-33.759651],[-70.735468,-33.759674],[-70.735468,-33.759768],[-70.735474,-33.759872],[-70.735476,-33.759985],[-70.735479,-33.760106],[-70.735479,-33.760224],[-70.73548,-33.760345],[-70.735481,-33.760458],[-70.735482,-33.760557],[-70.735482,-33.760657],[-70.735481,-33.76076],[-70.73548,-33.760868],[-70.735478,-33.760981],[-70.735478,-33.761098],[-70.735479,-33.761216],[-70.735477,-33.761333],[-70.73548,-33.761432],[-70.735486,-33.761464],[-70.735486,-33.761504],[-70.735486,-33.761563],[-70.735482,-33.761612],[-70.735485,-33.761662],[-70.735485,-33.761707],[-70.735483,-33.761757],[-70.735482,-33.761806],[-70.735481,-33.761851],[-70.735482,-33.761892],[-70.735481,-33.761932],[-70.735482,-33.761964],[-70.735481,-33.762],[-70.735481,-33.762036],[-70.735483,-33.762081],[-70.73549,-33.762135],[-70.735499,-33.762176],[-70.735508,-33.762212],[-70.735514,-33.76223],[-70.735517,-33.762239],[-70.735521,-33.762252],[-70.735527,-33.762279],[-70.735548,-33.762346],[-70.735584,-33.762413],[-70.735607,-33.76249],[-70.735637,-33.762566],[-70.735666,-33.762651],[-70.735698,-33.762736],[-70.735723,-33.762799],[-70.735733,-33.762822],[-70.735746,-33.762844],[-70.735755,-33.762857],[-70.735776,-33.762893],[-70.73579,-33.762927],[-70.735797,-33.762947],[-70.73581,-33.762987],[-70.735829,-33.763037],[-70.735847,-33.7631],[-70.735862,-33.763176],[-70.735882,-33.763252],[-70.735897,-33.763324],[-70.735911,-33.763401],[-70.735927,-33.763468],[-70.735939,-33.763531],[-70.735946,-33.763594],[-70.735953,-33.763644],[-70.73596,-33.763662],[-70.735964,-33.763698],[-70.735977,-33.763774],[-70.735989,-33.763864],[-70.736007,-33.763972],[-70.736022,-33.764098],[-70.736042,-33.764215],[-70.73606,-33.76435],[-70.736077,-33.76449],[-70.736098,-33.764625],[-70.736107,-33.76476],[-70.736127,-33.764899],[-70.736149,-33.765048],[-70.736168,-33.765196],[-70.736195,-33.765345],[-70.73621,-33.765457],[-70.736217,-33.765502],[-70.736238,-33.765655],[-70.736261,-33.765808],[-70.736285,-33.765965],[-70.736309,-33.766114],[-70.736326,-33.766267],[-70.736346,-33.766415],[-70.736366,-33.766555],[-70.736388,-33.766699],[-70.736407,-33.766829],[-70.736425,-33.766964],[-70.736443,-33.767099],[-70.73646,-33.767239],[-70.736474,-33.767383],[-70.736498,-33.767527],[-70.736518,-33.767662],[-70.736538,-33.767815],[-70.736563,-33.767972],[-70.736584,-33.768134],[-70.736608,-33.768296],[-70.73663,-33.768449],[-70.736652,-33.768593],[-70.736672,-33.768733],[-70.736693,-33.768877],[-70.736713,-33.769025],[-70.736735,-33.769174],[-70.736755,-33.769322],[-70.736776,-33.769471],[-70.736794,-33.769615],[-70.736812,-33.769754],[-70.736831,-33.769894],[-70.736848,-33.770024],[-70.736865,-33.770146],[-70.73687,-33.770173],[-70.736884,-33.770254],[-70.73689,-33.770357],[-70.736903,-33.770461],[-70.736925,-33.770591],[-70.736941,-33.770749],[-70.736959,-33.770902],[-70.736983,-33.771059],[-70.737014,-33.771221],[-70.737036,-33.771365],[-70.737054,-33.771523],[-70.737066,-33.771671],[-70.737084,-33.771811],[-70.737103,-33.771928],[-70.737128,-33.772054],[-70.737145,-33.772175],[-70.737162,-33.772301],[-70.737175,-33.772423],[-70.737195,-33.772549],[-70.737211,-33.772652],[-70.737224,-33.772742],[-70.737237,-33.772828],[-70.737247,-33.772913],[-70.737259,-33.773003],[-70.73727,-33.77308],[-70.737281,-33.773152],[-70.737291,-33.773219],[-70.737295,-33.773264],[-70.7373,-33.773287],[-70.737302,-33.7733],[-70.737305,-33.773318],[-70.737308,-33.773332],[-70.737311,-33.77335],[-70.737315,-33.773395],[-70.737313,-33.773471],[-70.737326,-33.773557],[-70.73734,-33.773656],[-70.737349,-33.773737],[-70.737367,-33.773849],[-70.737385,-33.773939],[-70.737397,-33.774043],[-70.737406,-33.774164],[-70.737421,-33.774277],[-70.737441,-33.774385]]]},"properties":{"id":"OC-134020010","OBJECTID":20553,"nombre":"Francisco Javier Krugger","escala":"Otras carteras","comunas":"Buin","macrozona":null,"km":4.11,"n_priori":null,"anteproyec":"EN EJECUCIÓN","centerLng":-70.735861,"centerLat":-33.756418,"kind":"proyecto","categoria":"Otras carteras","cartera":"Municipios","etapa":"ejecución","tipo":"ciclovía","inicio":"Autopista del Maipo","fin":"Dos Poniente","origen":"Otras carteras"}},{"type":"Feature","geometry":{"type":"MultiLineString","coordinates":[[[-70.733315,-33.413469],[-70.731155,-33.413618],[-70.729538,-33.413758],[-70.728209,-33.413957],[-70.728012,-33.414052],[-70.727751,-33.41405],[-70.726625,-33.414079],[-70.724904,-33.413532],[-70.722088,-33.411901],[-70.722049,-33.41186],[-70.722019,-33.411835],[-70.72199,-33.41181],[-70.72194,-33.411777],[-70.721891,-33.411752],[-70.721851,-33.411736],[-70.721801,-33.411711],[-70.721762,-33.411686],[-70.721732,-33.411678],[-70.721682,-33.411653],[-70.721633,-33.411628],[-70.721583,-33.411612],[-70.721554,-33.411587],[-70.721347,-33.411453],[-70.721318,-33.411419],[-70.721298,-33.411411],[-70.721239,-33.41137],[-70.7212,-33.411345],[-70.72117,-33.411328],[-70.721141,-33.411303],[-70.721091,-33.411278],[-70.721062,-33.411253],[-70.721002,-33.411229],[-70.720962,-33.411204],[-70.720309,-33.411017],[-70.719606,-33.410749],[-70.718503,-33.410618]]]},"properties":{"id":"OC-131030019","OBJECTID":20554,"nombre":"Costanera Sur","escala":"Otras carteras","comunas":"Cerro Navia","macrozona":null,"km":1.86,"n_priori":null,"anteproyec":"EN EJECUCIÓN","centerLng":-70.722954,"centerLat":-33.411992,"kind":"proyecto","categoria":"Otras carteras","cartera":"MINVU","etapa":"ejecución","tipo":"Cicloparque","inicio":"Santa Adriana","fin":"Santos Luis Medel","origen":"Otras carteras"}},{"type":"Feature","geometry":{"type":"MultiLineString","coordinates":[[[-70.8869,-33.648749],[-70.886899,-33.648749],[-70.886831,-33.648849],[-70.886715,-33.649016],[-70.886616,-33.649158],[-70.886523,-33.649293],[-70.886433,-33.649426],[-70.886338,-33.649567],[-70.886237,-33.649713],[-70.886134,-33.649866],[-70.886031,-33.650021],[-70.885925,-33.650179],[-70.885817,-33.650336],[-70.885708,-33.650495],[-70.885599,-33.650657],[-70.885487,-33.650824],[-70.88537,-33.650997],[-70.88529,-33.651116],[-70.885209,-33.651236],[-70.885129,-33.651355],[-70.885035,-33.651492],[-70.884919,-33.65166],[-70.884809,-33.651822],[-70.884691,-33.651997],[-70.884641,-33.652071],[-70.884585,-33.652153],[-70.884566,-33.652181],[-70.884477,-33.65231],[-70.884367,-33.652471],[-70.884255,-33.652637],[-70.884143,-33.652804],[-70.884029,-33.652972],[-70.883913,-33.653143],[-70.883796,-33.653315],[-70.88368,-33.653486],[-70.883561,-33.653659],[-70.883442,-33.653835],[-70.883323,-33.654011],[-70.883203,-33.654187],[-70.883084,-33.654362],[-70.882966,-33.654538],[-70.882847,-33.654712],[-70.882727,-33.654886],[-70.882605,-33.655058],[-70.882487,-33.65523],[-70.882369,-33.655401],[-70.882254,-33.655571],[-70.88214,-33.655742],[-70.882023,-33.655913],[-70.881906,-33.656084],[-70.881789,-33.656256],[-70.881671,-33.65643],[-70.881552,-33.656605],[-70.881472,-33.656723],[-70.881392,-33.656841],[-70.881272,-33.657016],[-70.88115,-33.657189],[-70.88103,-33.657363],[-70.880909,-33.657536],[-70.88079,-33.657709],[-70.880669,-33.657882],[-70.88055,-33.658055],[-70.88043,-33.658227],[-70.88031,-33.6584],[-70.880163,-33.658611],[-70.880042,-33.658785],[-70.879922,-33.658958],[-70.879801,-33.659132],[-70.87968,-33.659306],[-70.879558,-33.65948],[-70.879437,-33.659654],[-70.879315,-33.659828],[-70.879195,-33.660003],[-70.879073,-33.660178],[-70.878952,-33.660353],[-70.878857,-33.66049],[-70.878776,-33.660607],[-70.878695,-33.660724],[-70.878613,-33.660841],[-70.878532,-33.660958],[-70.87845,-33.661075],[-70.878355,-33.661211],[-70.878233,-33.661386],[-70.878111,-33.66156],[-70.877992,-33.661733],[-70.877873,-33.661904],[-70.877756,-33.662074],[-70.877639,-33.66224],[-70.877524,-33.662405],[-70.877411,-33.66257],[-70.877297,-33.662733],[-70.877183,-33.662895],[-70.877071,-33.663057],[-70.876962,-33.663216],[-70.876853,-33.663374],[-70.876779,-33.663479],[-70.876703,-33.663584],[-70.876621,-33.663688],[-70.876579,-33.663739],[-70.876532,-33.663787],[-70.876481,-33.663832],[-70.876427,-33.663875],[-70.876369,-33.663915],[-70.876309,-33.663952],[-70.876247,-33.663987],[-70.876183,-33.66402],[-70.876053,-33.664082],[-70.87592,-33.66414],[-70.875784,-33.664198],[-70.875582,-33.664283],[-70.875376,-33.664362],[-70.875168,-33.664438],[-70.874959,-33.664512],[-70.874748,-33.664587],[-70.874537,-33.664663],[-70.874322,-33.664739],[-70.874103,-33.664817],[-70.873884,-33.664895],[-70.873666,-33.664971],[-70.873451,-33.665046],[-70.873239,-33.665121],[-70.873031,-33.665193],[-70.872822,-33.665266],[-70.872611,-33.665339],[-70.872399,-33.665411],[-70.872187,-33.665485],[-70.871974,-33.66556],[-70.871761,-33.665635],[-70.871549,-33.665708],[-70.871338,-33.665782],[-70.871129,-33.665854],[-70.87092,-33.665925],[-70.870708,-33.665999],[-70.870493,-33.666074],[-70.870274,-33.666151],[-70.870055,-33.666228],[-70.869835,-33.666306],[-70.869614,-33.666383],[-70.869414,-33.666452],[-70.869192,-33.66653],[-70.868971,-33.666609],[-70.868751,-33.666686],[-70.868532,-33.666762],[-70.868316,-33.666837],[-70.868101,-33.666913],[-70.867888,-33.666988],[-70.867675,-33.667063],[-70.867464,-33.667138],[-70.867253,-33.667213],[-70.867043,-33.667287],[-70.866833,-33.667361],[-70.866622,-33.667436],[-70.86641,-33.667511],[-70.866198,-33.667586],[-70.865987,-33.66766],[-70.865776,-33.667734],[-70.865563,-33.667808],[-70.865351,-33.667882],[-70.865139,-33.667956],[-70.864999,-33.668006],[-70.864422,-33.668208],[-70.864228,-33.668276],[-70.864099,-33.668321],[-70.863903,-33.668386],[-70.863706,-33.668455],[-70.863508,-33.668525],[-70.863307,-33.668595],[-70.862422,-33.668905],[-70.862362,-33.668925],[-70.862242,-33.668968],[-70.862076,-33.669027],[-70.861911,-33.669085],[-70.861745,-33.669144],[-70.861574,-33.669203],[-70.8614,-33.669263],[-70.861223,-33.669325],[-70.861043,-33.669389],[-70.860858,-33.669453],[-70.860666,-33.66952],[-70.860468,-33.669589],[-70.860266,-33.66966],[-70.860062,-33.669731],[-70.859859,-33.669802],[-70.859659,-33.669873],[-70.859461,-33.669943],[-70.859261,-33.670012],[-70.859059,-33.670081],[-70.858855,-33.670153],[-70.85872,-33.670199],[-70.854676,-33.671619],[-70.854624,-33.671634],[-70.85457,-33.671648],[-70.854514,-33.671659],[-70.854457,-33.671668],[-70.854399,-33.671676],[-70.854339,-33.67168],[-70.851076,-33.671728],[-70.850899,-33.671731],[-70.85072,-33.671734],[-70.850539,-33.671738],[-70.850359,-33.671741],[-70.850178,-33.671744],[-70.849997,-33.671746],[-70.849816,-33.67175],[-70.849633,-33.671753],[-70.849451,-33.671755],[-70.849268,-33.671758],[-70.849084,-33.671762],[-70.848901,-33.671766],[-70.848719,-33.671768],[-70.848535,-33.671772],[-70.84835,-33.671775],[-70.848165,-33.671779],[-70.847979,-33.671782],[-70.847793,-33.671785],[-70.847608,-33.671788],[-70.847486,-33.671788],[-70.846952,-33.671795],[-70.846778,-33.671798],[-70.846437,-33.671802],[-70.846022,-33.671807],[-70.845849,-33.671811],[-70.8456,-33.671817],[-70.845379,-33.671821],[-70.845368,-33.671822]]]},"properties":{"id":"OC-136010016","OBJECTID":20555,"nombre":"G-374","escala":"Otras carteras","comunas":"Talagante","macrozona":null,"km":4.998,"n_priori":null,"anteproyec":"EN EJECUCIÓN","centerLng":-70.87118,"centerLat":-33.662944,"kind":"proyecto","categoria":"Otras carteras","cartera":"MOP","etapa":"ejecución","tipo":"smp","inicio":"KM 0","fin":"KM 4,99","origen":"Otras carteras"}},{"type":"Feature","geometry":{"type":"MultiLineString","coordinates":[[[-71.056504,-33.491695],[-71.056551,-33.49168],[-71.056661,-33.491642],[-71.05677,-33.491604],[-71.056877,-33.491564],[-71.056982,-33.491523],[-71.057084,-33.491483],[-71.057183,-33.491444],[-71.057305,-33.491398],[-71.057448,-33.491348],[-71.057593,-33.491312],[-71.057718,-33.491301],[-71.057744,-33.491299],[-71.057897,-33.49131],[-71.058025,-33.491335],[-71.058128,-33.491361],[-71.058233,-33.49139],[-71.05834,-33.49142],[-71.058449,-33.49145],[-71.05856,-33.491479],[-71.058674,-33.49151],[-71.058789,-33.491541],[-71.058904,-33.491573],[-71.05902,-33.491607],[-71.059134,-33.491641],[-71.059247,-33.491678],[-71.059358,-33.491719],[-71.059468,-33.491762],[-71.059577,-33.491809],[-71.059685,-33.491859],[-71.059793,-33.49191],[-71.059899,-33.491963],[-71.060007,-33.492015],[-71.060117,-33.492065],[-71.060229,-33.492113],[-71.060343,-33.49216],[-71.060459,-33.492205],[-71.060576,-33.492248],[-71.060694,-33.492292],[-71.060813,-33.492335],[-71.060932,-33.492379],[-71.061051,-33.492426],[-71.061171,-33.492474],[-71.061289,-33.492526],[-71.061405,-33.492582],[-71.061519,-33.492643],[-71.061632,-33.492708],[-71.061745,-33.492776],[-71.061858,-33.492844],[-71.061973,-33.492914],[-71.062087,-33.492984],[-71.062202,-33.493054],[-71.062318,-33.493124],[-71.062433,-33.493194],[-71.06255,-33.493263],[-71.062667,-33.49333],[-71.062786,-33.493395],[-71.062906,-33.493457],[-71.063027,-33.493516],[-71.063149,-33.493572],[-71.063271,-33.493624],[-71.063391,-33.493674],[-71.063509,-33.49372],[-71.063624,-33.493766],[-71.063737,-33.493814],[-71.063849,-33.493865],[-71.063958,-33.493921],[-71.064065,-33.493983],[-71.06417,-33.49405],[-71.064272,-33.494123],[-71.064372,-33.4942],[-71.064471,-33.494282],[-71.06457,-33.494365],[-71.064669,-33.494449],[-71.064769,-33.494534],[-71.064869,-33.494619],[-71.064968,-33.494705],[-71.065068,-33.494792],[-71.065168,-33.494879],[-71.065269,-33.494965],[-71.065371,-33.49505],[-71.065473,-33.495135],[-71.065575,-33.49522],[-71.065677,-33.495304],[-71.065779,-33.495387],[-71.065883,-33.495471],[-71.065986,-33.495553],[-71.066089,-33.495636],[-71.066191,-33.495718],[-71.066293,-33.4958],[-71.066397,-33.495879],[-71.066504,-33.495954],[-71.066615,-33.496024],[-71.066731,-33.496088],[-71.066851,-33.496144],[-71.066971,-33.496195],[-71.067091,-33.496243],[-71.06721,-33.496291],[-71.067325,-33.496342],[-71.067434,-33.496398],[-71.067535,-33.496464],[-71.067624,-33.49654],[-71.067702,-33.496625],[-71.067767,-33.496718],[-71.067825,-33.496817],[-71.06788,-33.496919],[-71.067934,-33.497022],[-71.067984,-33.497125],[-71.068027,-33.497229],[-71.068059,-33.497335],[-71.068082,-33.497443],[-71.068096,-33.497552],[-71.068099,-33.497662],[-71.068092,-33.497771],[-71.068076,-33.49788],[-71.068051,-33.497988],[-71.068017,-33.498094],[-71.067973,-33.498197],[-71.06792,-33.498298],[-71.067859,-33.498396],[-71.067788,-33.498489],[-71.06771,-33.498579],[-71.067628,-33.498667],[-71.067544,-33.498753],[-71.067458,-33.49884],[-71.067372,-33.498926],[-71.067286,-33.499012],[-71.067198,-33.499098],[-71.067111,-33.499186],[-71.067023,-33.499273],[-71.066935,-33.499362],[-71.066847,-33.499451],[-71.066758,-33.499541],[-71.06667,-33.499629],[-71.066583,-33.499716],[-71.066497,-33.499802],[-71.066415,-33.499888],[-71.066339,-33.499975],[-71.066272,-33.500065],[-71.066219,-33.500159],[-71.066188,-33.500257],[-71.066178,-33.500356],[-71.066184,-33.500454],[-71.066206,-33.50055],[-71.066245,-33.500643],[-71.066297,-33.500734],[-71.066362,-33.50082],[-71.066433,-33.500904],[-71.066508,-33.500989],[-71.066583,-33.501077],[-71.066661,-33.501167],[-71.06674,-33.501258],[-71.06682,-33.501351],[-71.066903,-33.501445],[-71.066985,-33.50154],[-71.067068,-33.501636],[-71.067152,-33.501733],[-71.067237,-33.50183],[-71.067323,-33.501927],[-71.06741,-33.502026],[-71.067497,-33.502125],[-71.067585,-33.502225],[-71.067672,-33.502327],[-71.06776,-33.502428],[-71.067848,-33.50253],[-71.067938,-33.502632],[-71.068027,-33.502734],[-71.068117,-33.502837],[-71.068207,-33.502941],[-71.068298,-33.503044],[-71.068389,-33.503148],[-71.06848,-33.503252],[-71.068571,-33.503357],[-71.068662,-33.503462],[-71.068753,-33.503567],[-71.068845,-33.503672],[-71.068936,-33.503777],[-71.069027,-33.503882],[-71.069118,-33.503987],[-71.069209,-33.504093],[-71.0693,-33.504198],[-71.069391,-33.504303],[-71.069483,-33.504409],[-71.069575,-33.504514],[-71.069667,-33.50462],[-71.06976,-33.504725],[-71.069852,-33.50483],[-71.069944,-33.504936],[-71.070036,-33.505042],[-71.070128,-33.505148],[-71.070221,-33.505255],[-71.070313,-33.505361],[-71.070406,-33.505467],[-71.070498,-33.505574],[-71.07059,-33.505681],[-71.070682,-33.505786],[-71.070774,-33.505892],[-71.070865,-33.505997],[-71.070957,-33.506101],[-71.071048,-33.506205],[-71.071139,-33.506309],[-71.071229,-33.506413],[-71.071319,-33.506516],[-71.071408,-33.506619],[-71.071498,-33.506722],[-71.071587,-33.506825],[-71.071676,-33.506927],[-71.071765,-33.50703],[-71.071854,-33.507132],[-71.071943,-33.507235],[-71.072032,-33.507337],[-71.072122,-33.507439],[-71.072211,-33.507542],[-71.072301,-33.507645],[-71.07239,-33.507748],[-71.072481,-33.507851],[-71.072571,-33.507954],[-71.072661,-33.508058],[-71.072751,-33.508162],[-71.072841,-33.508266],[-71.072931,-33.508371],[-71.073021,-33.508476],[-71.073112,-33.508581],[-71.073204,-33.508686],[-71.073296,-33.508792],[-71.073388,-33.508898],[-71.073481,-33.509004],[-71.073573,-33.50911],[-71.073665,-33.509215],[-71.073756,-33.509321],[-71.073847,-33.509426],[-71.073938,-33.509531],[-71.074029,-33.509636],[-71.07412,-33.509741],[-71.074211,-33.509845],[-71.0743,-33.50995],[-71.07439,-33.510054],[-71.074479,-33.510158],[-71.074568,-33.510261],[-71.074657,-33.510364],[-71.074746,-33.510467],[-71.074835,-33.510569],[-71.074923,-33.510671],[-71.075011,-33.510773],[-71.075099,-33.510875],[-71.075187,-33.510977],[-71.075275,-33.511079],[-71.075363,-33.511181],[-71.075451,-33.511283],[-71.075539,-33.511385],[-71.075627,-33.511487],[-71.075716,-33.511589],[-71.075804,-33.511691],[-71.075892,-33.511792],[-71.07598,-33.511893],[-71.076068,-33.511994],[-71.076155,-33.512094],[-71.076241,-33.512193],[-71.076327,-33.512291],[-71.076413,-33.51239],[-71.076496,-33.512488],[-71.076577,-33.512587],[-71.076654,-33.512687],[-71.076722,-33.512789],[-71.076777,-33.512896],[-71.076823,-33.513006],[-71.076865,-33.513118],[-71.076907,-33.51323],[-71.076948,-33.513339],[-71.07699,-33.513447],[-71.077033,-33.513552],[-71.077082,-33.513653],[-71.077139,-33.513749],[-71.077204,-33.513839],[-71.077275,-33.513922],[-71.077355,-33.513998],[-71.077441,-33.514069],[-71.077536,-33.514134],[-71.077637,-33.514193],[-71.077744,-33.514248],[-71.077853,-33.5143],[-71.077965,-33.514353],[-71.078079,-33.514405],[-71.078194,-33.514458],[-71.078311,-33.514511],[-71.078429,-33.514562],[-71.078551,-33.514609],[-71.078675,-33.51465],[-71.078804,-33.514685],[-71.078935,-33.514716],[-71.079067,-33.514746],[-71.079201,-33.514777],[-71.079336,-33.514808],[-71.079472,-33.514839],[-71.079609,-33.514871],[-71.079747,-33.514903],[-71.079886,-33.514935],[-71.080026,-33.514967],[-71.080166,-33.515],[-71.080306,-33.515032],[-71.080447,-33.515065],[-71.080588,-33.515098],[-71.08073,-33.515131],[-71.080871,-33.515163],[-71.081013,-33.515196],[-71.081155,-33.515229],[-71.081297,-33.515261],[-71.081439,-33.515293],[-71.08158,-33.515326],[-71.081721,-33.515359],[-71.081862,-33.515391],[-71.082002,-33.515424],[-71.082143,-33.515456],[-71.082283,-33.515488],[-71.082422,-33.515521],[-71.082562,-33.515553],[-71.082702,-33.515585],[-71.082842,-33.515617],[-71.082981,-33.515649],[-71.08312,-33.515682],[-71.083258,-33.515714],[-71.083397,-33.515746],[-71.083535,-33.515778],[-71.083673,-33.51581],[-71.08381,-33.515842],[-71.083949,-33.515874],[-71.084087,-33.515906],[-71.084226,-33.515938],[-71.084365,-33.515971],[-71.084504,-33.516004],[-71.084644,-33.516036],[-71.084785,-33.516069],[-71.084926,-33.516101],[-71.085067,-33.516133],[-71.085209,-33.516166],[-71.085351,-33.516199],[-71.085494,-33.516232],[-71.085637,-33.516265],[-71.085779,-33.516298],[-71.085921,-33.516332],[-71.086062,-33.516366],[-71.086204,-33.516399],[-71.086345,-33.516432],[-71.086486,-33.516464],[-71.086626,-33.516496],[-71.086767,-33.516528],[-71.086908,-33.516561],[-71.087049,-33.516594],[-71.08719,-33.516627],[-71.087332,-33.51666],[-71.087474,-33.516692],[-71.087615,-33.516725],[-71.087756,-33.516758],[-71.087895,-33.516791],[-71.088033,-33.516823],[-71.08817,-33.516854],[-71.088305,-33.516885],[-71.08844,-33.516916],[-71.088574,-33.516947],[-71.088707,-33.516977],[-71.088839,-33.517008],[-71.088971,-33.517038],[-71.089103,-33.517069],[-71.089235,-33.517099],[-71.089367,-33.51713],[-71.089499,-33.517161],[-71.089632,-33.517192],[-71.089766,-33.517223],[-71.0899,-33.517254],[-71.090034,-33.517284],[-71.090169,-33.517315],[-71.090304,-33.517346],[-71.090439,-33.517378],[-71.090575,-33.517409],[-71.090712,-33.51744],[-71.090849,-33.517472],[-71.090987,-33.517503],[-71.091126,-33.517536],[-71.091265,-33.517568],[-71.091405,-33.517601],[-71.091545,-33.517634],[-71.091685,-33.517665],[-71.091824,-33.517697],[-71.091963,-33.517729],[-71.092102,-33.517762],[-71.09224,-33.517794],[-71.092379,-33.517826],[-71.092517,-33.517858],[-71.092655,-33.517889],[-71.092792,-33.517921],[-71.092929,-33.517952],[-71.093064,-33.517984],[-71.093199,-33.518015],[-71.093332,-33.518046],[-71.093465,-33.518078],[-71.093597,-33.518109],[-71.093728,-33.51814],[-71.093859,-33.51817],[-71.09399,-33.5182],[-71.094121,-33.51823],[-71.094252,-33.518261],[-71.094383,-33.518291],[-71.094513,-33.518321],[-71.094644,-33.518351],[-71.094774,-33.518381],[-71.094903,-33.51841],[-71.09503,-33.518438],[-71.095154,-33.518467],[-71.095275,-33.518494],[-71.095394,-33.518522],[-71.09551,-33.518549],[-71.095623,-33.518575],[-71.095733,-33.518601],[-71.095839,-33.518625],[-71.09599,-33.51866],[-71.096136,-33.518694],[-71.097482,-33.519007],[-71.097608,-33.519036],[-71.097736,-33.519067],[-71.097866,-33.519098],[-71.097998,-33.519129],[-71.098131,-33.51916],[-71.098265,-33.51919],[-71.098398,-33.519221],[-71.098528,-33.519252],[-71.098654,-33.519282],[-71.098778,-33.519311],[-71.098898,-33.519338],[-71.099014,-33.519363],[-71.099129,-33.519384],[-71.099245,-33.519398],[-71.099362,-33.519401],[-71.099479,-33.519391],[-71.099595,-33.519368],[-71.099706,-33.519331],[-71.099809,-33.519282],[-71.099904,-33.51922],[-71.099988,-33.51915],[-71.100063,-33.519074],[-71.100134,-33.518998],[-71.100203,-33.518921],[-71.100271,-33.518845],[-71.100339,-33.518769],[-71.100407,-33.518693],[-71.100475,-33.518616],[-71.100541,-33.518537],[-71.100601,-33.518455],[-71.10065,-33.518369],[-71.10069,-33.518278],[-71.10072,-33.518183],[-71.100741,-33.518084],[-71.100753,-33.517982],[-71.100759,-33.517877],[-71.10076,-33.517769],[-71.100758,-33.51766],[-71.100755,-33.517548],[-71.100752,-33.517434],[-71.100748,-33.517319],[-71.100745,-33.517202],[-71.100741,-33.517085],[-71.100737,-33.516968],[-71.100732,-33.516851],[-71.100727,-33.516734],[-71.100723,-33.516617],[-71.100719,-33.516499],[-71.100715,-33.516381],[-71.100713,-33.516335]]]},"properties":{"id":"OC-135040006","OBJECTID":20556,"nombre":"G-76","escala":"Otras carteras","comunas":"María Pinto","macrozona":null,"km":6.1,"n_priori":null,"anteproyec":"EN EJECUCIÓN","centerLng":-71.076872,"centerLat":-33.507443,"kind":"proyecto","categoria":"Otras carteras","cartera":"MOP","etapa":"ejecución","tipo":"smp","inicio":"KM 25,672","fin":"KM 31,773","origen":"Otras carteras"}},{"type":"Feature","geometry":{"type":"MultiLineString","coordinates":[[[-71.191162,-33.754706],[-71.191153,-33.754663],[-71.19113,-33.754545],[-71.191114,-33.754422],[-71.191117,-33.754294],[-71.191141,-33.754186],[-71.191174,-33.7541],[-71.19122,-33.754018],[-71.191276,-33.753941],[-71.191344,-33.75387],[-71.191422,-33.753807],[-71.191509,-33.753753],[-71.191604,-33.753709],[-71.191707,-33.753676],[-71.191815,-33.753653],[-71.191926,-33.753637],[-71.192039,-33.753627],[-71.192151,-33.753621],[-71.192263,-33.753616],[-71.192372,-33.753611],[-71.192532,-33.7536],[-71.192691,-33.75358],[-71.192848,-33.75355],[-71.193001,-33.753501],[-71.193099,-33.753459],[-71.193194,-33.753411],[-71.193288,-33.753358],[-71.193381,-33.753303],[-71.193475,-33.753246],[-71.193569,-33.753188],[-71.193665,-33.75313],[-71.193762,-33.75307],[-71.193859,-33.75301],[-71.193957,-33.752951],[-71.194053,-33.752893],[-71.19415,-33.752834],[-71.194247,-33.752775],[-71.194345,-33.752715],[-71.194445,-33.752653],[-71.194546,-33.752591],[-71.194647,-33.752528],[-71.194749,-33.752465],[-71.194852,-33.752402],[-71.194954,-33.752338],[-71.195056,-33.752274],[-71.19516,-33.752211],[-71.195264,-33.752147],[-71.195368,-33.752083],[-71.195473,-33.752019],[-71.195576,-33.751956],[-71.195679,-33.751892],[-71.19578,-33.75183],[-71.19588,-33.751769],[-71.19598,-33.751709],[-71.196078,-33.751649],[-71.196175,-33.75159],[-71.196271,-33.751531],[-71.196365,-33.751473],[-71.196457,-33.751417],[-71.196548,-33.751361],[-71.196639,-33.751307],[-71.196729,-33.751252],[-71.196819,-33.751197],[-71.196909,-33.751142],[-71.197001,-33.751086],[-71.197093,-33.751029],[-71.197185,-33.750971],[-71.197279,-33.750912],[-71.197372,-33.750853],[-71.197465,-33.750796],[-71.197558,-33.750739],[-71.197652,-33.750681],[-71.197747,-33.750622],[-71.197842,-33.750563],[-71.197939,-33.750503],[-71.198036,-33.750443],[-71.198135,-33.750382],[-71.198235,-33.750321],[-71.198336,-33.75026],[-71.198439,-33.750198],[-71.198543,-33.750135],[-71.198647,-33.75007],[-71.198753,-33.750005],[-71.19886,-33.749939],[-71.198968,-33.749873],[-71.199076,-33.749806],[-71.199185,-33.749738],[-71.199295,-33.74967],[-71.199405,-33.749602],[-71.199515,-33.749534],[-71.199625,-33.749466],[-71.199736,-33.749397],[-71.199847,-33.749329],[-71.199957,-33.749261],[-71.200068,-33.749192],[-71.200178,-33.749125],[-71.200288,-33.749057],[-71.200397,-33.748989],[-71.200505,-33.748922],[-71.200614,-33.748855],[-71.200724,-33.748788],[-71.200834,-33.748721],[-71.200945,-33.748653],[-71.201055,-33.748585],[-71.201166,-33.748516],[-71.201277,-33.748447],[-71.201385,-33.748381]]]},"properties":{"id":"OC-135010052","OBJECTID":20557,"nombre":"G-74","escala":"Otras carteras","comunas":"Melipilla","macrozona":null,"km":1.224,"n_priori":null,"anteproyec":"EN EJECUCIÓN","centerLng":-71.195928,"centerLat":-33.751647,"kind":"proyecto","categoria":"Otras carteras","cartera":"MOP","etapa":"ejecución","tipo":"smp","inicio":"KM 0","fin":"KM 54,1","origen":"Otras carteras"}},{"type":"Feature","geometry":{"type":"MultiLineString","coordinates":[[[-70.805762,-33.765685],[-70.805712,-33.765657],[-70.805459,-33.765517],[-70.805252,-33.765389],[-70.80499,-33.765222],[-70.804723,-33.765054],[-70.804461,-33.764882],[-70.804177,-33.76472],[-70.803892,-33.76453],[-70.803604,-33.764354],[-70.803419,-33.764224],[-70.80334,-33.764168],[-70.803065,-33.763992],[-70.802482,-33.76364],[-70.802187,-33.763446],[-70.801885,-33.763252],[-70.801586,-33.763058],[-70.801273,-33.762869],[-70.800958,-33.762679],[-70.80066,-33.762485],[-70.800369,-33.762305],[-70.800083,-33.762133],[-70.799805,-33.761966],[-70.799517,-33.761781],[-70.799237,-33.761604],[-70.798957,-33.761415],[-70.798675,-33.761234],[-70.798402,-33.761062],[-70.79814,-33.760912],[-70.797898,-33.760772],[-70.797653,-33.760627],[-70.797408,-33.760463],[-70.797143,-33.7603],[-70.796945,-33.760177],[-70.796882,-33.760137],[-70.796638,-33.759983],[-70.796395,-33.759838],[-70.796183,-33.75971],[-70.796046,-33.759631],[-70.795921,-33.759558],[-70.795773,-33.759518],[-70.795671,-33.759509],[-70.79545,-33.759518],[-70.795132,-33.759513],[-70.794815,-33.759527],[-70.794508,-33.759532],[-70.794198,-33.759536],[-70.793875,-33.759545],[-70.793549,-33.75955],[-70.793236,-33.759555],[-70.792906,-33.759559],[-70.792581,-33.759569],[-70.792265,-33.759582],[-70.791957,-33.759587],[-70.791667,-33.7596],[-70.79145,-33.759603],[-70.79118,-33.759607],[-70.791019,-33.759609],[-70.790965,-33.75961],[-70.790864,-33.759612],[-70.790555,-33.759625],[-70.790286,-33.759629],[-70.790035,-33.759633],[-70.789658,-33.759633],[-70.78963,-33.759633]]]},"properties":{"id":"OC-134020032","OBJECTID":20558,"nombre":"G-498","escala":"Otras carteras","comunas":"Buin","macrozona":null,"km":1.721,"n_priori":null,"anteproyec":"EN EJECUCIÓN","centerLng":-70.797545,"centerLat":-33.761382,"kind":"proyecto","categoria":"Otras carteras","cartera":"MOP","etapa":"ejecución","tipo":"smp","inicio":"KM 0","fin":"KM 1,721","origen":"Otras carteras"}},{"type":"Feature","geometry":{"type":"MultiLineString","coordinates":[[[-71.166065,-33.773586],[-71.166141,-33.773562],[-71.166263,-33.773523],[-71.166386,-33.773484],[-71.166508,-33.773447],[-71.166628,-33.773407],[-71.166746,-33.773367],[-71.166866,-33.773327],[-71.166987,-33.773286],[-71.16711,-33.773245],[-71.167233,-33.773204],[-71.167359,-33.773163],[-71.167485,-33.773121],[-71.167613,-33.77308],[-71.167743,-33.773038],[-71.167872,-33.772995],[-71.168003,-33.772953],[-71.168133,-33.77291],[-71.168263,-33.772868],[-71.168394,-33.772826],[-71.168525,-33.772784],[-71.168655,-33.772741],[-71.168786,-33.772698],[-71.168917,-33.772655],[-71.16905,-33.772613],[-71.169183,-33.77257],[-71.169317,-33.772527],[-71.169452,-33.772483],[-71.169587,-33.772439],[-71.169723,-33.772394],[-71.169859,-33.772351],[-71.169993,-33.772307],[-71.170127,-33.772262],[-71.17026,-33.772219],[-71.170393,-33.772176],[-71.170524,-33.772134],[-71.170655,-33.772092],[-71.170785,-33.77205],[-71.170914,-33.772007],[-71.171043,-33.771965],[-71.171171,-33.771923],[-71.171299,-33.771881],[-71.171427,-33.771839],[-71.171555,-33.771798],[-71.171683,-33.771757],[-71.171812,-33.771715],[-71.17194,-33.771673],[-71.172069,-33.771631],[-71.172198,-33.771589],[-71.172328,-33.771547],[-71.172459,-33.771505],[-71.17259,-33.771462],[-71.172722,-33.771419],[-71.172854,-33.771376],[-71.172987,-33.771332],[-71.17312,-33.771289],[-71.173253,-33.771246],[-71.173385,-33.771203],[-71.173517,-33.77116],[-71.173648,-33.771117],[-71.173779,-33.771075],[-71.173909,-33.771032],[-71.17404,-33.77099],[-71.174169,-33.770948],[-71.174299,-33.770907],[-71.17443,-33.770865],[-71.174561,-33.770825],[-71.174692,-33.770783],[-71.174823,-33.770742],[-71.174954,-33.7707],[-71.175085,-33.770658],[-71.175216,-33.770616],[-71.175347,-33.770574],[-71.175477,-33.770533],[-71.17561,-33.77049],[-71.175889,-33.770401],[-71.176178,-33.770309],[-71.176497,-33.770207],[-71.176815,-33.770106],[-71.177148,-33.769999],[-71.177475,-33.769894],[-71.177751,-33.769806],[-71.177951,-33.769737],[-71.178157,-33.769631],[-71.178325,-33.769496],[-71.178477,-33.769351],[-71.178619,-33.769214],[-71.178772,-33.769066],[-71.178927,-33.768917],[-71.179069,-33.768781],[-71.179211,-33.768644],[-71.179358,-33.768503],[-71.179505,-33.768361],[-71.179656,-33.768216],[-71.179814,-33.76806],[-71.17997,-33.767906],[-71.180124,-33.767754],[-71.180282,-33.767598],[-71.180448,-33.76744],[-71.180592,-33.767303],[-71.180752,-33.767152],[-71.180919,-33.766994],[-71.181091,-33.766831],[-71.181251,-33.766677],[-71.181408,-33.766525],[-71.181565,-33.766375],[-71.181728,-33.766217],[-71.181886,-33.76606],[-71.182021,-33.765924],[-71.182171,-33.765774],[-71.182334,-33.76561],[-71.18241,-33.765533],[-71.182488,-33.765456],[-71.182565,-33.765378],[-71.182643,-33.765299],[-71.182722,-33.76522],[-71.182803,-33.76514],[-71.182883,-33.765059],[-71.182965,-33.764978],[-71.183045,-33.764898],[-71.183125,-33.764819],[-71.183205,-33.76474],[-71.183287,-33.76466],[-71.183368,-33.764579],[-71.183451,-33.764498],[-71.183534,-33.764416],[-71.183617,-33.764334],[-71.183701,-33.764252],[-71.183716,-33.764237]]]},"properties":{"id":"OC-135010053","OBJECTID":20559,"nombre":"G-74","escala":"Otras carteras","comunas":"Melipilla","macrozona":null,"km":1.994,"n_priori":null,"anteproyec":"EN EJECUCIÓN","centerLng":-71.174927,"centerLat":-33.769972,"kind":"proyecto","categoria":"Otras carteras","cartera":"MOP","etapa":"ejecución","tipo":"smp","inicio":"KM 0","fin":"KM 51,587","origen":"Otras carteras"}},{"type":"Feature","geometry":{"type":"MultiLineString","coordinates":[[[-70.745757,-33.272653],[-70.745841,-33.272579],[-70.745879,-33.272544],[-70.745916,-33.27251],[-70.745953,-33.272476],[-70.745994,-33.272437],[-70.746035,-33.272398],[-70.746073,-33.272359],[-70.74611,-33.272323],[-70.746147,-33.272288],[-70.746183,-33.272253],[-70.746223,-33.272213],[-70.74626,-33.272176],[-70.746295,-33.272141],[-70.746332,-33.272105],[-70.746372,-33.272066],[-70.74641,-33.272029],[-70.746447,-33.271992],[-70.746485,-33.271956],[-70.746526,-33.271914],[-70.74657,-33.271871],[-70.746614,-33.271826],[-70.74666,-33.271781],[-70.746705,-33.271735],[-70.74675,-33.271689],[-70.746796,-33.271644],[-70.746843,-33.271598],[-70.746889,-33.271553],[-70.746935,-33.271507],[-70.746969,-33.271473],[-70.747004,-33.271438],[-70.747039,-33.271404],[-70.747074,-33.271369],[-70.747109,-33.271335],[-70.747144,-33.2713],[-70.74718,-33.271266],[-70.747215,-33.271232],[-70.74725,-33.271197],[-70.747286,-33.271163],[-70.747321,-33.271128],[-70.747356,-33.271094],[-70.747392,-33.271059],[-70.747427,-33.271024],[-70.747462,-33.27099],[-70.747497,-33.270955],[-70.747533,-33.270921],[-70.747568,-33.270886],[-70.747604,-33.270851],[-70.747639,-33.270817],[-70.747675,-33.270782],[-70.747711,-33.270747],[-70.747747,-33.270712],[-70.747782,-33.270678],[-70.747818,-33.270643],[-70.747854,-33.270608],[-70.74789,-33.270574],[-70.747926,-33.270539],[-70.747962,-33.270504],[-70.747998,-33.270469],[-70.748034,-33.270433],[-70.748071,-33.270398],[-70.748107,-33.270363],[-70.748143,-33.270328],[-70.748179,-33.270292],[-70.748216,-33.270257],[-70.748217,-33.270256],[-70.748252,-33.270222],[-70.748289,-33.270186],[-70.748326,-33.270151],[-70.748362,-33.270116],[-70.748399,-33.270079],[-70.748436,-33.270044],[-70.748473,-33.270009],[-70.74851,-33.269973],[-70.748547,-33.269937],[-70.748584,-33.269901],[-70.748621,-33.269865],[-70.748658,-33.269829],[-70.748695,-33.269793],[-70.748732,-33.269757],[-70.74877,-33.269721],[-70.748807,-33.269685],[-70.748845,-33.269648],[-70.748884,-33.269611],[-70.748921,-33.269575],[-70.74896,-33.269539],[-70.748998,-33.269502],[-70.749038,-33.269466],[-70.749074,-33.269429],[-70.749113,-33.269392],[-70.74915,-33.269355],[-70.749188,-33.269319],[-70.749226,-33.269282],[-70.749264,-33.269245],[-70.749302,-33.269209],[-70.74934,-33.269172],[-70.749378,-33.269135],[-70.749416,-33.269098],[-70.749454,-33.269061],[-70.749493,-33.269024],[-70.749531,-33.268987],[-70.74957,-33.26895],[-70.749608,-33.268912],[-70.749647,-33.268875],[-70.749686,-33.268838],[-70.749725,-33.268801],[-70.749764,-33.268763],[-70.749803,-33.268726],[-70.749843,-33.268688],[-70.749883,-33.268651],[-70.749922,-33.268613],[-70.749962,-33.268576],[-70.750001,-33.268538],[-70.750041,-33.2685],[-70.75008,-33.268463],[-70.75012,-33.268425],[-70.750159,-33.268388],[-70.750199,-33.26835],[-70.750238,-33.268313],[-70.750277,-33.268275],[-70.750316,-33.268238],[-70.750355,-33.2682],[-70.750394,-33.268163],[-70.750433,-33.268125],[-70.750472,-33.268088],[-70.750511,-33.26805],[-70.75055,-33.268013],[-70.750589,-33.267976],[-70.750628,-33.267939],[-70.750667,-33.267902],[-70.750706,-33.267865],[-70.750745,-33.267828],[-70.750783,-33.267791],[-70.750822,-33.267754],[-70.750861,-33.267718],[-70.7509,-33.267681],[-70.750938,-33.267645],[-70.750977,-33.267608],[-70.751015,-33.267572],[-70.751053,-33.267536],[-70.751092,-33.2675],[-70.751131,-33.267464],[-70.75117,-33.267428],[-70.751209,-33.267392],[-70.751247,-33.267356],[-70.751285,-33.267321],[-70.751324,-33.267285],[-70.751363,-33.26725],[-70.751403,-33.267215],[-70.751442,-33.267181],[-70.751482,-33.267147],[-70.751523,-33.267115],[-70.751565,-33.267083],[-70.751606,-33.267051],[-70.751647,-33.267018],[-70.751689,-33.266987],[-70.75173,-33.266954],[-70.751771,-33.266922],[-70.751812,-33.266891],[-70.751853,-33.266859],[-70.751893,-33.266827],[-70.751933,-33.266796],[-70.751973,-33.266765],[-70.752026,-33.266725],[-70.752078,-33.266685],[-70.75213,-33.266645],[-70.752181,-33.266605],[-70.752232,-33.266565],[-70.752283,-33.266525],[-70.752334,-33.266485],[-70.752386,-33.266446],[-70.752439,-33.266406],[-70.752491,-33.266365],[-70.75253,-33.266334],[-70.75257,-33.266303],[-70.75261,-33.266272],[-70.75265,-33.266241],[-70.752691,-33.26621],[-70.752732,-33.266179],[-70.752773,-33.266147],[-70.752813,-33.266115],[-70.752855,-33.266083],[-70.752896,-33.266051],[-70.752938,-33.266019],[-70.75298,-33.265986],[-70.753022,-33.265953],[-70.753065,-33.265921],[-70.753108,-33.265888],[-70.753151,-33.265855],[-70.753194,-33.265821],[-70.753238,-33.265787],[-70.753281,-33.265753],[-70.753325,-33.265719],[-70.753369,-33.265685],[-70.753413,-33.265651],[-70.753456,-33.265617],[-70.7535,-33.265583],[-70.753543,-33.26555],[-70.753587,-33.265516],[-70.753629,-33.265483],[-70.753672,-33.26545],[-70.753715,-33.265417],[-70.753757,-33.265385],[-70.753798,-33.265353],[-70.753839,-33.265321],[-70.753879,-33.26529],[-70.753931,-33.265249],[-70.753983,-33.265209],[-70.754033,-33.26517],[-70.754083,-33.265132],[-70.754131,-33.265094],[-70.754178,-33.265058],[-70.754224,-33.265022],[-70.754269,-33.264987],[-70.754313,-33.264953],[-70.754355,-33.264921],[-70.754396,-33.26489],[-70.754436,-33.264859],[-70.754476,-33.264828],[-70.754516,-33.264796],[-70.754562,-33.264761],[-70.754608,-33.264725],[-70.754654,-33.264689],[-70.754696,-33.264656],[-70.754736,-33.264625],[-70.75478,-33.264592],[-70.754827,-33.264554],[-70.754868,-33.264522],[-70.754909,-33.26449],[-70.75495,-33.264458],[-70.754992,-33.264426],[-70.755032,-33.264395],[-70.755081,-33.264357],[-70.755125,-33.264323],[-70.755166,-33.264292],[-70.755213,-33.264257],[-70.755258,-33.264222],[-70.755299,-33.26419],[-70.755346,-33.264153],[-70.755391,-33.264119],[-70.755437,-33.264082],[-70.755486,-33.264044],[-70.755536,-33.264004],[-70.755576,-33.263973],[-70.755628,-33.263932],[-70.755667,-33.263901],[-70.755719,-33.26386],[-70.755771,-33.26382],[-70.755823,-33.263779],[-70.755875,-33.263738],[-70.755926,-33.263698],[-70.755978,-33.263657],[-70.756031,-33.263617],[-70.756084,-33.263578],[-70.756137,-33.263538],[-70.756188,-33.263496],[-70.75624,-33.263455],[-70.756292,-33.263414],[-70.756344,-33.263373],[-70.756397,-33.263333],[-70.756449,-33.263292],[-70.756501,-33.263251],[-70.756541,-33.26322],[-70.756593,-33.263179],[-70.756646,-33.263139],[-70.756685,-33.263108],[-70.756737,-33.263068],[-70.75679,-33.263027],[-70.756842,-33.262986],[-70.756895,-33.262945],[-70.756947,-33.262905],[-70.756999,-33.262864],[-70.757052,-33.262824],[-70.757104,-33.262783],[-70.757156,-33.262742],[-70.757208,-33.262702],[-70.75726,-33.262662],[-70.757312,-33.262621],[-70.757364,-33.26258],[-70.757416,-33.262539],[-70.757468,-33.262498],[-70.75752,-33.262457],[-70.757573,-33.262416],[-70.757625,-33.262375],[-70.757678,-33.262335],[-70.75773,-33.262294],[-70.757782,-33.262254],[-70.757835,-33.262213],[-70.757887,-33.262173],[-70.757939,-33.262133],[-70.757991,-33.262092],[-70.758043,-33.262052],[-70.758095,-33.262011],[-70.758147,-33.261971],[-70.758199,-33.261931],[-70.75825,-33.261891],[-70.758302,-33.261851],[-70.758354,-33.261811],[-70.758405,-33.26177],[-70.758457,-33.26173],[-70.758508,-33.261689],[-70.758559,-33.261649],[-70.758611,-33.261609],[-70.758663,-33.261568],[-70.758714,-33.261528],[-70.758766,-33.261488],[-70.758818,-33.261447],[-70.75887,-33.261407],[-70.758922,-33.261366],[-70.758973,-33.261325],[-70.759025,-33.261283],[-70.759064,-33.261252],[-70.759116,-33.261211],[-70.759155,-33.26118],[-70.759194,-33.261149],[-70.759234,-33.261118],[-70.759273,-33.261086],[-70.759313,-33.261055],[-70.759353,-33.261023],[-70.759393,-33.260992],[-70.759433,-33.260961],[-70.759473,-33.260929],[-70.759513,-33.260897],[-70.759553,-33.260865],[-70.759593,-33.260834],[-70.759632,-33.260803],[-70.759671,-33.260772],[-70.759723,-33.260731],[-70.759774,-33.26069],[-70.759824,-33.260649],[-70.759873,-33.260609],[-70.759923,-33.260568],[-70.759973,-33.260526],[-70.760023,-33.260484],[-70.760072,-33.260442],[-70.760123,-33.2604],[-70.760174,-33.260359],[-70.760224,-33.260317],[-70.760275,-33.260275],[-70.760325,-33.260233],[-70.760375,-33.26019],[-70.760412,-33.260158],[-70.760449,-33.260125],[-70.760487,-33.260093],[-70.760537,-33.26005],[-70.760574,-33.260017],[-70.760612,-33.259985],[-70.76065,-33.259953],[-70.760688,-33.259921],[-70.760738,-33.259878],[-70.760787,-33.259836],[-70.760836,-33.259793],[-70.760885,-33.259752],[-70.760934,-33.259711],[-70.760983,-33.259669],[-70.761032,-33.259628],[-70.76108,-33.259586],[-70.761128,-33.259545],[-70.761175,-33.259504],[-70.761223,-33.259463],[-70.76127,-33.259422],[-70.761317,-33.25938],[-70.761366,-33.259339],[-70.761414,-33.259297],[-70.761463,-33.259255],[-70.761501,-33.259223],[-70.761541,-33.259189],[-70.761581,-33.259155],[-70.761621,-33.259121],[-70.761661,-33.259086],[-70.761702,-33.259051],[-70.761742,-33.259016],[-70.761783,-33.258981],[-70.761824,-33.258946],[-70.761865,-33.258911],[-70.761906,-33.258876],[-70.761948,-33.258841],[-70.761989,-33.258805],[-70.762029,-33.25877],[-70.76207,-33.258734],[-70.762111,-33.258698],[-70.76215,-33.258663],[-70.762211,-33.25861],[-70.762277,-33.258537],[-70.762336,-33.258462],[-70.762388,-33.258382],[-70.7624,-33.258345],[-70.762414,-33.2583],[-70.762425,-33.258253],[-70.762435,-33.258206],[-70.762442,-33.258154],[-70.762451,-33.258106],[-70.762458,-33.258057],[-70.762465,-33.258007],[-70.762472,-33.257958],[-70.762479,-33.257909],[-70.762487,-33.257859],[-70.762494,-33.25781],[-70.762501,-33.257761],[-70.762508,-33.257711],[-70.762515,-33.257662],[-70.762522,-33.257613],[-70.762529,-33.257563],[-70.762536,-33.257514],[-70.762543,-33.257465],[-70.76255,-33.257416],[-70.762557,-33.257366],[-70.762564,-33.257317],[-70.762571,-33.257268],[-70.762579,-33.257218],[-70.762586,-33.257169],[-70.762593,-33.257119],[-70.7626,-33.25707],[-70.762608,-33.25702],[-70.762615,-33.25697],[-70.762623,-33.25692],[-70.76263,-33.256871],[-70.762638,-33.256821],[-70.762646,-33.256771],[-70.762654,-33.256721],[-70.762662,-33.256672],[-70.762669,-33.256622],[-70.762677,-33.256572],[-70.762685,-33.256522],[-70.762693,-33.256472],[-70.7627,-33.256422],[-70.762708,-33.256372],[-70.762715,-33.256321],[-70.762721,-33.256271],[-70.762729,-33.256221],[-70.762736,-33.25617],[-70.762745,-33.25612],[-70.762752,-33.25607],[-70.76276,-33.256019],[-70.762767,-33.255969],[-70.762774,-33.255918],[-70.762781,-33.255867],[-70.762789,-33.255817],[-70.762796,-33.255766],[-70.762804,-33.255715],[-70.762812,-33.255665],[-70.76282,-33.255614],[-70.762828,-33.255564],[-70.762836,-33.255513],[-70.762843,-33.255462],[-70.762851,-33.255412],[-70.762858,-33.255361],[-70.762865,-33.255311],[-70.762873,-33.25526],[-70.762882,-33.25521],[-70.76289,-33.25516],[-70.762898,-33.25511],[-70.762905,-33.255059],[-70.762913,-33.255009],[-70.762921,-33.254958],[-70.762929,-33.254907],[-70.762937,-33.254857],[-70.762944,-33.254806],[-70.762951,-33.254755],[-70.76296,-33.254704],[-70.762967,-33.254654],[-70.762974,-33.254603],[-70.762981,-33.254553],[-70.762988,-33.254502],[-70.762996,-33.254451],[-70.763004,-33.254401],[-70.763012,-33.254351],[-70.76302,-33.2543],[-70.763028,-33.254249],[-70.763036,-33.254199],[-70.763043,-33.254148],[-70.763051,-33.254097],[-70.763059,-33.254047],[-70.763067,-33.253996],[-70.763074,-33.253945],[-70.763081,-33.253895],[-70.763089,-33.253844],[-70.763097,-33.253794],[-70.763104,-33.253743],[-70.763112,-33.253692],[-70.763119,-33.253642],[-70.763127,-33.253591],[-70.763135,-33.25354],[-70.763142,-33.25349],[-70.763149,-33.253439],[-70.763157,-33.253388],[-70.763164,-33.253338],[-70.763171,-33.253287],[-70.763178,-33.253237],[-70.763186,-33.253187],[-70.763193,-33.253136],[-70.763201,-33.253086],[-70.763209,-33.253036],[-70.763217,-33.252986],[-70.763225,-33.252936],[-70.763232,-33.252886],[-70.76324,-33.252836],[-70.763247,-33.252786],[-70.763254,-33.252737],[-70.763262,-33.252687],[-70.763269,-33.252638],[-70.763276,-33.252589],[-70.763283,-33.25254],[-70.76329,-33.252491],[-70.763298,-33.252442],[-70.763305,-33.252394],[-70.763312,-33.252345],[-70.76332,-33.252297],[-70.763328,-33.252248],[-70.763335,-33.2522],[-70.763343,-33.252152],[-70.763351,-33.252104],[-70.763358,-33.252056],[-70.763366,-33.252008],[-70.763373,-33.25196],[-70.763381,-33.251912],[-70.763388,-33.251864],[-70.763396,-33.251815],[-70.763403,-33.251766],[-70.76341,-33.251717],[-70.763418,-33.251668],[-70.763426,-33.251619],[-70.763433,-33.25157],[-70.76344,-33.251521],[-70.763447,-33.251472],[-70.763454,-33.251422],[-70.763461,-33.251373],[-70.763468,-33.251323],[-70.763475,-33.251274],[-70.763482,-33.251224],[-70.763489,-33.251174],[-70.763496,-33.251125],[-70.763503,-33.251076],[-70.763511,-33.251026],[-70.763518,-33.250977],[-70.763525,-33.250928],[-70.763532,-33.250879],[-70.763538,-33.25083],[-70.763546,-33.250781],[-70.763553,-33.250732],[-70.76356,-33.250683],[-70.763567,-33.250633],[-70.763575,-33.250584],[-70.763582,-33.250535],[-70.763589,-33.250485],[-70.763597,-33.250436],[-70.763604,-33.250387],[-70.76361,-33.250338],[-70.763616,-33.250288],[-70.763621,-33.250239],[-70.763626,-33.250189],[-70.763631,-33.25014],[-70.763635,-33.250091],[-70.763638,-33.250042],[-70.76364,-33.249993],[-70.763643,-33.249943],[-70.763646,-33.249894],[-70.763648,-33.249845],[-70.76365,-33.249796],[-70.763652,-33.249748],[-70.763654,-33.249699],[-70.763656,-33.24965],[-70.763657,-33.249601],[-70.763659,-33.249553],[-70.763661,-33.249504],[-70.763662,-33.249456],[-70.763663,-33.249408],[-70.763665,-33.249359],[-70.763666,-33.249311],[-70.763667,-33.249263],[-70.763668,-33.249215],[-70.76367,-33.249167],[-70.763671,-33.249118],[-70.763672,-33.24907],[-70.763673,-33.249021],[-70.763675,-33.248973],[-70.763676,-33.248924],[-70.763677,-33.248876],[-70.763679,-33.248827],[-70.76368,-33.248779],[-70.763682,-33.24873],[-70.763683,-33.248682],[-70.763685,-33.248634],[-70.763686,-33.248587],[-70.763687,-33.248539],[-70.763688,-33.248492],[-70.763689,-33.248445],[-70.763691,-33.248398],[-70.763692,-33.248352],[-70.763693,-33.248305],[-70.763694,-33.248259],[-70.763694,-33.248213],[-70.763695,-33.248167],[-70.763696,-33.248121],[-70.763697,-33.248075],[-70.763698,-33.24803],[-70.763699,-33.247984],[-70.763701,-33.247938],[-70.763702,-33.247892],[-70.763704,-33.247845],[-70.763707,-33.247799],[-70.763709,-33.247752],[-70.763711,-33.247705],[-70.763713,-33.247659],[-70.763714,-33.247612],[-70.763716,-33.247564],[-70.763718,-33.247517],[-70.76372,-33.24747],[-70.763723,-33.247422],[-70.763726,-33.247375],[-70.76373,-33.247327],[-70.763732,-33.247311],[-70.763736,-33.247279],[-70.763743,-33.24723],[-70.763752,-33.247182],[-70.763762,-33.247134],[-70.763773,-33.247086],[-70.763785,-33.247038],[-70.7638,-33.24699],[-70.763816,-33.246943],[-70.763834,-33.246896],[-70.763853,-33.246849],[-70.763874,-33.246803],[-70.763896,-33.246757],[-70.763917,-33.246712],[-70.763939,-33.246667],[-70.763961,-33.246622],[-70.763984,-33.246577],[-70.764006,-33.246533],[-70.764029,-33.246489],[-70.764051,-33.246445],[-70.764073,-33.246402],[-70.764094,-33.246358],[-70.764116,-33.246315],[-70.764137,-33.246272],[-70.764158,-33.246229],[-70.764179,-33.246187],[-70.7642,-33.246144],[-70.764221,-33.246102],[-70.764242,-33.24606],[-70.764263,-33.246018],[-70.764284,-33.245976],[-70.764312,-33.24592],[-70.76434,-33.245865],[-70.764368,-33.24581],[-70.764395,-33.245755],[-70.764422,-33.245701],[-70.764448,-33.245646],[-70.764475,-33.245592],[-70.764502,-33.245537],[-70.764529,-33.245483],[-70.764556,-33.245429],[-70.764583,-33.245375],[-70.76461,-33.245321],[-70.764637,-33.245267],[-70.764663,-33.245213],[-70.76469,-33.24516],[-70.764716,-33.245107],[-70.764742,-33.245055],[-70.764767,-33.245002],[-70.764792,-33.244951],[-70.764818,-33.244899],[-70.764843,-33.244847],[-70.764868,-33.244796],[-70.764894,-33.244745],[-70.764919,-33.244694],[-70.764944,-33.244644],[-70.764969,-33.244593],[-70.764995,-33.244543],[-70.765021,-33.244493],[-70.765046,-33.244443],[-70.76507,-33.244394],[-70.765094,-33.244345],[-70.765117,-33.244298],[-70.765139,-33.244251],[-70.765161,-33.244206],[-70.765183,-33.244161],[-70.765204,-33.244118],[-70.765225,-33.244076],[-70.765246,-33.244033],[-70.765272,-33.243982],[-70.765296,-33.243935],[-70.765319,-33.243889],[-70.765341,-33.243845],[-70.765362,-33.243802],[-70.765386,-33.243752],[-70.765409,-33.243706],[-70.76543,-33.243661],[-70.765451,-33.243618],[-70.765474,-33.24357],[-70.765498,-33.24352],[-70.765524,-33.243468],[-70.765548,-33.243418],[-70.765571,-33.243369],[-70.765595,-33.243322],[-70.765617,-33.243276],[-70.765638,-33.243232],[-70.765662,-33.243182],[-70.765684,-33.243135],[-70.765708,-33.243088],[-70.765732,-33.243045],[-70.765748,-33.243018],[-70.765771,-33.24297],[-70.765795,-33.24292],[-70.765817,-33.242871],[-70.765839,-33.242825],[-70.76586,-33.242782],[-70.76587,-33.242757],[-70.765883,-33.242723],[-70.76589,-33.242684],[-70.765888,-33.242648],[-70.765888,-33.242643],[-70.765887,-33.242642],[-70.765887,-33.24264]]]},"properties":{"id":"OC-133020015","OBJECTID":20560,"nombre":"G-154","escala":"Otras carteras","comunas":"Lampa","macrozona":null,"km":4.029,"n_priori":null,"anteproyec":"EN EJECUCIÓN","centerLng":-70.758282,"centerLat":-33.258589,"kind":"proyecto","categoria":"Otras carteras","cartera":"MOP","etapa":"ejecución","tipo":"smp","inicio":"KM 0","fin":"KM 4,029","origen":"Otras carteras"}},{"type":"Feature","geometry":{"type":"MultiLineString","coordinates":[[[-70.96926,-33.686262],[-70.969259,-33.686265],[-70.96925,-33.686386],[-70.969249,-33.686534],[-70.969249,-33.686728],[-70.969249,-33.687125],[-70.969251,-33.687332],[-70.969248,-33.687576],[-70.96925,-33.687824],[-70.969247,-33.688094],[-70.969245,-33.688342],[-70.969238,-33.688572],[-70.969238,-33.688834],[-70.969234,-33.6891],[-70.96923,-33.689375],[-70.969218,-33.689939],[-70.969214,-33.690149],[-70.969212,-33.690232],[-70.969201,-33.69053],[-70.969193,-33.690832],[-70.969196,-33.691138],[-70.969189,-33.691445],[-70.969187,-33.691573],[-70.969185,-33.691736],[-70.969185,-33.691743],[-70.969184,-33.691784],[-70.969176,-33.692248],[-70.969175,-33.692302],[-70.96917,-33.692577],[-70.969166,-33.692839],[-70.969156,-33.693132],[-70.969148,-33.693416],[-70.969144,-33.693718],[-70.969134,-33.694016],[-70.969127,-33.6943],[-70.96912,-33.694575],[-70.969116,-33.694841],[-70.969108,-33.695098],[-70.969096,-33.695324],[-70.969093,-33.695545],[-70.969079,-33.695748],[-70.969079,-33.695964],[-70.969077,-33.696203],[-70.969071,-33.696474],[-70.969062,-33.696745],[-70.96906,-33.697011],[-70.969055,-33.697268],[-70.969049,-33.697507],[-70.96904,-33.69775],[-70.96904,-33.697994],[-70.969033,-33.698251],[-70.969029,-33.69849],[-70.969023,-33.698724],[-70.969021,-33.698964],[-70.96902,-33.699106],[-70.969017,-33.699405],[-70.969013,-33.69972],[-70.969013,-33.699735],[-70.969014,-33.699783]]]},"properties":{"id":"OC-136010014","OBJECTID":20561,"nombre":"G-580","escala":"Otras carteras","comunas":"Talagante","macrozona":null,"km":1.5,"n_priori":null,"anteproyec":"EN EJECUCIÓN","centerLng":-70.969146,"centerLat":-33.693055,"kind":"proyecto","categoria":"Otras carteras","cartera":"MOP","etapa":"ejecución","tipo":"smp","inicio":"KM 0","fin":"KM 1,5","origen":"Otras carteras"}},{"type":"Feature","geometry":{"type":"MultiLineString","coordinates":[[[-70.740873,-33.867267],[-70.74082,-33.867278],[-70.740766,-33.867288],[-70.740713,-33.867297],[-70.740652,-33.867308],[-70.740598,-33.867317],[-70.740542,-33.867328],[-70.740484,-33.867338],[-70.740424,-33.86735],[-70.740361,-33.867361],[-70.740296,-33.867373],[-70.740243,-33.867383],[-70.740188,-33.867393],[-70.740133,-33.867404],[-70.740076,-33.867415],[-70.740018,-33.867426],[-70.73996,-33.867437],[-70.739898,-33.86745],[-70.739838,-33.867461],[-70.739776,-33.867472],[-70.739714,-33.867484],[-70.739651,-33.867496],[-70.739588,-33.867508],[-70.739525,-33.867519],[-70.739463,-33.867531],[-70.7394,-33.867543],[-70.739337,-33.867555],[-70.739275,-33.867567],[-70.739213,-33.867578],[-70.739152,-33.867589],[-70.739091,-33.867601],[-70.739031,-33.867612],[-70.738971,-33.867624],[-70.738911,-33.867635],[-70.738852,-33.867646],[-70.738793,-33.867657],[-70.738736,-33.867668],[-70.738679,-33.867681],[-70.738622,-33.867686],[-70.738563,-33.867698],[-70.738506,-33.867709],[-70.738446,-33.867721],[-70.738384,-33.867734],[-70.73745,-33.867911],[-70.737388,-33.867923],[-70.737328,-33.867934],[-70.737269,-33.867944],[-70.737209,-33.867956],[-70.73715,-33.867966],[-70.737091,-33.867978],[-70.737031,-33.867988],[-70.736973,-33.867998],[-70.736914,-33.868009],[-70.736855,-33.86802],[-70.736796,-33.86803],[-70.736738,-33.868041],[-70.73668,-33.868051],[-70.736621,-33.868062],[-70.736564,-33.868072],[-70.736506,-33.868082],[-70.736447,-33.868093],[-70.736389,-33.868104],[-70.73633,-33.868114],[-70.73627,-33.868124],[-70.73621,-33.868135],[-70.73615,-33.868146],[-70.736089,-33.868157],[-70.736027,-33.868168],[-70.735963,-33.868179],[-70.7359,-33.868189],[-70.735836,-33.8682],[-70.735772,-33.86821],[-70.735708,-33.86822],[-70.735644,-33.86823],[-70.73558,-33.868239],[-70.735516,-33.868248],[-70.735451,-33.868258],[-70.735387,-33.868267],[-70.735323,-33.868277],[-70.73526,-33.868286],[-70.735196,-33.868295],[-70.735133,-33.868305],[-70.735069,-33.868314],[-70.735005,-33.868322],[-70.734942,-33.86833],[-70.734879,-33.868339],[-70.734815,-33.868348],[-70.734752,-33.868356],[-70.734689,-33.868364],[-70.734626,-33.868373],[-70.734563,-33.868382],[-70.734499,-33.86839],[-70.734436,-33.868399],[-70.734374,-33.868407],[-70.734311,-33.868415],[-70.734249,-33.868423],[-70.734187,-33.868432],[-70.734125,-33.86844],[-70.734064,-33.868448],[-70.734003,-33.868456],[-70.733942,-33.868465],[-70.733882,-33.868473],[-70.733822,-33.868481],[-70.733762,-33.868489],[-70.733701,-33.868497],[-70.733641,-33.868506],[-70.733379,-33.868545],[-70.732981,-33.868599],[-70.732924,-33.868605],[-70.732502,-33.868676],[-70.732502,-33.868676],[-70.73248,-33.868679],[-70.732416,-33.868689],[-70.732352,-33.8687],[-70.732286,-33.868711],[-70.732221,-33.868723],[-70.732153,-33.868735],[-70.732087,-33.868747],[-70.73202,-33.86876],[-70.731953,-33.868773],[-70.731885,-33.868787],[-70.731817,-33.868801],[-70.731748,-33.868815],[-70.731678,-33.86883],[-70.731609,-33.868844],[-70.731538,-33.868859],[-70.731468,-33.868874],[-70.731397,-33.868888],[-70.731327,-33.868903],[-70.731256,-33.868918],[-70.731186,-33.868933],[-70.731115,-33.868948],[-70.731045,-33.868963],[-70.730975,-33.868978],[-70.730905,-33.868993],[-70.730834,-33.869008],[-70.730764,-33.869023],[-70.730694,-33.869038],[-70.730625,-33.869053],[-70.730555,-33.869068],[-70.730486,-33.869082],[-70.730417,-33.869096],[-70.730349,-33.86911],[-70.730281,-33.869124],[-70.730213,-33.869138],[-70.730146,-33.869152],[-70.730079,-33.869166],[-70.730013,-33.86918],[-70.729946,-33.869194],[-70.729879,-33.869208],[-70.729811,-33.869222],[-70.729744,-33.869236],[-70.729676,-33.86925],[-70.729609,-33.869264],[-70.729541,-33.869278],[-70.729474,-33.869292],[-70.729407,-33.869306],[-70.72934,-33.86932],[-70.729273,-33.869333],[-70.729206,-33.869348],[-70.72914,-33.869361],[-70.729075,-33.869375],[-70.729009,-33.869388],[-70.728944,-33.869402],[-70.72888,-33.869416],[-70.728816,-33.869429],[-70.728752,-33.869442],[-70.72869,-33.869455],[-70.728629,-33.869467],[-70.72857,-33.869479],[-70.728513,-33.869492],[-70.728457,-33.869503],[-70.728404,-33.869514],[-70.728336,-33.869529],[-70.72827,-33.869543],[-70.728205,-33.869556],[-70.728139,-33.869571],[-70.728073,-33.869584],[-70.728003,-33.869597],[-70.727949,-33.869607],[-70.727894,-33.869615],[-70.727839,-33.869623],[-70.727784,-33.86963],[-70.727728,-33.869637],[-70.727672,-33.869643],[-70.727616,-33.869648],[-70.727559,-33.869653],[-70.727502,-33.869657],[-70.727445,-33.869661],[-70.727389,-33.869664],[-70.727333,-33.869667],[-70.727277,-33.869669],[-70.727222,-33.86967],[-70.72715,-33.869672],[-70.72708,-33.869675],[-70.727012,-33.86968],[-70.726945,-33.869687],[-70.72688,-33.869697],[-70.726818,-33.86971],[-70.726757,-33.869726],[-70.726698,-33.869744],[-70.726642,-33.869765],[-70.726587,-33.869788],[-70.726534,-33.869813],[-70.726482,-33.86984],[-70.726431,-33.86987],[-70.72638,-33.8699],[-70.726366,-33.869909],[-70.726328,-33.869932],[-70.726276,-33.869964],[-70.726223,-33.869996],[-70.726184,-33.870019],[-70.72617,-33.870028],[-70.726116,-33.870059],[-70.726062,-33.870089],[-70.726006,-33.870118],[-70.72595,-33.870146],[-70.72589,-33.870171],[-70.725827,-33.870192],[-70.725761,-33.87021],[-70.725693,-33.870226],[-70.725622,-33.870238],[-70.72555,-33.870247],[-70.725478,-33.870254],[-70.725422,-33.870258],[-70.725366,-33.870259],[-70.725308,-33.87026],[-70.725251,-33.87026],[-70.725194,-33.87026],[-70.725138,-33.87026],[-70.725082,-33.870261],[-70.725026,-33.870262],[-70.72497,-33.870265],[-70.724913,-33.870267],[-70.724859,-33.870271],[-70.724803,-33.870276],[-70.724748,-33.870282],[-70.724695,-33.870289],[-70.724642,-33.870297],[-70.724573,-33.870309],[-70.724507,-33.870321],[-70.724444,-33.870335],[-70.724383,-33.870348],[-70.724324,-33.870361],[-70.724265,-33.870373],[-70.724205,-33.870386],[-70.724142,-33.870399],[-70.723697,-33.870494],[-70.723643,-33.870505],[-70.723586,-33.870517],[-70.723531,-33.870529],[-70.723476,-33.87054],[-70.723423,-33.870551],[-70.72337,-33.870562],[-70.7233,-33.870576],[-70.723233,-33.87059],[-70.723167,-33.870604],[-70.723102,-33.870618],[-70.723039,-33.870632],[-70.722976,-33.870646],[-70.722912,-33.87066],[-70.722849,-33.870674],[-70.722788,-33.870688],[-70.722729,-33.870701],[-70.722674,-33.870713],[-70.722621,-33.870724],[-70.722568,-33.870737],[-70.722516,-33.87075],[-70.722463,-33.870764],[-70.722412,-33.870778],[-70.72236,-33.870792],[-70.722308,-33.870806],[-70.722253,-33.870822],[-70.722245,-33.870825],[-70.722184,-33.870844],[-70.722127,-33.870862],[-70.722074,-33.87088],[-70.722023,-33.870895],[-70.721966,-33.870915],[-70.721914,-33.870935],[-70.721857,-33.870958],[-70.721601,-33.871052],[-70.721547,-33.871073],[-70.721495,-33.871092],[-70.72144,-33.871113],[-70.721386,-33.871132],[-70.72133,-33.871152],[-70.72128,-33.871172],[-70.721227,-33.871192],[-70.721175,-33.871212],[-70.721122,-33.871231],[-70.721067,-33.871251],[-70.721009,-33.871273],[-70.720957,-33.871291],[-70.720906,-33.87131],[-70.720856,-33.871329],[-70.720799,-33.87135],[-70.720744,-33.87137],[-70.720692,-33.871389],[-70.720639,-33.871408],[-70.720583,-33.871429],[-70.720532,-33.871446],[-70.72048,-33.871465],[-70.720423,-33.871486],[-70.720367,-33.871507],[-70.720308,-33.871528],[-70.720258,-33.871547],[-70.720207,-33.871565],[-70.720156,-33.871584],[-70.720103,-33.871603],[-70.72005,-33.871622],[-70.719996,-33.871641],[-70.719941,-33.871661],[-70.719884,-33.871681],[-70.719827,-33.871702],[-70.719768,-33.871724],[-70.719709,-33.871745],[-70.719651,-33.871767],[-70.719592,-33.871788],[-70.71934,-33.871878],[-70.719281,-33.8719],[-70.719222,-33.871921],[-70.719118,-33.871959],[-70.719057,-33.87198],[-70.718996,-33.872001],[-70.718904,-33.872036],[-70.718842,-33.872058],[-70.71869,-33.872113],[-70.71863,-33.872135],[-70.71857,-33.872156],[-70.718511,-33.872177],[-70.718452,-33.872198],[-70.718394,-33.872219],[-70.718337,-33.872239],[-70.71828,-33.87226],[-70.718225,-33.872281],[-70.718169,-33.872301],[-70.718113,-33.87232],[-70.718059,-33.87234],[-70.718005,-33.872359],[-70.717951,-33.872378],[-70.717899,-33.872397],[-70.717847,-33.872416],[-70.717795,-33.872435],[-70.717743,-33.872454],[-70.717689,-33.872474],[-70.717632,-33.872494],[-70.717573,-33.872516],[-70.717513,-33.872537],[-70.717452,-33.872559],[-70.71739,-33.872581],[-70.717326,-33.872604],[-70.717262,-33.872627],[-70.717197,-33.87265],[-70.717132,-33.872673],[-70.717066,-33.872697],[-70.717016,-33.872715],[-70.716966,-33.872732],[-70.716916,-33.87275],[-70.716866,-33.872768],[-70.716815,-33.872787],[-70.716764,-33.872805],[-70.716713,-33.872823],[-70.716662,-33.872842],[-70.716611,-33.87286],[-70.71656,-33.872878],[-70.71651,-33.872896],[-70.716459,-33.872915],[-70.716409,-33.872933],[-70.716358,-33.872951],[-70.716308,-33.872969],[-70.716258,-33.872987],[-70.716192,-33.87301],[-70.716128,-33.873034],[-70.716063,-33.873057],[-70.715999,-33.87308],[-70.715935,-33.873103],[-70.715872,-33.873125],[-70.71581,-33.873147],[-70.715748,-33.873169],[-70.715686,-33.873191],[-70.715626,-33.873212],[-70.715565,-33.873234],[-70.715505,-33.873256],[-70.715445,-33.873277],[-70.715385,-33.873299],[-70.715324,-33.873321],[-70.715262,-33.873344],[-70.715198,-33.873367],[-70.715148,-33.873385],[-70.715097,-33.873403],[-70.715046,-33.873422],[-70.714995,-33.87344],[-70.714944,-33.873458],[-70.714893,-33.873477],[-70.71484,-33.873495],[-70.714789,-33.873513],[-70.714739,-33.87353],[-70.714688,-33.873548],[-70.714637,-33.873567],[-70.714587,-33.873585],[-70.714536,-33.873603],[-70.714485,-33.873622],[-70.714434,-33.87364],[-70.714383,-33.873658],[-70.714331,-33.873677],[-70.71428,-33.873696],[-70.714228,-33.873714],[-70.714177,-33.873732],[-70.714125,-33.873751],[-70.714073,-33.873769],[-70.714021,-33.873788],[-70.713969,-33.873807],[-70.713916,-33.873825],[-70.713864,-33.873844],[-70.713812,-33.873862],[-70.713759,-33.873881],[-70.713707,-33.873899],[-70.713654,-33.873918],[-70.713602,-33.873937],[-70.713549,-33.873955],[-70.713497,-33.873974],[-70.713445,-33.873993],[-70.713392,-33.874012],[-70.71334,-33.87403],[-70.713288,-33.874049],[-70.713236,-33.874067],[-70.713184,-33.874086],[-70.713132,-33.874104],[-70.71308,-33.874122],[-70.713028,-33.874141],[-70.712976,-33.874159],[-70.712925,-33.874178],[-70.712873,-33.874196],[-70.712823,-33.874215],[-70.712756,-33.874241],[-70.712704,-33.874259],[-70.712653,-33.874278],[-70.712601,-33.874295],[-70.712551,-33.874313],[-70.7125,-33.874332],[-70.712449,-33.87435],[-70.712399,-33.874369],[-70.712348,-33.874388],[-70.712297,-33.874407],[-70.712246,-33.874425],[-70.712196,-33.874444],[-70.712146,-33.874462],[-70.712095,-33.874479],[-70.712046,-33.874497],[-70.71198,-33.874521],[-70.711914,-33.874545],[-70.711848,-33.874568],[-70.711783,-33.874591],[-70.711718,-33.874614],[-70.711653,-33.874638],[-70.711589,-33.874661],[-70.711525,-33.874686],[-70.71146,-33.87471],[-70.711397,-33.874733],[-70.711334,-33.874757],[-70.711271,-33.874782],[-70.711208,-33.874806],[-70.711145,-33.87483],[-70.711083,-33.874854],[-70.711057,-33.874864],[-70.71102,-33.874879],[-70.710958,-33.874904],[-70.710895,-33.874929],[-70.710833,-33.874954],[-70.710771,-33.874979],[-70.710709,-33.875004],[-70.710647,-33.875031],[-70.710585,-33.875057],[-70.710523,-33.875083],[-70.71046,-33.875109],[-70.710397,-33.875134],[-70.710335,-33.875161],[-70.710273,-33.875186],[-70.710211,-33.875213],[-70.710149,-33.875239],[-70.710086,-33.875264],[-70.710025,-33.87529],[-70.709963,-33.875316],[-70.709901,-33.875342],[-70.709839,-33.875368],[-70.709777,-33.875395],[-70.709716,-33.875421],[-70.709654,-33.875447],[-70.709593,-33.875473],[-70.709532,-33.875499],[-70.709471,-33.875525],[-70.709411,-33.87555],[-70.70935,-33.875576],[-70.709291,-33.875601],[-70.709231,-33.875626],[-70.709172,-33.875651],[-70.709114,-33.875676],[-70.709056,-33.875701],[-70.708999,-33.875725],[-70.708943,-33.875749],[-70.708888,-33.875773],[-70.708834,-33.875796],[-70.70878,-33.875819],[-70.708728,-33.875842],[-70.708676,-33.875863],[-70.708624,-33.875882],[-70.708558,-33.875901],[-70.70849,-33.875912],[-70.708421,-33.87591],[-70.708354,-33.875896],[-70.708292,-33.875875],[-70.708232,-33.875851],[-70.708172,-33.875825],[-70.708124,-33.875804],[-70.708074,-33.875783],[-70.708022,-33.87576],[-70.707969,-33.875738],[-70.707916,-33.875716],[-70.707861,-33.875696],[-70.707805,-33.87568],[-70.707746,-33.875667],[-70.707687,-33.87566],[-70.707626,-33.875657],[-70.707564,-33.875659],[-70.707503,-33.875666],[-70.707442,-33.875678],[-70.707381,-33.875693],[-70.707321,-33.875712],[-70.70726,-33.875734],[-70.7072,-33.875757],[-70.707139,-33.875782],[-70.707078,-33.875808],[-70.707016,-33.875834],[-70.706952,-33.87586],[-70.706887,-33.875886],[-70.706838,-33.875906],[-70.706789,-33.875925],[-70.706739,-33.875945],[-70.706673,-33.875968],[-70.706606,-33.875991],[-70.706538,-33.87601],[-70.70647,-33.876025],[-70.7064,-33.876035],[-70.706331,-33.87604],[-70.706261,-33.876041],[-70.706192,-33.876038],[-70.706123,-33.876031],[-70.706054,-33.87602],[-70.705987,-33.876005],[-70.70592,-33.875989],[-70.705855,-33.875972],[-70.705789,-33.875954],[-70.705724,-33.875935],[-70.705658,-33.875915],[-70.705591,-33.875895],[-70.705524,-33.875875],[-70.705456,-33.875856],[-70.705389,-33.875836],[-70.705322,-33.87582],[-70.705256,-33.875807],[-70.705191,-33.875797],[-70.705137,-33.875793]]]},"properties":{"id":"OC-134040025","OBJECTID":20562,"nombre":"G-555","escala":"Otras carteras","comunas":"Paine","macrozona":null,"km":3.5,"n_priori":null,"anteproyec":"EN EJECUCIÓN","centerLng":-70.722199,"centerLat":-33.871497,"kind":"proyecto","categoria":"Otras carteras","cartera":"MOP","etapa":"ejecución","tipo":"smp","inicio":"KM 0","fin":"KM 3,5","origen":"Otras carteras"}},{"type":"Feature","geometry":{"type":"MultiLineString","coordinates":[[[-70.750143,-33.81292],[-70.750221,-33.812912],[-70.750352,-33.812897],[-70.750516,-33.812872],[-70.750622,-33.812848],[-70.750742,-33.812801],[-70.75087,-33.812727],[-70.750963,-33.812622],[-70.751039,-33.812504],[-70.751101,-33.812395],[-70.75117,-33.812272],[-70.75124,-33.812145],[-70.75131,-33.812018],[-70.751382,-33.811891],[-70.751453,-33.811759],[-70.75153,-33.811622],[-70.751605,-33.811482],[-70.751661,-33.811382],[-70.751722,-33.811268],[-70.751744,-33.811223],[-70.751758,-33.811195],[-70.751827,-33.81109],[-70.751909,-33.810999],[-70.751991,-33.810943],[-70.752087,-33.810903],[-70.752225,-33.810875],[-70.752562,-33.810845],[-70.752927,-33.810812],[-70.753049,-33.810785],[-70.753142,-33.810755],[-70.753218,-33.810741],[-70.753778,-33.810688],[-70.753806,-33.810685],[-70.753815,-33.810684],[-70.755875,-33.810483],[-70.757439,-33.810318],[-70.757892,-33.810271],[-70.759988,-33.810055],[-70.761706,-33.809892],[-70.76204,-33.80986],[-70.763542,-33.809699],[-70.763753,-33.80969],[-70.763855,-33.809695],[-70.76392,-33.809698],[-70.763935,-33.809699]]]},"properties":{"id":"OC-134040024","OBJECTID":20563,"nombre":"G-526","escala":"Otras carteras","comunas":"Paine","macrozona":null,"km":1.424,"n_priori":null,"anteproyec":"EN EJECUCIÓN","centerLng":-70.754076,"centerLat":-33.811243,"kind":"proyecto","categoria":"Otras carteras","cartera":"MOP","etapa":"ejecución","tipo":"smp","inicio":"KM 0","fin":"KM 1,424","origen":"Otras carteras"}},{"type":"Feature","geometry":{"type":"MultiLineString","coordinates":[[[-70.887054,-33.648858],[-70.887163,-33.64893],[-70.887278,-33.649003],[-70.887395,-33.649073],[-70.887512,-33.649143],[-70.887631,-33.649213],[-70.887752,-33.649284],[-70.887876,-33.649356],[-70.888001,-33.649428],[-70.888128,-33.649502],[-70.888256,-33.649576],[-70.888385,-33.64965],[-70.888513,-33.649725],[-70.88864,-33.649799],[-70.888767,-33.649873],[-70.888894,-33.649945],[-70.888934,-33.649967],[-70.889019,-33.650015],[-70.889143,-33.650084],[-70.889265,-33.650154],[-70.889386,-33.650222],[-70.889505,-33.650288],[-70.889623,-33.650352],[-70.889738,-33.650413],[-70.889854,-33.650472],[-70.889975,-33.650526],[-70.890098,-33.650575],[-70.890223,-33.650622],[-70.890349,-33.65067],[-70.890476,-33.650716],[-70.890605,-33.650761],[-70.890734,-33.650804],[-70.890865,-33.650846],[-70.89152,-33.651046],[-70.892531,-33.651355],[-70.892676,-33.651399],[-70.89282,-33.651441],[-70.892961,-33.651481],[-70.893101,-33.651522],[-70.89324,-33.651563],[-70.893377,-33.651603],[-70.893515,-33.651644],[-70.893652,-33.651685],[-70.893789,-33.651726],[-70.893926,-33.651767],[-70.894064,-33.651809],[-70.894205,-33.651853],[-70.894347,-33.651895],[-70.894491,-33.651939],[-70.894636,-33.651983],[-70.894784,-33.652027],[-70.894933,-33.652071],[-70.895084,-33.652116],[-70.895211,-33.652153],[-70.895314,-33.652183],[-70.895417,-33.652213],[-70.89552,-33.652243],[-70.895624,-33.652274],[-70.895728,-33.652305],[-70.895832,-33.652336],[-70.895936,-33.652367],[-70.896041,-33.652397],[-70.896145,-33.652427],[-70.89625,-33.652457],[-70.896355,-33.652487],[-70.896459,-33.652517],[-70.896563,-33.652548],[-70.896668,-33.652579],[-70.896772,-33.652609],[-70.896876,-33.65264],[-70.896979,-33.65267],[-70.897082,-33.6527],[-70.897186,-33.652729],[-70.897289,-33.652759],[-70.897392,-33.652789],[-70.897494,-33.652819],[-70.897596,-33.652849],[-70.897698,-33.652879],[-70.897826,-33.652915],[-70.897975,-33.652958],[-70.898121,-33.653],[-70.898266,-33.653042],[-70.898411,-33.653085],[-70.898556,-33.653128],[-70.898702,-33.653171],[-70.898847,-33.653215],[-70.898994,-33.653258],[-70.899141,-33.653301],[-70.89929,-33.653344],[-70.899438,-33.653386],[-70.89947,-33.653395]]]},"properties":{"id":"OC-136010015","OBJECTID":20564,"nombre":"G-78","escala":"Otras carteras","comunas":"Talagante","macrozona":null,"km":1.265,"n_priori":null,"anteproyec":"EN EJECUCIÓN","centerLng":-70.893441,"centerLat":-33.651493,"kind":"proyecto","categoria":"Otras carteras","cartera":"MOP","etapa":"ejecución","tipo":"smp","inicio":"KM 7,145","fin":"KM 8,41","origen":"Otras carteras"}},{"type":"Feature","geometry":{"type":"MultiLineString","coordinates":[[[-70.642061,-33.476305],[-70.640467,-33.476296],[-70.639725,-33.47621],[-70.636641,-33.475035]]]},"properties":{"id":"OC-131010051","OBJECTID":20565,"nombre":"Centenario","escala":"Otras carteras","comunas":"Santiago","macrozona":null,"km":0.53,"n_priori":null,"anteproyec":"EN DISEÑO","centerLng":-70.639724,"centerLat":-33.475961,"kind":"proyecto","categoria":"Otras carteras","cartera":"MINVU","etapa":"diseño","tipo":"ciclovía","inicio":"Santa Rosa","fin":"Placer","origen":"Otras carteras"}},{"type":"Feature","geometry":{"type":"MultiLineString","coordinates":[[[-70.632027,-33.47339],[-70.628221,-33.47213],[-70.626665,-33.471483],[-70.625747,-33.47062],[-70.62531,-33.470077],[-70.625054,-33.469571]]]},"properties":{"id":"OC-131010052","OBJECTID":20566,"nombre":"Placer","escala":"Otras carteras","comunas":"Santiago","macrozona":null,"km":0.8,"n_priori":null,"anteproyec":"EN DISEÑO","centerLng":-70.627171,"centerLat":-33.471212,"kind":"proyecto","categoria":"Otras carteras","cartera":"MINVU","etapa":"diseño","tipo":"ciclovía","inicio":"Lira","fin":"Vicuna Mackenna","origen":"Otras carteras"}},{"type":"Feature","geometry":{"type":"MultiLineString","coordinates":[[[-70.723661,-33.489063],[-70.723316,-33.489705],[-70.723029,-33.490275],[-70.722764,-33.490687],[-70.722468,-33.491257],[-70.722369,-33.491438],[-70.722362,-33.491664],[-70.722384,-33.494193],[-70.722391,-33.494551],[-70.722341,-33.494956],[-70.72215,-33.495317],[-70.721842,-33.495629],[-70.721285,-33.495931],[-70.718453,-33.497466],[-70.716347,-33.498583],[-70.714318,-33.499671],[-70.713887,-33.499899],[-70.713575,-33.500082],[-70.713176,-33.500238],[-70.712922,-33.500327],[-70.710648,-33.500676],[-70.709596,-33.500945]]]},"properties":{"id":"OC-131020008","OBJECTID":20567,"nombre":"Lo Ovalle - Lo Errázuriz","escala":"Otras carteras","comunas":"Cerrillos","macrozona":null,"km":2.05,"n_priori":null,"anteproyec":"EN DISEÑO","centerLng":-70.718877,"centerLat":-33.495571,"kind":"proyecto","categoria":"Otras carteras","cartera":"MINVU","etapa":"diseño","tipo":"ciclovía","inicio":"Camini a Melipilla","fin":"Rosa Ester Rodríguez","origen":"Otras carteras"}},{"type":"Feature","geometry":{"type":"MultiLineString","coordinates":[[[-70.689702,-33.484509],[-70.699625,-33.495896],[-70.699716,-33.496007],[-70.705915,-33.503025]]]},"properties":{"id":"OC-131020010","OBJECTID":20568,"nombre":"Av. Portal Oriente","escala":"Otras carteras","comunas":"Cerrillos","macrozona":null,"km":2.5,"n_priori":null,"anteproyec":"EN DISEÑO","centerLng":-70.698739,"centerLat":-33.494859,"kind":"proyecto","categoria":"Otras carteras","cartera":"MINVU","etapa":"diseño","tipo":"ciclovía","inicio":"Av. Departamental","fin":"Lo Errázuriz","origen":"Otras carteras"}},{"type":"Feature","geometry":{"type":"MultiLineString","coordinates":[[[-70.704082,-33.493537],[-70.702561,-33.494337],[-70.70114,-33.495157],[-70.699698,-33.49599]]]},"properties":{"id":"OC-131020011","OBJECTID":20569,"nombre":"Las Américas Sur","escala":"Otras carteras","comunas":"Cerrillos","macrozona":null,"km":0.5,"n_priori":null,"anteproyec":"EN DISEÑO","centerLng":-70.70187,"centerLat":-33.494755,"kind":"proyecto","categoria":"Otras carteras","cartera":"MINVU","etapa":"diseño","tipo":"ciclovía","inicio":"Pedro Aguirre Cerda","fin":"Portal Oriente","origen":"Otras carteras"}},{"type":"Feature","geometry":{"type":"MultiLineString","coordinates":[[[-70.703985,-33.493454],[-70.70248,-33.494257],[-70.701482,-33.49481],[-70.699644,-33.49591]]]},"properties":{"id":"OC-131020012","OBJECTID":20570,"nombre":"Las Américas Norte","escala":"Otras carteras","comunas":"Cerrillos","macrozona":null,"km":0.5,"n_priori":null,"anteproyec":"EN DISEÑO","centerLng":-70.701898,"centerLat":-33.494608,"kind":"proyecto","categoria":"Otras carteras","cartera":"MINVU","etapa":"diseño","tipo":"ciclovía","inicio":"Pedro Aguirre Cerda","fin":"Portal Oriente","origen":"Otras carteras"}},{"type":"Feature","geometry":{"type":"MultiLineString","coordinates":[[[-70.698582,-33.496533],[-70.695979,-33.497978]]]},"properties":{"id":"OC-131020019","OBJECTID":20571,"nombre":"Las Américas","escala":"Otras carteras","comunas":"Cerrillos","macrozona":null,"km":0.39,"n_priori":null,"anteproyec":"EN DISEÑO","centerLng":-70.697281,"centerLat":-33.497256,"kind":"proyecto","categoria":"Otras carteras","cartera":"Privados","etapa":"diseño","tipo":"ciclovía","inicio":"Calle Local 2","fin":"Calle Nueva 5","origen":"Otras carteras"}},{"type":"Feature","geometry":{"type":"MultiLineString","coordinates":[[[-70.741419,-33.418369],[-70.737333,-33.418403],[-70.7321,-33.419385]]]},"properties":{"id":"OC-131030005","OBJECTID":20572,"nombre":"Salvador Gutiérrez","escala":"Otras carteras","comunas":"Cerro Navia","macrozona":null,"km":0.8,"n_priori":null,"anteproyec":"EN DISEÑO","centerLng":-70.736951,"centerLat":-33.418719,"kind":"proyecto","categoria":"Otras carteras","cartera":"MINVU","etapa":"diseño","tipo":"ciclovía","inicio":"Huelén","fin":"Lo Duarte","origen":"Otras carteras"}},{"type":"Feature","geometry":{"type":"MultiLineString","coordinates":[[[-70.692601,-33.426801],[-70.692843,-33.428248],[-70.693099,-33.429516],[-70.693572,-33.431733],[-70.693607,-33.433903],[-70.693623,-33.43459],[-70.693522,-33.435306]]]},"properties":{"id":"OC-131260038","OBJECTID":20573,"nombre":"Mendoza-Córdova y Figueroa","escala":"Otras carteras","comunas":"Quinta Normal","macrozona":null,"km":0.94,"n_priori":null,"anteproyec":"EN DISEÑO","centerLng":-70.693267,"centerLat":-33.431442,"kind":"proyecto","categoria":"Otras carteras","cartera":"MINVU","etapa":"diseño","tipo":"ciclovía","inicio":"Salvador Gutierrez","fin":"Martinez de Rozas","origen":"Otras carteras"}},{"type":"Feature","geometry":{"type":"MultiLineString","coordinates":[[[-70.666742,-33.546402],[-70.668124,-33.551461],[-70.668275,-33.552013],[-70.668695,-33.55355],[-70.668837,-33.554069],[-70.66983,-33.557703],[-70.670523,-33.56024],[-70.670766,-33.561151],[-70.671013,-33.562078],[-70.672507,-33.567675],[-70.673441,-33.571176],[-70.673509,-33.571405],[-70.673529,-33.571473],[-70.675003,-33.576493],[-70.675486,-33.578138],[-70.67577,-33.579107],[-70.676722,-33.582346],[-70.676759,-33.582485]]]},"properties":{"id":"OC-131050023","OBJECTID":20574,"nombre":"Padre Hurtado","escala":"Otras carteras","comunas":"El Bosque","macrozona":null,"km":3.74,"n_priori":null,"anteproyec":"EN DISEÑO","centerLng":-70.671974,"centerLat":-33.565498,"kind":"proyecto","categoria":"Otras carteras","cartera":"MINVU","etapa":"diseño","tipo":"ciclovía","inicio":"Vicuna Mackenna","fin":"Lo Blanco","origen":"Otras carteras"}},{"type":"Feature","geometry":{"type":"MultiLineString","coordinates":[[[-70.719522,-33.462122],[-70.718395,-33.464676],[-70.718195,-33.464727],[-70.718104,-33.464873],[-70.716119,-33.469611],[-70.716103,-33.469648]]]},"properties":{"id":"OC-131060013","OBJECTID":20575,"nombre":"Vista Hermosa","escala":"Otras carteras","comunas":"Estación Central","macrozona":null,"km":0.9,"n_priori":null,"anteproyec":"EN DISEÑO","centerLng":-70.71774,"centerLat":-33.465943,"kind":"proyecto","categoria":"Otras carteras","cartera":"Municipios","etapa":"diseño","tipo":"ciclovía","inicio":"Gladys Marin","fin":"5 De Abril","origen":"Otras carteras"}},{"type":"Feature","geometry":{"type":"MultiLineString","coordinates":[[[-70.705608,-33.457503],[-70.705275,-33.461662],[-70.705098,-33.464528],[-70.705092,-33.464578],[-70.705085,-33.464629],[-70.705064,-33.464801],[-70.7047,-33.468773],[-70.704518,-33.470434],[-70.704391,-33.471396],[-70.704315,-33.471858],[-70.703874,-33.473544],[-70.703393,-33.475032],[-70.70339,-33.47504],[-70.7031,-33.475961],[-70.703096,-33.475972],[-70.702844,-33.476841],[-70.70276,-33.477711],[-70.702671,-33.478126],[-70.702486,-33.478477],[-70.702213,-33.478832],[-70.700942,-33.479778]]]},"properties":{"id":"OC-131060018","OBJECTID":20576,"nombre":"Las Rejas","escala":"Otras carteras","comunas":"Estación Central","macrozona":null,"km":2.53,"n_priori":null,"anteproyec":"EN DISEÑO","centerLng":-70.703805,"centerLat":-33.471689,"kind":"proyecto","categoria":"Otras carteras","cartera":"MTT","etapa":"diseño","tipo":"ciclovía","inicio":"Alameda","fin":"Ferrocarril","origen":"Otras carteras"}},{"type":"Feature","geometry":{"type":"MultiLineString","coordinates":[[[-70.689716,-33.468053],[-70.689774,-33.467995],[-70.689866,-33.466957],[-70.689989,-33.466468],[-70.690019,-33.465603],[-70.690085,-33.464162],[-70.690124,-33.462694],[-70.690149,-33.462498],[-70.690209,-33.462434],[-70.690382,-33.462432],[-70.690432,-33.462422],[-70.690445,-33.462178],[-70.690517,-33.461978],[-70.690469,-33.461753],[-70.690511,-33.460963],[-70.690529,-33.460595],[-70.690576,-33.459838],[-70.690613,-33.459157],[-70.690613,-33.459099],[-70.690614,-33.459036],[-70.690687,-33.458863],[-70.690795,-33.458531],[-70.690802,-33.458511],[-70.691043,-33.457829],[-70.69126,-33.457124],[-70.691659,-33.455844],[-70.69196,-33.454885],[-70.69215,-33.454307],[-70.692201,-33.454165],[-70.692225,-33.454098],[-70.692645,-33.452963],[-70.693014,-33.451777]]]},"properties":{"id":"OC-131060021","OBJECTID":20577,"nombre":"Temuco-Toro Mazotte","escala":"Otras carteras","comunas":"Estación Central","macrozona":null,"km":1.86,"n_priori":null,"anteproyec":"EN DISEÑO","centerLng":-70.690815,"centerLat":-33.460163,"kind":"proyecto","categoria":"Otras carteras","cartera":"MTT","etapa":"diseño","tipo":"ciclovía","inicio":"Ecuador","fin":"Canal Colector","origen":"Otras carteras"}},{"type":"Feature","geometry":{"type":"MultiLineString","coordinates":[[[-70.685627,-33.450876],[-70.685143,-33.452417],[-70.685089,-33.452521],[-70.685032,-33.452633],[-70.684491,-33.454042],[-70.683952,-33.455342],[-70.683915,-33.455457],[-70.683997,-33.457128],[-70.684032,-33.458001],[-70.684051,-33.458986],[-70.68406,-33.459041],[-70.684068,-33.459097],[-70.684107,-33.459422],[-70.684183,-33.461493],[-70.684255,-33.462435],[-70.684339,-33.464181],[-70.684414,-33.46603],[-70.68446,-33.466927],[-70.684528,-33.468185],[-70.684608,-33.468784],[-70.684584,-33.469257],[-70.684675,-33.470042],[-70.684707,-33.4704],[-70.684682,-33.470979],[-70.684748,-33.471562],[-70.684767,-33.472189],[-70.68476,-33.472556],[-70.684715,-33.472641],[-70.68464,-33.472702],[-70.684181,-33.47313]]]},"properties":{"id":"OC-131060022","OBJECTID":20578,"nombre":"Obispo Manuel Umana","escala":"Otras carteras","comunas":"Estación Central","macrozona":null,"km":2.52,"n_priori":null,"anteproyec":"EN DISEÑO","centerLng":-70.684494,"centerLat":-33.463282,"kind":"proyecto","categoria":"Otras carteras","cartera":"MTT","etapa":"diseño","tipo":"ciclovía","inicio":"Ecuador","fin":"Pedro Aguirre Cerda","origen":"Otras carteras"}},{"type":"Feature","geometry":{"type":"MultiLineString","coordinates":[[[-70.6935,-33.459581],[-70.693494,-33.459607],[-70.693456,-33.459757],[-70.693437,-33.460025],[-70.6934,-33.460752],[-70.693377,-33.461011],[-70.69334,-33.461873],[-70.693321,-33.462398],[-70.693277,-33.463263],[-70.693235,-33.463884],[-70.693215,-33.464354],[-70.6932,-33.464674],[-70.693178,-33.465216],[-70.693156,-33.465768],[-70.693111,-33.466952],[-70.693135,-33.467458],[-70.693099,-33.468519],[-70.693033,-33.470134],[-70.693004,-33.470344],[-70.693001,-33.470398]]]},"properties":{"id":"OC-131060025","OBJECTID":20579,"nombre":"Padre Vicente Irarrazaval-Manuel Chacon","escala":"Otras carteras","comunas":"Estación Central","macrozona":null,"km":1.2,"n_priori":null,"anteproyec":"EN DISEÑO","centerLng":-70.693248,"centerLat":-33.464298,"kind":"proyecto","categoria":"Otras carteras","cartera":"Privados","etapa":"diseño","tipo":"ciclovía","inicio":"5 De Abril","fin":"Canal Colector","origen":"Otras carteras"}},{"type":"Feature","geometry":{"type":"MultiLineString","coordinates":[[[-70.704846,-33.357128],[-70.704827,-33.357122],[-70.703862,-33.356844],[-70.703607,-33.356877],[-70.70342,-33.356957],[-70.703281,-33.357002],[-70.703166,-33.357036],[-70.702085,-33.357665],[-70.700988,-33.35827],[-70.700662,-33.358441],[-70.69941,-33.358967],[-70.69831,-33.35942],[-70.697729,-33.359629],[-70.695929,-33.359907],[-70.695409,-33.359988],[-70.693472,-33.359952],[-70.692355,-33.359882],[-70.691253,-33.359749],[-70.690327,-33.359813],[-70.689977,-33.359724],[-70.689217,-33.359769],[-70.687698,-33.359913],[-70.686336,-33.360055],[-70.685481,-33.360136],[-70.685379,-33.359124],[-70.682982,-33.359336],[-70.682182,-33.359417],[-70.681962,-33.359452],[-70.681045,-33.359641],[-70.679479,-33.359995],[-70.678079,-33.36029],[-70.675757,-33.360576],[-70.67552,-33.360689],[-70.67417,-33.360828],[-70.672218,-33.36104],[-70.670819,-33.361211],[-70.670651,-33.361249],[-70.670453,-33.361294],[-70.670037,-33.361442],[-70.669782,-33.361515],[-70.667246,-33.362072],[-70.665425,-33.362472],[-70.664565,-33.362661],[-70.659147,-33.363858],[-70.659147,-33.363858],[-70.659139,-33.36386],[-70.650491,-33.36906],[-70.650236,-33.369069],[-70.649969,-33.369148],[-70.649136,-33.369754],[-70.649047,-33.369739],[-70.648925,-33.36973],[-70.648818,-33.369801],[-70.6488,-33.369888],[-70.648821,-33.369952],[-70.647527,-33.37087],[-70.646857,-33.371249],[-70.644775,-33.37206],[-70.644137,-33.372143],[-70.641127,-33.372559],[-70.63871,-33.372891],[-70.638433,-33.373104],[-70.638333,-33.373218],[-70.638357,-33.374156],[-70.638282,-33.37427],[-70.638188,-33.374336],[-70.637793,-33.374416],[-70.637046,-33.374501],[-70.636957,-33.374473],[-70.636898,-33.374455],[-70.636824,-33.374252],[-70.636566,-33.374132],[-70.636392,-33.374064],[-70.636137,-33.374068],[-70.635901,-33.374103],[-70.63472,-33.374521],[-70.633964,-33.374788],[-70.633851,-33.374902],[-70.633323,-33.375081],[-70.632218,-33.375471],[-70.630739,-33.376011],[-70.62915,-33.376563],[-70.627448,-33.377164],[-70.626615,-33.377422],[-70.626429,-33.377366],[-70.625955,-33.377313],[-70.625609,-33.377296],[-70.625204,-33.377505],[-70.624395,-33.378041],[-70.623821,-33.37843],[-70.623112,-33.379147],[-70.622253,-33.380102],[-70.621731,-33.38056],[-70.621377,-33.380774],[-70.620952,-33.380972],[-70.620497,-33.381222]]]},"properties":{"id":"OC-131070013","OBJECTID":20580,"nombre":"Lo Marcoleta","escala":"Otras carteras","comunas":"Huechuraba","macrozona":null,"km":8.83,"n_priori":null,"anteproyec":"EN DISEÑO","centerLng":-70.659497,"centerLat":-33.367523,"kind":"proyecto","categoria":"Otras carteras","cartera":"MINVU","etapa":"diseño","tipo":"ciclovía","inicio":"Caletera Presidente Eduardo Frei","fin":"El Salto","origen":"Otras carteras"}},{"type":"Feature","geometry":{"type":"MultiLineString","coordinates":[[[-70.656752,-33.376739],[-70.656634,-33.376453],[-70.65549,-33.373683],[-70.660356,-33.371698],[-70.65918,-33.364076],[-70.659147,-33.363858],[-70.65803,-33.356288],[-70.659639,-33.356038],[-70.662692,-33.354864],[-70.664663,-33.353971],[-70.667825,-33.35265],[-70.668336,-33.352538],[-70.668879,-33.352494],[-70.670142,-33.35254],[-70.670565,-33.352642],[-70.670572,-33.352644]]]},"properties":{"id":"OC-131070014","OBJECTID":20581,"nombre":"Guanaco Norte","escala":"Otras carteras","comunas":"Huechuraba","macrozona":null,"km":3.84,"n_priori":null,"anteproyec":"EN DISEÑO","centerLng":-70.663056,"centerLat":-33.360198,"kind":"proyecto","categoria":"Otras carteras","cartera":"MINVU","etapa":"diseño","tipo":"ciclovía","inicio":"Pedro Fontova","fin":"Américo Vespucio","origen":"Otras carteras"}},{"type":"Feature","geometry":{"type":"MultiLineString","coordinates":[[[-70.67103,-33.51075],[-70.67026,-33.511028],[-70.669349,-33.511307],[-70.668466,-33.511565],[-70.667102,-33.511985],[-70.666096,-33.512277],[-70.66495,-33.512627],[-70.664288,-33.512814],[-70.662958,-33.513226],[-70.660874,-33.513847],[-70.65954,-33.51425],[-70.658237,-33.514637],[-70.658086,-33.514681],[-70.657694,-33.514784],[-70.655764,-33.515156],[-70.653541,-33.515611],[-70.65129,-33.516054],[-70.649029,-33.516498],[-70.646796,-33.516934],[-70.637608,-33.51891],[-70.636616,-33.518773]]]},"properties":{"id":"OC-131090010","OBJECTID":20582,"nombre":"Lo Ovalle","escala":"Otras carteras","comunas":"La Cisterna","macrozona":null,"km":3.55,"n_priori":null,"anteproyec":"EN DISEÑO","centerLng":-70.658551,"centerLat":-33.514177,"kind":"proyecto","categoria":"Otras carteras","cartera":"MINVU","etapa":"diseño","tipo":"ciclovía","inicio":"Gran Avenida","fin":"Santa Rosa","origen":"Otras carteras"}},{"type":"Feature","geometry":{"type":"MultiLineString","coordinates":[[[-70.665674,-33.542624],[-70.6664,-33.545186],[-70.666691,-33.546214],[-70.666742,-33.546402]]]},"properties":{"id":"OC-131090011","OBJECTID":20583,"nombre":"Padre Hurtado","escala":"Otras carteras","comunas":"La Cisterna","macrozona":null,"km":0.43,"n_priori":null,"anteproyec":"EN DISEÑO","centerLng":-70.666377,"centerLat":-33.545107,"kind":"proyecto","categoria":"Otras carteras","cartera":"MINVU","etapa":"diseño","tipo":"ciclovía","inicio":"Vicuna Mackenna","fin":"San Jose","origen":"Otras carteras"}},{"type":"Feature","geometry":{"type":"MultiLineString","coordinates":[[[-70.62905,-33.585857],[-70.6307,-33.5861],[-70.631726,-33.585847],[-70.632848,-33.586037],[-70.634995,-33.588104],[-70.638284,-33.587786],[-70.638738,-33.587669],[-70.639467,-33.587596],[-70.642633,-33.587334],[-70.646152,-33.587033],[-70.648041,-33.586889],[-70.650095,-33.586742],[-70.650953,-33.586631],[-70.65283,-33.586403],[-70.655285,-33.58608],[-70.655641,-33.586068],[-70.655855,-33.586073],[-70.656411,-33.586073],[-70.656847,-33.586024],[-70.658402,-33.585832],[-70.663232,-33.58521]]]},"properties":{"id":"OC-131120017","OBJECTID":20584,"nombre":"Lo Blanco","escala":"Otras carteras","comunas":"La Pintana","macrozona":null,"km":3.26,"n_priori":null,"anteproyec":"EN DISEÑO","centerLng":-70.646104,"centerLat":-33.586542,"kind":"proyecto","categoria":"Otras carteras","cartera":"MINVU","etapa":"diseño","tipo":"ciclovía","inicio":"San Francisco","fin":"Santa Rosa","origen":"Otras carteras"}},{"type":"Feature","geometry":{"type":"MultiLineString","coordinates":[[[-70.612383,-33.570532],[-70.612953,-33.570577],[-70.613619,-33.570676],[-70.61446,-33.571334],[-70.615053,-33.572232],[-70.615598,-33.573038],[-70.615939,-33.573533],[-70.616714,-33.574494],[-70.617628,-33.575166],[-70.619068,-33.576254],[-70.621387,-33.576963],[-70.623468,-33.577436],[-70.62511,-33.577391],[-70.629086,-33.577074],[-70.629628,-33.577061],[-70.633658,-33.576729]]]},"properties":{"id":"OC-131120018","OBJECTID":20585,"nombre":"Canal Troncal San Francisco","escala":"Otras carteras","comunas":"La Pintana","macrozona":null,"km":2.39,"n_priori":null,"anteproyec":"EN DISEÑO","centerLng":-70.619735,"centerLat":-33.574406,"kind":"proyecto","categoria":"Otras carteras","cartera":"MINVU","etapa":"diseño","tipo":"ciclovía","inicio":"Patagonia","fin":"Acceso Sur","origen":"Otras carteras"}},{"type":"Feature","geometry":{"type":"MultiLineString","coordinates":[[[-70.572343,-33.458985],[-70.57207,-33.458267],[-70.571732,-33.457102],[-70.571318,-33.455477],[-70.571036,-33.454554],[-70.570803,-33.453511],[-70.570743,-33.453047],[-70.570947,-33.45176],[-70.571388,-33.449364],[-70.571612,-33.448084],[-70.571629,-33.447989],[-70.57199,-33.4459],[-70.572352,-33.443915],[-70.572579,-33.442544],[-70.572749,-33.441457],[-70.572964,-33.440241],[-70.573122,-33.439257],[-70.573347,-33.438335],[-70.573529,-33.437887]]]},"properties":{"id":"OC-131130017","OBJECTID":20586,"nombre":"Americo Vespucio Oriente","escala":"Otras carteras","comunas":"La Reina","macrozona":null,"km":2.158,"n_priori":null,"anteproyec":"EN EJECUCIÓN","centerLng":-70.572013,"centerLat":-33.448299,"kind":"proyecto","categoria":"Otras carteras","cartera":"MOP","etapa":"ejecución","tipo":"ciclovía","inicio":"Principe de Gales","fin":"José Arrieta","origen":"Otras carteras"}},{"type":"Feature","geometry":{"type":"MultiLineString","coordinates":[[[-70.573529,-33.437887],[-70.573573,-33.43775],[-70.573631,-33.437572],[-70.574316,-33.433483],[-70.574516,-33.4323],[-70.574594,-33.431261]]]},"properties":{"id":"OC-131130021","OBJECTID":20587,"nombre":"Américo Vespucio Oriente","escala":"Otras carteras","comunas":"La Reina","macrozona":null,"km":0.74,"n_priori":null,"anteproyec":"EN EJECUCIÓN","centerLng":-70.574027,"centerLat":-33.435042,"kind":"proyecto","categoria":"Otras carteras","cartera":"MOP","etapa":"ejecución","tipo":"ciclovía","inicio":"Francisco Bilbao","fin":"Príncipe de Gales","origen":"Otras carteras"}},{"type":"Feature","geometry":{"type":"MultiLineString","coordinates":[[[-70.695417,-33.502072],[-70.682943,-33.506463],[-70.671281,-33.51066],[-70.67103,-33.51075]]]},"properties":{"id":"OC-131160003","OBJECTID":20588,"nombre":"Lo Ovalle","escala":"Otras carteras","comunas":"Lo Espejo","macrozona":null,"km":2.6,"n_priori":null,"anteproyec":"EN DISEÑO","centerLng":-70.680168,"centerLat":-33.507486,"kind":"proyecto","categoria":"Otras carteras","cartera":"MINVU","etapa":"diseño","tipo":"ciclovía","inicio":"Autopista Central","fin":"Gran Avenida","origen":"Otras carteras"}},{"type":"Feature","geometry":{"type":"MultiLineString","coordinates":[[[-70.600788,-33.502456],[-70.60209,-33.502264],[-70.603046,-33.502116],[-70.60564,-33.501817],[-70.605645,-33.501817],[-70.606062,-33.501776],[-70.608504,-33.501597],[-70.611542,-33.501347],[-70.614409,-33.501111],[-70.615056,-33.501066],[-70.615142,-33.501134],[-70.615454,-33.501127]]]},"properties":{"id":"OC-131180003","OBJECTID":20589,"nombre":"Benito Rebolledo","escala":"Otras carteras","comunas":"Macul","macrozona":null,"km":1.38,"n_priori":null,"anteproyec":"EN DISEÑO","centerLng":-70.608615,"centerLat":-33.501636,"kind":"proyecto","categoria":"Otras carteras","cartera":"MINVU","etapa":"diseño","tipo":"ciclovía","inicio":"Vicuña Mackenna","fin":"Froilán Roa","origen":"Otras carteras"}},{"type":"Feature","geometry":{"type":"MultiLineString","coordinates":[[[-70.609658,-33.458501],[-70.610243,-33.462011]]]},"properties":{"id":"OC-131200036","OBJECTID":20590,"nombre":"Av. Campos de Deportes","escala":"Otras carteras","comunas":"Ñuñoa","macrozona":null,"km":0.39,"n_priori":null,"anteproyec":"EN DISEÑO","centerLng":-70.60995,"centerLat":-33.460256,"kind":"proyecto","categoria":"Otras carteras","cartera":"MINVU","etapa":"diseño","tipo":"ciclovía","inicio":"Cresciente Errázuris","fin":"Av. Grecia","origen":"Otras carteras"}},{"type":"Feature","geometry":{"type":"MultiLineString","coordinates":[[[-70.674792,-33.490658],[-70.674747,-33.490676],[-70.67369,-33.491094],[-70.67318,-33.491276],[-70.672328,-33.49163],[-70.671914,-33.491806],[-70.670425,-33.492379],[-70.670335,-33.492408],[-70.670231,-33.492414],[-70.668709,-33.493003],[-70.667772,-33.493365],[-70.66723,-33.493575],[-70.66727,-33.493654],[-70.667305,-33.493745],[-70.66733,-33.493829],[-70.667356,-33.493956],[-70.667383,-33.494142],[-70.667363,-33.494329],[-70.667324,-33.494501],[-70.667274,-33.494625],[-70.667136,-33.494845],[-70.667015,-33.494994],[-70.666875,-33.495131],[-70.666711,-33.495225],[-70.666599,-33.495294],[-70.666472,-33.495355],[-70.665995,-33.495513],[-70.665335,-33.49574],[-70.664708,-33.495948],[-70.664415,-33.496047],[-70.664158,-33.496124]]]},"properties":{"id":"OC-131210002","OBJECTID":20591,"nombre":"La Marina-San Nicolas","escala":"Otras carteras","comunas":"Pedro Aguirre Cerda","macrozona":null,"km":1.24,"n_priori":null,"anteproyec":"EN DISEÑO","centerLng":-70.668367,"centerLat":-33.493783,"kind":"proyecto","categoria":"Otras carteras","cartera":"MINVU","etapa":"diseño","tipo":"ciclovía","inicio":"Clotario Blest","fin":"Autopista Central","origen":"Otras carteras"}},{"type":"Feature","geometry":{"type":"MultiLineString","coordinates":[[[-70.782251,-33.414093],[-70.783692,-33.414015],[-70.785944,-33.413298],[-70.788476,-33.413034],[-70.791482,-33.413751],[-70.794133,-33.414852],[-70.795516,-33.415973],[-70.796923,-33.418309],[-70.797606,-33.420655],[-70.798458,-33.422391],[-70.799949,-33.424346],[-70.801049,-33.424938],[-70.801964,-33.425381],[-70.802511,-33.425525]]]},"properties":{"id":"OC-131240032","OBJECTID":20592,"nombre":"Costanera Sur","escala":"Otras carteras","comunas":"Pudahuel","macrozona":null,"km":2.64,"n_priori":null,"anteproyec":"EN DISEÑO","centerLng":-70.794282,"centerLat":-33.418612,"kind":"proyecto","categoria":"Otras carteras","cartera":"MINVU","etapa":"diseño","tipo":"ciclovía","inicio":"Américo Vespucio","fin":"Av. El Parque","origen":"Otras carteras"}},{"type":"Feature","geometry":{"type":"MultiLineString","coordinates":[[[-70.71501,-33.356838],[-70.716176,-33.356972],[-70.718188,-33.357201],[-70.719136,-33.357293],[-70.720644,-33.35746],[-70.720747,-33.357466],[-70.720839,-33.35748],[-70.720968,-33.357498],[-70.72156,-33.357522],[-70.723863,-33.357614],[-70.724333,-33.357634],[-70.724607,-33.357619],[-70.72529,-33.357537],[-70.726588,-33.357565],[-70.727685,-33.357603],[-70.727714,-33.357604],[-70.728667,-33.357625],[-70.729071,-33.357626],[-70.72912,-33.357626],[-70.72923,-33.357629],[-70.730636,-33.357661],[-70.732152,-33.357702],[-70.733872,-33.357742],[-70.73516,-33.357751],[-70.736379,-33.357785],[-70.736456,-33.3578],[-70.737259,-33.358022],[-70.737305,-33.358073],[-70.737351,-33.358123],[-70.7374,-33.358173],[-70.738254,-33.358392],[-70.738663,-33.358523],[-70.739886,-33.358798],[-70.740442,-33.358978],[-70.74101,-33.358933],[-70.743336,-33.359511],[-70.744544,-33.359808],[-70.744785,-33.359883],[-70.745246,-33.360069],[-70.745323,-33.360106],[-70.745568,-33.360212],[-70.7463,-33.360352],[-70.748378,-33.360728],[-70.75131,-33.361274],[-70.753884,-33.361758],[-70.754017,-33.36177],[-70.754114,-33.361779],[-70.754761,-33.361826],[-70.756387,-33.362101],[-70.756496,-33.362118],[-70.758269,-33.362423],[-70.759489,-33.362655],[-70.76057,-33.362854],[-70.76132,-33.362991],[-70.761424,-33.36307],[-70.762335,-33.363237],[-70.764074,-33.363555],[-70.766025,-33.363906],[-70.766958,-33.364072],[-70.769698,-33.36457],[-70.771491,-33.364882],[-70.771583,-33.364859],[-70.77198,-33.364239],[-70.772203,-33.363887],[-70.772288,-33.363827],[-70.772482,-33.363782],[-70.773685,-33.364019],[-70.775714,-33.364433],[-70.778114,-33.364876],[-70.780671,-33.365349],[-70.782679,-33.365722]]]},"properties":{"id":"OC-131250023","OBJECTID":20593,"nombre":"Lo Marcoleta","escala":"Otras carteras","comunas":"Quilicura","macrozona":null,"km":6.5,"n_priori":null,"anteproyec":"EN DISEÑO","centerLng":-70.74534,"centerLat":-33.360259,"kind":"proyecto","categoria":"Otras carteras","cartera":"MINVU","etapa":"diseño","tipo":"ciclovía","inicio":"Lo Echevers","fin":"Los Americanos","origen":"Otras carteras"}},{"type":"Feature","geometry":{"type":"MultiLineString","coordinates":[[[-70.701805,-33.420763],[-70.702402,-33.422727],[-70.702649,-33.423602],[-70.702983,-33.424687],[-70.702986,-33.424695],[-70.702989,-33.424705],[-70.703412,-33.426208],[-70.70377,-33.42742],[-70.704037,-33.428491],[-70.704015,-33.428691],[-70.704115,-33.429885],[-70.704214,-33.431016],[-70.704296,-33.432262],[-70.704526,-33.43468],[-70.704527,-33.434926],[-70.704431,-33.435546],[-70.704276,-33.436135],[-70.703928,-33.436939],[-70.703927,-33.436941],[-70.703086,-33.438896],[-70.702488,-33.440248],[-70.702538,-33.442001],[-70.702596,-33.443988],[-70.702654,-33.445969],[-70.702698,-33.44657],[-70.70276,-33.448249]]]},"properties":{"id":"OC-131260018","OBJECTID":20594,"nombre":"Radal","escala":"Otras carteras","comunas":"Quinta Normal","macrozona":null,"km":3.11,"n_priori":null,"anteproyec":"EN DISEÑO","centerLng":-70.703389,"centerLat":-33.433317,"kind":"proyecto","categoria":"Otras carteras","cartera":"Municipios","etapa":"diseño","tipo":"ciclovía","inicio":"Porto Seguro","fin":"Carrascal","origen":"Otras carteras"}},{"type":"Feature","geometry":{"type":"MultiLineString","coordinates":[[[-70.7011,-33.420937],[-70.700991,-33.420348],[-70.700937,-33.419877],[-70.700969,-33.419226],[-70.701058,-33.418342],[-70.701103,-33.417573],[-70.701139,-33.417106],[-70.701215,-33.415895],[-70.701317,-33.414742],[-70.701355,-33.414217],[-70.701504,-33.412536],[-70.701625,-33.410848],[-70.701627,-33.410226],[-70.701241,-33.409902]]]},"properties":{"id":"OC-131260025","OBJECTID":20595,"nombre":"Miguel De Atero","escala":"Otras carteras","comunas":"Quinta Normal","macrozona":null,"km":1.24,"n_priori":null,"anteproyec":"EN DISEÑO","centerLng":-70.701227,"centerLat":-33.415841,"kind":"proyecto","categoria":"Otras carteras","cartera":"Municipios","etapa":"diseño","tipo":"ciclovía","inicio":"Costanera Sur","fin":"Carrascal","origen":"Otras carteras"}},{"type":"Feature","geometry":{"type":"MultiLineString","coordinates":[[[-70.680442,-33.434557],[-70.680452,-33.434536],[-70.680578,-33.433017],[-70.680587,-33.43227],[-70.680611,-33.431667],[-70.680668,-33.430351],[-70.680698,-33.429909],[-70.680668,-33.429404],[-70.680655,-33.429203],[-70.680583,-33.428991],[-70.680375,-33.428515],[-70.68012,-33.428161],[-70.679863,-33.427869],[-70.67943,-33.427518],[-70.679278,-33.427436],[-70.678158,-33.426908],[-70.677586,-33.426672],[-70.677058,-33.426605]]]},"properties":{"id":"OC-131260026","OBJECTID":20596,"nombre":"Matucana-Presidente Bulnes","escala":"Otras carteras","comunas":"Quinta Normal","macrozona":null,"km":1.06,"n_priori":null,"anteproyec":"EN DISEÑO","centerLng":-70.679878,"centerLat":-33.429644,"kind":"proyecto","categoria":"Otras carteras","cartera":"Municipios","etapa":"diseño","tipo":"ciclovía","inicio":"Esperanza","fin":"Juan Martinez de Rozas","origen":"Otras carteras"}},{"type":"Feature","geometry":{"type":"MultiLineString","coordinates":[[[-70.707076,-33.438073],[-70.707017,-33.438069],[-70.706073,-33.43769],[-70.705912,-33.437602],[-70.705329,-33.437223],[-70.705229,-33.437178],[-70.704718,-33.437068],[-70.704482,-33.437036],[-70.704053,-33.436954],[-70.70397,-33.436939],[-70.703928,-33.436939],[-70.703783,-33.43694],[-70.703417,-33.436899],[-70.703021,-33.436832],[-70.702628,-33.436735],[-70.701976,-33.436583],[-70.701524,-33.436489],[-70.701052,-33.436366],[-70.700353,-33.436185],[-70.699894,-33.436096],[-70.699052,-33.436003],[-70.698401,-33.435915],[-70.696813,-33.435703],[-70.695173,-33.435465],[-70.693522,-33.435306],[-70.692528,-33.435248],[-70.691032,-33.435155],[-70.688575,-33.435],[-70.680445,-33.434535]]]},"properties":{"id":"OC-131260027","OBJECTID":20597,"nombre":"Martinez De Rozas","escala":"Otras carteras","comunas":"Quinta Normal","macrozona":null,"km":2.52,"n_priori":null,"anteproyec":"EN DISEÑO","centerLng":-70.700378,"centerLat":-33.436491,"kind":"proyecto","categoria":"Otras carteras","cartera":"Municipios","etapa":"diseño","tipo":"ciclovía","inicio":"Sergio Valdovinos","fin":"Av. Matucana","origen":"Otras carteras"}},{"type":"Feature","geometry":{"type":"MultiLineString","coordinates":[[[-70.664158,-33.496124],[-70.664066,-33.496151],[-70.66391,-33.496197],[-70.663146,-33.496458],[-70.662273,-33.496728],[-70.660414,-33.497294],[-70.658258,-33.497967],[-70.657069,-33.498349],[-70.655913,-33.49871],[-70.653837,-33.499386],[-70.653729,-33.499411],[-70.653729,-33.499411],[-70.653086,-33.499559],[-70.650774,-33.500059],[-70.64799,-33.500661],[-70.645805,-33.501116],[-70.643725,-33.501561],[-70.642369,-33.501865],[-70.639168,-33.502564],[-70.639047,-33.502577],[-70.638965,-33.502586]]]},"properties":{"id":"OC-131300005","OBJECTID":20598,"nombre":"La Marina-San Nicolas","escala":"Otras carteras","comunas":"San Miguel","macrozona":null,"km":2.45,"n_priori":null,"anteproyec":"EN DISEÑO","centerLng":-70.652925,"centerLat":-33.499273,"kind":"proyecto","categoria":"Otras carteras","cartera":"MINVU","etapa":"diseño","tipo":"ciclovía","inicio":"Santa Rosa","fin":"Autopista Central","origen":"Otras carteras"}},{"type":"Feature","geometry":{"type":"MultiLineString","coordinates":[[[-70.638965,-33.502586],[-70.638884,-33.502595],[-70.637572,-33.502513],[-70.636341,-33.502426],[-70.633447,-33.502242],[-70.630857,-33.502077],[-70.629554,-33.501975],[-70.628276,-33.501884],[-70.627415,-33.501824],[-70.627227,-33.501803],[-70.627097,-33.501788],[-70.625898,-33.501641],[-70.624413,-33.501454],[-70.622848,-33.501251],[-70.622508,-33.501184],[-70.622357,-33.501151],[-70.622175,-33.501054],[-70.622049,-33.500945],[-70.621975,-33.500827],[-70.620551,-33.501319],[-70.619792,-33.501376],[-70.619152,-33.501397],[-70.618801,-33.501413],[-70.618592,-33.501396],[-70.61842,-33.501363],[-70.618189,-33.501291],[-70.617922,-33.501203],[-70.617698,-33.50117],[-70.615454,-33.501127]]]},"properties":{"id":"OC-131300008","OBJECTID":20599,"nombre":"La Marina-San Nicolas","escala":"Otras carteras","comunas":"San Miguel","macrozona":null,"km":2.23,"n_priori":null,"anteproyec":"EN DISEÑO","centerLng":-70.62498,"centerLat":-33.501596,"kind":"proyecto","categoria":"Otras carteras","cartera":"MINVU","etapa":"diseño","tipo":"ciclovía","inicio":"Santa Rosa","fin":"Vicuna Mackenna","origen":"Otras carteras"}},{"type":"Feature","geometry":{"type":"MultiLineString","coordinates":[[[-70.569497,-33.378408],[-70.569479,-33.378405],[-70.568983,-33.378289],[-70.568279,-33.378167],[-70.566406,-33.377896],[-70.564429,-33.377603],[-70.561637,-33.377296],[-70.558122,-33.376911],[-70.557552,-33.376862],[-70.556751,-33.376893]]]},"properties":{"id":"OC-131320025","OBJECTID":20600,"nombre":"San Jose María Escriva de Balaguer","escala":"Otras carteras","comunas":"Vitacura","macrozona":null,"km":1.5,"n_priori":null,"anteproyec":"EN DISEÑO","centerLng":-70.564114,"centerLat":-33.377673,"kind":"proyecto","categoria":"Otras carteras","cartera":"MINVU","etapa":"diseño","tipo":"cicloparque","inicio":"Juan XXIII","fin":"Padre Hurtado Norte","origen":"Otras carteras"}},{"type":"Feature","geometry":{"type":"MultiLineString","coordinates":[[[-70.575224,-33.577201],[-70.571553,-33.580063]]]},"properties":{"id":"OC-132010014","OBJECTID":20601,"nombre":"Canal Troncal San Francisco 1","escala":"Otras carteras","comunas":"Puente Alto","macrozona":null,"km":0.47,"n_priori":null,"anteproyec":"EN DISEÑO","centerLng":-70.573388,"centerLat":-33.578632,"kind":"proyecto","categoria":"Otras carteras","cartera":"MINVU","etapa":"diseño","tipo":"ciclovía","inicio":"Av. Grabiela","fin":"El Peñón","origen":"Otras carteras"}},{"type":"Feature","geometry":{"type":"MultiLineString","coordinates":[[[-70.582863,-33.574056],[-70.583118,-33.573956],[-70.583566,-33.573438],[-70.583893,-33.57318],[-70.584307,-33.572936],[-70.584694,-33.572807],[-70.585022,-33.57265],[-70.58523,-33.572599],[-70.585551,-33.572559],[-70.586121,-33.572544],[-70.586781,-33.57247],[-70.587337,-33.572326],[-70.58821,-33.572087],[-70.588679,-33.571928],[-70.589015,-33.571842],[-70.589404,-33.571728],[-70.589934,-33.571382],[-70.590314,-33.571277],[-70.590502,-33.571246],[-70.590723,-33.571201],[-70.591032,-33.571134],[-70.591452,-33.570923],[-70.59179,-33.570614],[-70.591992,-33.570435],[-70.592115,-33.570305],[-70.592189,-33.570149],[-70.592377,-33.570167],[-70.596216,-33.568577],[-70.597509,-33.568026],[-70.597699,-33.567994],[-70.598179,-33.567747],[-70.59862,-33.567479],[-70.599301,-33.567303],[-70.599625,-33.567346],[-70.600218,-33.567545],[-70.60634,-33.569272],[-70.606689,-33.569406],[-70.609266,-33.570021],[-70.61021,-33.570247],[-70.611274,-33.57035],[-70.611796,-33.5704],[-70.612102,-33.57045],[-70.612383,-33.570526]]]},"properties":{"id":"OC-132010015","OBJECTID":20602,"nombre":"Canal Troncal San Francisco","escala":"Otras carteras","comunas":"Puente Alto","macrozona":null,"km":3.16,"n_priori":null,"anteproyec":"EN DISEÑO","centerLng":-70.594085,"centerLat":-33.570805,"kind":"proyecto","categoria":"Otras carteras","cartera":"MINVU","etapa":"diseño","tipo":"ciclovía","inicio":"Acceso Sur","fin":"Concha y Toro","origen":"Otras carteras"}},{"type":"Feature","geometry":{"type":"MultiLineString","coordinates":[[[-70.596061,-33.614793],[-70.593774,-33.614488],[-70.593174,-33.614448],[-70.590935,-33.614347],[-70.588679,-33.614397],[-70.588032,-33.614329],[-70.586961,-33.61401],[-70.585359,-33.613477],[-70.584982,-33.613394],[-70.582938,-33.61311],[-70.579913,-33.612723],[-70.578922,-33.612625],[-70.578585,-33.612605],[-70.576952,-33.612499],[-70.575395,-33.612341],[-70.574361,-33.612377],[-70.572564,-33.61243],[-70.571786,-33.612441],[-70.571572,-33.612424],[-70.570032,-33.612185],[-70.567901,-33.611826],[-70.567496,-33.611768],[-70.566796,-33.611753]]]},"properties":{"id":"OC-132010016","OBJECTID":20603,"nombre":"Eyzaguirre","escala":"Otras carteras","comunas":"Puente Alto","macrozona":null,"km":2.75,"n_priori":null,"anteproyec":"EN DISEÑO","centerLng":-70.580138,"centerLat":-33.613078,"kind":"proyecto","categoria":"Otras carteras","cartera":"MINVU","etapa":"diseño","tipo":"ciclovía","inicio":"Nocedal","fin":"Central","origen":"Otras carteras"}},{"type":"Feature","geometry":{"type":"MultiLineString","coordinates":[[[-70.596061,-33.614793],[-70.595957,-33.614924],[-70.594578,-33.615613],[-70.5934,-33.616268],[-70.593007,-33.616435],[-70.592714,-33.616539],[-70.591939,-33.616565],[-70.590887,-33.616516],[-70.590708,-33.616471],[-70.588775,-33.61598],[-70.587756,-33.615731],[-70.586637,-33.615537],[-70.584554,-33.615109],[-70.583462,-33.614907],[-70.581899,-33.614626],[-70.579764,-33.614345],[-70.578397,-33.614215],[-70.577057,-33.614086],[-70.575102,-33.613807],[-70.574357,-33.613665],[-70.573111,-33.613102],[-70.572564,-33.61243]]]},"properties":{"id":"OC-132010017","OBJECTID":20604,"nombre":"Arturo Prat","escala":"Otras carteras","comunas":"Puente Alto","macrozona":null,"km":2.33,"n_priori":null,"anteproyec":"EN DISEÑO","centerLng":-70.585577,"centerLat":-33.615076,"kind":"proyecto","categoria":"Otras carteras","cartera":"MINVU","etapa":"diseño","tipo":"ciclovía","inicio":"Eyzaguirre","fin":"Eyzaguirre","origen":"Otras carteras"}},{"type":"Feature","geometry":{"type":"MultiLineString","coordinates":[[[-70.682532,-33.604782],[-70.682613,-33.605025],[-70.682956,-33.606293],[-70.683264,-33.607728],[-70.683694,-33.609818],[-70.683707,-33.609989],[-70.683679,-33.610264],[-70.683405,-33.611548],[-70.683086,-33.612721],[-70.683028,-33.612925],[-70.6827,-33.614429],[-70.682653,-33.61466],[-70.682628,-33.614875],[-70.682613,-33.615086],[-70.682299,-33.616465],[-70.681954,-33.618069],[-70.681469,-33.620299],[-70.681218,-33.621527],[-70.68075,-33.623633],[-70.680559,-33.624267],[-70.680478,-33.624564],[-70.679878,-33.625956],[-70.679285,-33.62728],[-70.678201,-33.62945],[-70.67767,-33.630519],[-70.676557,-33.632713],[-70.675907,-33.633987],[-70.675297,-33.63512],[-70.674598,-33.636625],[-70.674241,-33.637342],[-70.674136,-33.637518],[-70.673931,-33.637755],[-70.673001,-33.638691],[-70.670142,-33.64172],[-70.668524,-33.643372],[-70.667877,-33.644057],[-70.667345,-33.644605],[-70.665708,-33.646273],[-70.664747,-33.647225],[-70.663657,-33.648373],[-70.662611,-33.649397],[-70.662473,-33.649602],[-70.662438,-33.649777],[-70.662531,-33.650181],[-70.662543,-33.650312],[-70.662508,-33.650464],[-70.66226,-33.650929],[-70.662182,-33.651065],[-70.661417,-33.652061],[-70.661325,-33.652218],[-70.66109,-33.652877],[-70.66103,-33.652969],[-70.660255,-33.653695]]]},"properties":{"id":"OC-134010039","OBJECTID":20605,"nombre":"Padre Hurtado","escala":"Otras carteras","comunas":"San Bernardo","macrozona":null,"km":6.03,"n_priori":null,"anteproyec":"EN DISEÑO","centerLng":-70.673899,"centerLat":-33.631757,"kind":"proyecto","categoria":"Otras carteras","cartera":"MINVU","etapa":"diseño","tipo":"ciclovía","inicio":"El Mariscal","fin":"Río Maipo","origen":"Otras carteras"}},{"type":"Feature","geometry":{"type":"MultiLineString","coordinates":[[[-70.698193,-33.595952],[-70.697996,-33.597468],[-70.697948,-33.597958],[-70.697935,-33.598272],[-70.697782,-33.599423],[-70.697685,-33.600995],[-70.697615,-33.602289],[-70.697319,-33.60588],[-70.697142,-33.608236],[-70.696981,-33.610183],[-70.696948,-33.611055],[-70.69702,-33.612684],[-70.697326,-33.614469],[-70.697766,-33.615827],[-70.698037,-33.616535],[-70.698363,-33.617155],[-70.699193,-33.618548],[-70.699592,-33.61925],[-70.700051,-33.620107],[-70.700122,-33.62032],[-70.700387,-33.621713],[-70.701535,-33.624496],[-70.701988,-33.625548],[-70.702466,-33.626643],[-70.703056,-33.628146],[-70.703495,-33.629174],[-70.70426,-33.630845],[-70.704731,-33.631833],[-70.70529,-33.632696],[-70.705969,-33.633645],[-70.706127,-33.633909],[-70.706521,-33.634858],[-70.706605,-33.635008],[-70.707148,-33.636253],[-70.707766,-33.637708],[-70.70793,-33.638056],[-70.708168,-33.639051],[-70.708453,-33.640248],[-70.708554,-33.640537],[-70.709105,-33.641953],[-70.709827,-33.643597],[-70.710549,-33.645241]]]},"properties":{"id":"OC-134010040","OBJECTID":20606,"nombre":"Portales","escala":"Otras carteras","comunas":"San Bernardo","macrozona":null,"km":5.7,"n_priori":null,"anteproyec":"EN DISEÑO","centerLng":-70.702165,"centerLat":-33.622232,"kind":"proyecto","categoria":"Otras carteras","cartera":"MINVU","etapa":"diseño","tipo":"ciclovía","inicio":"Covadonga","fin":"Caletera Autopista Central","origen":"Otras carteras"}},{"type":"Feature","geometry":{"type":"MultiLineString","coordinates":[[[-70.676759,-33.582485],[-70.676784,-33.582579],[-70.677322,-33.584598],[-70.678487,-33.588964],[-70.679021,-33.590965],[-70.679719,-33.593579],[-70.679734,-33.593641],[-70.680894,-33.598322],[-70.681013,-33.598803],[-70.682497,-33.604793],[-70.682503,-33.604815]]]},"properties":{"id":"OC-134010049","OBJECTID":20607,"nombre":"Padre Hurtado","escala":"Otras carteras","comunas":"San Bernardo","macrozona":null,"km":2.3,"n_priori":null,"anteproyec":"EN DISEÑO","centerLng":-70.679521,"centerLat":-33.593049,"kind":"proyecto","categoria":"Otras carteras","cartera":"MINVU","etapa":"diseño","tipo":"ciclovía","inicio":"Lo Blanco","fin":"San José","origen":"Otras carteras"}},{"type":"Feature","geometry":{"type":"MultiLineString","coordinates":[[[-70.663232,-33.58521],[-70.66548,-33.584758],[-70.667157,-33.58442],[-70.669477,-33.583952],[-70.67234,-33.583365],[-70.676596,-33.582511]]]},"properties":{"id":"OC-134010050","OBJECTID":20608,"nombre":"Lo Blanco","escala":"Otras carteras","comunas":"San Bernardo","macrozona":null,"km":1.28,"n_priori":null,"anteproyec":"EN DISEÑO","centerLng":-70.669047,"centerLat":-33.584036,"kind":"proyecto","categoria":"Otras carteras","cartera":"MINVU","etapa":"diseño","tipo":"ciclovía","inicio":"Padre Hurtado","fin":"Santa Rosa","origen":"Otras carteras"}},{"type":"Feature","geometry":{"type":"MultiLineString","coordinates":[[[-70.806058,-33.589021],[-70.806147,-33.588927],[-70.806521,-33.588202],[-70.806717,-33.587855],[-70.806876,-33.587594],[-70.807066,-33.587283],[-70.80725,-33.586961],[-70.807379,-33.586721],[-70.807851,-33.585879],[-70.808317,-33.585031],[-70.808949,-33.58393],[-70.809763,-33.58257],[-70.811075,-33.580303],[-70.811344,-33.57989],[-70.811528,-33.579553],[-70.811926,-33.578756],[-70.812159,-33.578399],[-70.812521,-33.578006]]]},"properties":{"id":"OC-136040005","OBJECTID":20609,"nombre":"San Ignacio de Loyola","escala":"Otras carteras","comunas":"Padre Hurtado","macrozona":null,"km":1.35,"n_priori":null,"anteproyec":"EN EJECUCIÓN","centerLng":-70.808858,"centerLat":-33.58416,"kind":"proyecto","categoria":"Otras carteras","cartera":"MINVU","etapa":"ejecución","tipo":"ciclovía","inicio":"El Roble","fin":"El Copihue","origen":"Otras carteras"}},{"type":"Feature","geometry":{"type":"MultiLineString","coordinates":[[[-70.542326,-33.377129],[-70.540689,-33.377734],[-70.539185,-33.377779],[-70.53787,-33.377644],[-70.535936,-33.377577],[-70.534836,-33.377286],[-70.533601,-33.377173],[-70.53199,-33.376747],[-70.530245,-33.37603],[-70.52858,-33.375133],[-70.527748,-33.374438],[-70.527184,-33.374281]]]},"properties":{"id":"OC-131320036","OBJECTID":20610,"nombre":"San Jose María Escriva de Balaguer","escala":"Otras carteras","comunas":"Vitacura","macrozona":null,"km":4.29,"n_priori":null,"anteproyec":"EN DISEÑO","centerLng":-70.534183,"centerLat":-33.376579,"kind":"proyecto","categoria":"Otras carteras","cartera":"MINVU","etapa":"diseño","tipo":"ciclovía","inicio":"La Aurora","fin":"San Damián","origen":"Otras carteras"}},{"type":"Feature","geometry":{"type":"MultiLineString","coordinates":[[[-70.953782,-33.689141],[-70.950903,-33.687466]]]},"properties":{"id":"OC-136010013","OBJECTID":20611,"nombre":"Camino Melipilla","escala":"Otras carteras","comunas":"Talagante","macrozona":null,"km":0.15,"n_priori":null,"anteproyec":"EN DISEÑO","centerLng":-70.952343,"centerLat":-33.688304,"kind":"proyecto","categoria":"Otras carteras","cartera":"MINVU","etapa":"diseño","tipo":"ciclovía","inicio":"Limite Loteo","fin":"Calle Uno Poniente","origen":"Otras carteras"}},{"type":"Feature","geometry":{"type":"MultiLineString","coordinates":[[[-71.170587,-33.677605],[-71.168721,-33.677697]]]},"properties":{"id":"OC-135010054","OBJECTID":20612,"nombre":"Las industrias","escala":"Otras carteras","comunas":"Melipilla","macrozona":null,"km":0.189,"n_priori":null,"anteproyec":"PLANIFICADA","centerLng":-71.169654,"centerLat":-33.677651,"kind":"proyecto","categoria":"Otras carteras","cartera":"Privados","etapa":"planificadas","tipo":"ciclovía","inicio":"Calle 1","fin":"Fin calle","origen":"Otras carteras"}},{"type":"Feature","geometry":{"type":"MultiLineString","coordinates":[[[-70.632727,-33.549514],[-70.628839,-33.549248],[-70.627046,-33.549303],[-70.625335,-33.549243],[-70.625304,-33.548893]]]},"properties":{"id":"OC-131110023","OBJECTID":20613,"nombre":"Las Uvas Y El Viento","escala":"Otras carteras","comunas":"La Granja","macrozona":null,"km":0.5,"n_priori":null,"anteproyec":"EN DISEÑO","centerLng":-70.62785,"centerLat":-33.54924,"kind":"proyecto","categoria":"Otras carteras","cartera":"Privados","etapa":"diseño","tipo":"ciclovía","inicio":"Santa Rosa","fin":"Padre Alejandro Muñoz","origen":"Otras carteras"}},{"type":"Feature","geometry":{"type":"MultiLineString","coordinates":[[[-70.683005,-33.474742],[-70.681827,-33.473057]]]},"properties":{"id":"OC-131060051","OBJECTID":20614,"nombre":"Buzeta","escala":"Otras carteras","comunas":"Estación Central","macrozona":null,"km":0.315,"n_priori":null,"anteproyec":"EN DISEÑO","centerLng":-70.682416,"centerLat":-33.4739,"kind":"proyecto","categoria":"Otras carteras","cartera":"Privados","etapa":"diseño","tipo":"ciclovía","inicio":"Hipólito Villegas","fin":"San Juan","origen":"Otras carteras"}},{"type":"Feature","geometry":{"type":"MultiLineString","coordinates":[[[-70.765947,-33.737628],[-70.76661,-33.73749]]]},"properties":{"id":"OC-134020034","OBJECTID":20615,"nombre":"Carlos Palacios Garces","escala":"Otras carteras","comunas":"Buin","macrozona":null,"km":0.07,"n_priori":null,"anteproyec":"EN DISEÑO","centerLng":-70.766278,"centerLat":-33.737559,"kind":"proyecto","categoria":"Otras carteras","cartera":"Privados","etapa":"diseño","tipo":"ciclovía","inicio":"Fin calle","fin":"Silvio Gonzalez Mella","origen":"Otras carteras"}},{"type":"Feature","geometry":{"type":"MultiLineString","coordinates":[[[-70.705921,-33.503026],[-70.706041,-33.503217],[-70.70651,-33.503406],[-70.706923,-33.503673],[-70.707186,-33.50389],[-70.707443,-33.504172],[-70.707734,-33.50452],[-70.707958,-33.504848],[-70.708472,-33.505427],[-70.708802,-33.505762],[-70.709046,-33.50597],[-70.709282,-33.506282],[-70.709506,-33.506497],[-70.709685,-33.506782],[-70.709885,-33.507061],[-70.710128,-33.507398],[-70.710206,-33.507499],[-70.710231,-33.507557]]]},"properties":{"id":"OC-131020025","OBJECTID":20616,"nombre":"Los Libertadores","escala":"Otras carteras","comunas":"Cerrillos","macrozona":null,"km":0.61,"n_priori":null,"anteproyec":"EN DISEÑO","centerLng":-70.708387,"centerLat":-33.505388,"kind":"proyecto","categoria":"Otras carteras","cartera":"Privados","etapa":"diseño","tipo":"cicloparque","inicio":"Lo Errazuriz","fin":"Fernandez Albano","origen":"Otras carteras"}},{"type":"Feature","geometry":{"type":"MultiLineString","coordinates":[[[-70.697053,-33.501719],[-70.697068,-33.501168],[-70.697166,-33.500938],[-70.697264,-33.50083],[-70.698172,-33.500204],[-70.698196,-33.50024],[-70.698282,-33.500179],[-70.698292,-33.500188],[-70.698194,-33.500245],[-70.698209,-33.500267],[-70.697319,-33.500873],[-70.697258,-33.500959],[-70.697192,-33.501101],[-70.697141,-33.501269],[-70.697133,-33.501409],[-70.697115,-33.501534],[-70.697115,-33.501738]]]},"properties":{"id":"OC-131020026","OBJECTID":20617,"nombre":"Extensión Los Cerrillos","escala":"Otras carteras","comunas":"Cerrillos","macrozona":null,"km":0.21,"n_priori":null,"anteproyec":"EN DISEÑO","centerLng":-70.697539,"centerLat":-33.500874,"kind":"proyecto","categoria":"Otras carteras","cartera":"Privados","etapa":"diseño","tipo":"ciclovía","inicio":"Gabriela Alcaíno","fin":"Lo Errazuriz","origen":"Otras carteras"}},{"type":"Feature","geometry":{"type":"MultiLineString","coordinates":[[[-70.766284,-33.421575],[-70.76661,-33.421804],[-70.765741,-33.424318]]]},"properties":{"id":"OC-131030023","OBJECTID":20618,"nombre":"Ventisquero","escala":"Otras carteras","comunas":"Cerro Navia","macrozona":null,"km":0.13,"n_priori":null,"anteproyec":"EN DISEÑO","centerLng":-70.766212,"centerLat":-33.422566,"kind":"proyecto","categoria":"Otras carteras","cartera":"Privados","etapa":"diseño","tipo":"ciclovía","inicio":"Rodoviario","fin":"Mapocho Norte","origen":"Otras carteras"}},{"type":"Feature","geometry":{"type":"MultiLineString","coordinates":[[[-70.676003,-33.214338],[-70.678072,-33.213942]]]},"properties":{"id":"OC-133010067","OBJECTID":20619,"nombre":"Interprovincial Norte","escala":"Otras carteras","comunas":"Colina","macrozona":null,"km":0.205,"n_priori":null,"anteproyec":"EN DISEÑO","centerLng":-70.677037,"centerLat":-33.21414,"kind":"proyecto","categoria":"Otras carteras","cartera":"Privados","etapa":"diseño","tipo":"ciclovía","inicio":"Costanera Poniente","fin":"Acceso a Proyecto  Condominio Los Aromos","origen":"Otras carteras"}},{"type":"Feature","geometry":{"type":"MultiLineString","coordinates":[[[-70.664406,-33.209709],[-70.664509,-33.212042],[-70.664507,-33.212055],[-70.664508,-33.212051]]]},"properties":{"id":"OC-133010068","OBJECTID":20620,"nombre":"Parque Brisas Norte","escala":"Otras carteras","comunas":"Colina","macrozona":null,"km":0.261,"n_priori":null,"anteproyec":"EN DISEÑO","centerLng":-70.664483,"centerLat":-33.211464,"kind":"proyecto","categoria":"Otras carteras","cartera":"Privados","etapa":"diseño","tipo":"ciclovía","inicio":"Fin pavimento existente del tramo sur de la avenida","fin":"Inicio pavimento existente del tramo norte de la avenida","origen":"Otras carteras"}},{"type":"Feature","geometry":{"type":"MultiLineString","coordinates":[[[-70.680009,-33.188572],[-70.6801,-33.18986],[-70.680067,-33.190741],[-70.680139,-33.191778],[-70.680182,-33.19198],[-70.680181,-33.191975],[-70.680186,-33.191975]]]},"properties":{"id":"OC-133010069","OBJECTID":20621,"nombre":"Av. Colina","escala":"Otras carteras","comunas":"Colina","macrozona":null,"km":0.36,"n_priori":null,"anteproyec":"EN DISEÑO","centerLng":-70.680123,"centerLat":-33.190983,"kind":"proyecto","categoria":"Otras carteras","cartera":"Privados","etapa":"diseño","tipo":"ciclovía","inicio":"Camino Lo Seco","fin":"Calle 1","origen":"Otras carteras"}},{"type":"Feature","geometry":{"type":"MultiLineString","coordinates":[[[-70.672661,-33.394584],[-70.670279,-33.393797],[-70.669542,-33.39384],[-70.669558,-33.393835]]]},"properties":{"id":"OC-131040021","OBJECTID":20622,"nombre":"Aviador Acevedo","escala":"Otras carteras","comunas":"Conchalí","macrozona":null,"km":0.3,"n_priori":null,"anteproyec":"EN DISEÑO","centerLng":-70.67051,"centerLat":-33.394014,"kind":"proyecto","categoria":"Otras carteras","cartera":"Privados","etapa":"diseño","tipo":"ciclovía","inicio":"Pedro Fontova","fin":"Independencia","origen":"Otras carteras"}},{"type":"Feature","geometry":{"type":"MultiLineString","coordinates":[[[-70.616917,-33.474618],[-70.614831,-33.474529],[-70.61343,-33.474546],[-70.613431,-33.474529]]]},"properties":{"id":"OC-131180029","OBJECTID":20623,"nombre":"Rodrigo de Araya","escala":"Otras carteras","comunas":"Macul","macrozona":null,"km":0.26,"n_priori":null,"anteproyec":"EN DISEÑO","centerLng":-70.614652,"centerLat":-33.474555,"kind":"proyecto","categoria":"Otras carteras","cartera":"Privados","etapa":"diseño","tipo":"ciclovía","inicio":"Pje. San Juan","fin":"Marathon","origen":"Otras carteras"}},{"type":"Feature","geometry":{"type":"MultiLineString","coordinates":[[[-70.623057,-33.474919],[-70.619822,-33.474755]]]},"properties":{"id":"OC-131180030","OBJECTID":20624,"nombre":"Rodrigo de Araya","escala":"Otras carteras","comunas":"Macul","macrozona":null,"km":0.323,"n_priori":null,"anteproyec":"EN DISEÑO","centerLng":-70.62144,"centerLat":-33.474837,"kind":"proyecto","categoria":"Otras carteras","cartera":"Privados","etapa":"diseño","tipo":"ciclovía","inicio":"Vicuña Mackenna","fin":"Williams Rebolledo","origen":"Otras carteras"}},{"type":"Feature","geometry":{"type":"MultiLineString","coordinates":[[[-70.748903,-33.486098],[-70.746277,-33.483318]]]},"properties":{"id":"OC-131190057","OBJECTID":20625,"nombre":"Pajaritos","escala":"Otras carteras","comunas":"Maipú","macrozona":null,"km":0.44,"n_priori":null,"anteproyec":"EN DISEÑO","centerLng":-70.74759,"centerLat":-33.484708,"kind":"proyecto","categoria":"Otras carteras","cartera":"Municipios","etapa":"diseño","tipo":"ciclovía","inicio":"Vespucio","fin":"Jorge Délano","origen":"Otras carteras"}},{"type":"Feature","geometry":{"type":"MultiLineString","coordinates":[[[-70.749677,-33.429318],[-70.747983,-33.424287]]]},"properties":{"id":"OC-131030024","OBJECTID":20626,"nombre":"Petersen","escala":"Otras carteras","comunas":"Cerro Navia","macrozona":null,"km":0.53,"n_priori":null,"anteproyec":"PLANIFICADA","centerLng":-70.74883,"centerLat":-33.426803,"kind":"proyecto","categoria":"Otras carteras","cartera":"MTT","etapa":"planificadas","tipo":"ciclovía","inicio":"José Joaquín Pérez","fin":"Milovan DJilas","origen":"Otras carteras"}},{"type":"Feature","geometry":{"type":"MultiLineString","coordinates":[[[-70.693028,-33.423023],[-70.689388,-33.423707],[-70.686111,-33.42488],[-70.67927,-33.427451]]]},"properties":{"id":"OC-131260040","OBJECTID":20627,"nombre":"Carrascal","escala":"Otras carteras","comunas":"Quinta Normal","macrozona":null,"km":1.449,"n_priori":null,"anteproyec":"PLANIFICADA","centerLng":-70.686949,"centerLat":-33.424765,"kind":"proyecto","categoria":"Otras carteras","cartera":"MINVU","etapa":"planificadas","tipo":"s_i","inicio":"General Brayer","fin":"Matucana","origen":"Otras carteras"}},{"type":"Feature","geometry":{"type":"MultiLineString","coordinates":[[[-70.577458,-33.475306],[-70.577369,-33.474659],[-70.57735,-33.473874],[-70.577207,-33.4732],[-70.576645,-33.470386]]]},"properties":{"id":"OC-131220033","OBJECTID":20628,"nombre":"Americo Vespucio Oriente","escala":"Otras carteras","comunas":"Peñalolén","macrozona":null,"km":0.499,"n_priori":null,"anteproyec":"EN EJECUCIÓN","centerLng":-70.577206,"centerLat":-33.473485,"kind":"proyecto","categoria":"Otras carteras","cartera":"MOP","etapa":"ejecución","tipo":"ciclovía","inicio":"Av. El Valle","fin":"Grecia","origen":"Otras carteras"}},{"type":"Feature","geometry":{"type":"MultiLineString","coordinates":[[[-70.574756,-33.469388],[-70.575472,-33.46923],[-70.575649,-33.46924]]]},"properties":{"id":"OC-131220034","OBJECTID":20629,"nombre":"Grecia","escala":"Otras carteras","comunas":"Peñalolén","macrozona":null,"km":0.091,"n_priori":null,"anteproyec":"EN EJECUCIÓN","centerLng":-70.575292,"centerLat":-33.469286,"kind":"proyecto","categoria":"Otras carteras","cartera":"MOP","etapa":"ejecución","tipo":"ciclovía","inicio":"Vespucio","fin":"Calle Esparta","origen":"Otras carteras"}},{"type":"Feature","geometry":{"type":"MultiLineString","coordinates":[[[-70.572334,-33.458975],[-70.57272,-33.460101],[-70.573894,-33.462449],[-70.574468,-33.463896],[-70.574486,-33.464036],[-70.574784,-33.464919],[-70.574911,-33.465041],[-70.57628,-33.468683]]]},"properties":{"id":"OC-131200055","OBJECTID":20630,"nombre":"Americo Vespucio Oriente","escala":"Otras carteras","comunas":"Ñuñoa","macrozona":null,"km":1.05,"n_priori":null,"anteproyec":"EN EJECUCIÓN","centerLng":-70.574235,"centerLat":-33.463513,"kind":"proyecto","categoria":"Otras carteras","cartera":"MOP","etapa":"ejecución","tipo":"ciclovía","inicio":"José Arrieta","fin":"Grecia","origen":"Otras carteras"}},{"type":"Feature","geometry":{"type":"MultiLineString","coordinates":[[[-70.572357,-33.459033],[-70.572775,-33.458894]]]},"properties":{"id":"OC-131200056","OBJECTID":20631,"nombre":"Diagonal Oriente","escala":"Otras carteras","comunas":"Ñuñoa","macrozona":null,"km":0.08,"n_priori":null,"anteproyec":"EN EJECUCIÓN","centerLng":-70.572566,"centerLat":-33.458963,"kind":"proyecto","categoria":"Otras carteras","cartera":"MOP","etapa":"ejecución","tipo":"ciclovía","inicio":"Vespucio","fin":"Vespucio","origen":"Otras carteras"}},{"type":"Feature","geometry":{"type":"MultiLineString","coordinates":[[[-70.572356,-33.459033],[-70.572111,-33.459108]]]},"properties":{"id":"OC-131220035","OBJECTID":20632,"nombre":"Diagonal Oriente","escala":"Otras carteras","comunas":"Peñalolén","macrozona":null,"km":0.163,"n_priori":null,"anteproyec":"EN EJECUCIÓN","centerLng":-70.572234,"centerLat":-33.45907,"kind":"proyecto","categoria":"Otras carteras","cartera":"MOP","etapa":"ejecución","tipo":"ciclovía","inicio":"Vespucio","fin":"Vespucio","origen":"Otras carteras"}},{"type":"Feature","geometry":{"type":"MultiLineString","coordinates":[[[-70.800224,-33.443867],[-70.813592,-33.443086],[-70.813124,-33.439314]]]},"properties":{"id":"OC-131240054","OBJECTID":20633,"nombre":"Conexión Vial Ruta 68 - 78","escala":"Otras carteras","comunas":"Pudahuel","macrozona":null,"km":1.71,"n_priori":null,"anteproyec":"EN DISEÑO","centerLng":-70.80898,"centerLat":-33.442089,"kind":"proyecto","categoria":"Otras carteras","cartera":"MOP","etapa":"diseño","tipo":"smp","inicio":"La Farfana","fin":"Ruta 68","origen":"Otras carteras"}},{"type":"Feature","geometry":{"type":"MultiLineString","coordinates":[[[-70.800487,-33.443818],[-70.790988,-33.484306]]]},"properties":{"id":"OC-131240055","OBJECTID":20634,"nombre":"Conexión Vial Ruta 68 - 78","escala":"Otras carteras","comunas":"Pudahuel","macrozona":null,"km":4.158,"n_priori":null,"anteproyec":"EN DISEÑO","centerLng":-70.795738,"centerLat":-33.464062,"kind":"proyecto","categoria":"Otras carteras","cartera":"MOP","etapa":"diseño","tipo":"smp","inicio":"Calle San Pablo Antiguo","fin":"La Farfana","origen":"Otras carteras"}},{"type":"Feature","geometry":{"type":"MultiLineString","coordinates":[[[-70.551522,-33.579539],[-70.545713,-33.584932],[-70.537643,-33.594647],[-70.53179,-33.597602],[-70.530814,-33.598821],[-70.528464,-33.598858],[-70.524961,-33.598267],[-70.519879,-33.598125]]]},"properties":{"id":"OC-131100040","OBJECTID":20635,"nombre":"La Florida","escala":"Otras carteras","comunas":"La Florida","macrozona":null,"km":3.96,"n_priori":null,"anteproyec":"EN DISEÑO","centerLng":-70.533848,"centerLat":-33.593849,"kind":"proyecto","categoria":"Otras carteras","cartera":"MOP","etapa":"diseño","tipo":"smp","inicio":"El Peñón","fin":"Las Vizcachas","origen":"Otras carteras"}},{"type":"Feature","geometry":{"type":"MultiLineString","coordinates":[[[-70.700817,-33.572993],[-70.696743,-33.563959],[-70.697162,-33.563659],[-70.696615,-33.56114]]]},"properties":{"id":"OC-134010070","OBJECTID":20636,"nombre":"Ochagavía-América","escala":"Otras carteras","comunas":"San Bernardo","macrozona":null,"km":1.3,"n_priori":null,"anteproyec":"EN DISEÑO","centerLng":-70.697834,"centerLat":-33.565438,"kind":"proyecto","categoria":"Otras carteras","cartera":"Municipios","etapa":"diseño","tipo":"ciclovía","inicio":"Las Acacias","fin":"Lo  Blanco","origen":"Otras carteras"}},{"type":"Feature","geometry":{"type":"MultiLineString","coordinates":[[[-70.585526,-33.430425],[-70.585343,-33.430482],[-70.584356,-33.431563],[-70.584724,-33.431644],[-70.584494,-33.431966]]]},"properties":{"id":"OC-131140074","OBJECTID":20637,"nombre":"Tobalaba","escala":"Otras carteras","comunas":"Las Condes","macrozona":null,"km":0.23,"n_priori":null,"anteproyec":"PLANIFICADA","centerLng":-70.584889,"centerLat":-33.431216,"kind":"proyecto","categoria":"Otras carteras","cartera":"MTT","etapa":"planificadas","tipo":"ciclovía","inicio":"Isabel La Catolica","fin":"Francisco Bilbao","origen":"Otras carteras"}},{"type":"Feature","geometry":{"type":"MultiLineString","coordinates":[[[-70.722276,-33.73494],[-70.72333,-33.73482]]]},"properties":{"id":"OC-134020037","OBJECTID":20638,"nombre":"Buin-Alto Jahuel","escala":"Otras carteras","comunas":"Buin","macrozona":null,"km":0.107,"n_priori":null,"anteproyec":"EN DISEÑO","centerLng":-70.722803,"centerLat":-33.73488,"kind":"proyecto","categoria":"Otras carteras","cartera":"Privados","etapa":"diseño","tipo":"smp","inicio":"Claudio Bravo","fin":"107 mts al poniente","origen":"Otras carteras"}}]}