{"type":"FeatureCollection","name":"Parques_RM","crs":{"type":"name","properties":{"name":"urn:ogc:def:crs:OGC:1.3:CRS84"}},"_meta":{"fuente":"Catastro de parques y áreas verdes RM 2023","n":754},"features":[{"type":"Feature","geometry":{"type":"Point","coordinates":[-70.61492,-33.520267]},"properties":{"id":1692,"nombre":"Parque Brasil E1","comuna":"La Granja","sup_m2":131524,"sup_ha":13.15,"rad_m":205,"uso":"Sí"}},{"type":"Feature","geometry":{"type":"Point","coordinates":[-70.532822,-33.47536]},"properties":{"id":1665,"nombre":"PLAZA SAN JUDAS TADEO","comuna":"Peñalolén","sup_m2":5197,"sup_ha":0.52,"rad_m":41,"uso":null}},{"type":"Feature","geometry":{"type":"Point","coordinates":[-70.710291,-33.591693]},"properties":{"id":1666,"nombre":"CASA PARQUE GARCIA DE LA HUERTA","comuna":"San Bernardo","sup_m2":26581,"sup_ha":2.66,"rad_m":92,"uso":null}},{"type":"Feature","geometry":{"type":"Point","coordinates":[-70.670784,-33.590078]},"properties":{"id":1667,"nombre":"Plaza Santa Mercedes","comuna":"San Bernardo","sup_m2":7382,"sup_ha":0.74,"rad_m":48,"uso":null}},{"type":"Feature","geometry":{"type":"Point","coordinates":[-70.678828,-33.604186]},"properties":{"id":1668,"nombre":"Parque Lenka Franulic","comuna":"San Bernardo","sup_m2":11233,"sup_ha":1.12,"rad_m":60,"uso":null}},{"type":"Feature","geometry":{"type":"Point","coordinates":[-70.682364,-33.590607]},"properties":{"id":1669,"nombre":"Plaza Rodrigo de Quiroga","comuna":"San Bernardo","sup_m2":4638,"sup_ha":0.46,"rad_m":38,"uso":null}},{"type":"Feature","geometry":{"type":"Point","coordinates":[-70.704717,-33.642801]},"properties":{"id":1670,"nombre":"Plaza Santa Elisa","comuna":"San Bernardo","sup_m2":6844,"sup_ha":0.68,"rad_m":47,"uso":null}},{"type":"Feature","geometry":{"type":"Point","coordinates":[-70.603626,-33.551112]},"properties":{"id":1671,"nombre":"PLAZA EN CALLE JOSÉ MIGUEL CARRERA","comuna":"La Florida","sup_m2":4155,"sup_ha":0.42,"rad_m":36,"uso":null}},{"type":"Feature","geometry":{"type":"Point","coordinates":[-70.703967,-33.60318]},"properties":{"id":1672,"nombre":"Plaza Guarello","comuna":"San Bernardo","sup_m2":12800,"sup_ha":1.28,"rad_m":64,"uso":null}},{"type":"Feature","geometry":{"type":"Point","coordinates":[-70.674248,-33.598824]},"properties":{"id":1660,"nombre":"Plaza Ernesto Riquelme","comuna":"San Bernardo","sup_m2":8589,"sup_ha":0.86,"rad_m":52,"uso":null}},{"type":"Feature","geometry":{"type":"Point","coordinates":[-70.67061,-33.595387]},"properties":{"id":1661,"nombre":"Plaza Bombero Victor Silva","comuna":"San Bernardo","sup_m2":5638,"sup_ha":0.56,"rad_m":42,"uso":null}},{"type":"Feature","geometry":{"type":"Point","coordinates":[-70.669163,-33.593056]},"properties":{"id":1662,"nombre":"Plaza Franz Dupre","comuna":"San Bernardo","sup_m2":9120,"sup_ha":0.91,"rad_m":54,"uso":null}},{"type":"Feature","geometry":{"type":"Point","coordinates":[-70.671837,-33.605383]},"properties":{"id":1663,"nombre":"Plaza La Divina Providencia","comuna":"San Bernardo","sup_m2":8036,"sup_ha":0.8,"rad_m":51,"uso":null}},{"type":"Feature","geometry":{"type":"Point","coordinates":[-70.711053,-33.604544]},"properties":{"id":1664,"nombre":"Plaza Pedro Aguirre Cerda","comuna":"San Bernardo","sup_m2":9340,"sup_ha":0.93,"rad_m":55,"uso":null}},{"type":"Feature","geometry":{"type":"Point","coordinates":[-70.708183,-33.544113]},"properties":{"id":1658,"nombre":"AUTOPISTA CENTRAL","comuna":"San Bernardo","sup_m2":54677,"sup_ha":5.47,"rad_m":132,"uso":null}},{"type":"Feature","geometry":{"type":"Point","coordinates":[-70.677477,-33.595197]},"properties":{"id":1659,"nombre":"Plaza Luis Uribe","comuna":"San Bernardo","sup_m2":7968,"sup_ha":0.8,"rad_m":50,"uso":null}},{"type":"Feature","geometry":{"type":"Point","coordinates":[-70.553498,-33.478379]},"properties":{"id":1653,"nombre":"PLAZA EN CALLE UNO NORTE","comuna":"Peñalolén","sup_m2":9583,"sup_ha":0.96,"rad_m":55,"uso":null}},{"type":"Feature","geometry":{"type":"Point","coordinates":[-70.551355,-33.475592]},"properties":{"id":1654,"nombre":"PLAZA EN CALLE VIOLETA COUSIÑO","comuna":"Peñalolén","sup_m2":6249,"sup_ha":0.62,"rad_m":45,"uso":null}},{"type":"Feature","geometry":{"type":"Point","coordinates":[-70.598639,-33.493696]},"properties":{"id":1655,"nombre":"Plaza en Calle Diego Dublé Almeyda","comuna":"Macul","sup_m2":5783,"sup_ha":0.58,"rad_m":43,"uso":null}},{"type":"Feature","geometry":{"type":"Point","coordinates":[-70.605569,-33.499433]},"properties":{"id":1656,"nombre":"PARQUE MARATHON","comuna":"Macul","sup_m2":17060,"sup_ha":1.71,"rad_m":74,"uso":null}},{"type":"Feature","geometry":{"type":"Point","coordinates":[-70.531086,-33.466276]},"properties":{"id":1657,"nombre":"PLAZA EN CALLE DIAGONAL LAS TORRES","comuna":"Peñalolén","sup_m2":6402,"sup_ha":0.64,"rad_m":45,"uso":null}},{"type":"Feature","geometry":{"type":"Point","coordinates":[-70.587032,-33.483632]},"properties":{"id":1648,"nombre":"Plaza Arabia","comuna":"Macul","sup_m2":9855,"sup_ha":0.99,"rad_m":56,"uso":null}},{"type":"Feature","geometry":{"type":"Point","coordinates":[-70.593336,-33.490412]},"properties":{"id":1649,"nombre":"Plaza Villa Macul","comuna":"Macul","sup_m2":9213,"sup_ha":0.92,"rad_m":54,"uso":null}},{"type":"Feature","geometry":{"type":"Point","coordinates":[-70.550807,-33.465842]},"properties":{"id":1650,"nombre":"PARQUE TOBALABA","comuna":"Peñalolén","sup_m2":12735,"sup_ha":1.27,"rad_m":64,"uso":null}},{"type":"Feature","geometry":{"type":"Point","coordinates":[-70.58775,-33.490051]},"properties":{"id":1651,"nombre":"Plaza en Calle Ramón Cruz Montt","comuna":"Macul","sup_m2":7977,"sup_ha":0.8,"rad_m":50,"uso":null}},{"type":"Feature","geometry":{"type":"Point","coordinates":[-70.553677,-33.471757]},"properties":{"id":1652,"nombre":"PARQUE SÁNCHEZ FONTECILLA","comuna":"Peñalolén","sup_m2":13593,"sup_ha":1.36,"rad_m":66,"uso":null}},{"type":"Feature","geometry":{"type":"Point","coordinates":[-70.639098,-33.583342]},"properties":{"id":1643,"nombre":"Plaza Porto Alegre","comuna":"La Pintana","sup_m2":17055,"sup_ha":1.71,"rad_m":74,"uso":null}},{"type":"Feature","geometry":{"type":"Point","coordinates":[-70.556988,-33.477889]},"properties":{"id":1644,"nombre":"PARQUE TOBALABA","comuna":"Peñalolén","sup_m2":16368,"sup_ha":1.64,"rad_m":72,"uso":null}},{"type":"Feature","geometry":{"type":"Point","coordinates":[-70.556456,-33.477948]},"properties":{"id":1645,"nombre":"PARQUE SÁNCHEZ FONTECILLA","comuna":"Peñalolén","sup_m2":21432,"sup_ha":2.14,"rad_m":83,"uso":null}},{"type":"Feature","geometry":{"type":"Point","coordinates":[-70.641347,-33.57961]},"properties":{"id":1646,"nombre":"Plaza Bernardino Parada","comuna":"La Pintana","sup_m2":5732,"sup_ha":0.57,"rad_m":43,"uso":null}},{"type":"Feature","geometry":{"type":"Point","coordinates":[-70.657359,-33.576217]},"properties":{"id":1647,"nombre":"Plaza Teniente Montt Salamanca","comuna":"La Pintana","sup_m2":11521,"sup_ha":1.15,"rad_m":61,"uso":null}},{"type":"Feature","geometry":{"type":"Point","coordinates":[-70.630541,-33.44648]},"properties":{"id":1639,"nombre":"PARQUE SAN ESTEBAN DE HUNGRIA","comuna":"Providencia","sup_m2":5684,"sup_ha":0.57,"rad_m":43,"uso":null}},{"type":"Feature","geometry":{"type":"Point","coordinates":[-70.629228,-33.451231]},"properties":{"id":1640,"nombre":"PARQUE SAN ESTEBAN DE HUNGRIA","comuna":"Ñuñoa","sup_m2":3559,"sup_ha":0.36,"rad_m":34,"uso":null}},{"type":"Feature","geometry":{"type":"Point","coordinates":[-70.593632,-33.473422]},"properties":{"id":1641,"nombre":"Plaza en Rodrigo De Araya","comuna":"Ñuñoa","sup_m2":7562,"sup_ha":0.76,"rad_m":49,"uso":null}},{"type":"Feature","geometry":{"type":"Point","coordinates":[-70.605889,-33.472617]},"properties":{"id":1642,"nombre":"Plaza Zañartu","comuna":"Ñuñoa","sup_m2":6604,"sup_ha":0.66,"rad_m":46,"uso":null}},{"type":"Feature","geometry":{"type":"Point","coordinates":[-70.670368,-33.347825]},"properties":{"id":1635,"nombre":"PEDRO FONTOVA PRINCIPAL","comuna":"Huechuraba","sup_m2":13487,"sup_ha":1.35,"rad_m":66,"uso":null}},{"type":"Feature","geometry":{"type":"Point","coordinates":[-70.637414,-33.36148]},"properties":{"id":1636,"nombre":"Parque Huechuraba","comuna":"Huechuraba","sup_m2":49293,"sup_ha":4.93,"rad_m":125,"uso":null}},{"type":"Feature","geometry":{"type":"Point","coordinates":[-70.624415,-33.591267]},"properties":{"id":1637,"nombre":"Plaza Batallón Chacabuco","comuna":"La Pintana","sup_m2":6278,"sup_ha":0.63,"rad_m":45,"uso":null}},{"type":"Feature","geometry":{"type":"Point","coordinates":[-70.594994,-33.432137]},"properties":{"id":1632,"nombre":"Plaza Río de Janeiro","comuna":"Providencia","sup_m2":10814,"sup_ha":1.08,"rad_m":59,"uso":null}},{"type":"Feature","geometry":{"type":"Point","coordinates":[-70.631539,-33.434607]},"properties":{"id":1633,"nombre":"Ciclopaseo Mapocho 42k","comuna":"Providencia","sup_m2":9126,"sup_ha":0.91,"rad_m":54,"uso":null}},{"type":"Feature","geometry":{"type":"Point","coordinates":[-70.607305,-33.438883]},"properties":{"id":1634,"nombre":"Plaza Pedro de Valdivia","comuna":"Providencia","sup_m2":11562,"sup_ha":1.16,"rad_m":61,"uso":null}},{"type":"Feature","geometry":{"type":"Point","coordinates":[-70.657883,-33.431274]},"properties":{"id":1626,"nombre":"PARQUE DE LOS REYES, SECTOR 1","comuna":"Santiago","sup_m2":41468,"sup_ha":4.15,"rad_m":115,"uso":"Sí"}},{"type":"Feature","geometry":{"type":"Point","coordinates":[-70.607174,-33.457565]},"properties":{"id":1627,"nombre":"Plaza Lillo","comuna":"Ñuñoa","sup_m2":6070,"sup_ha":0.61,"rad_m":44,"uso":null}},{"type":"Feature","geometry":{"type":"Point","coordinates":[-70.567058,-33.397326]},"properties":{"id":1628,"nombre":"Parque Brasilia","comuna":"Las Condes","sup_m2":9138,"sup_ha":0.91,"rad_m":54,"uso":null}},{"type":"Feature","geometry":{"type":"Point","coordinates":[-70.68087,-33.544616]},"properties":{"id":1629,"nombre":"Plaza Islote Snipe","comuna":"El Bosque","sup_m2":5371,"sup_ha":0.54,"rad_m":41,"uso":null}},{"type":"Feature","geometry":{"type":"Point","coordinates":[-70.670318,-33.581634]},"properties":{"id":1630,"nombre":"Plaza Población Juan Pablo II","comuna":"El Bosque","sup_m2":6511,"sup_ha":0.65,"rad_m":46,"uso":null}},{"type":"Feature","geometry":{"type":"Point","coordinates":[-70.577558,-33.437904]},"properties":{"id":1631,"nombre":"Plaza Augusto D'Halmar","comuna":"Ñuñoa","sup_m2":5395,"sup_ha":0.54,"rad_m":41,"uso":null}},{"type":"Feature","geometry":{"type":"Point","coordinates":[-70.501294,-33.36585]},"properties":{"id":1622,"nombre":"EL SAUCE","comuna":"Lo Barnechea","sup_m2":6713,"sup_ha":0.67,"rad_m":46,"uso":"No"}},{"type":"Feature","geometry":{"type":"Point","coordinates":[-70.679058,-33.515737]},"properties":{"id":1623,"nombre":"Plaza Lucila Godoy","comuna":"Lo Espejo","sup_m2":5929,"sup_ha":0.59,"rad_m":43,"uso":null}},{"type":"Feature","geometry":{"type":"Point","coordinates":[-70.660873,-33.566944]},"properties":{"id":1624,"nombre":"Bandejón Santa Elena","comuna":"El Bosque","sup_m2":7914,"sup_ha":0.79,"rad_m":50,"uso":null}},{"type":"Feature","geometry":{"type":"Point","coordinates":[-70.633701,-33.564076]},"properties":{"id":1625,"nombre":"Plaza San Matías 2","comuna":"La Pintana","sup_m2":8386,"sup_ha":0.84,"rad_m":52,"uso":null}},{"type":"Feature","geometry":{"type":"Point","coordinates":[-70.630685,-33.585314]},"properties":{"id":1615,"nombre":"Plaza Anibal Pinto","comuna":"La Pintana","sup_m2":14190,"sup_ha":1.42,"rad_m":67,"uso":null}},{"type":"Feature","geometry":{"type":"Point","coordinates":[-70.578804,-33.399375]},"properties":{"id":1616,"nombre":"Plaza Los Abetos","comuna":"Vitacura","sup_m2":4904,"sup_ha":0.49,"rad_m":40,"uso":null}},{"type":"Feature","geometry":{"type":"Point","coordinates":[-70.699784,-33.519341]},"properties":{"id":1617,"nombre":"Plaza Polux","comuna":"Lo Espejo","sup_m2":6518,"sup_ha":0.65,"rad_m":46,"uso":null}},{"type":"Feature","geometry":{"type":"Point","coordinates":[-70.704931,-33.531519]},"properties":{"id":1618,"nombre":"Plaza Don Ramón","comuna":"Lo Espejo","sup_m2":5614,"sup_ha":0.56,"rad_m":42,"uso":null}},{"type":"Feature","geometry":{"type":"Point","coordinates":[-70.677458,-33.51038]},"properties":{"id":1619,"nombre":"Plaza Santa Adriana","comuna":"Lo Espejo","sup_m2":5927,"sup_ha":0.59,"rad_m":43,"uso":null}},{"type":"Feature","geometry":{"type":"Point","coordinates":[-70.709958,-33.492055]},"properties":{"id":1620,"nombre":"Plaza Norte","comuna":"Cerrillos","sup_m2":5036,"sup_ha":0.5,"rad_m":40,"uso":null}},{"type":"Feature","geometry":{"type":"Point","coordinates":[-70.691032,-33.528048]},"properties":{"id":1621,"nombre":"Plaza Astaburuaga","comuna":"Lo Espejo","sup_m2":5768,"sup_ha":0.58,"rad_m":43,"uso":null}},{"type":"Feature","geometry":{"type":"Point","coordinates":[-70.625262,-33.562292]},"properties":{"id":1612,"nombre":"Plaza San Nestor","comuna":"La Pintana","sup_m2":5056,"sup_ha":0.51,"rad_m":40,"uso":null}},{"type":"Feature","geometry":{"type":"Point","coordinates":[-70.620392,-33.563551]},"properties":{"id":1613,"nombre":"Plaza Pablo Neruda","comuna":"La Pintana","sup_m2":6292,"sup_ha":0.63,"rad_m":45,"uso":null}},{"type":"Feature","geometry":{"type":"Point","coordinates":[-70.635815,-33.374409]},"properties":{"id":1614,"nombre":"Plaza Cívica Huechuraba","comuna":"Huechuraba","sup_m2":15739,"sup_ha":1.57,"rad_m":71,"uso":null}},{"type":"Feature","geometry":{"type":"Point","coordinates":[-70.572808,-33.569939]},"properties":{"id":1610,"nombre":"B2105 Valcaros","comuna":"Puente Alto","sup_m2":5515,"sup_ha":0.55,"rad_m":42,"uso":null}},{"type":"Feature","geometry":{"type":"Point","coordinates":[-70.689702,-33.362546]},"properties":{"id":1611,"nombre":"Parque Caletera Autopista Los Libertadores","comuna":"Huechuraba","sup_m2":22876,"sup_ha":2.29,"rad_m":85,"uso":null}},{"type":"Feature","geometry":{"type":"Point","coordinates":[-70.547125,-33.56028]},"properties":{"id":1609,"nombre":"B2129 Loyola Interior","comuna":"Puente Alto","sup_m2":11493,"sup_ha":1.15,"rad_m":60,"uso":null}},{"type":"Feature","geometry":{"type":"Point","coordinates":[-70.614297,-33.630386]},"properties":{"id":1606,"nombre":"B2011 Gabriela Oriente  El Hidalgo","comuna":"Puente Alto","sup_m2":15468,"sup_ha":1.55,"rad_m":70,"uso":null}},{"type":"Feature","geometry":{"type":"Point","coordinates":[-70.555602,-33.583605]},"properties":{"id":1607,"nombre":"B2132 Bayona / Inglesa","comuna":"Puente Alto","sup_m2":8114,"sup_ha":0.81,"rad_m":51,"uso":null}},{"type":"Feature","geometry":{"type":"Point","coordinates":[-70.564937,-33.584173]},"properties":{"id":1608,"nombre":"B2130 Maya Interior","comuna":"Puente Alto","sup_m2":31200,"sup_ha":3.12,"rad_m":100,"uso":null}},{"type":"Feature","geometry":{"type":"Point","coordinates":[-70.582085,-33.617368]},"properties":{"id":1605,"nombre":"B2161 El Peral  El Mediero","comuna":"Puente Alto","sup_m2":35601,"sup_ha":3.56,"rad_m":106,"uso":null}},{"type":"Feature","geometry":{"type":"Point","coordinates":[-70.589783,-33.627959]},"properties":{"id":1604,"nombre":"B2160 Pichilemu  Cartagena","comuna":"Puente Alto","sup_m2":19088,"sup_ha":1.91,"rad_m":78,"uso":null}},{"type":"Feature","geometry":{"type":"Point","coordinates":[-70.558202,-33.610373]},"properties":{"id":1602,"nombre":"B2007 Los Magnolios  Los Cedros","comuna":"Puente Alto","sup_m2":19560,"sup_ha":1.96,"rad_m":79,"uso":null}},{"type":"Feature","geometry":{"type":"Point","coordinates":[-70.589437,-33.613879]},"properties":{"id":1603,"nombre":"B2005 Paris  Londres  Madrid","comuna":"Puente Alto","sup_m2":12918,"sup_ha":1.29,"rad_m":64,"uso":null}},{"type":"Feature","geometry":{"type":"Point","coordinates":[-70.620148,-33.612182]},"properties":{"id":1599,"nombre":"B2010 Los Gomeros  Los Gladiolos  Nemesio Vicuña","comuna":"Puente Alto","sup_m2":6227,"sup_ha":0.62,"rad_m":45,"uso":null}},{"type":"Feature","geometry":{"type":"Point","coordinates":[-70.597748,-33.578709]},"properties":{"id":1600,"nombre":"Parque","comuna":"Puente Alto","sup_m2":25206,"sup_ha":2.52,"rad_m":90,"uso":null}},{"type":"Feature","geometry":{"type":"Point","coordinates":[-70.598362,-33.570238]},"properties":{"id":1601,"nombre":"B2007 Los Magnolios  Los Cedros","comuna":"Puente Alto","sup_m2":5999,"sup_ha":0.6,"rad_m":44,"uso":null}},{"type":"Feature","geometry":{"type":"Point","coordinates":[-70.610131,-33.628521]},"properties":{"id":1594,"nombre":"Parque","comuna":"Puente Alto","sup_m2":6116,"sup_ha":0.61,"rad_m":44,"uso":null}},{"type":"Feature","geometry":{"type":"Point","coordinates":[-70.613091,-33.627249]},"properties":{"id":1595,"nombre":"Parque","comuna":"Puente Alto","sup_m2":5934,"sup_ha":0.59,"rad_m":43,"uso":null}},{"type":"Feature","geometry":{"type":"Point","coordinates":[-70.626141,-33.630904]},"properties":{"id":1596,"nombre":"A2012 Los Loros entre Noruega y Holanda(Pza. Alessandri)","comuna":"Puente Alto","sup_m2":5006,"sup_ha":0.5,"rad_m":40,"uso":null}},{"type":"Feature","geometry":{"type":"Point","coordinates":[-70.611251,-33.627689]},"properties":{"id":1597,"nombre":"Parque","comuna":"Puente Alto","sup_m2":6319,"sup_ha":0.63,"rad_m":45,"uso":null}},{"type":"Feature","geometry":{"type":"Point","coordinates":[-70.609554,-33.627835]},"properties":{"id":1598,"nombre":"B2112 Cerro La Ballena  Nuevo Continente","comuna":"Puente Alto","sup_m2":9844,"sup_ha":0.98,"rad_m":56,"uso":null}},{"type":"Feature","geometry":{"type":"Point","coordinates":[-70.567762,-33.564738]},"properties":{"id":1589,"nombre":"A2030 Tomé  Eyzaguirre  Circunvalación","comuna":"Puente Alto","sup_m2":7661,"sup_ha":0.77,"rad_m":49,"uso":null}},{"type":"Feature","geometry":{"type":"Point","coordinates":[-70.615052,-33.623579]},"properties":{"id":1590,"nombre":"A2036 Finlandia  Marcos Perez  Camino Internacional (Oriente)","comuna":"Puente Alto","sup_m2":130670,"sup_ha":13.07,"rad_m":204,"uso":null}},{"type":"Feature","geometry":{"type":"Point","coordinates":[-70.62607,-33.624825]},"properties":{"id":1591,"nombre":"Parque","comuna":"Puente Alto","sup_m2":11542,"sup_ha":1.15,"rad_m":61,"uso":null}},{"type":"Feature","geometry":{"type":"Point","coordinates":[-70.627396,-33.629407]},"properties":{"id":1592,"nombre":"A2076 Costanera  Holanda  Laja  Liimite Oriente","comuna":"Puente Alto","sup_m2":5254,"sup_ha":0.53,"rad_m":41,"uso":null}},{"type":"Feature","geometry":{"type":"Point","coordinates":[-70.605198,-33.627534]},"properties":{"id":1593,"nombre":"A2100 Lago Vergara","comuna":"Puente Alto","sup_m2":6647,"sup_ha":0.66,"rad_m":46,"uso":null}},{"type":"Feature","geometry":{"type":"Point","coordinates":[-70.581202,-33.571767]},"properties":{"id":1586,"nombre":"Parque","comuna":"Puente Alto","sup_m2":7070,"sup_ha":0.71,"rad_m":47,"uso":null}},{"type":"Feature","geometry":{"type":"Point","coordinates":[-70.558458,-33.563744]},"properties":{"id":1587,"nombre":"A2030 Tomé  Eyzaguirre  Circunvalación","comuna":"Puente Alto","sup_m2":8463,"sup_ha":0.85,"rad_m":52,"uso":null}},{"type":"Feature","geometry":{"type":"Point","coordinates":[-70.567762,-33.564738]},"properties":{"id":1588,"nombre":"A2030 Tomé  Eyzaguirre  Circunvalación","comuna":"Puente Alto","sup_m2":7661,"sup_ha":0.77,"rad_m":49,"uso":null}},{"type":"Feature","geometry":{"type":"Point","coordinates":[-70.527714,-33.613989]},"properties":{"id":1581,"nombre":"B3019 Diego Portales  Camilo Henriquez Tobalaba","comuna":"Puente Alto","sup_m2":10435,"sup_ha":1.04,"rad_m":58,"uso":null}},{"type":"Feature","geometry":{"type":"Point","coordinates":[-70.566419,-33.616245]},"properties":{"id":1582,"nombre":"B3105 Sanchez Fontecilla  Av. Las Perdices (Sur  Poniente)","comuna":"Puente Alto","sup_m2":10037,"sup_ha":1,"rad_m":57,"uso":null}},{"type":"Feature","geometry":{"type":"Point","coordinates":[-70.560348,-33.613174]},"properties":{"id":1583,"nombre":"B3264 El Risco","comuna":"Puente Alto","sup_m2":6111,"sup_ha":0.61,"rad_m":44,"uso":null}},{"type":"Feature","geometry":{"type":"Point","coordinates":[-70.566419,-33.616245]},"properties":{"id":1584,"nombre":"Parque","comuna":"Puente Alto","sup_m2":10037,"sup_ha":1,"rad_m":57,"uso":null}},{"type":"Feature","geometry":{"type":"Point","coordinates":[-70.565951,-33.568177]},"properties":{"id":1585,"nombre":"A2037  Av. Eyzaguirre  Carlos A. Luco   Croacia","comuna":"Puente Alto","sup_m2":8752,"sup_ha":0.88,"rad_m":53,"uso":null}},{"type":"Feature","geometry":{"type":"Point","coordinates":[-70.567507,-33.611898]},"properties":{"id":1578,"nombre":"B3230 Mapulemu  Pje. Copao  Conuco","comuna":"Puente Alto","sup_m2":11243,"sup_ha":1.12,"rad_m":60,"uso":null}},{"type":"Feature","geometry":{"type":"Point","coordinates":[-70.563978,-33.613505]},"properties":{"id":1579,"nombre":"B3021 La Marqueza","comuna":"Puente Alto","sup_m2":11589,"sup_ha":1.16,"rad_m":61,"uso":null}},{"type":"Feature","geometry":{"type":"Point","coordinates":[-70.563411,-33.614727]},"properties":{"id":1580,"nombre":"B3185 Pje. Senedero la Huella Oriente  Pje. Sendero la Huella Poniente","comuna":"Puente Alto","sup_m2":5018,"sup_ha":0.5,"rad_m":40,"uso":null}},{"type":"Feature","geometry":{"type":"Point","coordinates":[-70.549953,-33.554825]},"properties":{"id":1575,"nombre":"C1032 Los Alcornoques  Los Prunos","comuna":"Puente Alto","sup_m2":22385,"sup_ha":2.24,"rad_m":84,"uso":null}},{"type":"Feature","geometry":{"type":"Point","coordinates":[-70.552416,-33.569375]},"properties":{"id":1576,"nombre":"B3210 Ojos del Agua  Portezuelo del Cepo (4)","comuna":"Puente Alto","sup_m2":16307,"sup_ha":1.63,"rad_m":72,"uso":null}},{"type":"Feature","geometry":{"type":"Point","coordinates":[-70.553213,-33.554193]},"properties":{"id":1577,"nombre":"Parque","comuna":"Puente Alto","sup_m2":17606,"sup_ha":1.76,"rad_m":75,"uso":null}},{"type":"Feature","geometry":{"type":"Point","coordinates":[-70.512333,-33.583832]},"properties":{"id":1571,"nombre":"Parque","comuna":"Puente Alto","sup_m2":5504,"sup_ha":0.55,"rad_m":42,"uso":null}},{"type":"Feature","geometry":{"type":"Point","coordinates":[-70.509944,-33.584577]},"properties":{"id":1572,"nombre":"C1015 Amadora","comuna":"Puente Alto","sup_m2":31657,"sup_ha":3.17,"rad_m":100,"uso":null}},{"type":"Feature","geometry":{"type":"Point","coordinates":[-70.538957,-33.591108]},"properties":{"id":1573,"nombre":"Ejercito Libertador 3905  3899, Condominio Los Coigues","comuna":"Puente Alto","sup_m2":20357,"sup_ha":2.04,"rad_m":80,"uso":null}},{"type":"Feature","geometry":{"type":"Point","coordinates":[-70.550496,-33.555233]},"properties":{"id":1574,"nombre":"C1033 Los Pimientos  Los Olivos","comuna":"Puente Alto","sup_m2":22443,"sup_ha":2.24,"rad_m":85,"uso":null}},{"type":"Feature","geometry":{"type":"Point","coordinates":[-70.55971,-33.588635]},"properties":{"id":1568,"nombre":"B1041 San Nicolás  San Marcos  Sta Daniela  A. Pimentel (2 áreas)","comuna":"Puente Alto","sup_m2":8177,"sup_ha":0.82,"rad_m":51,"uso":null}},{"type":"Feature","geometry":{"type":"Point","coordinates":[-70.57633,-33.585828]},"properties":{"id":1569,"nombre":"Parque","comuna":"Puente Alto","sup_m2":19405,"sup_ha":1.94,"rad_m":79,"uso":null}},{"type":"Feature","geometry":{"type":"Point","coordinates":[-70.597231,-33.576783]},"properties":{"id":1570,"nombre":"Parque","comuna":"Puente Alto","sup_m2":5281,"sup_ha":0.53,"rad_m":41,"uso":null}},{"type":"Feature","geometry":{"type":"Point","coordinates":[-70.558713,-33.590446]},"properties":{"id":1566,"nombre":"B1032 ChayavientosBugambilia","comuna":"Puente Alto","sup_m2":6605,"sup_ha":0.66,"rad_m":46,"uso":null}},{"type":"Feature","geometry":{"type":"Point","coordinates":[-70.55923,-33.581716]},"properties":{"id":1567,"nombre":"B1037 Apostol Lucas  Maestro Palomo  Apostol Pablo (2 áreas)","comuna":"Puente Alto","sup_m2":14510,"sup_ha":1.45,"rad_m":68,"uso":null}},{"type":"Feature","geometry":{"type":"Point","coordinates":[-70.547425,-33.595861]},"properties":{"id":1561,"nombre":"Parque","comuna":"Puente Alto","sup_m2":5009,"sup_ha":0.5,"rad_m":40,"uso":null}},{"type":"Feature","geometry":{"type":"Point","coordinates":[-70.553633,-33.596966]},"properties":{"id":1562,"nombre":"A1062 Isaac al rincón","comuna":"Puente Alto","sup_m2":6421,"sup_ha":0.64,"rad_m":45,"uso":null}},{"type":"Feature","geometry":{"type":"Point","coordinates":[-70.570733,-33.588925]},"properties":{"id":1563,"nombre":"A1187 Cerro Pina","comuna":"Puente Alto","sup_m2":6094,"sup_ha":0.61,"rad_m":44,"uso":null}},{"type":"Feature","geometry":{"type":"Point","coordinates":[-70.574192,-33.593607]},"properties":{"id":1564,"nombre":"A1177 Los Faroles (2 áreas)","comuna":"Puente Alto","sup_m2":5693,"sup_ha":0.57,"rad_m":43,"uso":null}},{"type":"Feature","geometry":{"type":"Point","coordinates":[-70.551816,-33.585634]},"properties":{"id":1565,"nombre":"Parque","comuna":"Puente Alto","sup_m2":5120,"sup_ha":0.51,"rad_m":40,"uso":null}},{"type":"Feature","geometry":{"type":"Point","coordinates":[-70.551092,-33.587564]},"properties":{"id":1560,"nombre":"Parque","comuna":"Puente Alto","sup_m2":6339,"sup_ha":0.63,"rad_m":45,"uso":null}},{"type":"Feature","geometry":{"type":"Point","coordinates":[-70.55202,-33.572756]},"properties":{"id":1557,"nombre":"D1082 Juan MackennaGenaro Prieto","comuna":"La Florida","sup_m2":91610,"sup_ha":9.16,"rad_m":171,"uso":null}},{"type":"Feature","geometry":{"type":"Point","coordinates":[-70.548047,-33.595894]},"properties":{"id":1558,"nombre":"Costados de casas  Enrique Campino","comuna":"Puente Alto","sup_m2":5855,"sup_ha":0.59,"rad_m":43,"uso":null}},{"type":"Feature","geometry":{"type":"Point","coordinates":[-70.558531,-33.596026]},"properties":{"id":1559,"nombre":"Parque","comuna":"Puente Alto","sup_m2":7477,"sup_ha":0.75,"rad_m":49,"uso":null}},{"type":"Feature","geometry":{"type":"Point","coordinates":[-70.589094,-33.613754]},"properties":{"id":1553,"nombre":"D1110 Cedrón  A. Manuel Bahamondes  4 Oriente","comuna":"Puente Alto","sup_m2":14910,"sup_ha":1.49,"rad_m":69,"uso":null}},{"type":"Feature","geometry":{"type":"Point","coordinates":[-70.581418,-33.608386]},"properties":{"id":1554,"nombre":"D1072 Francisco CarbonellIsabel RiquelmeA. Sanchez","comuna":"Puente Alto","sup_m2":37446,"sup_ha":3.74,"rad_m":109,"uso":null}},{"type":"Feature","geometry":{"type":"Point","coordinates":[-70.581418,-33.608386]},"properties":{"id":1555,"nombre":"D1076 Eugenio Guzmán con Isabel Riquelme","comuna":"Puente Alto","sup_m2":37446,"sup_ha":3.74,"rad_m":109,"uso":null}},{"type":"Feature","geometry":{"type":"Point","coordinates":[-70.602738,-33.608145]},"properties":{"id":1556,"nombre":"D1084 Blanco EncaladaEnrique Faverio","comuna":"Puente Alto","sup_m2":16552,"sup_ha":1.66,"rad_m":73,"uso":null}},{"type":"Feature","geometry":{"type":"Point","coordinates":[-70.602202,-33.608921]},"properties":{"id":1552,"nombre":"D1035 Ernesto Alvear  Av. Concha y Toro  Eyzaguirre","comuna":"Puente Alto","sup_m2":10502,"sup_ha":1.05,"rad_m":58,"uso":null}},{"type":"Feature","geometry":{"type":"Point","coordinates":[-70.582886,-33.595407]},"properties":{"id":1549,"nombre":"C2036 Creta Mar Egeo","comuna":"Puente Alto","sup_m2":26995,"sup_ha":2.7,"rad_m":93,"uso":null}},{"type":"Feature","geometry":{"type":"Point","coordinates":[-70.59204,-33.596329]},"properties":{"id":1550,"nombre":"C2087 Costado pozos","comuna":"Puente Alto","sup_m2":22468,"sup_ha":2.25,"rad_m":85,"uso":null}},{"type":"Feature","geometry":{"type":"Point","coordinates":[-70.5787,-33.607756]},"properties":{"id":1551,"nombre":"Parque","comuna":"Puente Alto","sup_m2":6170,"sup_ha":0.62,"rad_m":44,"uso":null}},{"type":"Feature","geometry":{"type":"Point","coordinates":[-70.604591,-33.573327]},"properties":{"id":1546,"nombre":"Parque","comuna":"Puente Alto","sup_m2":9657,"sup_ha":0.97,"rad_m":55,"uso":null}},{"type":"Feature","geometry":{"type":"Point","coordinates":[-70.606642,-33.571516]},"properties":{"id":1547,"nombre":"C2016 Creta/La Primavera/Koiko","comuna":"Puente Alto","sup_m2":8073,"sup_ha":0.81,"rad_m":51,"uso":null}},{"type":"Feature","geometry":{"type":"Point","coordinates":[-70.591871,-33.609848]},"properties":{"id":1548,"nombre":"Parque","comuna":"Puente Alto","sup_m2":16796,"sup_ha":1.68,"rad_m":73,"uso":null}},{"type":"Feature","geometry":{"type":"Point","coordinates":[-70.596033,-33.618639]},"properties":{"id":1542,"nombre":"D2117 Roberto Pino  Gabriela Mistral . Janequeo (costado cancha)","comuna":"Puente Alto","sup_m2":22811,"sup_ha":2.28,"rad_m":85,"uso":null}},{"type":"Feature","geometry":{"type":"Point","coordinates":[-70.575154,-33.61561]},"properties":{"id":1543,"nombre":"D2075 Patinodromo","comuna":"Puente Alto","sup_m2":6348,"sup_ha":0.63,"rad_m":45,"uso":null}},{"type":"Feature","geometry":{"type":"Point","coordinates":[-70.601655,-33.574548]},"properties":{"id":1544,"nombre":"Parque","comuna":"Puente Alto","sup_m2":6349,"sup_ha":0.63,"rad_m":45,"uso":null}},{"type":"Feature","geometry":{"type":"Point","coordinates":[-70.599825,-33.57035]},"properties":{"id":1545,"nombre":"NO ENCONTRADO EN PLANO PDF","comuna":"Puente Alto","sup_m2":11894,"sup_ha":1.19,"rad_m":62,"uso":null}},{"type":"Feature","geometry":{"type":"Point","coordinates":[-70.585081,-33.615422]},"properties":{"id":1540,"nombre":"Parque","comuna":"Puente Alto","sup_m2":11543,"sup_ha":1.15,"rad_m":61,"uso":null}},{"type":"Feature","geometry":{"type":"Point","coordinates":[-70.597608,-33.626066]},"properties":{"id":1541,"nombre":"D2116 Roberto Pino  Genaro Salinas (costado cancha)","comuna":"Puente Alto","sup_m2":9465,"sup_ha":0.95,"rad_m":55,"uso":null}},{"type":"Feature","geometry":{"type":"Point","coordinates":[-70.577971,-33.628136]},"properties":{"id":1538,"nombre":"D2083 Concha y Toro  Angel Pimentel","comuna":"Puente Alto","sup_m2":18311,"sup_ha":1.83,"rad_m":76,"uso":null}},{"type":"Feature","geometry":{"type":"Point","coordinates":[-70.577629,-33.625048]},"properties":{"id":1539,"nombre":"Parque","comuna":"Puente Alto","sup_m2":10247,"sup_ha":1.02,"rad_m":57,"uso":null}},{"type":"Feature","geometry":{"type":"Point","coordinates":[-70.633224,-33.562476]},"properties":{"id":1533,"nombre":"Plaza San Matías","comuna":"La Pintana","sup_m2":10042,"sup_ha":1,"rad_m":57,"uso":null}},{"type":"Feature","geometry":{"type":"Point","coordinates":[-70.586271,-33.445287]},"properties":{"id":1534,"nombre":"Plaza Pucará","comuna":"Ñuñoa","sup_m2":13817,"sup_ha":1.38,"rad_m":66,"uso":null}},{"type":"Feature","geometry":{"type":"Point","coordinates":[-70.592626,-33.437021]},"properties":{"id":1535,"nombre":"Plaza Uruguay","comuna":"Providencia","sup_m2":7532,"sup_ha":0.75,"rad_m":49,"uso":null}},{"type":"Feature","geometry":{"type":"Point","coordinates":[-70.600274,-33.436129]},"properties":{"id":1536,"nombre":"Plaza La Alcaldesa","comuna":"Providencia","sup_m2":12851,"sup_ha":1.29,"rad_m":64,"uso":null}},{"type":"Feature","geometry":{"type":"Point","coordinates":[-70.616724,-33.448792]},"properties":{"id":1537,"nombre":"Plaza Guillermo Franke","comuna":"Ñuñoa","sup_m2":6602,"sup_ha":0.66,"rad_m":46,"uso":null}},{"type":"Feature","geometry":{"type":"Point","coordinates":[-70.693016,-33.50295]},"properties":{"id":1529,"nombre":"Plaza Avda. Ovalle","comuna":"Lo Espejo","sup_m2":8495,"sup_ha":0.85,"rad_m":52,"uso":null}},{"type":"Feature","geometry":{"type":"Point","coordinates":[-70.695007,-33.522193]},"properties":{"id":1530,"nombre":"Plaza Pegaso","comuna":"Lo Espejo","sup_m2":6132,"sup_ha":0.61,"rad_m":44,"uso":null}},{"type":"Feature","geometry":{"type":"Point","coordinates":[-70.691803,-33.521837]},"properties":{"id":1531,"nombre":"Plaza Las Torres","comuna":"Lo Espejo","sup_m2":10689,"sup_ha":1.07,"rad_m":58,"uso":null}},{"type":"Feature","geometry":{"type":"Point","coordinates":[-70.731056,-33.488673]},"properties":{"id":1532,"nombre":"Plaza Las Torres","comuna":"Cerrillos","sup_m2":11860,"sup_ha":1.19,"rad_m":61,"uso":null}},{"type":"Feature","geometry":{"type":"Point","coordinates":[-70.653682,-33.54807]},"properties":{"id":1525,"nombre":"Plaza Torreblanca","comuna":"La Cisterna","sup_m2":6270,"sup_ha":0.63,"rad_m":45,"uso":null}},{"type":"Feature","geometry":{"type":"Point","coordinates":[-70.638798,-33.53121]},"properties":{"id":1526,"nombre":"Plaza America","comuna":"San Ramón","sup_m2":7537,"sup_ha":0.75,"rad_m":49,"uso":null}},{"type":"Feature","geometry":{"type":"Point","coordinates":[-70.606092,-33.413418]},"properties":{"id":1527,"nombre":"BANDEJÓN","comuna":"Las Condes","sup_m2":30005,"sup_ha":3,"rad_m":98,"uso":null}},{"type":"Feature","geometry":{"type":"Point","coordinates":[-70.590248,-33.384468]},"properties":{"id":1528,"nombre":"Área verde Casa Piedra","comuna":"Vitacura","sup_m2":13266,"sup_ha":1.33,"rad_m":65,"uso":null}},{"type":"Feature","geometry":{"type":"Point","coordinates":[-70.623466,-33.492834]},"properties":{"id":1518,"nombre":"Plaza El Pinar","comuna":"San Joaquín","sup_m2":5766,"sup_ha":0.58,"rad_m":43,"uso":null}},{"type":"Feature","geometry":{"type":"Point","coordinates":[-70.546717,-33.423537]},"properties":{"id":1519,"nombre":"Plaza Aucanquilcha oriente","comuna":"Las Condes","sup_m2":7828,"sup_ha":0.78,"rad_m":50,"uso":null}},{"type":"Feature","geometry":{"type":"Point","coordinates":[-70.643309,-33.537506]},"properties":{"id":1520,"nombre":"Plaza Ecuador","comuna":"San Ramón","sup_m2":6763,"sup_ha":0.68,"rad_m":46,"uso":null}},{"type":"Feature","geometry":{"type":"Point","coordinates":[-70.650323,-33.518837]},"properties":{"id":1521,"nombre":"Plaza Lo Ovalle","comuna":"La Cisterna","sup_m2":9554,"sup_ha":0.96,"rad_m":55,"uso":null}},{"type":"Feature","geometry":{"type":"Point","coordinates":[-70.676173,-33.526103]},"properties":{"id":1522,"nombre":"Plaza Castelar","comuna":"La Cisterna","sup_m2":5252,"sup_ha":0.53,"rad_m":41,"uso":null}},{"type":"Feature","geometry":{"type":"Point","coordinates":[-70.672303,-33.527393]},"properties":{"id":1523,"nombre":"Plaza Cervantes","comuna":"La Cisterna","sup_m2":5825,"sup_ha":0.58,"rad_m":43,"uso":null}},{"type":"Feature","geometry":{"type":"Point","coordinates":[-70.658467,-33.547071]},"properties":{"id":1524,"nombre":"Plaza Arturo Prat","comuna":"La Cisterna","sup_m2":12237,"sup_ha":1.22,"rad_m":62,"uso":null}},{"type":"Feature","geometry":{"type":"Point","coordinates":[-70.658679,-33.530249]},"properties":{"id":1506,"nombre":"Plaza Doctor Diego Whittaker","comuna":"La Cisterna","sup_m2":6356,"sup_ha":0.64,"rad_m":45,"uso":null}},{"type":"Feature","geometry":{"type":"Point","coordinates":[-70.700477,-33.450839]},"properties":{"id":1507,"nombre":"Plaza Gaspar de Orense","comuna":"Estación Central","sup_m2":5494,"sup_ha":0.55,"rad_m":42,"uso":null}},{"type":"Feature","geometry":{"type":"Point","coordinates":[-70.641048,-33.47749]},"properties":{"id":1512,"nombre":"Parque La Aguada","comuna":"San Joaquín","sup_m2":7983,"sup_ha":0.8,"rad_m":50,"uso":null}},{"type":"Feature","geometry":{"type":"Point","coordinates":[-70.513291,-33.404125]},"properties":{"id":1513,"nombre":"Parque Quebrada Honda","comuna":"Las Condes","sup_m2":32755,"sup_ha":3.28,"rad_m":102,"uso":null}},{"type":"Feature","geometry":{"type":"Point","coordinates":[-70.675249,-33.503177]},"properties":{"id":1515,"nombre":"Plaza Dávila","comuna":"Pedro Aguirre Cerda","sup_m2":13094,"sup_ha":1.31,"rad_m":65,"uso":null}},{"type":"Feature","geometry":{"type":"Point","coordinates":[-70.73194,-33.810088]},"properties":{"id":1517,"nombre":"Parque Sauce","comuna":"Paine","sup_m2":6726,"sup_ha":0.67,"rad_m":46,"uso":null}},{"type":"Feature","geometry":{"type":"Point","coordinates":[-70.670775,-33.514295]},"properties":{"id":1503,"nombre":"Plaza Sergio Ceppi","comuna":"La Cisterna","sup_m2":8927,"sup_ha":0.89,"rad_m":53,"uso":null}},{"type":"Feature","geometry":{"type":"Point","coordinates":[-70.672229,-33.532593]},"properties":{"id":1504,"nombre":"Plaza Los Bomberos","comuna":"La Cisterna","sup_m2":10261,"sup_ha":1.03,"rad_m":57,"uso":null}},{"type":"Feature","geometry":{"type":"Point","coordinates":[-70.601427,-33.396292]},"properties":{"id":1505,"nombre":"Parque Mapocho 42k Vitacura","comuna":"Vitacura","sup_m2":25775,"sup_ha":2.58,"rad_m":91,"uso":null}},{"type":"Feature","geometry":{"type":"Point","coordinates":[-70.668177,-33.476178]},"properties":{"id":1497,"nombre":"Parque Centenario","comuna":"Pedro Aguirre Cerda","sup_m2":16431,"sup_ha":1.64,"rad_m":72,"uso":null}},{"type":"Feature","geometry":{"type":"Point","coordinates":[-70.68358,-33.49942]},"properties":{"id":1498,"nombre":"Plaza Fraternal","comuna":"Pedro Aguirre Cerda","sup_m2":5050,"sup_ha":0.51,"rad_m":40,"uso":null}},{"type":"Feature","geometry":{"type":"Point","coordinates":[-70.619832,-33.520553]},"properties":{"id":1499,"nombre":"Plaza Avda. Padre Esteban Gumucio","comuna":"La Granja","sup_m2":7091,"sup_ha":0.71,"rad_m":48,"uso":null}},{"type":"Feature","geometry":{"type":"Point","coordinates":[-70.559936,-33.424867]},"properties":{"id":1500,"nombre":"Plaza en Isabel la Católica","comuna":"Las Condes","sup_m2":4963,"sup_ha":0.5,"rad_m":40,"uso":null}},{"type":"Feature","geometry":{"type":"Point","coordinates":[-70.64822,-33.542333]},"properties":{"id":1501,"nombre":"Plaza Barcelo Lira","comuna":"San Ramón","sup_m2":5187,"sup_ha":0.52,"rad_m":41,"uso":null}},{"type":"Feature","geometry":{"type":"Point","coordinates":[-70.633871,-33.547925]},"properties":{"id":1502,"nombre":"Plaza Vicuña Mackenna","comuna":"San Ramón","sup_m2":6712,"sup_ha":0.67,"rad_m":46,"uso":null}},{"type":"Feature","geometry":{"type":"Point","coordinates":[-70.63551,-33.477895]},"properties":{"id":1491,"nombre":"Plaza Carlo Silva Vildósola","comuna":"San Joaquín","sup_m2":7615,"sup_ha":0.76,"rad_m":49,"uso":null}},{"type":"Feature","geometry":{"type":"Point","coordinates":[-70.626377,-33.474366]},"properties":{"id":1492,"nombre":"Plaza Santa Elena","comuna":"San Joaquín","sup_m2":13599,"sup_ha":1.36,"rad_m":66,"uso":null}},{"type":"Feature","geometry":{"type":"Point","coordinates":[-70.62527,-33.481555]},"properties":{"id":1493,"nombre":"Plaza Mozart","comuna":"San Joaquín","sup_m2":6167,"sup_ha":0.62,"rad_m":44,"uso":null}},{"type":"Feature","geometry":{"type":"Point","coordinates":[-70.546968,-33.424362]},"properties":{"id":1494,"nombre":"Plaza Aucanquilcha poniente","comuna":"Las Condes","sup_m2":8063,"sup_ha":0.81,"rad_m":51,"uso":null}},{"type":"Feature","geometry":{"type":"Point","coordinates":[-70.652013,-33.482099]},"properties":{"id":1495,"nombre":"Plaza El Llano","comuna":"San Miguel","sup_m2":5118,"sup_ha":0.51,"rad_m":40,"uso":null}},{"type":"Feature","geometry":{"type":"Point","coordinates":[-70.53595,-33.425701]},"properties":{"id":1496,"nombre":"Plaza Vía Láctea","comuna":"Las Condes","sup_m2":5602,"sup_ha":0.56,"rad_m":42,"uso":null}},{"type":"Feature","geometry":{"type":"Point","coordinates":[-70.615286,-33.552113]},"properties":{"id":1484,"nombre":"Plaza Pedro Lira","comuna":"La Granja","sup_m2":7256,"sup_ha":0.73,"rad_m":48,"uso":null}},{"type":"Feature","geometry":{"type":"Point","coordinates":[-70.656917,-33.528662]},"properties":{"id":1485,"nombre":"Plaza Manuel Rodriguez","comuna":"La Cisterna","sup_m2":5332,"sup_ha":0.53,"rad_m":41,"uso":null}},{"type":"Feature","geometry":{"type":"Point","coordinates":[-70.691178,-33.453003]},"properties":{"id":1486,"nombre":"Paseo Palestina","comuna":"Estación Central","sup_m2":13813,"sup_ha":1.38,"rad_m":66,"uso":null}},{"type":"Feature","geometry":{"type":"Point","coordinates":[-70.507452,-33.412004]},"properties":{"id":1490,"nombre":"Plaza en Carlos Peña Otaegui","comuna":"Las Condes","sup_m2":16252,"sup_ha":1.63,"rad_m":72,"uso":null}},{"type":"Feature","geometry":{"type":"Point","coordinates":[-70.564718,-33.41871]},"properties":{"id":1483,"nombre":"Parque lineal en Manquehue Sur","comuna":"Las Condes","sup_m2":17463,"sup_ha":1.75,"rad_m":75,"uso":null}},{"type":"Feature","geometry":{"type":"Point","coordinates":[-70.762993,-33.460016]},"properties":{"id":1470,"nombre":"Plaza Lebreles","comuna":"Pudahuel","sup_m2":5477,"sup_ha":0.55,"rad_m":42,"uso":null}},{"type":"Feature","geometry":{"type":"Point","coordinates":[-70.710993,-33.467449]},"properties":{"id":1471,"nombre":"BANDEJON CALLE CINCO DE ABRIL","comuna":"Estación Central","sup_m2":40149,"sup_ha":4.01,"rad_m":113,"uso":null}},{"type":"Feature","geometry":{"type":"Point","coordinates":[-70.720616,-33.469677]},"properties":{"id":1472,"nombre":"Plaza José Cardín","comuna":"Estación Central","sup_m2":6245,"sup_ha":0.62,"rad_m":45,"uso":null}},{"type":"Feature","geometry":{"type":"Point","coordinates":[-70.677815,-33.458534]},"properties":{"id":1473,"nombre":"Plazuela Blanco Encalada","comuna":"Santiago","sup_m2":7612,"sup_ha":0.76,"rad_m":49,"uso":null}},{"type":"Feature","geometry":{"type":"Point","coordinates":[-70.637741,-33.478971]},"properties":{"id":1481,"nombre":"Parque La Aguada","comuna":"San Joaquín","sup_m2":14424,"sup_ha":1.44,"rad_m":68,"uso":null}},{"type":"Feature","geometry":{"type":"Point","coordinates":[-70.738727,-33.45409]},"properties":{"id":1463,"nombre":"Plaza Avda. Caudio Arrau","comuna":"Pudahuel","sup_m2":12324,"sup_ha":1.23,"rad_m":63,"uso":null}},{"type":"Feature","geometry":{"type":"Point","coordinates":[-70.728076,-33.446101]},"properties":{"id":1464,"nombre":"Plaza Waldo Taff","comuna":"Lo Prado","sup_m2":6550,"sup_ha":0.66,"rad_m":46,"uso":null}},{"type":"Feature","geometry":{"type":"Point","coordinates":[-70.709453,-33.438424]},"properties":{"id":1465,"nombre":"Plaza Santa Anita","comuna":"Lo Prado","sup_m2":6105,"sup_ha":0.61,"rad_m":44,"uso":null}},{"type":"Feature","geometry":{"type":"Point","coordinates":[-70.764813,-33.447332]},"properties":{"id":1466,"nombre":"Plaza Villa Grecia","comuna":"Pudahuel","sup_m2":11547,"sup_ha":1.15,"rad_m":61,"uso":null}},{"type":"Feature","geometry":{"type":"Point","coordinates":[-70.758104,-33.447496]},"properties":{"id":1467,"nombre":"Plaza Luis Beltrán","comuna":"Pudahuel","sup_m2":6982,"sup_ha":0.7,"rad_m":47,"uso":null}},{"type":"Feature","geometry":{"type":"Point","coordinates":[-70.747738,-33.452282]},"properties":{"id":1468,"nombre":"Plaza Avda. Claudio Arrau","comuna":"Pudahuel","sup_m2":5435,"sup_ha":0.54,"rad_m":42,"uso":null}},{"type":"Feature","geometry":{"type":"Point","coordinates":[-70.760866,-33.461864]},"properties":{"id":1469,"nombre":"Plaza Isla Trelat","comuna":"Pudahuel","sup_m2":5904,"sup_ha":0.59,"rad_m":43,"uso":null}},{"type":"Feature","geometry":{"type":"Point","coordinates":[-70.747415,-33.442006]},"properties":{"id":1458,"nombre":"Parque San Andrés","comuna":"Pudahuel","sup_m2":14085,"sup_ha":1.41,"rad_m":67,"uso":null}},{"type":"Feature","geometry":{"type":"Point","coordinates":[-70.779824,-33.434495]},"properties":{"id":1459,"nombre":"Plaza Jardines de Vespucio","comuna":"Pudahuel","sup_m2":7729,"sup_ha":0.77,"rad_m":50,"uso":null}},{"type":"Feature","geometry":{"type":"Point","coordinates":[-70.77239,-33.436781]},"properties":{"id":1460,"nombre":"Plaza Avda. José Manuel Guzmán","comuna":"Pudahuel","sup_m2":13016,"sup_ha":1.3,"rad_m":64,"uso":null}},{"type":"Feature","geometry":{"type":"Point","coordinates":[-70.6456,-33.199377]},"properties":{"id":1461,"nombre":"Laguna Ayres de Chicureo","comuna":"Colina","sup_m2":40654,"sup_ha":4.07,"rad_m":114,"uso":null}},{"type":"Feature","geometry":{"type":"Point","coordinates":[-70.767605,-33.4485]},"properties":{"id":1462,"nombre":"Plaza Avda. Claudio Arrau","comuna":"Pudahuel","sup_m2":9631,"sup_ha":0.96,"rad_m":55,"uso":null}},{"type":"Feature","geometry":{"type":"Point","coordinates":[-70.655524,-33.315074]},"properties":{"id":1453,"nombre":"Avda. Central","comuna":"Colina","sup_m2":34492,"sup_ha":3.45,"rad_m":105,"uso":null}},{"type":"Feature","geometry":{"type":"Point","coordinates":[-70.621879,-33.255382]},"properties":{"id":1454,"nombre":"Parque Condominio Los Ríos","comuna":"Colina","sup_m2":16064,"sup_ha":1.61,"rad_m":72,"uso":null}},{"type":"Feature","geometry":{"type":"Point","coordinates":[-70.731293,-33.213373]},"properties":{"id":1455,"nombre":"Laguna Santa Elena","comuna":"Colina","sup_m2":10901,"sup_ha":1.09,"rad_m":59,"uso":null}},{"type":"Feature","geometry":{"type":"Point","coordinates":[-70.748335,-33.433886]},"properties":{"id":1456,"nombre":"Plaza El Cobre","comuna":"Pudahuel","sup_m2":6906,"sup_ha":0.69,"rad_m":47,"uso":null}},{"type":"Feature","geometry":{"type":"Point","coordinates":[-70.699686,-33.439173]},"properties":{"id":1457,"nombre":"Plaza Bolivar","comuna":"Quinta Normal","sup_m2":5042,"sup_ha":0.5,"rad_m":40,"uso":null}},{"type":"Feature","geometry":{"type":"Point","coordinates":[-70.737729,-33.432802]},"properties":{"id":1450,"nombre":"Plaza Roosvelt","comuna":"Cerro Navia","sup_m2":16721,"sup_ha":1.67,"rad_m":73,"uso":null}},{"type":"Feature","geometry":{"type":"Point","coordinates":[-70.790201,-33.160955]},"properties":{"id":1451,"nombre":"Parque Alto El Manzano","comuna":"Tiltil","sup_m2":28710,"sup_ha":2.87,"rad_m":96,"uso":null}},{"type":"Feature","geometry":{"type":"Point","coordinates":[-70.759139,-33.36136]},"properties":{"id":1452,"nombre":"Plaza Los Mercenarios","comuna":"Quilicura","sup_m2":5529,"sup_ha":0.55,"rad_m":42,"uso":null}},{"type":"Feature","geometry":{"type":"Point","coordinates":[-70.845093,-33.456723]},"properties":{"id":1448,"nombre":"Parque Avda. Las Flores","comuna":"Pudahuel","sup_m2":27324,"sup_ha":2.73,"rad_m":93,"uso":null}},{"type":"Feature","geometry":{"type":"Point","coordinates":[-70.752595,-33.32447]},"properties":{"id":1449,"nombre":"Plaza Casas de Itahue","comuna":"Lampa","sup_m2":8875,"sup_ha":0.89,"rad_m":53,"uso":null}},{"type":"Feature","geometry":{"type":"Point","coordinates":[-70.589331,-33.420322]},"properties":{"id":1411,"nombre":"BANDEJÓN","comuna":"Las Condes","sup_m2":15285,"sup_ha":1.53,"rad_m":70,"uso":null}},{"type":"Feature","geometry":{"type":"Point","coordinates":[-70.674945,-33.410519]},"properties":{"id":1447,"nombre":"Parque Mirador Viejo","comuna":"Independencia","sup_m2":28329,"sup_ha":2.83,"rad_m":95,"uso":null}},{"type":"Feature","geometry":{"type":"Point","coordinates":[-70.520867,-33.411042]},"properties":{"id":1406,"nombre":"Plaza Las Condesas","comuna":"Las Condes","sup_m2":8297,"sup_ha":0.83,"rad_m":51,"uso":null}},{"type":"Feature","geometry":{"type":"Point","coordinates":[-70.637063,-33.435906]},"properties":{"id":1407,"nombre":"Parque Forestal, Sector 1b","comuna":"Santiago","sup_m2":5766,"sup_ha":0.58,"rad_m":43,"uso":null}},{"type":"Feature","geometry":{"type":"Point","coordinates":[-70.641093,-33.434965]},"properties":{"id":1408,"nombre":"Parque Forestal, Sector 2b","comuna":"Santiago","sup_m2":6114,"sup_ha":0.61,"rad_m":44,"uso":null}},{"type":"Feature","geometry":{"type":"Point","coordinates":[-70.65983,-33.428669]},"properties":{"id":1409,"nombre":"Plaza Presidente Anibal Pinto","comuna":"Independencia","sup_m2":17949,"sup_ha":1.79,"rad_m":76,"uso":null}},{"type":"Feature","geometry":{"type":"Point","coordinates":[-70.660302,-33.457609]},"properties":{"id":1399,"nombre":"Plaza Ercilla","comuna":"Santiago","sup_m2":15242,"sup_ha":1.52,"rad_m":70,"uso":null}},{"type":"Feature","geometry":{"type":"Point","coordinates":[-70.650302,-33.433229]},"properties":{"id":1400,"nombre":"Plaza Capitán Prat","comuna":"Santiago","sup_m2":8673,"sup_ha":0.87,"rad_m":53,"uso":null}},{"type":"Feature","geometry":{"type":"Point","coordinates":[-70.662762,-33.428]},"properties":{"id":1401,"nombre":"Plaza Juan Antonio Ríos 2","comuna":"Independencia","sup_m2":7594,"sup_ha":0.76,"rad_m":49,"uso":null}},{"type":"Feature","geometry":{"type":"Point","coordinates":[-70.648882,-33.475043]},"properties":{"id":1402,"nombre":"Plaza Matte","comuna":"Santiago","sup_m2":9699,"sup_ha":0.97,"rad_m":56,"uso":null}},{"type":"Feature","geometry":{"type":"Point","coordinates":[-70.63388,-33.467524]},"properties":{"id":1403,"nombre":"Plaza Bogotá","comuna":"Santiago","sup_m2":8411,"sup_ha":0.84,"rad_m":52,"uso":null}},{"type":"Feature","geometry":{"type":"Point","coordinates":[-70.669943,-33.46881]},"properties":{"id":1404,"nombre":"Plaza Arauco","comuna":"Santiago","sup_m2":6749,"sup_ha":0.67,"rad_m":46,"uso":null}},{"type":"Feature","geometry":{"type":"Point","coordinates":[-70.507581,-33.389624]},"properties":{"id":1405,"nombre":"Plaza El Convento / Los Monjes","comuna":"Las Condes","sup_m2":6564,"sup_ha":0.66,"rad_m":46,"uso":null}},{"type":"Feature","geometry":{"type":"Point","coordinates":[-70.646975,-33.433816]},"properties":{"id":1394,"nombre":"Parque Forestal, Sector 5","comuna":"Santiago","sup_m2":10548,"sup_ha":1.05,"rad_m":58,"uso":null}},{"type":"Feature","geometry":{"type":"Point","coordinates":[-70.665043,-33.427229]},"properties":{"id":1395,"nombre":"Plaza Juan Antonio Ríos 1","comuna":"Independencia","sup_m2":5431,"sup_ha":0.54,"rad_m":42,"uso":null}},{"type":"Feature","geometry":{"type":"Point","coordinates":[-70.66363,-33.410013]},"properties":{"id":1396,"nombre":"Plaza Rosa Ester Alessandri","comuna":"Independencia","sup_m2":6877,"sup_ha":0.69,"rad_m":47,"uso":null}},{"type":"Feature","geometry":{"type":"Point","coordinates":[-70.674121,-33.437528]},"properties":{"id":1397,"nombre":"Plaza Yungay","comuna":"Santiago","sup_m2":7720,"sup_ha":0.77,"rad_m":50,"uso":null}},{"type":"Feature","geometry":{"type":"Point","coordinates":[-70.653586,-33.444691]},"properties":{"id":1398,"nombre":"Plaza de La Ciudadanía","comuna":"Santiago","sup_m2":27425,"sup_ha":2.74,"rad_m":93,"uso":null}},{"type":"Feature","geometry":{"type":"Point","coordinates":[-70.639535,-33.457543]},"properties":{"id":1393,"nombre":"Bandejón Avda. Matta","comuna":"Santiago","sup_m2":17301,"sup_ha":1.73,"rad_m":74,"uso":null}},{"type":"Feature","geometry":{"type":"Point","coordinates":[-70.511018,-33.391811]},"properties":{"id":1391,"nombre":"Plaza Camino Catedral","comuna":"Las Condes","sup_m2":34419,"sup_ha":3.44,"rad_m":105,"uso":null}},{"type":"Feature","geometry":{"type":"Point","coordinates":[-70.656979,-33.468918]},"properties":{"id":1392,"nombre":"Plaza Rondizzoni","comuna":"Santiago","sup_m2":7463,"sup_ha":0.75,"rad_m":49,"uso":null}},{"type":"Feature","geometry":{"type":"Point","coordinates":[-70.672827,-33.449239]},"properties":{"id":1388,"nombre":"Bandejón Alameda","comuna":"Santiago","sup_m2":11557,"sup_ha":1.16,"rad_m":61,"uso":null}},{"type":"Feature","geometry":{"type":"Point","coordinates":[-70.672267,-33.475285]},"properties":{"id":1389,"nombre":"Plaza Jorge Montt","comuna":"Santiago","sup_m2":8683,"sup_ha":0.87,"rad_m":53,"uso":null}},{"type":"Feature","geometry":{"type":"Point","coordinates":[-70.550255,-33.40121]},"properties":{"id":1390,"nombre":"Plaza Renacimiento","comuna":"Las Condes","sup_m2":5319,"sup_ha":0.53,"rad_m":41,"uso":null}},{"type":"Feature","geometry":{"type":"Point","coordinates":[-70.659338,-33.44593]},"properties":{"id":1387,"nombre":"Bandejón Central Alameda","comuna":"Santiago","sup_m2":49987,"sup_ha":5,"rad_m":126,"uso":null}},{"type":"Feature","geometry":{"type":"Point","coordinates":[-70.665739,-33.440564]},"properties":{"id":1383,"nombre":"Plaza Brasil","comuna":"Santiago","sup_m2":17759,"sup_ha":1.78,"rad_m":75,"uso":null}},{"type":"Feature","geometry":{"type":"Point","coordinates":[-70.650709,-33.437981]},"properties":{"id":1384,"nombre":"Plaza de Armas","comuna":"Santiago","sup_m2":15597,"sup_ha":1.56,"rad_m":70,"uso":null}},{"type":"Feature","geometry":{"type":"Point","coordinates":[-70.654202,-33.44183]},"properties":{"id":1385,"nombre":"Plaza de La Constitución","comuna":"Santiago","sup_m2":13419,"sup_ha":1.34,"rad_m":65,"uso":null}},{"type":"Feature","geometry":{"type":"Point","coordinates":[-70.665218,-33.451407]},"properties":{"id":1386,"nombre":"Plaza Manuel Rodriguez","comuna":"Santiago","sup_m2":5822,"sup_ha":0.58,"rad_m":43,"uso":null}},{"type":"Feature","geometry":{"type":"Point","coordinates":[-70.58807,-33.414227]},"properties":{"id":1366,"nombre":"Plaza Mustafa Karmal Atatuk","comuna":"Las Condes","sup_m2":11445,"sup_ha":1.14,"rad_m":60,"uso":null}},{"type":"Feature","geometry":{"type":"Point","coordinates":[-70.535401,-33.406803]},"properties":{"id":1367,"nombre":"Plaza Genral Blanche","comuna":"Las Condes","sup_m2":6282,"sup_ha":0.63,"rad_m":45,"uso":null}},{"type":"Feature","geometry":{"type":"Point","coordinates":[-70.569991,-33.427971]},"properties":{"id":1378,"nombre":"Plaza La Concordia","comuna":"Las Condes","sup_m2":7990,"sup_ha":0.8,"rad_m":50,"uso":null}},{"type":"Feature","geometry":{"type":"Point","coordinates":[-70.570209,-33.413175]},"properties":{"id":1379,"nombre":"Plaza Combate de la Concepción","comuna":"Las Condes","sup_m2":10960,"sup_ha":1.1,"rad_m":59,"uso":null}},{"type":"Feature","geometry":{"type":"Point","coordinates":[-71.096683,-34.029659]},"properties":{"id":1343,"nombre":"Parque comunal Alhué","comuna":"Alhué","sup_m2":14174,"sup_ha":1.42,"rad_m":67,"uso":null}},{"type":"Feature","geometry":{"type":"Point","coordinates":[-71.118943,-33.516085]},"properties":{"id":1344,"nombre":"PLAZA DE ARMAS MARIA PINTO","comuna":"María Pinto","sup_m2":7614,"sup_ha":0.76,"rad_m":49,"uso":null}},{"type":"Feature","geometry":{"type":"Point","coordinates":[-70.718348,-33.397604]},"properties":{"id":1345,"nombre":"PARQUE NATURAL CERROS DE RENCA","comuna":"Renca","sup_m2":89595,"sup_ha":8.96,"rad_m":169,"uso":null}},{"type":"Feature","geometry":{"type":"Point","coordinates":[-70.578845,-33.426836]},"properties":{"id":1363,"nombre":"Plaza Juan Pablo II","comuna":"Las Condes","sup_m2":5598,"sup_ha":0.56,"rad_m":42,"uso":null}},{"type":"Feature","geometry":{"type":"Point","coordinates":[-70.598526,-33.414788]},"properties":{"id":1364,"nombre":"Plaza Perú","comuna":"Las Condes","sup_m2":8489,"sup_ha":0.85,"rad_m":52,"uso":null}},{"type":"Feature","geometry":{"type":"Point","coordinates":[-70.592188,-33.413797]},"properties":{"id":1365,"nombre":"Plaza El Golf","comuna":"Las Condes","sup_m2":7707,"sup_ha":0.77,"rad_m":50,"uso":null}},{"type":"Feature","geometry":{"type":"Point","coordinates":[-70.748426,-33.454992]},"properties":{"id":1339,"nombre":"MAR DEL SUR","comuna":"Pudahuel","sup_m2":5654,"sup_ha":0.57,"rad_m":42,"uso":null}},{"type":"Feature","geometry":{"type":"Point","coordinates":[-70.466734,-33.590102]},"properties":{"id":1340,"nombre":"El Bosque","comuna":"San José de Maipo","sup_m2":5371,"sup_ha":0.54,"rad_m":41,"uso":"Sí"}},{"type":"Feature","geometry":{"type":"Point","coordinates":[-70.772994,-33.725032]},"properties":{"id":1341,"nombre":"BANDEJÓN","comuna":"Buin","sup_m2":13972,"sup_ha":1.4,"rad_m":67,"uso":null}},{"type":"Feature","geometry":{"type":"Point","coordinates":[-70.741704,-33.731924]},"properties":{"id":1342,"nombre":"PLAZA DE ARMAS BUIN","comuna":"Buin","sup_m2":19362,"sup_ha":1.94,"rad_m":79,"uso":"Sí"}},{"type":"Feature","geometry":{"type":"Point","coordinates":[-70.808601,-33.229882]},"properties":{"id":1291,"nombre":"PLAZA TOMAS GONZÁLEZ DE BATUCO","comuna":"Lampa","sup_m2":12224,"sup_ha":1.22,"rad_m":62,"uso":"No"}},{"type":"Feature","geometry":{"type":"Point","coordinates":[-70.676311,-33.42577]},"properties":{"id":1334,"nombre":"PARQUE LOS REYES","comuna":"Quinta Normal","sup_m2":30363,"sup_ha":3.04,"rad_m":98,"uso":"Sí"}},{"type":"Feature","geometry":{"type":"Point","coordinates":[-70.546479,-33.333973]},"properties":{"id":1338,"nombre":"PARQUE ESTERO LAS HUALTATAS","comuna":"Lo Barnechea","sup_m2":110198,"sup_ha":11.02,"rad_m":187,"uso":"Si"}},{"type":"Feature","geometry":{"type":"Point","coordinates":[-70.885342,-33.285677]},"properties":{"id":1287,"nombre":"PLAZA TOMAS GONZALEZ","comuna":"Lampa","sup_m2":5697,"sup_ha":0.57,"rad_m":43,"uso":"No"}},{"type":"Feature","geometry":{"type":"Point","coordinates":[-70.872716,-33.286466]},"properties":{"id":1288,"nombre":"PLAZA DE ARMAS LAMPA","comuna":"Lampa","sup_m2":9900,"sup_ha":0.99,"rad_m":56,"uso":"No"}},{"type":"Feature","geometry":{"type":"Point","coordinates":[-70.876902,-33.295692]},"properties":{"id":1289,"nombre":"PARQUE AV LOS HALCONES","comuna":"Lampa","sup_m2":40745,"sup_ha":4.07,"rad_m":114,"uso":"Sí"}},{"type":"Feature","geometry":{"type":"Point","coordinates":[-70.878778,-33.297438]},"properties":{"id":1290,"nombre":"ZAC LOS HALCONES","comuna":"Lampa","sup_m2":19905,"sup_ha":1.99,"rad_m":80,"uso":"Sí"}},{"type":"Feature","geometry":{"type":"Point","coordinates":[-70.746861,-33.326235]},"properties":{"id":1285,"nombre":"PARQUE AV GENERAL SAN MARTÍN","comuna":"Lampa","sup_m2":40871,"sup_ha":4.09,"rad_m":114,"uso":"No"}},{"type":"Feature","geometry":{"type":"Point","coordinates":[-70.742988,-33.302668]},"properties":{"id":1286,"nombre":"PARQUE CIUDAD CHICAUMA","comuna":"Lampa","sup_m2":19537,"sup_ha":1.95,"rad_m":79,"uso":"No"}},{"type":"Feature","geometry":{"type":"Point","coordinates":[-70.749505,-33.325651]},"properties":{"id":1284,"nombre":"PARQUE AV LA MONTAÑA","comuna":"Lampa","sup_m2":78930,"sup_ha":7.89,"rad_m":159,"uso":"Sí"}},{"type":"Feature","geometry":{"type":"Point","coordinates":[-70.755588,-33.364809]},"properties":{"id":1276,"nombre":"Parque","comuna":"Quilicura","sup_m2":9257,"sup_ha":0.93,"rad_m":54,"uso":null}},{"type":"Feature","geometry":{"type":"Point","coordinates":[-70.752782,-33.354455]},"properties":{"id":1277,"nombre":"Parque","comuna":"Quilicura","sup_m2":5130,"sup_ha":0.51,"rad_m":40,"uso":null}},{"type":"Feature","geometry":{"type":"Point","coordinates":[-70.74299,-33.358503]},"properties":{"id":1278,"nombre":"Parque","comuna":"Quilicura","sup_m2":10245,"sup_ha":1.02,"rad_m":57,"uso":null}},{"type":"Feature","geometry":{"type":"Point","coordinates":[-70.749138,-33.350567]},"properties":{"id":1279,"nombre":"Parque","comuna":"Quilicura","sup_m2":11351,"sup_ha":1.14,"rad_m":60,"uso":null}},{"type":"Feature","geometry":{"type":"Point","coordinates":[-70.752257,-33.367204]},"properties":{"id":1280,"nombre":"Parque","comuna":"Quilicura","sup_m2":10482,"sup_ha":1.05,"rad_m":58,"uso":null}},{"type":"Feature","geometry":{"type":"Point","coordinates":[-70.737707,-33.348471]},"properties":{"id":1281,"nombre":"Parque","comuna":"Quilicura","sup_m2":6229,"sup_ha":0.62,"rad_m":45,"uso":null}},{"type":"Feature","geometry":{"type":"Point","coordinates":[-70.726403,-33.350298]},"properties":{"id":1282,"nombre":"Parque","comuna":"Quilicura","sup_m2":10946,"sup_ha":1.09,"rad_m":59,"uso":null}},{"type":"Feature","geometry":{"type":"Point","coordinates":[-70.732432,-33.349664]},"properties":{"id":1283,"nombre":"Plaza Romeral","comuna":"Quilicura","sup_m2":12736,"sup_ha":1.27,"rad_m":64,"uso":"Sí"}},{"type":"Feature","geometry":{"type":"Point","coordinates":[-70.718766,-33.399557]},"properties":{"id":1270,"nombre":"PLAZA GENERAL VELASQUEZ","comuna":"Renca","sup_m2":5181,"sup_ha":0.52,"rad_m":41,"uso":"No"}},{"type":"Feature","geometry":{"type":"Point","coordinates":[-70.735768,-33.40231]},"properties":{"id":1271,"nombre":"PARQUE OSCAR CASTRO","comuna":"Renca","sup_m2":6812,"sup_ha":0.68,"rad_m":47,"uso":null}},{"type":"Feature","geometry":{"type":"Point","coordinates":[-70.729712,-33.411225]},"properties":{"id":1272,"nombre":"PARQUE LO VARAS","comuna":"Renca","sup_m2":19928,"sup_ha":1.99,"rad_m":80,"uso":null}},{"type":"Feature","geometry":{"type":"Point","coordinates":[-70.732489,-33.409349]},"properties":{"id":1273,"nombre":"CLOTARIO BLEST RIFFO","comuna":"Renca","sup_m2":9766,"sup_ha":0.98,"rad_m":56,"uso":"No"}},{"type":"Feature","geometry":{"type":"Point","coordinates":[-70.725094,-33.382703]},"properties":{"id":1274,"nombre":"Parque","comuna":"Quilicura","sup_m2":38723,"sup_ha":3.87,"rad_m":111,"uso":null}},{"type":"Feature","geometry":{"type":"Point","coordinates":[-70.730564,-33.385817]},"properties":{"id":1275,"nombre":"Parque","comuna":"Quilicura","sup_m2":9862,"sup_ha":0.99,"rad_m":56,"uso":null}},{"type":"Feature","geometry":{"type":"Point","coordinates":[-70.756597,-33.397172]},"properties":{"id":1265,"nombre":"BANDEJÓN CLOTARIO BLEST 3","comuna":"Renca","sup_m2":6899,"sup_ha":0.69,"rad_m":47,"uso":"No"}},{"type":"Feature","geometry":{"type":"Point","coordinates":[-70.764076,-33.40561]},"properties":{"id":1266,"nombre":"BANDEJÓN JOSÉ MIGUEL INFANTE","comuna":"Renca","sup_m2":10185,"sup_ha":1.02,"rad_m":57,"uso":"No"}},{"type":"Feature","geometry":{"type":"Point","coordinates":[-70.770489,-33.399421]},"properties":{"id":1267,"nombre":"BANDEJÓN EL RETIRO","comuna":"Renca","sup_m2":14692,"sup_ha":1.47,"rad_m":68,"uso":"No"}},{"type":"Feature","geometry":{"type":"Point","coordinates":[-70.750933,-33.399972]},"properties":{"id":1268,"nombre":"PLAZA LA COSTA","comuna":"Renca","sup_m2":6397,"sup_ha":0.64,"rad_m":45,"uso":"No"}},{"type":"Feature","geometry":{"type":"Point","coordinates":[-70.763993,-33.40039]},"properties":{"id":1269,"nombre":"BANDEJÓN VENTISQUERO","comuna":"Renca","sup_m2":6549,"sup_ha":0.65,"rad_m":46,"uso":"No"}},{"type":"Feature","geometry":{"type":"Point","coordinates":[-70.748433,-33.731834]},"properties":{"id":1262,"nombre":"PARQUE O'HIGGINS","comuna":"Buin","sup_m2":14801,"sup_ha":1.48,"rad_m":69,"uso":"Sí"}},{"type":"Feature","geometry":{"type":"Point","coordinates":[-70.78262,-33.72832]},"properties":{"id":1263,"nombre":"PARQUE DE MAIPO","comuna":"Buin","sup_m2":26018,"sup_ha":2.6,"rad_m":91,"uso":"Sí"}},{"type":"Feature","geometry":{"type":"Point","coordinates":[-70.978275,-33.678096]},"properties":{"id":1264,"nombre":"PLAZA INDEPENDENCIA","comuna":"El Monte","sup_m2":7237,"sup_ha":0.72,"rad_m":48,"uso":null}},{"type":"Feature","geometry":{"type":"Point","coordinates":[-70.355757,-33.642979]},"properties":{"id":1258,"nombre":"CAMPING MUNICIPAL","comuna":"San José de Maipo","sup_m2":75745,"sup_ha":7.57,"rad_m":155,"uso":"Sí"}},{"type":"Feature","geometry":{"type":"Point","coordinates":[-70.352404,-33.63635]},"properties":{"id":1259,"nombre":"CAÑADA NORTE","comuna":"San José de Maipo","sup_m2":6140,"sup_ha":0.61,"rad_m":44,"uso":"Sí"}},{"type":"Feature","geometry":{"type":"Point","coordinates":[-70.56262,-33.697363]},"properties":{"id":1260,"nombre":"PARQUE VICENTE HUIDOBRO","comuna":"Pirque","sup_m2":53985,"sup_ha":5.4,"rad_m":131,"uso":"No"}},{"type":"Feature","geometry":{"type":"Point","coordinates":[-70.734746,-33.728995]},"properties":{"id":1261,"nombre":"PARQUE EL DIAMANTE","comuna":"Buin","sup_m2":13500,"sup_ha":1.35,"rad_m":66,"uso":"Sí"}},{"type":"Feature","geometry":{"type":"Point","coordinates":[-70.688838,-33.378655]},"properties":{"id":1205,"nombre":"PARQUE ARBOLEDA EL CORTIJO","comuna":"Conchalí","sup_m2":18385,"sup_ha":1.84,"rad_m":76,"uso":null}},{"type":"Feature","geometry":{"type":"Point","coordinates":[-70.640141,-33.423823]},"properties":{"id":1206,"nombre":"PARQUE AVENIDA PERÚ","comuna":"Recoleta","sup_m2":7482,"sup_ha":0.75,"rad_m":49,"uso":null}},{"type":"Feature","geometry":{"type":"Point","coordinates":[-70.528074,-33.501703]},"properties":{"id":1248,"nombre":"PARQUE QUILIN LAS PIRCAS","comuna":"Peñalolén","sup_m2":11986,"sup_ha":1.2,"rad_m":62,"uso":null}},{"type":"Feature","geometry":{"type":"Point","coordinates":[-70.318361,-33.728107]},"properties":{"id":1257,"nombre":"PLAZA SAN ALFONSO","comuna":"San José de Maipo","sup_m2":5260,"sup_ha":0.53,"rad_m":41,"uso":"Sí"}},{"type":"Feature","geometry":{"type":"Point","coordinates":[-71.224185,-33.684638]},"properties":{"id":1203,"nombre":"BANDEJON AV LAS TORRES","comuna":"Melipilla","sup_m2":7288,"sup_ha":0.73,"rad_m":48,"uso":"Sí"}},{"type":"Feature","geometry":{"type":"Point","coordinates":[-71.216797,-33.69697]},"properties":{"id":1204,"nombre":"CANCHA ESTADIO MUNICIPAL ROBERTO BRAVO","comuna":"Melipilla","sup_m2":26015,"sup_ha":2.6,"rad_m":91,"uso":"Sí"}},{"type":"Feature","geometry":{"type":"Point","coordinates":[-71.232031,-33.678795]},"properties":{"id":1200,"nombre":"ESTONER PAMPEANO DE SERGIO CH.","comuna":"Melipilla","sup_m2":7868,"sup_ha":0.79,"rad_m":50,"uso":"Sí"}},{"type":"Feature","geometry":{"type":"Point","coordinates":[-71.235792,-33.676307]},"properties":{"id":1201,"nombre":"CLOTARIO BLEST RIFFO","comuna":"Melipilla","sup_m2":7474,"sup_ha":0.75,"rad_m":49,"uso":"Sí"}},{"type":"Feature","geometry":{"type":"Point","coordinates":[-71.175312,-33.67282]},"properties":{"id":1202,"nombre":"PLAZA FRANCIA","comuna":"Melipilla","sup_m2":9581,"sup_ha":0.96,"rad_m":55,"uso":"Sí"}},{"type":"Feature","geometry":{"type":"Point","coordinates":[-71.215064,-33.698982]},"properties":{"id":1197,"nombre":"PARQUE MUNICIPAL HÉCTOR PINO BURGOS","comuna":"Melipilla","sup_m2":44568,"sup_ha":4.46,"rad_m":119,"uso":"Sí"}},{"type":"Feature","geometry":{"type":"Point","coordinates":[-71.205704,-33.679631]},"properties":{"id":1198,"nombre":"PLAZA PADRE DEMETRIO","comuna":"Melipilla","sup_m2":10161,"sup_ha":1.02,"rad_m":57,"uso":"Sí"}},{"type":"Feature","geometry":{"type":"Point","coordinates":[-71.196944,-33.684012]},"properties":{"id":1199,"nombre":"PLAZA VIVALDI","comuna":"Melipilla","sup_m2":6549,"sup_ha":0.65,"rad_m":46,"uso":"Sí"}},{"type":"Feature","geometry":{"type":"Point","coordinates":[-70.627745,-33.530123]},"properties":{"id":1194,"nombre":"PARQUE COMBARBALA","comuna":"La Granja","sup_m2":28027,"sup_ha":2.8,"rad_m":94,"uso":"Sí"}},{"type":"Feature","geometry":{"type":"Point","coordinates":[-70.620492,-33.535304]},"properties":{"id":1195,"nombre":"PASEO PADRE JUAN MEYER","comuna":"La Granja","sup_m2":8271,"sup_ha":0.83,"rad_m":51,"uso":"Sí"}},{"type":"Feature","geometry":{"type":"Point","coordinates":[-70.626645,-33.535016]},"properties":{"id":1196,"nombre":"PASEO LAS CRUCES - VALDIVIA","comuna":"La Granja","sup_m2":14769,"sup_ha":1.48,"rad_m":69,"uso":"Sí"}},{"type":"Feature","geometry":{"type":"Point","coordinates":[-70.618629,-33.527176]},"properties":{"id":1193,"nombre":"PASEO PEATONAL AV. LINARES","comuna":"La Granja","sup_m2":26348,"sup_ha":2.63,"rad_m":92,"uso":"Sí"}},{"type":"Feature","geometry":{"type":"Point","coordinates":[-70.590454,-33.513097]},"properties":{"id":1191,"nombre":"PARQUE URBANO Y VEREDON A. VESPUCIO NORORIENTE","comuna":"La Florida","sup_m2":8908,"sup_ha":0.89,"rad_m":53,"uso":null}},{"type":"Feature","geometry":{"type":"Point","coordinates":[-70.630343,-33.52039]},"properties":{"id":1192,"nombre":"PARQUE ESTEBAN GUMUCIO","comuna":"La Granja","sup_m2":33674,"sup_ha":3.37,"rad_m":104,"uso":"Sí"}},{"type":"Feature","geometry":{"type":"Point","coordinates":[-70.60092,-33.520404]},"properties":{"id":1189,"nombre":"CASONA MUNICIPAL","comuna":"La Florida","sup_m2":5008,"sup_ha":0.5,"rad_m":40,"uso":"No"}},{"type":"Feature","geometry":{"type":"Point","coordinates":[-70.598887,-33.535247]},"properties":{"id":1190,"nombre":"PARQUE MANUTARA","comuna":"La Florida","sup_m2":9586,"sup_ha":0.96,"rad_m":55,"uso":null}},{"type":"Feature","geometry":{"type":"Point","coordinates":[-70.607005,-33.549644]},"properties":{"id":1187,"nombre":"PARQUE ENTRE LAGOS","comuna":"La Florida","sup_m2":7223,"sup_ha":0.72,"rad_m":48,"uso":null}},{"type":"Feature","geometry":{"type":"Point","coordinates":[-70.600657,-33.51993]},"properties":{"id":1188,"nombre":"CABILDO","comuna":"La Florida","sup_m2":5080,"sup_ha":0.51,"rad_m":40,"uso":null}},{"type":"Feature","geometry":{"type":"Point","coordinates":[-70.546532,-33.518895]},"properties":{"id":1184,"nombre":"LAS PERDICES","comuna":"La Florida","sup_m2":5848,"sup_ha":0.58,"rad_m":43,"uso":null}},{"type":"Feature","geometry":{"type":"Point","coordinates":[-70.600556,-33.5409]},"properties":{"id":1185,"nombre":"PARQUE EL QUISCO","comuna":"La Florida","sup_m2":15193,"sup_ha":1.52,"rad_m":70,"uso":null}},{"type":"Feature","geometry":{"type":"Point","coordinates":[-70.591709,-33.560835]},"properties":{"id":1186,"nombre":"PARQUE T","comuna":"La Florida","sup_m2":13572,"sup_ha":1.36,"rad_m":66,"uso":null}},{"type":"Feature","geometry":{"type":"Point","coordinates":[-70.571076,-33.518581]},"properties":{"id":1183,"nombre":"SANTA MARÍA DE LA FLORIDA","comuna":"La Florida","sup_m2":7209,"sup_ha":0.72,"rad_m":48,"uso":null}},{"type":"Feature","geometry":{"type":"Point","coordinates":[-70.538656,-33.513267]},"properties":{"id":1182,"nombre":"PARQUE SANTA SOFÍA","comuna":"La Florida","sup_m2":20757,"sup_ha":2.08,"rad_m":81,"uso":null}},{"type":"Feature","geometry":{"type":"Point","coordinates":[-70.584934,-33.554847]},"properties":{"id":1180,"nombre":"VILLA VECCO","comuna":"La Florida","sup_m2":5321,"sup_ha":0.53,"rad_m":41,"uso":null}},{"type":"Feature","geometry":{"type":"Point","coordinates":[-70.577082,-33.525276]},"properties":{"id":1181,"nombre":"PARQUE LAS MERCEDES","comuna":"La Florida","sup_m2":13825,"sup_ha":1.38,"rad_m":66,"uso":null}},{"type":"Feature","geometry":{"type":"Point","coordinates":[-70.553883,-33.536856]},"properties":{"id":1177,"nombre":"SÁNCHEZ FONTECILLA","comuna":"La Florida","sup_m2":12336,"sup_ha":1.23,"rad_m":63,"uso":"No"}},{"type":"Feature","geometry":{"type":"Point","coordinates":[-70.56865,-33.539109]},"properties":{"id":1178,"nombre":"EL INGLÉS DE LA FLORIDA","comuna":"La Florida","sup_m2":8383,"sup_ha":0.84,"rad_m":52,"uso":null}},{"type":"Feature","geometry":{"type":"Point","coordinates":[-70.588364,-33.54327]},"properties":{"id":1179,"nombre":"LOS NIÑOS","comuna":"La Florida","sup_m2":5406,"sup_ha":0.54,"rad_m":41,"uso":null}},{"type":"Feature","geometry":{"type":"Point","coordinates":[-70.559955,-33.534775]},"properties":{"id":1176,"nombre":"PARQUE CUMELÉN Y TALUDES","comuna":"La Florida","sup_m2":11149,"sup_ha":1.11,"rad_m":60,"uso":null}},{"type":"Feature","geometry":{"type":"Point","coordinates":[-70.602411,-33.517788]},"properties":{"id":1175,"nombre":"CORREDOR TRANSANTIAGO T1","comuna":"La Florida","sup_m2":9621,"sup_ha":0.96,"rad_m":55,"uso":null}},{"type":"Feature","geometry":{"type":"Point","coordinates":[-70.576878,-33.528376]},"properties":{"id":1174,"nombre":"BANDEJONES AV LA FLORIDA","comuna":"La Florida","sup_m2":66275,"sup_ha":6.63,"rad_m":145,"uso":null}},{"type":"Feature","geometry":{"type":"Point","coordinates":[-70.653706,-33.45215]},"properties":{"id":1170,"nombre":"PARQUE ALMAGRO","comuna":"Santiago","sup_m2":44314,"sup_ha":4.43,"rad_m":119,"uso":"Sí"}},{"type":"Feature","geometry":{"type":"Point","coordinates":[-70.682454,-33.441198]},"properties":{"id":1171,"nombre":"PARQUE QUINTA NORMAL","comuna":"Santiago","sup_m2":332018,"sup_ha":33.2,"rad_m":325,"uso":"Sí"}},{"type":"Feature","geometry":{"type":"Point","coordinates":[-70.652741,-33.44856]},"properties":{"id":1172,"nombre":"PASEO BULNES","comuna":"Santiago","sup_m2":15983,"sup_ha":1.6,"rad_m":71,"uso":"Sí"}},{"type":"Feature","geometry":{"type":"Point","coordinates":[-70.550124,-33.535401]},"properties":{"id":1173,"nombre":"PARQUE JARDINES DE LA VIÑA","comuna":"La Florida","sup_m2":34039,"sup_ha":3.4,"rad_m":104,"uso":null}},{"type":"Feature","geometry":{"type":"Point","coordinates":[-70.664391,-33.565709]},"properties":{"id":1167,"nombre":"PARQUE SANTA ELENA","comuna":"El Bosque","sup_m2":6653,"sup_ha":0.67,"rad_m":46,"uso":"0"}},{"type":"Feature","geometry":{"type":"Point","coordinates":[-70.669596,-33.568735]},"properties":{"id":1168,"nombre":"PARQUE EL POETA","comuna":"El Bosque","sup_m2":6173,"sup_ha":0.62,"rad_m":44,"uso":"0"}},{"type":"Feature","geometry":{"type":"Point","coordinates":[-70.674555,-33.443304]},"properties":{"id":1169,"nombre":"PARQUE PORTALES","comuna":"Santiago","sup_m2":18813,"sup_ha":1.88,"rad_m":77,"uso":"Sí"}},{"type":"Feature","geometry":{"type":"Point","coordinates":[-70.68388,-33.543578]},"properties":{"id":1163,"nombre":"PARQUE 4 DE SEPTIEMB","comuna":"El Bosque","sup_m2":9076,"sup_ha":0.91,"rad_m":54,"uso":"0"}},{"type":"Feature","geometry":{"type":"Point","coordinates":[-70.697615,-33.568125]},"properties":{"id":1164,"nombre":"AMERICAS- EL TEPUAL","comuna":"El Bosque","sup_m2":10870,"sup_ha":1.09,"rad_m":59,"uso":"0"}},{"type":"Feature","geometry":{"type":"Point","coordinates":[-70.662399,-33.558976]},"properties":{"id":1165,"nombre":"PARQUE MAHUIDACHE","comuna":"El Bosque","sup_m2":5101,"sup_ha":0.51,"rad_m":40,"uso":"0"}},{"type":"Feature","geometry":{"type":"Point","coordinates":[-70.68022,-33.579037]},"properties":{"id":1166,"nombre":"PARQUE LO BLANCO","comuna":"El Bosque","sup_m2":18170,"sup_ha":1.82,"rad_m":76,"uso":"0"}},{"type":"Feature","geometry":{"type":"Point","coordinates":[-70.680634,-33.571856]},"properties":{"id":1160,"nombre":"PASEO LOS CAROLINOS","comuna":"El Bosque","sup_m2":25393,"sup_ha":2.54,"rad_m":90,"uso":"0"}},{"type":"Feature","geometry":{"type":"Point","coordinates":[-70.658377,-33.557454]},"properties":{"id":1161,"nombre":"PASEO ALEJ GUZMAN","comuna":"El Bosque","sup_m2":6862,"sup_ha":0.69,"rad_m":47,"uso":"0"}},{"type":"Feature","geometry":{"type":"Point","coordinates":[-70.657188,-33.553907]},"properties":{"id":1162,"nombre":"PASEO OBSERVATORIO","comuna":"El Bosque","sup_m2":5760,"sup_ha":0.58,"rad_m":43,"uso":"0"}},{"type":"Feature","geometry":{"type":"Point","coordinates":[-70.680847,-33.570459]},"properties":{"id":1158,"nombre":"PARQUE EL ESFUERZO","comuna":"El Bosque","sup_m2":27962,"sup_ha":2.8,"rad_m":94,"uso":"0"}},{"type":"Feature","geometry":{"type":"Point","coordinates":[-70.679443,-33.569489]},"properties":{"id":1159,"nombre":"PASEO LO MARTINEZ","comuna":"El Bosque","sup_m2":16748,"sup_ha":1.67,"rad_m":73,"uso":"0"}},{"type":"Feature","geometry":{"type":"Point","coordinates":[-70.613881,-33.511194]},"properties":{"id":1155,"nombre":"PARQUE AV ESTADIO","comuna":"San Joaquín","sup_m2":11778,"sup_ha":1.18,"rad_m":61,"uso":"Sí"}},{"type":"Feature","geometry":{"type":"Point","coordinates":[-70.619065,-33.504165]},"properties":{"id":1156,"nombre":"PARQUE MAIHUE","comuna":"San Joaquín","sup_m2":10140,"sup_ha":1.01,"rad_m":57,"uso":"Sí"}},{"type":"Feature","geometry":{"type":"Point","coordinates":[-70.630167,-33.503159]},"properties":{"id":1157,"nombre":"PARQUE PINTOR MURILLO","comuna":"San Joaquín","sup_m2":7879,"sup_ha":0.79,"rad_m":50,"uso":"Sí"}},{"type":"Feature","geometry":{"type":"Point","coordinates":[-70.629247,-33.51208]},"properties":{"id":1152,"nombre":"PARQUE LA CASTRINA","comuna":"San Joaquín","sup_m2":65183,"sup_ha":6.52,"rad_m":144,"uso":"Sí"}},{"type":"Feature","geometry":{"type":"Point","coordinates":[-70.626498,-33.505118]},"properties":{"id":1153,"nombre":"PARQUE LAS INDUSTRIAS","comuna":"San Joaquín","sup_m2":26275,"sup_ha":2.63,"rad_m":91,"uso":"Sí"}},{"type":"Feature","geometry":{"type":"Point","coordinates":[-70.625159,-33.507597]},"properties":{"id":1154,"nombre":"AV DEPARTAMENTAL","comuna":"San Joaquín","sup_m2":18215,"sup_ha":1.82,"rad_m":76,"uso":"Sí"}},{"type":"Feature","geometry":{"type":"Point","coordinates":[-70.653864,-33.377942]},"properties":{"id":1149,"nombre":"PARQUE G","comuna":"Recoleta","sup_m2":35715,"sup_ha":3.57,"rad_m":107,"uso":"Sí"}},{"type":"Feature","geometry":{"type":"Point","coordinates":[-70.636897,-33.392695]},"properties":{"id":1150,"nombre":"PLAZA JOSÉ SANTOS OSSA","comuna":"Recoleta","sup_m2":6951,"sup_ha":0.7,"rad_m":47,"uso":null}},{"type":"Feature","geometry":{"type":"Point","coordinates":[-70.634881,-33.41089]},"properties":{"id":1151,"nombre":"PLAZA FRANCISCO SILVA","comuna":"Recoleta","sup_m2":5907,"sup_ha":0.59,"rad_m":43,"uso":null}},{"type":"Feature","geometry":{"type":"Point","coordinates":[-70.726924,-33.359897]},"properties":{"id":1148,"nombre":"PARQUE LAS TORRES","comuna":"Quilicura","sup_m2":69435,"sup_ha":6.94,"rad_m":149,"uso":null}},{"type":"Feature","geometry":{"type":"Point","coordinates":[-70.738281,-33.441533]},"properties":{"id":1146,"nombre":"PARQUE EDUARDO FREI MONTALVA","comuna":"Lo Prado","sup_m2":26694,"sup_ha":2.67,"rad_m":92,"uso":"Sí"}},{"type":"Feature","geometry":{"type":"Point","coordinates":[-70.730933,-33.440951]},"properties":{"id":1147,"nombre":"PARQUE LAS TORRES","comuna":"Lo Prado","sup_m2":13529,"sup_ha":1.35,"rad_m":66,"uso":"Sí"}},{"type":"Feature","geometry":{"type":"Point","coordinates":[-70.721912,-33.455025]},"properties":{"id":1143,"nombre":"PARQUE LO PRADO","comuna":"Lo Prado","sup_m2":24448,"sup_ha":2.44,"rad_m":88,"uso":"Sí"}},{"type":"Feature","geometry":{"type":"Point","coordinates":[-70.710922,-33.457804]},"properties":{"id":1144,"nombre":"PARQUE SANTIAGO BUERAS","comuna":"Lo Prado","sup_m2":33877,"sup_ha":3.39,"rad_m":104,"uso":"Sí"}},{"type":"Feature","geometry":{"type":"Point","coordinates":[-70.730993,-33.449745]},"properties":{"id":1145,"nombre":"PARQUE LAS TORRES","comuna":"Lo Prado","sup_m2":34420,"sup_ha":3.44,"rad_m":105,"uso":"Sí"}},{"type":"Feature","geometry":{"type":"Point","coordinates":[-70.731396,-33.45425]},"properties":{"id":1142,"nombre":"PARQUE CARDENAL RAUL SILVA HENRIQUEZ","comuna":"Lo Prado","sup_m2":34281,"sup_ha":3.43,"rad_m":104,"uso":"Sí"}},{"type":"Feature","geometry":{"type":"Point","coordinates":[-70.504602,-33.336749]},"properties":{"id":1140,"nombre":"CAMINO DEL CHIN","comuna":"Lo Barnechea","sup_m2":18127,"sup_ha":1.81,"rad_m":76,"uso":"No"}},{"type":"Feature","geometry":{"type":"Point","coordinates":[-70.50917,-33.360648]},"properties":{"id":1141,"nombre":"PARQUE ALFREDO ARTEAGA","comuna":"Lo Barnechea","sup_m2":6709,"sup_ha":0.67,"rad_m":46,"uso":"Sí"}},{"type":"Feature","geometry":{"type":"Point","coordinates":[-70.536587,-33.353321]},"properties":{"id":1139,"nombre":"PARQUE LAS PATAGUAS","comuna":"Lo Barnechea","sup_m2":10779,"sup_ha":1.08,"rad_m":59,"uso":"Sí"}},{"type":"Feature","geometry":{"type":"Point","coordinates":[-70.545919,-33.351927]},"properties":{"id":1138,"nombre":"PASEO DEL MONASTERIO","comuna":"Lo Barnechea","sup_m2":18792,"sup_ha":1.88,"rad_m":77,"uso":"Sí"}},{"type":"Feature","geometry":{"type":"Point","coordinates":[-70.552759,-33.346649]},"properties":{"id":1137,"nombre":"AREA VERDE QUEBRADA EL GUINDO","comuna":"Lo Barnechea","sup_m2":17378,"sup_ha":1.74,"rad_m":74,"uso":"Sí"}},{"type":"Feature","geometry":{"type":"Point","coordinates":[-70.545009,-33.355088]},"properties":{"id":1135,"nombre":"PARQUE ESTERO EL GUINDO","comuna":"Lo Barnechea","sup_m2":5823,"sup_ha":0.58,"rad_m":43,"uso":"Sí"}},{"type":"Feature","geometry":{"type":"Point","coordinates":[-70.549831,-33.338021]},"properties":{"id":1136,"nombre":"PARQUE ESTERO EL CARRIZO","comuna":"Lo Barnechea","sup_m2":46716,"sup_ha":4.67,"rad_m":122,"uso":"Sí"}},{"type":"Feature","geometry":{"type":"Point","coordinates":[-70.755979,-33.446584]},"properties":{"id":1132,"nombre":"PARQUE AZIMUT","comuna":"Pudahuel","sup_m2":7921,"sup_ha":0.79,"rad_m":50,"uso":null}},{"type":"Feature","geometry":{"type":"Point","coordinates":[-70.747967,-33.448933]},"properties":{"id":1133,"nombre":"SANTA CORINA","comuna":"Pudahuel","sup_m2":5055,"sup_ha":0.51,"rad_m":40,"uso":null}},{"type":"Feature","geometry":{"type":"Point","coordinates":[-70.749254,-33.446997]},"properties":{"id":1134,"nombre":"PARQUE SANTIAGO AMENGUAL","comuna":"Pudahuel","sup_m2":85673,"sup_ha":8.57,"rad_m":165,"uso":"Sí"}},{"type":"Feature","geometry":{"type":"Point","coordinates":[-70.547237,-33.432621]},"properties":{"id":1130,"nombre":"PARQUE ALBERTO HURTADO","comuna":"La Reina","sup_m2":561701,"sup_ha":56.17,"rad_m":423,"uso":"Sí"}},{"type":"Feature","geometry":{"type":"Point","coordinates":[-70.513695,-33.45744]},"properties":{"id":1131,"nombre":"PARQUE MUNICIPAL","comuna":"La Reina","sup_m2":400277,"sup_ha":40.03,"rad_m":357,"uso":"Sí"}},{"type":"Feature","geometry":{"type":"Point","coordinates":[-70.557903,-33.435771]},"properties":{"id":1129,"nombre":"PLAZA NUEVA DELHI","comuna":"La Reina","sup_m2":6905,"sup_ha":0.69,"rad_m":47,"uso":"Sí"}},{"type":"Feature","geometry":{"type":"Point","coordinates":[-70.556235,-33.437862]},"properties":{"id":1128,"nombre":"CHILE -PERU Y TRIANGULO","comuna":"La Reina","sup_m2":9293,"sup_ha":0.93,"rad_m":54,"uso":"Sí"}},{"type":"Feature","geometry":{"type":"Point","coordinates":[-70.536611,-33.454608]},"properties":{"id":1127,"nombre":"PLATABANDA PONIENTE ANDACOLLO","comuna":"La Reina","sup_m2":8578,"sup_ha":0.86,"rad_m":52,"uso":"Sí"}},{"type":"Feature","geometry":{"type":"Point","coordinates":[-70.579304,-33.434915]},"properties":{"id":1126,"nombre":"NOMBRE  PENDIENTE","comuna":"La Reina","sup_m2":22636,"sup_ha":2.26,"rad_m":85,"uso":"Sí"}},{"type":"Feature","geometry":{"type":"Point","coordinates":[-70.533199,-33.455334]},"properties":{"id":1123,"nombre":"PLATABANDA ORIENTE QUILLAGUA","comuna":"La Reina","sup_m2":7180,"sup_ha":0.72,"rad_m":48,"uso":"Sí"}},{"type":"Feature","geometry":{"type":"Point","coordinates":[-70.538659,-33.454004]},"properties":{"id":1124,"nombre":"MERCADO VILLA LA REINA-PLATABANDA ORIENTE QUINCHAMALI","comuna":"La Reina","sup_m2":10881,"sup_ha":1.09,"rad_m":59,"uso":"Sí"}},{"type":"Feature","geometry":{"type":"Point","coordinates":[-70.567465,-33.443883]},"properties":{"id":1125,"nombre":"PARQUE TOBALABA ENTRE SIMON BOLIVAR Y LARRAIN","comuna":"La Reina","sup_m2":26221,"sup_ha":2.62,"rad_m":91,"uso":"Sí"}},{"type":"Feature","geometry":{"type":"Point","coordinates":[-70.543256,-33.442308]},"properties":{"id":1122,"nombre":"CARLOS OSSADON","comuna":"La Reina","sup_m2":16144,"sup_ha":1.61,"rad_m":72,"uso":"Sí"}},{"type":"Feature","geometry":{"type":"Point","coordinates":[-70.55397,-33.458876]},"properties":{"id":1121,"nombre":"PARQUE TOBALABA-PARQUE MAYOR JULIO BENIMELLI","comuna":"La Reina","sup_m2":29127,"sup_ha":2.91,"rad_m":96,"uso":"Sí"}},{"type":"Feature","geometry":{"type":"Point","coordinates":[-70.530109,-33.449038]},"properties":{"id":1120,"nombre":"PARQUE LAS PERDICES","comuna":"La Reina","sup_m2":34443,"sup_ha":3.44,"rad_m":105,"uso":"Sí"}},{"type":"Feature","geometry":{"type":"Point","coordinates":[-70.537862,-33.433467]},"properties":{"id":1119,"nombre":"PADRE HURTADO I CENTRAL ORIENTE","comuna":"Las Condes","sup_m2":18979,"sup_ha":1.9,"rad_m":78,"uso":"Sí"}},{"type":"Feature","geometry":{"type":"Point","coordinates":[-70.569059,-33.511008]},"properties":{"id":1117,"nombre":"PARQUE DEPARTAMENTAL ORIENTE","comuna":"Peñalolén","sup_m2":16624,"sup_ha":1.66,"rad_m":73,"uso":null}},{"type":"Feature","geometry":{"type":"Point","coordinates":[-70.571157,-33.492373]},"properties":{"id":1118,"nombre":"PARQUE QUILIN 1","comuna":"Peñalolén","sup_m2":6166,"sup_ha":0.62,"rad_m":44,"uso":null}},{"type":"Feature","geometry":{"type":"Point","coordinates":[-70.538975,-33.487349]},"properties":{"id":1115,"nombre":"PLAZA CICLOVIA LAS PERDICES 3Âº TRAMO LOS PRESIDENTES ANTUPIREN","comuna":"Peñalolén","sup_m2":10655,"sup_ha":1.07,"rad_m":58,"uso":null}},{"type":"Feature","geometry":{"type":"Point","coordinates":[-70.568816,-33.507621]},"properties":{"id":1116,"nombre":"PARQUE SAN LUIS","comuna":"Peñalolén","sup_m2":7330,"sup_ha":0.73,"rad_m":48,"uso":null}},{"type":"Feature","geometry":{"type":"Point","coordinates":[-70.577556,-33.477117]},"properties":{"id":1113,"nombre":"PARQUE JUAN PABLO II SECTOR NORTE","comuna":"Peñalolén","sup_m2":5451,"sup_ha":0.55,"rad_m":42,"uso":null}},{"type":"Feature","geometry":{"type":"Point","coordinates":[-70.541456,-33.492545]},"properties":{"id":1114,"nombre":"PLAZA CICLOVIA LAS  PERDICES 2º TRAMO  LOS PRESIDENTES QUILIN","comuna":"Peñalolén","sup_m2":1786,"sup_ha":0.18,"rad_m":24,"uso":null}},{"type":"Feature","geometry":{"type":"Point","coordinates":[-70.580197,-33.489016]},"properties":{"id":1112,"nombre":"PLAZA ROTONDA QUILIN","comuna":"Macul","sup_m2":15139,"sup_ha":1.51,"rad_m":69,"uso":null}},{"type":"Feature","geometry":{"type":"Point","coordinates":[-70.564599,-33.468447]},"properties":{"id":1111,"nombre":"PARQUE UNO","comuna":"Peñalolén","sup_m2":5750,"sup_ha":0.57,"rad_m":43,"uso":null}},{"type":"Feature","geometry":{"type":"Point","coordinates":[-70.76337,-33.419617]},"properties":{"id":1109,"nombre":"BANDEJÓN RÍO DOURO","comuna":"Cerro Navia","sup_m2":14067,"sup_ha":1.41,"rad_m":67,"uso":null}},{"type":"Feature","geometry":{"type":"Point","coordinates":[-70.63602,-33.578154]},"properties":{"id":1110,"nombre":"PARQUE LAS AMERICAS","comuna":"La Pintana","sup_m2":8005,"sup_ha":0.8,"rad_m":50,"uso":"No"}},{"type":"Feature","geometry":{"type":"Point","coordinates":[-70.657556,-33.389746]},"properties":{"id":1107,"nombre":"BANDEJÓN","comuna":"Conchalí","sup_m2":5487,"sup_ha":0.55,"rad_m":42,"uso":null}},{"type":"Feature","geometry":{"type":"Point","coordinates":[-70.686813,-33.416527]},"properties":{"id":1108,"nombre":"BANDEJÓN JORGE HIRMAS","comuna":"Renca","sup_m2":14510,"sup_ha":1.45,"rad_m":68,"uso":"No"}},{"type":"Feature","geometry":{"type":"Point","coordinates":[-70.571109,-33.377623]},"properties":{"id":1106,"nombre":"PRADERA NATURAL 1 ETAPA","comuna":"Vitacura","sup_m2":7788,"sup_ha":0.78,"rad_m":50,"uso":null}},{"type":"Feature","geometry":{"type":"Point","coordinates":[-70.537633,-33.379192]},"properties":{"id":1105,"nombre":"Parque","comuna":"Vitacura","sup_m2":10061,"sup_ha":1.01,"rad_m":57,"uso":null}},{"type":"Feature","geometry":{"type":"Point","coordinates":[-70.597382,-33.390831]},"properties":{"id":1104,"nombre":"NUDO VIAL PUENTE CENTENARIO SUR","comuna":"Vitacura","sup_m2":29147,"sup_ha":2.91,"rad_m":96,"uso":null}},{"type":"Feature","geometry":{"type":"Point","coordinates":[-70.593588,-33.402107]},"properties":{"id":1103,"nombre":"PASEO ALONSO DE CORDOVA","comuna":"Vitacura","sup_m2":25418,"sup_ha":2.54,"rad_m":90,"uso":null}},{"type":"Feature","geometry":{"type":"Point","coordinates":[-70.749154,-33.517388]},"properties":{"id":1102,"nombre":"PARQUE ELIZABETH HEISSE","comuna":"Maipú","sup_m2":11399,"sup_ha":1.14,"rad_m":60,"uso":null}},{"type":"Feature","geometry":{"type":"Point","coordinates":[-70.776774,-33.499605]},"properties":{"id":1100,"nombre":"PARQUE GALICIA","comuna":"Maipú","sup_m2":13930,"sup_ha":1.39,"rad_m":67,"uso":null}},{"type":"Feature","geometry":{"type":"Point","coordinates":[-70.792817,-33.513497]},"properties":{"id":1101,"nombre":"PARQUE ESPERANZA","comuna":"Maipú","sup_m2":5844,"sup_ha":0.58,"rad_m":43,"uso":null}},{"type":"Feature","geometry":{"type":"Point","coordinates":[-70.788275,-33.525519]},"properties":{"id":1098,"nombre":"LAS TACAS","comuna":"Maipú","sup_m2":6829,"sup_ha":0.68,"rad_m":47,"uso":null}},{"type":"Feature","geometry":{"type":"Point","coordinates":[-70.765293,-33.510688]},"properties":{"id":1099,"nombre":"JARDINES DEL TEMPLO","comuna":"Maipú","sup_m2":37354,"sup_ha":3.74,"rad_m":109,"uso":null}},{"type":"Feature","geometry":{"type":"Point","coordinates":[-70.781063,-33.560488]},"properties":{"id":1097,"nombre":"PARQUE BARRIO NORTE","comuna":"Maipú","sup_m2":23797,"sup_ha":2.38,"rad_m":87,"uso":"Sí"}},{"type":"Feature","geometry":{"type":"Point","coordinates":[-70.775899,-33.54845]},"properties":{"id":1095,"nombre":"PARQUE ESDRAS","comuna":"Maipú","sup_m2":35582,"sup_ha":3.56,"rad_m":106,"uso":"Sí"}},{"type":"Feature","geometry":{"type":"Point","coordinates":[-70.790704,-33.55743]},"properties":{"id":1096,"nombre":"PARQUE CENTRAL","comuna":"Maipú","sup_m2":41684,"sup_ha":4.17,"rad_m":115,"uso":"Sí"}},{"type":"Feature","geometry":{"type":"Point","coordinates":[-70.756972,-33.507479]},"properties":{"id":1092,"nombre":"PARQUE RAMIREZ","comuna":"Maipú","sup_m2":7859,"sup_ha":0.79,"rad_m":50,"uso":null}},{"type":"Feature","geometry":{"type":"Point","coordinates":[-70.720183,-33.513158]},"properties":{"id":1093,"nombre":"PARQUE LICEO","comuna":"Maipú","sup_m2":11634,"sup_ha":1.16,"rad_m":61,"uso":null}},{"type":"Feature","geometry":{"type":"Point","coordinates":[-70.727335,-33.511345]},"properties":{"id":1094,"nombre":"FRANCISCO SIEGLIETZ","comuna":"Maipú","sup_m2":7321,"sup_ha":0.73,"rad_m":48,"uso":null}},{"type":"Feature","geometry":{"type":"Point","coordinates":[-70.745917,-33.510633]},"properties":{"id":1090,"nombre":"PARQUE ESQUINA BLANCA","comuna":"Maipú","sup_m2":45749,"sup_ha":4.57,"rad_m":121,"uso":null}},{"type":"Feature","geometry":{"type":"Point","coordinates":[-70.755147,-33.508051]},"properties":{"id":1091,"nombre":"PISCINA MUNICIPAL","comuna":"Maipú","sup_m2":21765,"sup_ha":2.18,"rad_m":83,"uso":null}},{"type":"Feature","geometry":{"type":"Point","coordinates":[-70.746966,-33.493648]},"properties":{"id":1088,"nombre":"PARQUE  AMERICO VESPUCIO - ALFONSO VIAL","comuna":"Maipú","sup_m2":10590,"sup_ha":1.06,"rad_m":58,"uso":null}},{"type":"Feature","geometry":{"type":"Point","coordinates":[-70.731505,-33.488868]},"properties":{"id":1089,"nombre":"BANDEJON LAS TORRES","comuna":"Maipú","sup_m2":6452,"sup_ha":0.65,"rad_m":45,"uso":null}},{"type":"Feature","geometry":{"type":"Point","coordinates":[-70.78584,-33.501632]},"properties":{"id":1087,"nombre":"PARQUE ASUNCION","comuna":"Maipú","sup_m2":5811,"sup_ha":0.58,"rad_m":43,"uso":null}},{"type":"Feature","geometry":{"type":"Point","coordinates":[-70.796813,-33.501944]},"properties":{"id":1086,"nombre":"PARQUE PUERTA DE HIERRO","comuna":"Maipú","sup_m2":13476,"sup_ha":1.35,"rad_m":65,"uso":null}},{"type":"Feature","geometry":{"type":"Point","coordinates":[-70.776368,-33.539928]},"properties":{"id":1085,"nombre":"PARQUE FERROCARRIL","comuna":"Maipú","sup_m2":56866,"sup_ha":5.69,"rad_m":135,"uso":null}},{"type":"Feature","geometry":{"type":"Point","coordinates":[-70.777781,-33.516329]},"properties":{"id":1084,"nombre":"PARQUE TRES PONIENTE","comuna":"Maipú","sup_m2":349328,"sup_ha":34.93,"rad_m":333,"uso":"Sí"}},{"type":"Feature","geometry":{"type":"Point","coordinates":[-70.735416,-33.476017]},"properties":{"id":1083,"nombre":"PARQUE LAS PARCELAS","comuna":"Maipú","sup_m2":18723,"sup_ha":1.87,"rad_m":77,"uso":null}},{"type":"Feature","geometry":{"type":"Point","coordinates":[-70.731259,-33.476152]},"properties":{"id":1082,"nombre":"PARQUE LAS TORRES","comuna":"Maipú","sup_m2":41417,"sup_ha":4.14,"rad_m":115,"uso":null}},{"type":"Feature","geometry":{"type":"Point","coordinates":[-70.771394,-33.492236]},"properties":{"id":1081,"nombre":"PARQUE INGENIERO EDUARDO DOMINGUEZ","comuna":"Maipú","sup_m2":23831,"sup_ha":2.38,"rad_m":87,"uso":null}},{"type":"Feature","geometry":{"type":"Point","coordinates":[-70.769695,-33.484945]},"properties":{"id":1079,"nombre":"PARQUE LOS ROSALES","comuna":"Maipú","sup_m2":11663,"sup_ha":1.17,"rad_m":61,"uso":null}},{"type":"Feature","geometry":{"type":"Point","coordinates":[-70.780179,-33.493423]},"properties":{"id":1080,"nombre":"PARQUE EL ROSAL PONIENTE","comuna":"Maipú","sup_m2":31548,"sup_ha":3.15,"rad_m":100,"uso":null}},{"type":"Feature","geometry":{"type":"Point","coordinates":[-70.772032,-33.487908]},"properties":{"id":1078,"nombre":"PARQUE EL ROSAL","comuna":"Maipú","sup_m2":41092,"sup_ha":4.11,"rad_m":114,"uso":"Sí"}},{"type":"Feature","geometry":{"type":"Point","coordinates":[-70.755179,-33.492446]},"properties":{"id":1077,"nombre":"PARQUE  PAJARITOS CENTRAL","comuna":"Maipú","sup_m2":19238,"sup_ha":1.92,"rad_m":78,"uso":"Sí"}},{"type":"Feature","geometry":{"type":"Point","coordinates":[-70.743516,-33.47987]},"properties":{"id":1076,"nombre":"PARQUE BANDEJON PAJARITOS","comuna":"Pudahuel","sup_m2":76150,"sup_ha":7.62,"rad_m":156,"uso":"Sí"}},{"type":"Feature","geometry":{"type":"Point","coordinates":[-70.675773,-33.399112]},"properties":{"id":1073,"nombre":"BANDEJON MONTERREY","comuna":"Conchalí","sup_m2":8034,"sup_ha":0.8,"rad_m":51,"uso":"Sí"}},{"type":"Feature","geometry":{"type":"Point","coordinates":[-70.691291,-33.368588]},"properties":{"id":1074,"nombre":"JULIO MONTT SALAMANCA","comuna":"Conchalí","sup_m2":5415,"sup_ha":0.54,"rad_m":42,"uso":"Sí"}},{"type":"Feature","geometry":{"type":"Point","coordinates":[-70.65776,-33.380033]},"properties":{"id":1075,"nombre":"Parque","comuna":"Conchalí","sup_m2":5766,"sup_ha":0.58,"rad_m":43,"uso":null}},{"type":"Feature","geometry":{"type":"Point","coordinates":[-70.661005,-33.375314]},"properties":{"id":1070,"nombre":"PARQUE AMERICO VESPUCIO (NORTE)","comuna":"Conchalí","sup_m2":28170,"sup_ha":2.82,"rad_m":95,"uso":"Sí"}},{"type":"Feature","geometry":{"type":"Point","coordinates":[-70.677659,-33.370501]},"properties":{"id":1071,"nombre":"HUECHURABA","comuna":"Conchalí","sup_m2":7210,"sup_ha":0.72,"rad_m":48,"uso":"Sí"}},{"type":"Feature","geometry":{"type":"Point","coordinates":[-70.557509,-33.391853]},"properties":{"id":1072,"nombre":"PLAZA HONDURAS","comuna":"Vitacura","sup_m2":6253,"sup_ha":0.63,"rad_m":45,"uso":"Sí"}},{"type":"Feature","geometry":{"type":"Point","coordinates":[-70.671957,-33.383604]},"properties":{"id":1069,"nombre":"PARQUE PEDRO FONTOVA","comuna":"Conchalí","sup_m2":22159,"sup_ha":2.22,"rad_m":84,"uso":"Sí"}},{"type":"Feature","geometry":{"type":"Point","coordinates":[-70.720525,-33.479972]},"properties":{"id":1067,"nombre":"PLAZA CENTRA RAÚL SILVA HENRIQUEZ 1","comuna":"Cerrillos","sup_m2":25620,"sup_ha":2.56,"rad_m":90,"uso":"Sí"}},{"type":"Feature","geometry":{"type":"Point","coordinates":[-70.601615,-33.398442]},"properties":{"id":1068,"nombre":"PARQUE BICENTENARIO 1 ETAPA","comuna":"Vitacura","sup_m2":142014,"sup_ha":14.2,"rad_m":213,"uso":null}},{"type":"Feature","geometry":{"type":"Point","coordinates":[-70.70455,-33.494517]},"properties":{"id":1066,"nombre":"CICLOVÍA PEDRO AGUIRRE CERDA","comuna":"Cerrillos","sup_m2":22582,"sup_ha":2.26,"rad_m":85,"uso":"Sí"}},{"type":"Feature","geometry":{"type":"Point","coordinates":[-70.732689,-33.505679]},"properties":{"id":1065,"nombre":"PARQUE PATRICIO ACEVEDO","comuna":"Cerrillos","sup_m2":39820,"sup_ha":3.98,"rad_m":113,"uso":"Sí"}},{"type":"Feature","geometry":{"type":"Point","coordinates":[-70.701653,-33.482515]},"properties":{"id":1062,"nombre":"PARQUE CARLOS MARTINEZ","comuna":"Cerrillos","sup_m2":6140,"sup_ha":0.61,"rad_m":44,"uso":"Sí"}},{"type":"Feature","geometry":{"type":"Point","coordinates":[-70.700942,-33.506794]},"properties":{"id":1063,"nombre":"VICENTE HUIDOBRO","comuna":"Cerrillos","sup_m2":14084,"sup_ha":1.41,"rad_m":67,"uso":"Sí"}},{"type":"Feature","geometry":{"type":"Point","coordinates":[-70.702918,-33.515825]},"properties":{"id":1064,"nombre":"DIPUTADO ANGEL FANTUZZI","comuna":"Cerrillos","sup_m2":9989,"sup_ha":1,"rad_m":56,"uso":"Sí"}},{"type":"Feature","geometry":{"type":"Point","coordinates":[-70.732818,-33.498873]},"properties":{"id":1060,"nombre":"PARQUE LAS TORRES","comuna":"Cerrillos","sup_m2":35897,"sup_ha":3.59,"rad_m":107,"uso":"Sí"}},{"type":"Feature","geometry":{"type":"Point","coordinates":[-70.735076,-33.506992]},"properties":{"id":1061,"nombre":"PARQUE LAS TORRES SECTOR VILLA MEXICO","comuna":"Cerrillos","sup_m2":21259,"sup_ha":2.13,"rad_m":82,"uso":"Sí"}},{"type":"Feature","geometry":{"type":"Point","coordinates":[-70.593627,-33.454543]},"properties":{"id":1058,"nombre":"PLAZA NUNOA","comuna":"Ñuñoa","sup_m2":34094,"sup_ha":3.41,"rad_m":104,"uso":null}},{"type":"Feature","geometry":{"type":"Point","coordinates":[-70.710863,-33.511414]},"properties":{"id":1059,"nombre":"PARQUE SAN LUIS ORIONE","comuna":"Cerrillos","sup_m2":90094,"sup_ha":9.01,"rad_m":169,"uso":"Sí"}},{"type":"Feature","geometry":{"type":"Point","coordinates":[-70.587044,-33.473046]},"properties":{"id":1056,"nombre":"ROTONDA Y BANDEJON RODRIGO DE ARAYA","comuna":"Ñuñoa","sup_m2":23220,"sup_ha":2.32,"rad_m":86,"uso":null}},{"type":"Feature","geometry":{"type":"Point","coordinates":[-70.628274,-33.453185]},"properties":{"id":1057,"nombre":"PARQUE BUSTAMANTE","comuna":"Ñuñoa","sup_m2":19072,"sup_ha":1.91,"rad_m":78,"uso":null}},{"type":"Feature","geometry":{"type":"Point","coordinates":[-70.588447,-33.461039]},"properties":{"id":1053,"nombre":"PARQUE JUAN XXIII","comuna":"Ñuñoa","sup_m2":29845,"sup_ha":2.98,"rad_m":97,"uso":null}},{"type":"Feature","geometry":{"type":"Point","coordinates":[-70.578633,-33.435701]},"properties":{"id":1054,"nombre":"PARQUE TOBALABA","comuna":"Ñuñoa","sup_m2":15050,"sup_ha":1.51,"rad_m":69,"uso":null}},{"type":"Feature","geometry":{"type":"Point","coordinates":[-70.613685,-33.473086]},"properties":{"id":1055,"nombre":"PLAZA MARATHON 2","comuna":"Ñuñoa","sup_m2":6611,"sup_ha":0.66,"rad_m":46,"uso":null}},{"type":"Feature","geometry":{"type":"Point","coordinates":[-70.716004,-33.602284]},"properties":{"id":1051,"nombre":"PRESIDENTE JORGE ALESSANDRI","comuna":"San Bernardo","sup_m2":19095,"sup_ha":1.91,"rad_m":78,"uso":null}},{"type":"Feature","geometry":{"type":"Point","coordinates":[-70.590029,-33.467563]},"properties":{"id":1052,"nombre":"PARQUE STA. JULIA","comuna":"Ñuñoa","sup_m2":80398,"sup_ha":8.04,"rad_m":160,"uso":null}},{"type":"Feature","geometry":{"type":"Point","coordinates":[-70.649836,-33.37298]},"properties":{"id":1049,"nombre":"BANDEJON AV LAS TORRES","comuna":"Huechuraba","sup_m2":7792,"sup_ha":0.78,"rad_m":50,"uso":null}},{"type":"Feature","geometry":{"type":"Point","coordinates":[-70.731628,-33.417734]},"properties":{"id":1050,"nombre":"BANDEJONES ORIENTE Y PONIENTE LAS TORRES","comuna":"Cerro Navia","sup_m2":15414,"sup_ha":1.54,"rad_m":70,"uso":null}},{"type":"Feature","geometry":{"type":"Point","coordinates":[-70.70886,-33.640665]},"properties":{"id":1047,"nombre":"PARQUE PORTALES DE NOS","comuna":"San Bernardo","sup_m2":11728,"sup_ha":1.17,"rad_m":61,"uso":null}},{"type":"Feature","geometry":{"type":"Point","coordinates":[-70.631786,-33.377296]},"properties":{"id":1048,"nombre":"NORUEGA","comuna":"Huechuraba","sup_m2":6290,"sup_ha":0.63,"rad_m":45,"uso":null}},{"type":"Feature","geometry":{"type":"Point","coordinates":[-70.678918,-33.58339]},"properties":{"id":1043,"nombre":"PARQUE DERECHOS HUMANOS","comuna":"San Bernardo","sup_m2":17183,"sup_ha":1.72,"rad_m":74,"uso":null}},{"type":"Feature","geometry":{"type":"Point","coordinates":[-70.670014,-33.599752]},"properties":{"id":1044,"nombre":"AV LOS PETALOS","comuna":"San Bernardo","sup_m2":10608,"sup_ha":1.06,"rad_m":58,"uso":null}},{"type":"Feature","geometry":{"type":"Point","coordinates":[-70.698699,-33.591043]},"properties":{"id":1045,"nombre":"AV COLON","comuna":"San Bernardo","sup_m2":59420,"sup_ha":5.94,"rad_m":138,"uso":null}},{"type":"Feature","geometry":{"type":"Point","coordinates":[-70.694843,-33.606382]},"properties":{"id":1046,"nombre":"PARQUE MARIA VIDAL","comuna":"San Bernardo","sup_m2":13859,"sup_ha":1.39,"rad_m":66,"uso":null}},{"type":"Feature","geometry":{"type":"Point","coordinates":[-70.712704,-33.552285]},"properties":{"id":1041,"nombre":"PUERTA DEL SUR","comuna":"San Bernardo","sup_m2":17039,"sup_ha":1.7,"rad_m":74,"uso":null}},{"type":"Feature","geometry":{"type":"Point","coordinates":[-70.681023,-33.359673]},"properties":{"id":1042,"nombre":"PLATABANDA MEJILLONES","comuna":"Huechuraba","sup_m2":9143,"sup_ha":0.91,"rad_m":54,"uso":null}},{"type":"Feature","geometry":{"type":"Point","coordinates":[-70.719926,-33.557038]},"properties":{"id":1039,"nombre":"LAS ACACIAS","comuna":"San Bernardo","sup_m2":8302,"sup_ha":0.83,"rad_m":51,"uso":null}},{"type":"Feature","geometry":{"type":"Point","coordinates":[-70.586367,-33.473141]},"properties":{"id":1040,"nombre":"ROTONDA Y BANDEJON RODRIGO DE ARAYA","comuna":"Ñuñoa","sup_m2":17742,"sup_ha":1.77,"rad_m":75,"uso":null}},{"type":"Feature","geometry":{"type":"Point","coordinates":[-70.713289,-33.579949]},"properties":{"id":1038,"nombre":"AUTOPISTA CENTRAL","comuna":"San Bernardo","sup_m2":40927,"sup_ha":4.09,"rad_m":114,"uso":null}},{"type":"Feature","geometry":{"type":"Point","coordinates":[-70.71653,-33.609729]},"properties":{"id":1037,"nombre":"AUTOPISTA CENTRAL","comuna":"San Bernardo","sup_m2":6952,"sup_ha":0.7,"rad_m":47,"uso":null}},{"type":"Feature","geometry":{"type":"Point","coordinates":[-70.712176,-33.639624]},"properties":{"id":1036,"nombre":"AUTOPISTA CENTRAL","comuna":"San Bernardo","sup_m2":27012,"sup_ha":2.7,"rad_m":93,"uso":null}},{"type":"Feature","geometry":{"type":"Point","coordinates":[-70.589931,-33.397018]},"properties":{"id":1035,"nombre":"PARQUE AV AMERICO VESPUCIO","comuna":"Vitacura","sup_m2":44691,"sup_ha":4.47,"rad_m":119,"uso":null}},{"type":"Feature","geometry":{"type":"Point","coordinates":[-70.574835,-33.371881]},"properties":{"id":1034,"nombre":"ANTONIO RABAT/AV LUIS PASTEUR","comuna":"Vitacura","sup_m2":47727,"sup_ha":4.77,"rad_m":123,"uso":"Sí"}},{"type":"Feature","geometry":{"type":"Point","coordinates":[-70.609529,-33.481179]},"properties":{"id":1031,"nombre":"PARQUE LAS AMERICAS","comuna":"Macul","sup_m2":26850,"sup_ha":2.69,"rad_m":92,"uso":null}},{"type":"Feature","geometry":{"type":"Point","coordinates":[-70.614658,-33.503325]},"properties":{"id":1032,"nombre":"PARQUE ANTONIO ACEVEDO","comuna":"Macul","sup_m2":14324,"sup_ha":1.43,"rad_m":68,"uso":null}},{"type":"Feature","geometry":{"type":"Point","coordinates":[-70.583635,-33.487995]},"properties":{"id":1033,"nombre":"PARQUE QUILIN","comuna":"Macul","sup_m2":11747,"sup_ha":1.17,"rad_m":61,"uso":null}},{"type":"Feature","geometry":{"type":"Point","coordinates":[-70.612821,-33.482771]},"properties":{"id":1030,"nombre":"PARQUE MARATHON","comuna":"Macul","sup_m2":37064,"sup_ha":3.71,"rad_m":109,"uso":null}},{"type":"Feature","geometry":{"type":"Point","coordinates":[-70.73299,-33.417272]},"properties":{"id":1029,"nombre":"SANTOS MEDEL","comuna":"Cerro Navia","sup_m2":19052,"sup_ha":1.91,"rad_m":78,"uso":null}},{"type":"Feature","geometry":{"type":"Point","coordinates":[-70.744514,-33.422206]},"properties":{"id":1028,"nombre":"PARQUE JAVIERA CARRERA","comuna":"Cerro Navia","sup_m2":91168,"sup_ha":9.12,"rad_m":170,"uso":"Sí"}},{"type":"Feature","geometry":{"type":"Point","coordinates":[-70.596643,-33.422194]},"properties":{"id":1026,"nombre":"PARQUE TOBALABA","comuna":"Providencia","sup_m2":41094,"sup_ha":4.11,"rad_m":114,"uso":null}},{"type":"Feature","geometry":{"type":"Point","coordinates":[-70.593291,-33.424464]},"properties":{"id":1027,"nombre":"PARQUE TOBALABA","comuna":"Providencia","sup_m2":23564,"sup_ha":2.36,"rad_m":87,"uso":null}},{"type":"Feature","geometry":{"type":"Point","coordinates":[-70.733256,-33.503849]},"properties":{"id":1023,"nombre":"AMERICO VESPUCIO","comuna":"Cerrillos","sup_m2":25412,"sup_ha":2.54,"rad_m":90,"uso":null}},{"type":"Feature","geometry":{"type":"Point","coordinates":[-70.619365,-33.485761]},"properties":{"id":1024,"nombre":"PARQUE ISABEL RIQUELME","comuna":"San Joaquín","sup_m2":5453,"sup_ha":0.55,"rad_m":42,"uso":null}},{"type":"Feature","geometry":{"type":"Point","coordinates":[-70.683886,-33.537409]},"properties":{"id":1025,"nombre":"AV. CAPRICORNIO","comuna":"La Cisterna","sup_m2":24348,"sup_ha":2.43,"rad_m":88,"uso":null}},{"type":"Feature","geometry":{"type":"Point","coordinates":[-70.674459,-33.490324]},"properties":{"id":1020,"nombre":"CLOTARIO BLEST","comuna":"Pedro Aguirre Cerda","sup_m2":11670,"sup_ha":1.17,"rad_m":61,"uso":null}},{"type":"Feature","geometry":{"type":"Point","coordinates":[-70.700456,-33.55159]},"properties":{"id":1021,"nombre":"BARRIO INDUSTRIAL","comuna":"San Bernardo","sup_m2":34605,"sup_ha":3.46,"rad_m":105,"uso":null}},{"type":"Feature","geometry":{"type":"Point","coordinates":[-70.750355,-33.510445]},"properties":{"id":1022,"nombre":"PARQUE CINCO DE ABRIL","comuna":"Maipú","sup_m2":13644,"sup_ha":1.36,"rad_m":66,"uso":null}},{"type":"Feature","geometry":{"type":"Point","coordinates":[-70.610473,-33.418287]},"properties":{"id":1018,"nombre":"PARQUE DE LAS ESCULTURAS","comuna":"Providencia","sup_m2":32748,"sup_ha":3.27,"rad_m":102,"uso":null}},{"type":"Feature","geometry":{"type":"Point","coordinates":[-70.616148,-33.422702]},"properties":{"id":1019,"nombre":"PARQUE URUGUAY","comuna":"Providencia","sup_m2":63373,"sup_ha":6.34,"rad_m":142,"uso":null}},{"type":"Feature","geometry":{"type":"Point","coordinates":[-70.74541,-33.668118]},"properties":{"id":1016,"nombre":"VOLCAN GUALLATIRI","comuna":"San Bernardo","sup_m2":12069,"sup_ha":1.21,"rad_m":62,"uso":null}},{"type":"Feature","geometry":{"type":"Point","coordinates":[-70.687189,-33.359694]},"properties":{"id":1017,"nombre":"SAN PEDRO DE ATACAMA","comuna":"Huechuraba","sup_m2":6599,"sup_ha":0.66,"rad_m":46,"uso":null}},{"type":"Feature","geometry":{"type":"Point","coordinates":[-70.669976,-33.181447]},"properties":{"id":1013,"nombre":"ESMERALDA","comuna":"Colina","sup_m2":12603,"sup_ha":1.26,"rad_m":63,"uso":null}},{"type":"Feature","geometry":{"type":"Point","coordinates":[-70.668714,-33.183141]},"properties":{"id":1014,"nombre":"POETA VICTOR DOMINGO SILVA","comuna":"Colina","sup_m2":18618,"sup_ha":1.86,"rad_m":77,"uso":null}},{"type":"Feature","geometry":{"type":"Point","coordinates":[-70.802803,-33.567467]},"properties":{"id":1015,"nombre":"LUIS PASTEUR","comuna":"Padre Hurtado","sup_m2":5693,"sup_ha":0.57,"rad_m":43,"uso":null}},{"type":"Feature","geometry":{"type":"Point","coordinates":[-70.626809,-33.26085]},"properties":{"id":1011,"nombre":"GUAY GUAY ORIENTE","comuna":"Colina","sup_m2":16165,"sup_ha":1.62,"rad_m":72,"uso":null}},{"type":"Feature","geometry":{"type":"Point","coordinates":[-70.628867,-33.261148]},"properties":{"id":1012,"nombre":"GUAY GUAY PONIENTE","comuna":"Colina","sup_m2":11196,"sup_ha":1.12,"rad_m":60,"uso":null}},{"type":"Feature","geometry":{"type":"Point","coordinates":[-70.632096,-33.278258]},"properties":{"id":1009,"nombre":"AV CHICUREO","comuna":"Colina","sup_m2":85440,"sup_ha":8.54,"rad_m":165,"uso":null}},{"type":"Feature","geometry":{"type":"Point","coordinates":[-70.636311,-33.276287]},"properties":{"id":1010,"nombre":"LAS GARZAS","comuna":"Colina","sup_m2":13188,"sup_ha":1.32,"rad_m":65,"uso":null}},{"type":"Feature","geometry":{"type":"Point","coordinates":[-70.675002,-33.317214]},"properties":{"id":1008,"nombre":"CENTRAL","comuna":"Colina","sup_m2":46452,"sup_ha":4.65,"rad_m":122,"uso":null}},{"type":"Feature","geometry":{"type":"Point","coordinates":[-70.699114,-33.511223]},"properties":{"id":1006,"nombre":"AV CERRILLOS","comuna":"Pedro Aguirre Cerda","sup_m2":78795,"sup_ha":7.88,"rad_m":158,"uso":null}},{"type":"Feature","geometry":{"type":"Point","coordinates":[-70.660761,-33.30838]},"properties":{"id":1007,"nombre":"AV CENTRAL","comuna":"Colina","sup_m2":52314,"sup_ha":5.23,"rad_m":129,"uso":null}},{"type":"Feature","geometry":{"type":"Point","coordinates":[-70.689171,-33.489807]},"properties":{"id":1004,"nombre":"AV CERRILLOS","comuna":"Pedro Aguirre Cerda","sup_m2":92315,"sup_ha":9.23,"rad_m":171,"uso":null}},{"type":"Feature","geometry":{"type":"Point","coordinates":[-70.705429,-33.52718]},"properties":{"id":1005,"nombre":"AUTOPISTA CENTRAL","comuna":"Lo Espejo","sup_m2":24960,"sup_ha":2.5,"rad_m":89,"uso":null}},{"type":"Feature","geometry":{"type":"Point","coordinates":[-70.581799,-33.417976]},"properties":{"id":1003,"nombre":"PARQUE AV AMERICO VESPUCIO","comuna":"Las Condes","sup_m2":78749,"sup_ha":7.87,"rad_m":158,"uso":null}},{"type":"Feature","geometry":{"type":"Point","coordinates":[-70.634872,-33.555961]},"properties":{"id":1001,"nombre":"SARGENTO CANDELARIA","comuna":"San Ramón","sup_m2":6247,"sup_ha":0.62,"rad_m":45,"uso":null}},{"type":"Feature","geometry":{"type":"Point","coordinates":[-70.654149,-33.480817]},"properties":{"id":1002,"nombre":"PARQUE LLANO SUBERCASEAUX","comuna":"Santiago","sup_m2":127262,"sup_ha":12.73,"rad_m":201,"uso":"Sí"}},{"type":"Feature","geometry":{"type":"Point","coordinates":[-70.652418,-33.525128]},"properties":{"id":1000,"nombre":"ELIAS FERNANDEZ ALBANO","comuna":"La Cisterna","sup_m2":8190,"sup_ha":0.82,"rad_m":51,"uso":null}},{"type":"Feature","geometry":{"type":"Point","coordinates":[-70.641635,-33.527326]},"properties":{"id":999,"nombre":"PARQUE DE LA REFORMA","comuna":"San Ramón","sup_m2":13701,"sup_ha":1.37,"rad_m":66,"uso":null}},{"type":"Feature","geometry":{"type":"Point","coordinates":[-70.661662,-33.413574]},"properties":{"id":998,"nombre":"PLAZA CENTRAL","comuna":"Independencia","sup_m2":5767,"sup_ha":0.58,"rad_m":43,"uso":null}},{"type":"Feature","geometry":{"type":"Point","coordinates":[-70.632047,-33.44098]},"properties":{"id":996,"nombre":"PARQUE BUSTAMANTE","comuna":"Providencia","sup_m2":63267,"sup_ha":6.33,"rad_m":142,"uso":null}},{"type":"Feature","geometry":{"type":"Point","coordinates":[-70.678082,-33.417699]},"properties":{"id":997,"nombre":"AV PRESIDENTE EDUARDO FREI MONTALVA","comuna":"Independencia","sup_m2":9050,"sup_ha":0.9,"rad_m":54,"uso":null}},{"type":"Feature","geometry":{"type":"Point","coordinates":[-70.594817,-33.432874]},"properties":{"id":995,"nombre":"AV POCURO","comuna":"Providencia","sup_m2":13919,"sup_ha":1.39,"rad_m":67,"uso":null}},{"type":"Feature","geometry":{"type":"Point","coordinates":[-70.684597,-33.511988]},"properties":{"id":993,"nombre":"PARQUE PABLO NERUDA","comuna":"Lo Espejo","sup_m2":52802,"sup_ha":5.28,"rad_m":130,"uso":null}},{"type":"Feature","geometry":{"type":"Point","coordinates":[-70.734053,-33.411454]},"properties":{"id":994,"nombre":"PARQUE COSTANERA","comuna":"Renca","sup_m2":56679,"sup_ha":5.67,"rad_m":134,"uso":null}},{"type":"Feature","geometry":{"type":"Point","coordinates":[-70.679646,-33.500503]},"properties":{"id":992,"nombre":"AV CLOTARIO BLEST","comuna":"Pedro Aguirre Cerda","sup_m2":28335,"sup_ha":2.83,"rad_m":95,"uso":null}},{"type":"Feature","geometry":{"type":"Point","coordinates":[-70.681806,-33.518745]},"properties":{"id":991,"nombre":"PLAZA FERNANDEZ ALBANO","comuna":"Lo Espejo","sup_m2":40087,"sup_ha":4.01,"rad_m":113,"uso":null}},{"type":"Feature","geometry":{"type":"Point","coordinates":[-70.525132,-33.388472]},"properties":{"id":990,"nombre":"CHARLES HAMILTON","comuna":"Las Condes","sup_m2":40339,"sup_ha":4.03,"rad_m":113,"uso":null}},{"type":"Feature","geometry":{"type":"Point","coordinates":[-70.640877,-33.542331]},"properties":{"id":989,"nombre":"PARQUE LA BANDERA","comuna":"San Ramón","sup_m2":109281,"sup_ha":10.93,"rad_m":187,"uso":null}},{"type":"Feature","geometry":{"type":"Point","coordinates":[-70.543839,-33.408047]},"properties":{"id":988,"nombre":"PARQUE LOS DOMINICOS","comuna":"Las Condes","sup_m2":68615,"sup_ha":6.86,"rad_m":148,"uso":null}},{"type":"Feature","geometry":{"type":"Point","coordinates":[-70.646591,-33.419441]},"properties":{"id":770,"nombre":"PARQUE CERRO BLANCO","comuna":"Recoleta","sup_m2":194448,"sup_ha":19.44,"rad_m":249,"uso":null}},{"type":"Feature","geometry":{"type":"Point","coordinates":[-70.552644,-33.515996]},"properties":{"id":774,"nombre":"PARQUE QUEBRADA DE MACUL","comuna":"La Florida","sup_m2":35567,"sup_ha":3.56,"rad_m":106,"uso":null}},{"type":"Feature","geometry":{"type":"Point","coordinates":[-70.819398,-33.561489]},"properties":{"id":986,"nombre":"PRESIDENTE BALMACEDA","comuna":"Padre Hurtado","sup_m2":9510,"sup_ha":0.95,"rad_m":55,"uso":null}},{"type":"Feature","geometry":{"type":"Point","coordinates":[-70.820567,-33.56185]},"properties":{"id":987,"nombre":"JOSE LUIS CARO","comuna":"Padre Hurtado","sup_m2":16068,"sup_ha":1.61,"rad_m":72,"uso":null}},{"type":"Feature","geometry":{"type":"Point","coordinates":[-70.626672,-33.414994]},"properties":{"id":768,"nombre":"PARQUE METROPOLITANO DE SANTIAGO","comuna":"Huechuraba","sup_m2":2436567,"sup_ha":243.66,"rad_m":881,"uso":null}},{"type":"Feature","geometry":{"type":"Point","coordinates":[-71.203676,-33.676499]},"properties":{"id":719,"nombre":"PARQUE ROBERTO BRUCE","comuna":"Melipilla","sup_m2":31806,"sup_ha":3.18,"rad_m":101,"uso":"Sí"}},{"type":"Feature","geometry":{"type":"Point","coordinates":[-71.226359,-33.686691]},"properties":{"id":720,"nombre":"PLAZA LOS CARDENALES","comuna":"Melipilla","sup_m2":11726,"sup_ha":1.17,"rad_m":61,"uso":"Sí"}},{"type":"Feature","geometry":{"type":"Point","coordinates":[-71.21528,-33.694247]},"properties":{"id":721,"nombre":"PLAZA CENTENARIO","comuna":"Melipilla","sup_m2":14401,"sup_ha":1.44,"rad_m":68,"uso":"Sí"}},{"type":"Feature","geometry":{"type":"Point","coordinates":[-70.704965,-33.404442]},"properties":{"id":722,"nombre":"PLAZA MAYOR","comuna":"Renca","sup_m2":10007,"sup_ha":1,"rad_m":56,"uso":null}},{"type":"Feature","geometry":{"type":"Point","coordinates":[-70.695061,-33.401491]},"properties":{"id":723,"nombre":"PARQUE LAS PALMERAS","comuna":"Renca","sup_m2":156317,"sup_ha":15.63,"rad_m":223,"uso":null}},{"type":"Feature","geometry":{"type":"Point","coordinates":[-70.670766,-33.487943]},"properties":{"id":713,"nombre":"PARQUE PIERRE DUBOIS","comuna":"Pedro Aguirre Cerda","sup_m2":105502,"sup_ha":10.55,"rad_m":183,"uso":null}},{"type":"Feature","geometry":{"type":"Point","coordinates":[-70.742361,-33.446217]},"properties":{"id":714,"nombre":"PARQUE CENTRO CÍVICO","comuna":"Pudahuel","sup_m2":90641,"sup_ha":9.06,"rad_m":170,"uso":null}},{"type":"Feature","geometry":{"type":"Point","coordinates":[-71.200601,-33.677227]},"properties":{"id":715,"nombre":"CANCHAS SANTA ELVIRA","comuna":"Melipilla","sup_m2":32070,"sup_ha":3.21,"rad_m":101,"uso":"Sí"}},{"type":"Feature","geometry":{"type":"Point","coordinates":[-71.214561,-33.685456]},"properties":{"id":716,"nombre":"PLAZA DE ARMAS DE MELIPILLA","comuna":"Melipilla","sup_m2":12216,"sup_ha":1.22,"rad_m":62,"uso":"Sí"}},{"type":"Feature","geometry":{"type":"Point","coordinates":[-71.193664,-33.678387]},"properties":{"id":717,"nombre":"PARQUE PLATABANDA LATERAL HUASCAR","comuna":"Melipilla","sup_m2":5239,"sup_ha":0.52,"rad_m":41,"uso":"Sí"}},{"type":"Feature","geometry":{"type":"Point","coordinates":[-71.222671,-33.692844]},"properties":{"id":718,"nombre":"PLAZA RIQUELME","comuna":"Melipilla","sup_m2":5555,"sup_ha":0.56,"rad_m":42,"uso":"Sí"}},{"type":"Feature","geometry":{"type":"Point","coordinates":[-70.61375,-33.51997]},"properties":{"id":710,"nombre":"PARQUE REPUBLICA DEL BRASIL","comuna":"La Granja","sup_m2":490129,"sup_ha":49.01,"rad_m":395,"uso":"Sí"}},{"type":"Feature","geometry":{"type":"Point","coordinates":[-70.613852,-33.514169]},"properties":{"id":711,"nombre":"PARQUE AV. ESTADIO","comuna":"La Granja","sup_m2":11565,"sup_ha":1.16,"rad_m":61,"uso":"Sí"}},{"type":"Feature","geometry":{"type":"Point","coordinates":[-70.626319,-33.520716]},"properties":{"id":712,"nombre":"PLAZA JUAN PABLO II","comuna":"La Granja","sup_m2":6872,"sup_ha":0.69,"rad_m":47,"uso":"Sí"}},{"type":"Feature","geometry":{"type":"Point","coordinates":[-70.605786,-33.519576]},"properties":{"id":707,"nombre":"PARQUE  POZO ALMONTE","comuna":"La Florida","sup_m2":5452,"sup_ha":0.55,"rad_m":42,"uso":null}},{"type":"Feature","geometry":{"type":"Point","coordinates":[-70.586408,-33.521001]},"properties":{"id":708,"nombre":"CERRO ALONSO DE ERCILLA","comuna":"La Florida","sup_m2":6750,"sup_ha":0.67,"rad_m":46,"uso":null}},{"type":"Feature","geometry":{"type":"Point","coordinates":[-70.600632,-33.535176]},"properties":{"id":709,"nombre":"LIRCAY","comuna":"La Florida","sup_m2":5108,"sup_ha":0.51,"rad_m":40,"uso":"Sí"}},{"type":"Feature","geometry":{"type":"Point","coordinates":[-70.595771,-33.559546]},"properties":{"id":702,"nombre":"LOS AROMOS","comuna":"La Florida","sup_m2":5504,"sup_ha":0.55,"rad_m":42,"uso":null}},{"type":"Feature","geometry":{"type":"Point","coordinates":[-70.586563,-33.563369]},"properties":{"id":703,"nombre":"LOS COPIHUES 2","comuna":"La Florida","sup_m2":6966,"sup_ha":0.7,"rad_m":47,"uso":null}},{"type":"Feature","geometry":{"type":"Point","coordinates":[-70.588942,-33.563624]},"properties":{"id":704,"nombre":"LOS COPIHUES 3","comuna":"La Florida","sup_m2":6005,"sup_ha":0.6,"rad_m":44,"uso":null}},{"type":"Feature","geometry":{"type":"Point","coordinates":[-70.607851,-33.563582]},"properties":{"id":705,"nombre":"PARQUE ÁRIDOS","comuna":"La Florida","sup_m2":10735,"sup_ha":1.07,"rad_m":58,"uso":"Sí"}},{"type":"Feature","geometry":{"type":"Point","coordinates":[-70.593779,-33.514488]},"properties":{"id":706,"nombre":"PARQUE IGNACIO CARRERA PINTO","comuna":"La Florida","sup_m2":7807,"sup_ha":0.78,"rad_m":50,"uso":null}},{"type":"Feature","geometry":{"type":"Point","coordinates":[-70.53107,-33.510621]},"properties":{"id":699,"nombre":"PARQUE NUEVA MARÍA ANGÉLICA","comuna":"La Florida","sup_m2":17312,"sup_ha":1.73,"rad_m":74,"uso":null}},{"type":"Feature","geometry":{"type":"Point","coordinates":[-70.606714,-33.543797]},"properties":{"id":700,"nombre":"LAS GARDENIAS","comuna":"La Florida","sup_m2":6428,"sup_ha":0.64,"rad_m":45,"uso":null}},{"type":"Feature","geometry":{"type":"Point","coordinates":[-70.591932,-33.543648]},"properties":{"id":701,"nombre":"PARQUE MÓNACO","comuna":"La Florida","sup_m2":6547,"sup_ha":0.65,"rad_m":46,"uso":null}},{"type":"Feature","geometry":{"type":"Point","coordinates":[-70.560982,-33.516774]},"properties":{"id":696,"nombre":"PARQUE ZANJÓN DE LA AGUADA","comuna":"La Florida","sup_m2":16906,"sup_ha":1.69,"rad_m":73,"uso":"No"}},{"type":"Feature","geometry":{"type":"Point","coordinates":[-70.547078,-33.513754]},"properties":{"id":697,"nombre":"PARQUE QUEBRADA DE MACUL","comuna":"La Florida","sup_m2":12540,"sup_ha":1.25,"rad_m":63,"uso":null}},{"type":"Feature","geometry":{"type":"Point","coordinates":[-70.568608,-33.514329]},"properties":{"id":698,"nombre":"PADRE HURTADO","comuna":"La Florida","sup_m2":6652,"sup_ha":0.67,"rad_m":46,"uso":null}},{"type":"Feature","geometry":{"type":"Point","coordinates":[-70.538858,-33.520291]},"properties":{"id":693,"nombre":"PARQUE DEL SANTUARIO","comuna":"La Florida","sup_m2":24533,"sup_ha":2.45,"rad_m":88,"uso":null}},{"type":"Feature","geometry":{"type":"Point","coordinates":[-70.54816,-33.514863]},"properties":{"id":694,"nombre":"PLAZA DE LOS ARTESANOS","comuna":"La Florida","sup_m2":5873,"sup_ha":0.59,"rad_m":43,"uso":null}},{"type":"Feature","geometry":{"type":"Point","coordinates":[-70.576888,-33.519866]},"properties":{"id":695,"nombre":"PARQUE PARAÍSO","comuna":"La Florida","sup_m2":13357,"sup_ha":1.34,"rad_m":65,"uso":null}},{"type":"Feature","geometry":{"type":"Point","coordinates":[-70.539503,-33.517196]},"properties":{"id":692,"nombre":"PARQUE MACALTO 2","comuna":"La Florida","sup_m2":15319,"sup_ha":1.53,"rad_m":70,"uso":null}},{"type":"Feature","geometry":{"type":"Point","coordinates":[-70.556965,-33.536855]},"properties":{"id":689,"nombre":"PLAZA JARDÍN ANDINO","comuna":"La Florida","sup_m2":5224,"sup_ha":0.52,"rad_m":41,"uso":null}},{"type":"Feature","geometry":{"type":"Point","coordinates":[-70.536175,-33.513683]},"properties":{"id":690,"nombre":"PARQUE LA SUPERIORA","comuna":"La Florida","sup_m2":10376,"sup_ha":1.04,"rad_m":57,"uso":null}},{"type":"Feature","geometry":{"type":"Point","coordinates":[-70.536832,-33.518244]},"properties":{"id":691,"nombre":"PARQUE MACALTO 1","comuna":"La Florida","sup_m2":12655,"sup_ha":1.27,"rad_m":63,"uso":null}},{"type":"Feature","geometry":{"type":"Point","coordinates":[-70.587545,-33.511797]},"properties":{"id":687,"nombre":"PARQUE EDUARDO FREI","comuna":"La Florida","sup_m2":21427,"sup_ha":2.14,"rad_m":83,"uso":null}},{"type":"Feature","geometry":{"type":"Point","coordinates":[-70.53985,-33.537538]},"properties":{"id":688,"nombre":"PARQUE LAS TINAJAS","comuna":"La Florida","sup_m2":10010,"sup_ha":1,"rad_m":56,"uso":null}},{"type":"Feature","geometry":{"type":"Point","coordinates":[-70.636905,-33.440608]},"properties":{"id":686,"nombre":"PARQUE SAN BORJA","comuna":"Santiago","sup_m2":23778,"sup_ha":2.38,"rad_m":87,"uso":"Sí"}},{"type":"Feature","geometry":{"type":"Point","coordinates":[-70.641133,-33.435956]},"properties":{"id":682,"nombre":"PARQUE FORESTAL, SECTOR 2","comuna":"Santiago","sup_m2":49909,"sup_ha":4.99,"rad_m":126,"uso":"Sí"}},{"type":"Feature","geometry":{"type":"Point","coordinates":[-70.63698,-33.436562]},"properties":{"id":683,"nombre":"PARQUE FORESTAL, SECTOR 1","comuna":"Santiago","sup_m2":27067,"sup_ha":2.71,"rad_m":93,"uso":"Sí"}},{"type":"Feature","geometry":{"type":"Point","coordinates":[-70.659351,-33.464042]},"properties":{"id":684,"nombre":"PARQUE O'HIGGINS","comuna":"Santiago","sup_m2":527569,"sup_ha":52.76,"rad_m":410,"uso":"Sí"}},{"type":"Feature","geometry":{"type":"Point","coordinates":[-70.643298,-33.440567]},"properties":{"id":685,"nombre":"PARQUE CERRO SANTA LUCIA","comuna":"Santiago","sup_m2":65764,"sup_ha":6.58,"rad_m":145,"uso":"Sí"}},{"type":"Feature","geometry":{"type":"Point","coordinates":[-70.644487,-33.435095]},"properties":{"id":681,"nombre":"PARQUE FORESTAL, SECTOR 3","comuna":"Santiago","sup_m2":26230,"sup_ha":2.62,"rad_m":91,"uso":"Sí"}},{"type":"Feature","geometry":{"type":"Point","coordinates":[-70.646417,-33.434285]},"properties":{"id":680,"nombre":"PARQUE FORESTAL, SECTOR 4","comuna":"Santiago","sup_m2":11460,"sup_ha":1.15,"rad_m":60,"uso":"Sí"}},{"type":"Feature","geometry":{"type":"Point","coordinates":[-70.662432,-33.555604]},"properties":{"id":676,"nombre":"SOL DEL PACIFICO","comuna":"El Bosque","sup_m2":8510,"sup_ha":0.85,"rad_m":52,"uso":"0"}},{"type":"Feature","geometry":{"type":"Point","coordinates":[-70.664014,-33.556895]},"properties":{"id":677,"nombre":"LO LILLO","comuna":"El Bosque","sup_m2":13699,"sup_ha":1.37,"rad_m":66,"uso":"0"}},{"type":"Feature","geometry":{"type":"Point","coordinates":[-70.67323,-33.42698]},"properties":{"id":678,"nombre":"PARQUE DE LOS REYES, SECTOR 3","comuna":"Quinta Normal","sup_m2":62636,"sup_ha":6.26,"rad_m":141,"uso":"Sí"}},{"type":"Feature","geometry":{"type":"Point","coordinates":[-70.66585,-33.42956]},"properties":{"id":679,"nombre":"PARQUE DE LOS REYES, SECTOR 2","comuna":"Santiago","sup_m2":139698,"sup_ha":13.97,"rad_m":211,"uso":"Sí"}},{"type":"Feature","geometry":{"type":"Point","coordinates":[-70.630443,-33.483502]},"properties":{"id":671,"nombre":"PARQUE ISABEL RIQUELME II","comuna":"San Joaquín","sup_m2":40459,"sup_ha":4.05,"rad_m":113,"uso":"Sí"}},{"type":"Feature","geometry":{"type":"Point","coordinates":[-70.632499,-33.482667]},"properties":{"id":672,"nombre":"PARQUE ISABEL RIQUELME I","comuna":"San Joaquín","sup_m2":32917,"sup_ha":3.29,"rad_m":102,"uso":"Sí"}},{"type":"Feature","geometry":{"type":"Point","coordinates":[-70.684032,-33.549939]},"properties":{"id":673,"nombre":"O'HIGGINS","comuna":"El Bosque","sup_m2":5578,"sup_ha":0.56,"rad_m":42,"uso":"0"}},{"type":"Feature","geometry":{"type":"Point","coordinates":[-70.664572,-33.553576]},"properties":{"id":674,"nombre":"E.T.C.","comuna":"El Bosque","sup_m2":7339,"sup_ha":0.73,"rad_m":48,"uso":"0"}},{"type":"Feature","geometry":{"type":"Point","coordinates":[-70.664808,-33.554494]},"properties":{"id":675,"nombre":"PARAISO","comuna":"El Bosque","sup_m2":5814,"sup_ha":0.58,"rad_m":43,"uso":"0"}},{"type":"Feature","geometry":{"type":"Point","coordinates":[-70.655433,-33.39548]},"properties":{"id":666,"nombre":"PARQUE DE LA MUJER A","comuna":"Recoleta","sup_m2":8804,"sup_ha":0.88,"rad_m":53,"uso":"Sí"}},{"type":"Feature","geometry":{"type":"Point","coordinates":[-70.656349,-33.388177]},"properties":{"id":667,"nombre":"PARQUE SANTA MÓNICA","comuna":"Recoleta","sup_m2":46615,"sup_ha":4.66,"rad_m":122,"uso":"Sí"}},{"type":"Feature","geometry":{"type":"Point","coordinates":[-70.649245,-33.432031]},"properties":{"id":668,"nombre":"PLAZA LOS HISTORIADORES","comuna":"Recoleta","sup_m2":5884,"sup_ha":0.59,"rad_m":43,"uso":null}},{"type":"Feature","geometry":{"type":"Point","coordinates":[-70.633335,-33.40271]},"properties":{"id":669,"nombre":"PLAZA QUINTA BELLA I","comuna":"Recoleta","sup_m2":6215,"sup_ha":0.62,"rad_m":44,"uso":"Sí"}},{"type":"Feature","geometry":{"type":"Point","coordinates":[-70.648365,-33.402465]},"properties":{"id":670,"nombre":"PARQUE GABRIEL PALMA","comuna":"Recoleta","sup_m2":5918,"sup_ha":0.59,"rad_m":43,"uso":null}},{"type":"Feature","geometry":{"type":"Point","coordinates":[-70.655682,-33.386235]},"properties":{"id":662,"nombre":"PARQUE SALVADOR ALLENDE","comuna":"Recoleta","sup_m2":13073,"sup_ha":1.31,"rad_m":65,"uso":"Sí"}},{"type":"Feature","geometry":{"type":"Point","coordinates":[-70.638579,-33.402705]},"properties":{"id":663,"nombre":"PLAZA QUINTA BELLA II","comuna":"Recoleta","sup_m2":9199,"sup_ha":0.92,"rad_m":54,"uso":"Sí"}},{"type":"Feature","geometry":{"type":"Point","coordinates":[-70.639662,-33.419909]},"properties":{"id":664,"nombre":"PARQUE BICENTENARIO DE LA INFANCIA","comuna":"Recoleta","sup_m2":33955,"sup_ha":3.4,"rad_m":104,"uso":"Sí"}},{"type":"Feature","geometry":{"type":"Point","coordinates":[-70.636682,-33.435132]},"properties":{"id":665,"nombre":"PLAZA JUAN PABLO II","comuna":"Recoleta","sup_m2":12378,"sup_ha":1.24,"rad_m":63,"uso":"Sí"}},{"type":"Feature","geometry":{"type":"Point","coordinates":[-70.679825,-33.42438]},"properties":{"id":658,"nombre":"PARQUE FLUVIAL RENATO POBLETE","comuna":"Quinta Normal","sup_m2":124971,"sup_ha":12.5,"rad_m":199,"uso":"Sí"}},{"type":"Feature","geometry":{"type":"Point","coordinates":[-70.715872,-33.429244]},"properties":{"id":659,"nombre":"PLAZA GARIN","comuna":"Quinta Normal","sup_m2":9284,"sup_ha":0.93,"rad_m":54,"uso":"Sí"}},{"type":"Feature","geometry":{"type":"Point","coordinates":[-70.702908,-33.428095]},"properties":{"id":660,"nombre":"PLAZA CASONA DOBOIS","comuna":"Quinta Normal","sup_m2":6006,"sup_ha":0.6,"rad_m":44,"uso":"No"}},{"type":"Feature","geometry":{"type":"Point","coordinates":[-70.709848,-33.435647]},"properties":{"id":661,"nombre":"PLAZA LO BESA","comuna":"Quinta Normal","sup_m2":15296,"sup_ha":1.53,"rad_m":70,"uso":"Sí"}},{"type":"Feature","geometry":{"type":"Point","coordinates":[-70.718448,-33.4408]},"properties":{"id":653,"nombre":"PARQUE LOS NIÑOS","comuna":"Lo Prado","sup_m2":51310,"sup_ha":5.13,"rad_m":128,"uso":"Sí"}},{"type":"Feature","geometry":{"type":"Point","coordinates":[-70.718353,-33.44322]},"properties":{"id":654,"nombre":"CENTRO CIVICO","comuna":"Lo Prado","sup_m2":23820,"sup_ha":2.38,"rad_m":87,"uso":"Sí"}},{"type":"Feature","geometry":{"type":"Point","coordinates":[-70.723633,-33.368226]},"properties":{"id":655,"nombre":"RECSA","comuna":"Quilicura","sup_m2":22129,"sup_ha":2.21,"rad_m":84,"uso":null}},{"type":"Feature","geometry":{"type":"Point","coordinates":[-70.741285,-33.371316]},"properties":{"id":656,"nombre":"PARQUE EL MANIO","comuna":"Quilicura","sup_m2":19989,"sup_ha":2,"rad_m":80,"uso":null}},{"type":"Feature","geometry":{"type":"Point","coordinates":[-70.73158,-33.36775]},"properties":{"id":657,"nombre":"PLAZA DE QUILICURA","comuna":"Quilicura","sup_m2":13175,"sup_ha":1.32,"rad_m":65,"uso":null}},{"type":"Feature","geometry":{"type":"Point","coordinates":[-70.502198,-33.34197]},"properties":{"id":651,"nombre":"QUEBRADA EL MANANTIAL","comuna":"Lo Barnechea","sup_m2":41308,"sup_ha":4.13,"rad_m":115,"uso":"No"}},{"type":"Feature","geometry":{"type":"Point","coordinates":[-70.503109,-33.355943]},"properties":{"id":652,"nombre":"CERRO 18 NORTE AREA VERDE QUEBRADA","comuna":"Lo Barnechea","sup_m2":6487,"sup_ha":0.65,"rad_m":45,"uso":"Sí"}},{"type":"Feature","geometry":{"type":"Point","coordinates":[-70.470052,-33.33892]},"properties":{"id":650,"nombre":"PARQUE ESTERO EL ARRAYAN","comuna":"Lo Barnechea","sup_m2":15965,"sup_ha":1.6,"rad_m":71,"uso":"Sí"}},{"type":"Feature","geometry":{"type":"Point","coordinates":[-70.496858,-33.356053]},"properties":{"id":648,"nombre":"PARQUE DE LA CHILENIDAD","comuna":"Lo Barnechea","sup_m2":495570,"sup_ha":49.56,"rad_m":397,"uso":"Sí"}},{"type":"Feature","geometry":{"type":"Point","coordinates":[-70.493414,-33.340227]},"properties":{"id":649,"nombre":"PLAZA MIRADOR LA POZA","comuna":"Lo Barnechea","sup_m2":9030,"sup_ha":0.9,"rad_m":54,"uso":"No"}},{"type":"Feature","geometry":{"type":"Point","coordinates":[-70.504824,-33.364284]},"properties":{"id":645,"nombre":"PARQUE LA ERMITA","comuna":"Lo Barnechea","sup_m2":41969,"sup_ha":4.2,"rad_m":116,"uso":"Sí"}},{"type":"Feature","geometry":{"type":"Point","coordinates":[-70.503713,-33.363122]},"properties":{"id":646,"nombre":"PARQUE LAS LOMAS","comuna":"Lo Barnechea","sup_m2":22550,"sup_ha":2.25,"rad_m":85,"uso":"Sí"}},{"type":"Feature","geometry":{"type":"Point","coordinates":[-70.496534,-33.362311]},"properties":{"id":647,"nombre":"PARQUE LAS ROSAS","comuna":"Lo Barnechea","sup_m2":30614,"sup_ha":3.06,"rad_m":99,"uso":"Sí"}},{"type":"Feature","geometry":{"type":"Point","coordinates":[-70.509937,-33.335029]},"properties":{"id":641,"nombre":"ESTERO LAS ROSAS","comuna":"Lo Barnechea","sup_m2":24348,"sup_ha":2.43,"rad_m":88,"uso":"Sí"}},{"type":"Feature","geometry":{"type":"Point","coordinates":[-70.51075,-33.329666]},"properties":{"id":642,"nombre":"QUEBRADA LOS LOROS","comuna":"Lo Barnechea","sup_m2":34156,"sup_ha":3.42,"rad_m":104,"uso":"Sí"}},{"type":"Feature","geometry":{"type":"Point","coordinates":[-70.507599,-33.329573]},"properties":{"id":643,"nombre":"PARQUE QUEBRADA EL PEUMO","comuna":"Lo Barnechea","sup_m2":40898,"sup_ha":4.09,"rad_m":114,"uso":"Sí"}},{"type":"Feature","geometry":{"type":"Point","coordinates":[-70.511098,-33.365707]},"properties":{"id":644,"nombre":"PARQUE BICENTENARIO","comuna":"Lo Barnechea","sup_m2":5355,"sup_ha":0.54,"rad_m":41,"uso":"Sí"}},{"type":"Feature","geometry":{"type":"Point","coordinates":[-70.54979,-33.338439]},"properties":{"id":636,"nombre":"PARQUE NOCEDAL","comuna":"Lo Barnechea","sup_m2":14074,"sup_ha":1.41,"rad_m":67,"uso":"Sí"}},{"type":"Feature","geometry":{"type":"Point","coordinates":[-70.539109,-33.346422]},"properties":{"id":637,"nombre":"PARQUE DEL OFICIO","comuna":"Lo Barnechea","sup_m2":9824,"sup_ha":0.98,"rad_m":56,"uso":"Sí"}},{"type":"Feature","geometry":{"type":"Point","coordinates":[-70.53796,-33.33749]},"properties":{"id":638,"nombre":"PARQUE LOS PEUMOS I","comuna":"Lo Barnechea","sup_m2":10624,"sup_ha":1.06,"rad_m":58,"uso":"No"}},{"type":"Feature","geometry":{"type":"Point","coordinates":[-70.542333,-33.360698]},"properties":{"id":639,"nombre":"PARQUE EL TRANQUE","comuna":"Lo Barnechea","sup_m2":11797,"sup_ha":1.18,"rad_m":61,"uso":"No"}},{"type":"Feature","geometry":{"type":"Point","coordinates":[-70.507711,-33.344338]},"properties":{"id":640,"nombre":"PARQUE FRANCISCO BULNES","comuna":"Lo Barnechea","sup_m2":12810,"sup_ha":1.28,"rad_m":64,"uso":"No"}},{"type":"Feature","geometry":{"type":"Point","coordinates":[-70.568183,-33.34352]},"properties":{"id":633,"nombre":"AREA VERDE QUEBRADA LA CARBONERA","comuna":"Lo Barnechea","sup_m2":17840,"sup_ha":1.78,"rad_m":75,"uso":"Sí"}},{"type":"Feature","geometry":{"type":"Point","coordinates":[-70.543671,-33.31608]},"properties":{"id":634,"nombre":"PARQUE LOS LITRES","comuna":"Lo Barnechea","sup_m2":11822,"sup_ha":1.18,"rad_m":61,"uso":"No"}},{"type":"Feature","geometry":{"type":"Point","coordinates":[-70.550836,-33.334542]},"properties":{"id":635,"nombre":"PARQUE LOS MONJES","comuna":"Lo Barnechea","sup_m2":14733,"sup_ha":1.47,"rad_m":68,"uso":"Sí"}},{"type":"Feature","geometry":{"type":"Point","coordinates":[-70.558546,-33.323354]},"properties":{"id":631,"nombre":"QUEBRADA PIE ANDINO","comuna":"Lo Barnechea","sup_m2":25486,"sup_ha":2.55,"rad_m":90,"uso":"No"}},{"type":"Feature","geometry":{"type":"Point","coordinates":[-70.565103,-33.335402]},"properties":{"id":632,"nombre":"AREA VERDE QUEBRADA LOS CHANCHOS","comuna":"Lo Barnechea","sup_m2":17454,"sup_ha":1.75,"rad_m":75,"uso":"Sí"}},{"type":"Feature","geometry":{"type":"Point","coordinates":[-70.548044,-33.32381]},"properties":{"id":628,"nombre":"BANDEJÓN CENTRAL BOULEVARD JARDÍN DE LOS PÁJAROS","comuna":"Lo Barnechea","sup_m2":30675,"sup_ha":3.07,"rad_m":99,"uso":"No"}},{"type":"Feature","geometry":{"type":"Point","coordinates":[-70.563492,-33.3177]},"properties":{"id":629,"nombre":"QUEBRADA PIRCAS VIEJAS","comuna":"Lo Barnechea","sup_m2":21228,"sup_ha":2.12,"rad_m":82,"uso":"No"}},{"type":"Feature","geometry":{"type":"Point","coordinates":[-70.568644,-33.315239]},"properties":{"id":630,"nombre":"PLAZA JUAN PABLO II","comuna":"Lo Barnechea","sup_m2":9414,"sup_ha":0.94,"rad_m":55,"uso":"No"}},{"type":"Feature","geometry":{"type":"Point","coordinates":[-70.772791,-33.423989]},"properties":{"id":627,"nombre":"CANAL COLECTOR DE AGUAS LLUVIAS HONDONADA RIO VIEJO","comuna":"Pudahuel","sup_m2":67029,"sup_ha":6.7,"rad_m":146,"uso":null}},{"type":"Feature","geometry":{"type":"Point","coordinates":[-70.755756,-33.428306]},"properties":{"id":625,"nombre":"PARQUE VIOLETA PARRA","comuna":"Pudahuel","sup_m2":27575,"sup_ha":2.76,"rad_m":94,"uso":null}},{"type":"Feature","geometry":{"type":"Point","coordinates":[-70.750983,-33.437574]},"properties":{"id":626,"nombre":"PLAZA DE ARMAS","comuna":"Pudahuel","sup_m2":14810,"sup_ha":1.48,"rad_m":69,"uso":null}},{"type":"Feature","geometry":{"type":"Point","coordinates":[-70.555596,-33.449082]},"properties":{"id":622,"nombre":"GABRIELA MISTRAL","comuna":"La Reina","sup_m2":7683,"sup_ha":0.77,"rad_m":49,"uso":"Sí"}},{"type":"Feature","geometry":{"type":"Point","coordinates":[-70.553729,-33.437014]},"properties":{"id":623,"nombre":"AREAS VERDE AGUAS ANDINAS","comuna":"La Reina","sup_m2":54556,"sup_ha":5.46,"rad_m":132,"uso":null}},{"type":"Feature","geometry":{"type":"Point","coordinates":[-70.759245,-33.442219]},"properties":{"id":624,"nombre":"SANTUARIO MONSENOR ENRIQUE ALVEAR","comuna":"Pudahuel","sup_m2":5776,"sup_ha":0.58,"rad_m":43,"uso":null}},{"type":"Feature","geometry":{"type":"Point","coordinates":[-70.520752,-33.468357]},"properties":{"id":619,"nombre":"PARQUE  ARRIETA","comuna":"Peñalolén","sup_m2":44431,"sup_ha":4.44,"rad_m":119,"uso":null}},{"type":"Feature","geometry":{"type":"Point","coordinates":[-70.53293,-33.440448]},"properties":{"id":620,"nombre":"PLAZA LA REINA","comuna":"La Reina","sup_m2":6186,"sup_ha":0.62,"rad_m":44,"uso":"Sí"}},{"type":"Feature","geometry":{"type":"Point","coordinates":[-70.541882,-33.45888]},"properties":{"id":621,"nombre":"PARQUE RICARDO CONTRERAS SECCION B","comuna":"La Reina","sup_m2":7504,"sup_ha":0.75,"rad_m":49,"uso":"Sí"}},{"type":"Feature","geometry":{"type":"Point","coordinates":[-70.558352,-33.488998]},"properties":{"id":615,"nombre":"PLAZA SANCHEZ FONTECILLA 4 LOS PRESIDENTES QUILIN NORTE","comuna":"Peñalolén","sup_m2":12016,"sup_ha":1.2,"rad_m":62,"uso":null}},{"type":"Feature","geometry":{"type":"Point","coordinates":[-70.583243,-33.498004]},"properties":{"id":616,"nombre":"PARQUE VESPUCIO","comuna":"Peñalolén","sup_m2":5118,"sup_ha":0.51,"rad_m":40,"uso":null}},{"type":"Feature","geometry":{"type":"Point","coordinates":[-70.564829,-33.499829]},"properties":{"id":617,"nombre":"PLAZA PORTAL DE LA VIÑA 2","comuna":"Peñalolén","sup_m2":5104,"sup_ha":0.51,"rad_m":40,"uso":null}},{"type":"Feature","geometry":{"type":"Point","coordinates":[-70.54646,-33.46531]},"properties":{"id":618,"nombre":"PARQUE PEÑALOLÉN","comuna":"Peñalolén","sup_m2":124957,"sup_ha":12.5,"rad_m":199,"uso":null}},{"type":"Feature","geometry":{"type":"Point","coordinates":[-70.557849,-33.484403]},"properties":{"id":614,"nombre":"PLAZA SANCHEZ FONTECILLA 3 CAMILO MORI LOS PRESIDENTES","comuna":"Peñalolén","sup_m2":7250,"sup_ha":0.72,"rad_m":48,"uso":null}},{"type":"Feature","geometry":{"type":"Point","coordinates":[-70.548646,-33.474796]},"properties":{"id":612,"nombre":"PLAZA BANDEJON CENTRAL GRECIA","comuna":"Peñalolén","sup_m2":6034,"sup_ha":0.6,"rad_m":44,"uso":null}},{"type":"Feature","geometry":{"type":"Point","coordinates":[-70.534824,-33.493853]},"properties":{"id":613,"nombre":"PLAZA ANIBAL LARRAIN","comuna":"Peñalolén","sup_m2":7509,"sup_ha":0.75,"rad_m":49,"uso":null}},{"type":"Feature","geometry":{"type":"Point","coordinates":[-70.631359,-33.587297]},"properties":{"id":608,"nombre":"PARQUE ANIBAL PINTO","comuna":"La Pintana","sup_m2":12919,"sup_ha":1.29,"rad_m":64,"uso":"No"}},{"type":"Feature","geometry":{"type":"Point","coordinates":[-70.629861,-33.583121]},"properties":{"id":609,"nombre":"PLAZA DE ARMAS","comuna":"La Pintana","sup_m2":11179,"sup_ha":1.12,"rad_m":60,"uso":"Sí"}},{"type":"Feature","geometry":{"type":"Point","coordinates":[-70.643151,-33.585001]},"properties":{"id":610,"nombre":"GABRIELA MISTRAL I","comuna":"La Pintana","sup_m2":6779,"sup_ha":0.68,"rad_m":46,"uso":"No"}},{"type":"Feature","geometry":{"type":"Point","coordinates":[-70.558968,-33.490793]},"properties":{"id":611,"nombre":"PARQUE TOBALABA ETAPA 4","comuna":"Peñalolén","sup_m2":5439,"sup_ha":0.54,"rad_m":42,"uso":null}},{"type":"Feature","geometry":{"type":"Point","coordinates":[-70.657723,-33.488918]},"properties":{"id":602,"nombre":"PLAZA ARTES GRAFICAS","comuna":"San Miguel","sup_m2":9028,"sup_ha":0.9,"rad_m":54,"uso":"Sí"}},{"type":"Feature","geometry":{"type":"Point","coordinates":[-70.645386,-33.50031]},"properties":{"id":603,"nombre":"PLAZA MADECO","comuna":"San Miguel","sup_m2":12277,"sup_ha":1.23,"rad_m":63,"uso":"Sí"}},{"type":"Feature","geometry":{"type":"Point","coordinates":[-70.654542,-33.489075]},"properties":{"id":604,"nombre":"PLAZA 12 DE OCTUBRE","comuna":"San Miguel","sup_m2":8916,"sup_ha":0.89,"rad_m":53,"uso":"Sí"}},{"type":"Feature","geometry":{"type":"Point","coordinates":[-70.644179,-33.504079]},"properties":{"id":605,"nombre":"PLAZA LLICO","comuna":"San Miguel","sup_m2":15990,"sup_ha":1.6,"rad_m":71,"uso":"Sí"}},{"type":"Feature","geometry":{"type":"Point","coordinates":[-70.638573,-33.565145]},"properties":{"id":606,"nombre":"PARQUE LAS MAGDALENAS","comuna":"La Pintana","sup_m2":11004,"sup_ha":1.1,"rad_m":59,"uso":"No"}},{"type":"Feature","geometry":{"type":"Point","coordinates":[-70.640517,-33.560013]},"properties":{"id":607,"nombre":"PARQUE EL ROBLE","comuna":"La Pintana","sup_m2":10549,"sup_ha":1.05,"rad_m":58,"uso":"Sí"}},{"type":"Feature","geometry":{"type":"Point","coordinates":[-70.696867,-33.39725]},"properties":{"id":598,"nombre":"BANDEJÓN LOS HELECHOS 1","comuna":"Renca","sup_m2":10104,"sup_ha":1.01,"rad_m":57,"uso":"No"}},{"type":"Feature","geometry":{"type":"Point","coordinates":[-70.689499,-33.410824]},"properties":{"id":599,"nombre":"PLAZA SANTA MARIA","comuna":"Renca","sup_m2":7134,"sup_ha":0.71,"rad_m":48,"uso":"No"}},{"type":"Feature","geometry":{"type":"Point","coordinates":[-70.728285,-33.41291]},"properties":{"id":600,"nombre":"PARQUE CEREMONIAL MAPUCHE","comuna":"Cerro Navia","sup_m2":19641,"sup_ha":1.96,"rad_m":79,"uso":"Sí"}},{"type":"Feature","geometry":{"type":"Point","coordinates":[-70.737737,-33.436244]},"properties":{"id":601,"nombre":"BANDEJÓN","comuna":"Cerro Navia","sup_m2":17571,"sup_ha":1.76,"rad_m":75,"uso":null}},{"type":"Feature","geometry":{"type":"Point","coordinates":[-70.747656,-33.479017]},"properties":{"id":594,"nombre":"PARQUE SANTA ELENA","comuna":"Maipú","sup_m2":9194,"sup_ha":0.92,"rad_m":54,"uso":"Sí"}},{"type":"Feature","geometry":{"type":"Point","coordinates":[-70.553601,-33.377884]},"properties":{"id":595,"nombre":"PLAZA LO GALLO","comuna":"Vitacura","sup_m2":9637,"sup_ha":0.96,"rad_m":55,"uso":null}},{"type":"Feature","geometry":{"type":"Point","coordinates":[-70.579368,-33.385337]},"properties":{"id":596,"nombre":"PLAZA COLOMBIA","comuna":"Vitacura","sup_m2":5969,"sup_ha":0.6,"rad_m":44,"uso":"Sí"}},{"type":"Feature","geometry":{"type":"Point","coordinates":[-70.571003,-33.369248]},"properties":{"id":597,"nombre":"TERRAZAS DEL CONDOR","comuna":"Vitacura","sup_m2":6640,"sup_ha":0.66,"rad_m":46,"uso":null}},{"type":"Feature","geometry":{"type":"Point","coordinates":[-70.766964,-33.514913]},"properties":{"id":589,"nombre":"PARQUE REPUBLICA","comuna":"Maipú","sup_m2":5659,"sup_ha":0.57,"rad_m":42,"uso":null}},{"type":"Feature","geometry":{"type":"Point","coordinates":[-70.775202,-33.503436]},"properties":{"id":590,"nombre":"LA ARMADA","comuna":"Maipú","sup_m2":6665,"sup_ha":0.67,"rad_m":46,"uso":null}},{"type":"Feature","geometry":{"type":"Point","coordinates":[-70.769328,-33.503018]},"properties":{"id":591,"nombre":"PARQUE DE LA VICTORIA","comuna":"Maipú","sup_m2":12139,"sup_ha":1.21,"rad_m":62,"uso":null}},{"type":"Feature","geometry":{"type":"Point","coordinates":[-70.762204,-33.548063]},"properties":{"id":592,"nombre":"PARQUE BAGDAD PONIENTE","comuna":"Maipú","sup_m2":5248,"sup_ha":0.52,"rad_m":41,"uso":null}},{"type":"Feature","geometry":{"type":"Point","coordinates":[-70.742933,-33.47214]},"properties":{"id":593,"nombre":"EUGENIO BROWNE","comuna":"Maipú","sup_m2":6532,"sup_ha":0.65,"rad_m":46,"uso":"Sí"}},{"type":"Feature","geometry":{"type":"Point","coordinates":[-70.798625,-33.527634]},"properties":{"id":585,"nombre":"PARQUE VALLE DE LOS REYES","comuna":"Maipú","sup_m2":15080,"sup_ha":1.51,"rad_m":69,"uso":null}},{"type":"Feature","geometry":{"type":"Point","coordinates":[-70.755251,-33.508617]},"properties":{"id":586,"nombre":"PARQUE RAPA NUI - PLAZA FUNCIONARIOS","comuna":"Maipú","sup_m2":10310,"sup_ha":1.03,"rad_m":57,"uso":null}},{"type":"Feature","geometry":{"type":"Point","coordinates":[-70.754215,-33.509736]},"properties":{"id":587,"nombre":"PARQUE ALCALDIA","comuna":"Maipú","sup_m2":13423,"sup_ha":1.34,"rad_m":65,"uso":null}},{"type":"Feature","geometry":{"type":"Point","coordinates":[-70.768414,-33.514432]},"properties":{"id":588,"nombre":"LAS REINAS","comuna":"Maipú","sup_m2":7302,"sup_ha":0.73,"rad_m":48,"uso":null}},{"type":"Feature","geometry":{"type":"Point","coordinates":[-70.742708,-33.501037]},"properties":{"id":580,"nombre":"MONUMENTO BUERAS","comuna":"Maipú","sup_m2":9942,"sup_ha":0.99,"rad_m":56,"uso":null}},{"type":"Feature","geometry":{"type":"Point","coordinates":[-70.732531,-33.487996]},"properties":{"id":581,"nombre":"MIRADOR DE SAN MARTIN","comuna":"Maipú","sup_m2":5921,"sup_ha":0.59,"rad_m":43,"uso":null}},{"type":"Feature","geometry":{"type":"Point","coordinates":[-70.758017,-33.507401]},"properties":{"id":582,"nombre":"MONUMENTO BAILEN","comuna":"Maipú","sup_m2":11214,"sup_ha":1.12,"rad_m":60,"uso":null}},{"type":"Feature","geometry":{"type":"Point","coordinates":[-70.756384,-33.509588]},"properties":{"id":583,"nombre":"PLAZA MAYOR","comuna":"Maipú","sup_m2":15658,"sup_ha":1.57,"rad_m":71,"uso":null}},{"type":"Feature","geometry":{"type":"Point","coordinates":[-70.767724,-33.542581]},"properties":{"id":584,"nombre":"LOS OCEANOS","comuna":"Maipú","sup_m2":5506,"sup_ha":0.55,"rad_m":42,"uso":null}},{"type":"Feature","geometry":{"type":"Point","coordinates":[-70.759264,-33.492086]},"properties":{"id":576,"nombre":"PARQUE ISABEL RIQUELME","comuna":"Maipú","sup_m2":16890,"sup_ha":1.69,"rad_m":73,"uso":null}},{"type":"Feature","geometry":{"type":"Point","coordinates":[-70.772866,-33.494158]},"properties":{"id":577,"nombre":"PARQUE ISABEL RIQUELME PONIENTE","comuna":"Maipú","sup_m2":25839,"sup_ha":2.58,"rad_m":91,"uso":null}},{"type":"Feature","geometry":{"type":"Point","coordinates":[-70.79873,-33.513164]},"properties":{"id":578,"nombre":"PARQUE EL CONQUISTADOR","comuna":"Maipú","sup_m2":11371,"sup_ha":1.14,"rad_m":60,"uso":null}},{"type":"Feature","geometry":{"type":"Point","coordinates":[-70.794854,-33.511792]},"properties":{"id":579,"nombre":"BRISAS DE MAIPU","comuna":"Maipú","sup_m2":5615,"sup_ha":0.56,"rad_m":42,"uso":null}},{"type":"Feature","geometry":{"type":"Point","coordinates":[-70.553241,-33.3892]},"properties":{"id":573,"nombre":"PLAZA PANAMA","comuna":"Vitacura","sup_m2":12615,"sup_ha":1.26,"rad_m":63,"uso":"Sí"}},{"type":"Feature","geometry":{"type":"Point","coordinates":[-70.567878,-33.395416]},"properties":{"id":574,"nombre":"PLAZA BRASILIA","comuna":"Vitacura","sup_m2":5909,"sup_ha":0.59,"rad_m":43,"uso":"Sí"}},{"type":"Feature","geometry":{"type":"Point","coordinates":[-70.75503,-33.494754]},"properties":{"id":575,"nombre":"PARQUE PRIMO DE RIVERA","comuna":"Maipú","sup_m2":46353,"sup_ha":4.64,"rad_m":121,"uso":"Sí"}},{"type":"Feature","geometry":{"type":"Point","coordinates":[-70.567891,-33.396352]},"properties":{"id":566,"nombre":"PARQUE CUAUCTEMOC","comuna":"Vitacura","sup_m2":24506,"sup_ha":2.45,"rad_m":88,"uso":"Sí"}},{"type":"Feature","geometry":{"type":"Point","coordinates":[-70.599111,-33.403454]},"properties":{"id":567,"nombre":"PLAZA RAUL DEVES","comuna":"Vitacura","sup_m2":6668,"sup_ha":0.67,"rad_m":46,"uso":"Sí"}},{"type":"Feature","geometry":{"type":"Point","coordinates":[-70.595404,-33.395777]},"properties":{"id":568,"nombre":"PLAZA REPUBLICA DE TURQUIA","comuna":"Vitacura","sup_m2":11867,"sup_ha":1.19,"rad_m":61,"uso":"Sí"}},{"type":"Feature","geometry":{"type":"Point","coordinates":[-70.555968,-33.378661]},"properties":{"id":569,"nombre":"Parque","comuna":"Vitacura","sup_m2":5253,"sup_ha":0.53,"rad_m":41,"uso":null}},{"type":"Feature","geometry":{"type":"Point","coordinates":[-70.558281,-33.382533]},"properties":{"id":570,"nombre":"PLAZA REPUBLICA DE CHIPRE","comuna":"Vitacura","sup_m2":5289,"sup_ha":0.53,"rad_m":41,"uso":"Sí"}},{"type":"Feature","geometry":{"type":"Point","coordinates":[-70.685448,-33.206707]},"properties":{"id":571,"nombre":"PARQUE SAN MIGUEL","comuna":"Colina","sup_m2":64459,"sup_ha":6.45,"rad_m":143,"uso":"Sí"}},{"type":"Feature","geometry":{"type":"Point","coordinates":[-70.669159,-33.206235]},"properties":{"id":572,"nombre":"PARQUE DEL RÍO","comuna":"Colina","sup_m2":17351,"sup_ha":1.74,"rad_m":74,"uso":"Sí"}},{"type":"Feature","geometry":{"type":"Point","coordinates":[-70.538173,-33.382787]},"properties":{"id":559,"nombre":"PLAZA CORTE DE APELACIONES","comuna":"Vitacura","sup_m2":8534,"sup_ha":0.85,"rad_m":52,"uso":"Sí"}},{"type":"Feature","geometry":{"type":"Point","coordinates":[-70.547149,-33.377098]},"properties":{"id":560,"nombre":"PARQUE ALEJANDRO SERANI","comuna":"Vitacura","sup_m2":5120,"sup_ha":0.51,"rad_m":40,"uso":"Sí"}},{"type":"Feature","geometry":{"type":"Point","coordinates":[-70.690403,-33.386487]},"properties":{"id":561,"nombre":"PARQUE LAS AMERICAS","comuna":"Conchalí","sup_m2":16447,"sup_ha":1.64,"rad_m":72,"uso":"Sí"}},{"type":"Feature","geometry":{"type":"Point","coordinates":[-70.69158,-33.383873]},"properties":{"id":562,"nombre":"PISTA BICICROSS","comuna":"Conchalí","sup_m2":15152,"sup_ha":1.52,"rad_m":69,"uso":"Sí"}},{"type":"Feature","geometry":{"type":"Point","coordinates":[-70.689344,-33.388562]},"properties":{"id":563,"nombre":"PARQUE LAS INDUSTRIAS","comuna":"Conchalí","sup_m2":16811,"sup_ha":1.68,"rad_m":73,"uso":"Sí"}},{"type":"Feature","geometry":{"type":"Point","coordinates":[-70.671434,-33.398968]},"properties":{"id":564,"nombre":"ANFITEATRO","comuna":"Conchalí","sup_m2":6146,"sup_ha":0.61,"rad_m":44,"uso":"Sí"}},{"type":"Feature","geometry":{"type":"Point","coordinates":[-70.670604,-33.397945]},"properties":{"id":565,"nombre":"PLAZA BICENTENARIO","comuna":"Conchalí","sup_m2":7771,"sup_ha":0.78,"rad_m":50,"uso":"Sí"}},{"type":"Feature","geometry":{"type":"Point","coordinates":[-70.685929,-33.538235]},"properties":{"id":554,"nombre":"Parque","comuna":"Lo Espejo","sup_m2":8753,"sup_ha":0.88,"rad_m":53,"uso":null}},{"type":"Feature","geometry":{"type":"Point","coordinates":[-70.689376,-33.480841]},"properties":{"id":555,"nombre":"PLAZA SAN MARTIN","comuna":"Cerrillos","sup_m2":11410,"sup_ha":1.14,"rad_m":60,"uso":"Sí"}},{"type":"Feature","geometry":{"type":"Point","coordinates":[-70.722994,-33.493808]},"properties":{"id":556,"nombre":"PLAZA HUELEN","comuna":"Cerrillos","sup_m2":6994,"sup_ha":0.7,"rad_m":47,"uso":null}},{"type":"Feature","geometry":{"type":"Point","coordinates":[-70.717441,-33.481261]},"properties":{"id":557,"nombre":"RAÚL SILVA HENRIQUEZ","comuna":"Cerrillos","sup_m2":7700,"sup_ha":0.77,"rad_m":50,"uso":"Sí"}},{"type":"Feature","geometry":{"type":"Point","coordinates":[-70.601914,-33.404212]},"properties":{"id":558,"nombre":"PARQUE BICENTENARIO 2 ETAPA","comuna":"Vitacura","sup_m2":142821,"sup_ha":14.28,"rad_m":213,"uso":null}},{"type":"Feature","geometry":{"type":"Point","coordinates":[-70.727874,-33.485909]},"properties":{"id":551,"nombre":"BARRANCO LO ERRAZURIZ","comuna":"Cerrillos","sup_m2":23366,"sup_ha":2.34,"rad_m":86,"uso":"Sí"}},{"type":"Feature","geometry":{"type":"Point","coordinates":[-70.723962,-33.485427]},"properties":{"id":552,"nombre":"PARQUE MUNICIPAL LO ERRAZURIZ","comuna":"Cerrillos","sup_m2":25776,"sup_ha":2.58,"rad_m":91,"uso":"Sí"}},{"type":"Feature","geometry":{"type":"Point","coordinates":[-70.722122,-33.494332]},"properties":{"id":553,"nombre":"PARQUE DIDACTICO","comuna":"Cerrillos","sup_m2":8421,"sup_ha":0.84,"rad_m":52,"uso":null}},{"type":"Feature","geometry":{"type":"Point","coordinates":[-70.900405,-33.608325]},"properties":{"id":548,"nombre":"PLAZA DE ARMAS DE PENAFLOR","comuna":"Peñaflor","sup_m2":9220,"sup_ha":0.92,"rad_m":54,"uso":null}},{"type":"Feature","geometry":{"type":"Point","coordinates":[-70.580377,-33.455551]},"properties":{"id":549,"nombre":"PARQUE RAMON CRUZ","comuna":"Ñuñoa","sup_m2":24676,"sup_ha":2.47,"rad_m":89,"uso":null}},{"type":"Feature","geometry":{"type":"Point","coordinates":[-70.695354,-33.489751]},"properties":{"id":550,"nombre":"PARQUE PORTAL BICENTENARIO","comuna":"Cerrillos","sup_m2":560800,"sup_ha":56.08,"rad_m":423,"uso":"Sí"}},{"type":"Feature","geometry":{"type":"Point","coordinates":[-70.601727,-33.39979]},"properties":{"id":542,"nombre":"CENTRO CIVICO VITACURA","comuna":"Vitacura","sup_m2":10401,"sup_ha":1.04,"rad_m":58,"uso":null}},{"type":"Feature","geometry":{"type":"Point","coordinates":[-70.643731,-33.543051]},"properties":{"id":543,"nombre":"PARQUE LA BANDERA","comuna":"San Ramón","sup_m2":14584,"sup_ha":1.46,"rad_m":68,"uso":null}},{"type":"Feature","geometry":{"type":"Point","coordinates":[-70.587533,-33.456813]},"properties":{"id":544,"nombre":"JARDINES CASA DE LA CULTURA DE NUNOA","comuna":"Ñuñoa","sup_m2":15477,"sup_ha":1.55,"rad_m":70,"uso":null}},{"type":"Feature","geometry":{"type":"Point","coordinates":[-70.623729,-33.46432]},"properties":{"id":545,"nombre":"PARQUE GERMAN PICA CANAS SECTOR NORTE","comuna":"Ñuñoa","sup_m2":23876,"sup_ha":2.39,"rad_m":87,"uso":null}},{"type":"Feature","geometry":{"type":"Point","coordinates":[-70.571102,-33.453287]},"properties":{"id":546,"nombre":"PLAZA EGANA","comuna":"Ñuñoa","sup_m2":13182,"sup_ha":1.32,"rad_m":65,"uso":null}},{"type":"Feature","geometry":{"type":"Point","coordinates":[-70.897241,-33.596853]},"properties":{"id":547,"nombre":"PARQUE EL TRAPICHE","comuna":"Peñaflor","sup_m2":221912,"sup_ha":22.19,"rad_m":266,"uso":null}},{"type":"Feature","geometry":{"type":"Point","coordinates":[-70.714319,-33.623316]},"properties":{"id":535,"nombre":"AUTOPISTA CENTRAL","comuna":"San Bernardo","sup_m2":8420,"sup_ha":0.84,"rad_m":52,"uso":null}},{"type":"Feature","geometry":{"type":"Point","coordinates":[-70.674665,-33.202193]},"properties":{"id":536,"nombre":"PLAZA DE ARMAS COLINA","comuna":"Colina","sup_m2":13885,"sup_ha":1.39,"rad_m":66,"uso":null}},{"type":"Feature","geometry":{"type":"Point","coordinates":[-71.129446,-33.402491]},"properties":{"id":537,"nombre":"PLAZA BALMACEDA (PLAZA DE CURACAVI)","comuna":"Curacaví","sup_m2":13860,"sup_ha":1.39,"rad_m":66,"uso":null}},{"type":"Feature","geometry":{"type":"Point","coordinates":[-70.738936,-33.810057]},"properties":{"id":538,"nombre":"PLAZA DE ARMAS PAINE","comuna":"Paine","sup_m2":6825,"sup_ha":0.68,"rad_m":47,"uso":null}},{"type":"Feature","geometry":{"type":"Point","coordinates":[-70.704105,-33.592504]},"properties":{"id":539,"nombre":"PLAZA DE ARMAS SAN BERNARDO","comuna":"San Bernardo","sup_m2":23998,"sup_ha":2.4,"rad_m":87,"uso":null}},{"type":"Feature","geometry":{"type":"Point","coordinates":[-70.930424,-33.664505]},"properties":{"id":540,"nombre":"PLAZA DE ARMAS DE TALAGANTE","comuna":"Talagante","sup_m2":14541,"sup_ha":1.45,"rad_m":68,"uso":"Sí"}},{"type":"Feature","geometry":{"type":"Point","coordinates":[-70.650605,-33.418199]},"properties":{"id":541,"nombre":"PLAZA LA PAZ","comuna":"Independencia","sup_m2":7051,"sup_ha":0.71,"rad_m":47,"uso":null}},{"type":"Feature","geometry":{"type":"Point","coordinates":[-70.693656,-33.366273]},"properties":{"id":532,"nombre":"PARQUE LAS ROSAS","comuna":"Conchalí","sup_m2":9104,"sup_ha":0.91,"rad_m":54,"uso":null}},{"type":"Feature","geometry":{"type":"Point","coordinates":[-70.735723,-33.217026]},"properties":{"id":533,"nombre":"SANTA ELENA ECO URBE","comuna":"Colina","sup_m2":16516,"sup_ha":1.65,"rad_m":73,"uso":null}},{"type":"Feature","geometry":{"type":"Point","coordinates":[-70.767883,-33.425401]},"properties":{"id":534,"nombre":"CANAL COLECTOR DE AGUAS LLUVIAS HONDONADA RIO VIEJO","comuna":"Pudahuel","sup_m2":12207,"sup_ha":1.22,"rad_m":62,"uso":null}},{"type":"Feature","geometry":{"type":"Point","coordinates":[-70.59095,-33.50186]},"properties":{"id":527,"nombre":"PARQUE ARMANDO PESANTES","comuna":"Macul","sup_m2":7288,"sup_ha":0.73,"rad_m":48,"uso":null}},{"type":"Feature","geometry":{"type":"Point","coordinates":[-70.573005,-33.379696]},"properties":{"id":528,"nombre":"PARQUE DEL RIO MAPOCHO/ SECTOR BORDE RIO","comuna":"Vitacura","sup_m2":25208,"sup_ha":2.52,"rad_m":90,"uso":null}},{"type":"Feature","geometry":{"type":"Point","coordinates":[-70.698157,-33.588652]},"properties":{"id":529,"nombre":"JOSE TORIBIO MEDINA","comuna":"San Bernardo","sup_m2":9485,"sup_ha":0.95,"rad_m":55,"uso":null}},{"type":"Feature","geometry":{"type":"Point","coordinates":[-70.695409,-33.589985]},"properties":{"id":530,"nombre":"PLAZA ERNESTO MERINO SEGURA","comuna":"San Bernardo","sup_m2":20154,"sup_ha":2.02,"rad_m":80,"uso":null}},{"type":"Feature","geometry":{"type":"Point","coordinates":[-70.608474,-33.587895]},"properties":{"id":531,"nombre":"PARQUE BATALLON DE CHACABUCO","comuna":"Puente Alto","sup_m2":13838,"sup_ha":1.38,"rad_m":66,"uso":null}},{"type":"Feature","geometry":{"type":"Point","coordinates":[-70.606918,-33.400206]},"properties":{"id":524,"nombre":"PARQUE METROPOLITANO DE SANTIAGO","comuna":"Recoleta","sup_m2":797448,"sup_ha":79.74,"rad_m":504,"uso":null}},{"type":"Feature","geometry":{"type":"Point","coordinates":[-70.580842,-33.482793]},"properties":{"id":525,"nombre":"PARQUE MACUL ORIENTE","comuna":"Macul","sup_m2":27702,"sup_ha":2.77,"rad_m":94,"uso":null}},{"type":"Feature","geometry":{"type":"Point","coordinates":[-70.720297,-33.424264]},"properties":{"id":526,"nombre":"PARQUE CERRO NAVIA","comuna":"Cerro Navia","sup_m2":25418,"sup_ha":2.54,"rad_m":90,"uso":null}},{"type":"Feature","geometry":{"type":"Point","coordinates":[-70.621906,-33.418491]},"properties":{"id":523,"nombre":"PARQUE METROPOLITANO DE SANTIAGO","comuna":"Recoleta","sup_m2":1573622,"sup_ha":157.36,"rad_m":708,"uso":null}},{"type":"Feature","geometry":{"type":"Point","coordinates":[-70.611016,-33.396144]},"properties":{"id":522,"nombre":"PARQUE METROPOLITANO DE SANTIAGO","comuna":"Huechuraba","sup_m2":573707,"sup_ha":57.37,"rad_m":427,"uso":null}},{"type":"Feature","geometry":{"type":"Point","coordinates":[-70.944476,-33.672368]},"properties":{"id":518,"nombre":"PARQUE LEIVA OPAZO","comuna":"Talagante","sup_m2":27250,"sup_ha":2.72,"rad_m":93,"uso":"Sí"}},{"type":"Feature","geometry":{"type":"Point","coordinates":[-70.950397,-33.672006]},"properties":{"id":519,"nombre":"PARQUE TEGUALDA","comuna":"Talagante","sup_m2":60778,"sup_ha":6.08,"rad_m":139,"uso":"No"}},{"type":"Feature","geometry":{"type":"Point","coordinates":[-70.719575,-33.603273]},"properties":{"id":520,"nombre":"PARQUE METROPOLITANO SUR, CERROS DE CHENA","comuna":"San Bernardo","sup_m2":296403,"sup_ha":29.64,"rad_m":307,"uso":null}},{"type":"Feature","geometry":{"type":"Point","coordinates":[-70.731417,-33.491853]},"properties":{"id":521,"nombre":"PARQUE LAS TORRES","comuna":"Maipú","sup_m2":9840,"sup_ha":0.98,"rad_m":56,"uso":null}},{"type":"Feature","geometry":{"type":"Point","coordinates":[-70.681246,-33.48804]},"properties":{"id":512,"nombre":"PARQUE VECINAL DEL FERROCARRIL","comuna":"Pedro Aguirre Cerda","sup_m2":7037,"sup_ha":0.7,"rad_m":47,"uso":null}},{"type":"Feature","geometry":{"type":"Point","coordinates":[-70.732734,-33.414468]},"properties":{"id":513,"nombre":"PLAZA DE LAS VOLUNTADES","comuna":"Cerro Navia","sup_m2":7246,"sup_ha":0.72,"rad_m":48,"uso":null}},{"type":"Feature","geometry":{"type":"Point","coordinates":[-70.586867,-33.43085]},"properties":{"id":514,"nombre":"PARQUE AUGUSTO ERRAZURIZ","comuna":"Providencia","sup_m2":10217,"sup_ha":1.02,"rad_m":57,"uso":null}},{"type":"Feature","geometry":{"type":"Point","coordinates":[-70.624479,-33.431302]},"properties":{"id":515,"nombre":"PLAZA DE LA AVIACION","comuna":"Providencia","sup_m2":15188,"sup_ha":1.52,"rad_m":70,"uso":null}},{"type":"Feature","geometry":{"type":"Point","coordinates":[-70.612661,-33.565917]},"properties":{"id":516,"nombre":"LA PLATINA","comuna":"La Florida","sup_m2":50366,"sup_ha":5.04,"rad_m":127,"uso":null}},{"type":"Feature","geometry":{"type":"Point","coordinates":[-70.889484,-33.877783]},"properties":{"id":517,"nombre":"MEDIA LUNA","comuna":"Paine","sup_m2":39836,"sup_ha":3.98,"rad_m":113,"uso":null}},{"type":"Feature","geometry":{"type":"Point","coordinates":[-71.121495,-33.39247]},"properties":{"id":508,"nombre":"ESTERO CUYUNCAVI","comuna":"Curacaví","sup_m2":34561,"sup_ha":3.46,"rad_m":105,"uso":null}},{"type":"Feature","geometry":{"type":"Point","coordinates":[-70.718217,-33.602907]},"properties":{"id":509,"nombre":"PARQUE METROPOLITANO CERROS DE CHENA","comuna":"San Bernardo","sup_m2":73746,"sup_ha":7.37,"rad_m":153,"uso":null}},{"type":"Feature","geometry":{"type":"Point","coordinates":[-70.594178,-33.428525]},"properties":{"id":510,"nombre":"PLAZA LAS LILAS","comuna":"Providencia","sup_m2":6039,"sup_ha":0.6,"rad_m":44,"uso":null}},{"type":"Feature","geometry":{"type":"Point","coordinates":[-70.616888,-33.421722]},"properties":{"id":511,"nombre":"PARQUE SANTA MARIA/SIN NOMBRE I","comuna":"Providencia","sup_m2":17278,"sup_ha":1.73,"rad_m":74,"uso":null}},{"type":"Feature","geometry":{"type":"Point","coordinates":[-70.549742,-33.376006]},"properties":{"id":505,"nombre":"PARQUE MONSPARQUE ESCRIBA DE BALAGUER","comuna":"Vitacura","sup_m2":43126,"sup_ha":4.31,"rad_m":117,"uso":"Sí"}},{"type":"Feature","geometry":{"type":"Point","coordinates":[-70.641816,-33.280332]},"properties":{"id":506,"nombre":"AV LAS CALAS","comuna":"Colina","sup_m2":6304,"sup_ha":0.63,"rad_m":45,"uso":null}},{"type":"Feature","geometry":{"type":"Point","coordinates":[-71.136885,-33.408816]},"properties":{"id":507,"nombre":"AV CIRCUNVALACION","comuna":"Curacaví","sup_m2":19912,"sup_ha":1.99,"rad_m":80,"uso":null}},{"type":"Feature","geometry":{"type":"Point","coordinates":[-70.758742,-33.426202]},"properties":{"id":503,"nombre":"PARQUE LA HONDONADA","comuna":"Pudahuel","sup_m2":282343,"sup_ha":28.23,"rad_m":300,"uso":"Sí"}},{"type":"Feature","geometry":{"type":"Point","coordinates":[-70.631413,-33.435388]},"properties":{"id":504,"nombre":"PARQUE BALMACEDA","comuna":"Providencia","sup_m2":60952,"sup_ha":6.1,"rad_m":139,"uso":null}},{"type":"Feature","geometry":{"type":"Point","coordinates":[-70.611862,-33.43805]},"properties":{"id":499,"nombre":"PLAZA INES DE SUAREZ","comuna":"Providencia","sup_m2":17125,"sup_ha":1.71,"rad_m":74,"uso":null}},{"type":"Feature","geometry":{"type":"Point","coordinates":[-70.61144,-33.441205]},"properties":{"id":500,"nombre":"PARQUE INES DE SUAREZ","comuna":"Providencia","sup_m2":44388,"sup_ha":4.44,"rad_m":119,"uso":null}},{"type":"Feature","geometry":{"type":"Point","coordinates":[-70.635478,-33.54279]},"properties":{"id":501,"nombre":"PLAZA LA BANDERA","comuna":"San Ramón","sup_m2":9642,"sup_ha":0.96,"rad_m":55,"uso":null}},{"type":"Feature","geometry":{"type":"Point","coordinates":[-70.633082,-33.550639]},"properties":{"id":502,"nombre":"EL MONITOR","comuna":"San Ramón","sup_m2":11065,"sup_ha":1.11,"rad_m":59,"uso":null}},{"type":"Feature","geometry":{"type":"Point","coordinates":[-70.670215,-33.485568]},"properties":{"id":493,"nombre":"PARQUE ANDRE JARLAN","comuna":"Pedro Aguirre Cerda","sup_m2":111975,"sup_ha":11.2,"rad_m":189,"uso":null}},{"type":"Feature","geometry":{"type":"Point","coordinates":[-70.677485,-33.521872]},"properties":{"id":494,"nombre":"PARQUE VIOLETA PARRA","comuna":"Lo Espejo","sup_m2":26679,"sup_ha":2.67,"rad_m":92,"uso":null}},{"type":"Feature","geometry":{"type":"Point","coordinates":[-70.567234,-33.39982]},"properties":{"id":495,"nombre":"PARQUE JUAN PABLO II (EX ARAUCANO ORIENTE)","comuna":"Las Condes","sup_m2":75128,"sup_ha":7.51,"rad_m":155,"uso":null}},{"type":"Feature","geometry":{"type":"Point","coordinates":[-70.539531,-33.417835]},"properties":{"id":496,"nombre":"PARQUE GANDARILLAS","comuna":"Las Condes","sup_m2":68002,"sup_ha":6.8,"rad_m":147,"uso":null}},{"type":"Feature","geometry":{"type":"Point","coordinates":[-70.648843,-33.580988]},"properties":{"id":497,"nombre":"PARQUE PABLO DE ROKHA","comuna":"La Pintana","sup_m2":24551,"sup_ha":2.46,"rad_m":88,"uso":null}},{"type":"Feature","geometry":{"type":"Point","coordinates":[-70.594765,-33.427139]},"properties":{"id":498,"nombre":"PLAZA LORETO COUSINO","comuna":"Providencia","sup_m2":17338,"sup_ha":1.73,"rad_m":74,"uso":null}},{"type":"Feature","geometry":{"type":"Point","coordinates":[-70.695021,-33.46505]},"properties":{"id":489,"nombre":"PARQUE BERNARDO LEIGHTON","comuna":"Estación Central","sup_m2":86067,"sup_ha":8.61,"rad_m":166,"uso":null}},{"type":"Feature","geometry":{"type":"Point","coordinates":[-70.547993,-33.405736]},"properties":{"id":490,"nombre":"PARQUE MONTEGRANDE","comuna":"Las Condes","sup_m2":25226,"sup_ha":2.52,"rad_m":90,"uso":null}},{"type":"Feature","geometry":{"type":"Point","coordinates":[-70.629363,-33.59133]},"properties":{"id":491,"nombre":"PARQUE MAPUHUE","comuna":"La Pintana","sup_m2":52735,"sup_ha":5.27,"rad_m":130,"uso":null}},{"type":"Feature","geometry":{"type":"Point","coordinates":[-70.5754,-33.403712]},"properties":{"id":492,"nombre":"PARQUE ARAUCANO","comuna":"Las Condes","sup_m2":228423,"sup_ha":22.84,"rad_m":270,"uso":null}},{"type":"Feature","geometry":{"type":"Point","coordinates":[-70.608455,-33.485424]},"properties":{"id":483,"nombre":"CAMPO DEPORTIVO QUILIN","comuna":"Macul","sup_m2":19626,"sup_ha":1.96,"rad_m":79,"uso":null}},{"type":"Feature","geometry":{"type":"Point","coordinates":[-70.7093,-33.461648]},"properties":{"id":484,"nombre":"PISCINA MUNICIPAL","comuna":"Estación Central","sup_m2":20923,"sup_ha":2.09,"rad_m":82,"uso":null}},{"type":"Feature","geometry":{"type":"Point","coordinates":[-70.70228,-33.461024]},"properties":{"id":485,"nombre":"ESTADIO TITAN","comuna":"Estación Central","sup_m2":11006,"sup_ha":1.1,"rad_m":59,"uso":null}},{"type":"Feature","geometry":{"type":"Point","coordinates":[-70.635014,-33.543468]},"properties":{"id":486,"nombre":"SANTUARIO DE LA INMACULADA CONCEPCION","comuna":"San Ramón","sup_m2":6241,"sup_ha":0.62,"rad_m":45,"uso":null}},{"type":"Feature","geometry":{"type":"Point","coordinates":[-70.532351,-33.428263]},"properties":{"id":487,"nombre":"CENTRO DEPORTIVO RECREATIVO PARQUE PADRE ALBERTO HURTADO","comuna":"Las Condes","sup_m2":45671,"sup_ha":4.57,"rad_m":121,"uso":null}},{"type":"Feature","geometry":{"type":"Point","coordinates":[-70.703281,-33.477422]},"properties":{"id":488,"nombre":"PARQUE LA PERGOLA","comuna":"Estación Central","sup_m2":83668,"sup_ha":8.37,"rad_m":163,"uso":null}}]}