{"type":"FeatureCollection","features":[{"type":"Feature","geometry":{"type":"MultiLineString","coordinates":[[[-70.55743280001492,-33.47777889927808],[-70.55803640001498,-33.47765919927807],[-70.55818540001499,-33.47762959927807],[-70.55850270001503,-33.477566699278064],[-70.5589803000151,-33.477471999278066],[-70.5591979000151,-33.477428799278066],[-70.56154810001539,-33.47696269927807],[-70.56206040001544,-33.476860999278074],[-70.56236770001547,-33.476800099278066],[-70.5625328000155,-33.47676729927807],[-70.56305210001557,-33.476664299278085],[-70.56317630001558,-33.47663969927807],[-70.56325730001561,-33.476623599278085],[-70.56421290001572,-33.47643409927807],[-70.5649216000158,-33.476292299278086],[-70.5649887000158,-33.476278599278075],[-70.56506594619987,-33.476254696591745],[-70.56512620001581,-33.476228499278065],[-70.56518650001583,-33.47619269927807],[-70.56523940001581,-33.47614719927807],[-70.56528140001585,-33.476094599278085],[-70.56543354985729,-33.47588794668585],[-70.56555560001586,-33.475722099278094],[-70.56569687606576,-33.47553009539241],[-70.56581850001591,-33.475364799278104],[-70.56606210001593,-33.4750341992781],[-70.56630590001596,-33.47470299927811],[-70.566550100016,-33.474371199278124],[-70.56679140001602,-33.47404349927811],[-70.56706070001606,-33.473677799278136],[-70.56733970001609,-33.47329889927814],[-70.56783800001614,-33.47262209927815],[-70.56833430001622,-33.47194779927816],[-70.56859740001623,-33.471590499278165],[-70.56878640001626,-33.47133379927817],[-70.56904660001629,-33.470981099278184],[-70.56924030001632,-33.47071899927817]]]},"properties":{"id":"C005","OBJECTID":13,"nombre":"CORONEL ALEJANDRO SEPULVEDA","escala":"Comunal","comunas":null,"macrozona":"SURORIENTE","km":1.46,"n_priori":null,"anteproyec":"SIN INFORME ANTEPROYECTO","poblacion":3224,"costo":446,"costoOD":-25,"oportunidades":14,"equidad":0.867,"continuidad":0.909,"demanda":1232,"centerLng":-70.56333655001562,"centerLat":-33.47424894927812,"kind":"proyecto","numPistas":2,"pendMedia":1.87,"pendMax":1.87,"pctLenPend5":0}},{"type":"Feature","geometry":{"type":"MultiLineString","coordinates":[[[-70.75308288561634,-33.51078223156009],[-70.75390394326223,-33.51082210929826],[-70.75445420874469,-33.51079084976328],[-70.75571390262478,-33.51072399146436],[-70.75596847371645,-33.510507968013634],[-70.7573600046112,-33.5089922254562]]]},"properties":{"id":"C010","OBJECTID":21,"nombre":"ESQ BLANCA - ALBERTO LLONA","escala":"Comunal","comunas":null,"macrozona":"PONIENTE","km":0.49,"n_priori":null,"anteproyec":"SIN INFORME ANTEPROYECTO","poblacion":1282,"costo":182,"costoOD":-21,"oportunidades":5,"equidad":0.797,"continuidad":0.686,"demanda":609,"centerLng":-70.75522144511376,"centerLat":-33.50990716737723,"kind":"proyecto","numPistas":2.48,"pendMedia":2.25,"pendMax":3.73,"pctLenPend5":0}},{"type":"Feature","geometry":{"type":"MultiLineString","coordinates":[[[-70.62743804765235,-33.45503788313838],[-70.6267671839828,-33.455175063025365],[-70.62571220457882,-33.45506004872887],[-70.62552474089829,-33.455056542272175],[-70.62484885541448,-33.45511679954729],[-70.61769774237996,-33.455870373865295],[-70.61536022271883,-33.456120392588716],[-70.5998617949064,-33.457783244447874]]]},"properties":{"id":"C014","OBJECTID":28,"nombre":"JOSE DOMINGO CAÑAS","escala":"Comunal","comunas":null,"macrozona":"ORIENTE","km":2.59,"n_priori":null,"anteproyec":"SIN INFORME ANTEPROYECTO","poblacion":8218,"costo":662,"costoOD":-16,"oportunidades":39,"equidad":0.426,"continuidad":0.682,"demanda":2885,"centerLng":-70.61364992127938,"centerLat":-33.45641056379313,"kind":"proyecto","numPistas":3.1,"pendMedia":1.9,"pendMax":11.76,"pctLenPend5":1.7}},{"type":"Feature","geometry":{"type":"MultiLineString","coordinates":[[[-70.63100221110827,-33.507008239184955],[-70.629966515867,-33.509782292464884],[-70.62927457388734,-33.509563595329745],[-70.62906198135018,-33.51016939484773],[-70.62898321243013,-33.510310065003566],[-70.6287369348864,-33.510749873953586],[-70.62866927709025,-33.51093686998664],[-70.62833707472096,-33.51185500405126],[-70.62790184871604,-33.513038339194075],[-70.62742780437428,-33.514304706942745],[-70.62765296313833,-33.51436874946427],[-70.62804616022677,-33.5143324555244],[-70.62849935018959,-33.51429062176085],[-70.6279048839279,-33.517805693923606]]]},"properties":{"id":"C020","OBJECTID":41,"nombre":"LATINOAMERICA - PINTOR MURILLO - FRANCISCO TOLEDO","escala":"Comunal","comunas":null,"macrozona":"CENTRO","km":1.44,"n_priori":null,"anteproyec":"SIN INFORME ANTEPROYECTO","poblacion":5452,"costo":485,"costoOD":-25,"oportunidades":26,"equidad":0.466,"continuidad":0.757,"demanda":3479,"centerLng":-70.62921500774127,"centerLat":-33.51240696655428,"kind":"proyecto","numPistas":2,"pendMedia":0.78,"pendMax":0.78,"pctLenPend5":0}},{"type":"Feature","geometry":{"type":"MultiLineString","coordinates":[[[-70.56861632979614,-33.471629383835676],[-70.56911137960292,-33.471858219927604],[-70.56956292740368,-33.472066943581254],[-70.56974228729327,-33.472459548016374],[-70.56995573238767,-33.472926757510486],[-70.57031890740826,-33.47372169254873],[-70.57093474336037,-33.47506962610901],[-70.57130632524346,-33.475882920806804],[-70.57177090961656,-33.47644390980521],[-70.57204732883798,-33.47695228486668],[-70.57404682301953,-33.4813800654842]]]},"properties":{"id":"C022","OBJECTID":43,"nombre":"LLANURA  - EL DESIERTO","escala":"Comunal","comunas":null,"macrozona":"SURORIENTE","km":1.22,"n_priori":null,"anteproyec":"SIN INFORME ANTEPROYECTO","poblacion":2766,"costo":450,"costoOD":-13,"oportunidades":14,"equidad":0.766,"continuidad":0.555,"demanda":1594,"centerLng":-70.57133157640783,"centerLat":-33.47650472465994,"kind":"proyecto","numPistas":2,"pendMedia":0.25,"pendMax":0.25,"pctLenPend5":0}},{"type":"Feature","geometry":{"type":"MultiLineString","coordinates":[[[-70.63765958644704,-33.61050728432879],[-70.63912291921389,-33.62202631101042]]]},"properties":{"id":"C025","OBJECTID":53,"nombre":"LOS DURAZNOS","escala":"Comunal","comunas":null,"macrozona":"SUR","km":1.28,"n_priori":null,"anteproyec":"SIN INFORME ANTEPROYECTO","poblacion":3170,"costo":307,"costoOD":-14,"oportunidades":4,"equidad":0.825,"continuidad":0.653,"demanda":2244,"centerLng":-70.63839125283047,"centerLat":-33.61626679766961,"kind":"proyecto","numPistas":2,"pendMedia":0.24,"pendMax":0.24,"pctLenPend5":0}},{"type":"Feature","geometry":{"type":"MultiLineString","coordinates":[[[-70.68562667876293,-33.4508758728696],[-70.68530299297335,-33.45190659485981],[-70.68507246705528,-33.45258116013877],[-70.68449123341814,-33.454042330935124],[-70.68395213931414,-33.455341996981865],[-70.68395488944098,-33.456267090000544],[-70.6839974498568,-33.457127764580974],[-70.68403230398201,-33.45800090106702],[-70.68412370388026,-33.45989055834883],[-70.68425464067354,-33.46243521615853],[-70.68433873717744,-33.46418129127979],[-70.68441404011035,-33.46602990889935],[-70.68445787486552,-33.466882720707176],[-70.68452763078005,-33.46818527627564],[-70.68458431324997,-33.46925693540538],[-70.68470707970248,-33.47039999530968],[-70.6847668612362,-33.47218857239084],[-70.68471451529716,-33.472641149915304],[-70.68418120743121,-33.47313039010157]]]},"properties":{"id":"C032","OBJECTID":70,"nombre":"OBISPO MANUEL UMAÑA","escala":"Comunal","comunas":null,"macrozona":"PONIENTE","km":2.51,"n_priori":null,"anteproyec":"SIN INFORME ANTEPROYECTO","poblacion":6764,"costo":844,"costoOD":-17,"oportunidades":10,"equidad":0.895,"continuidad":0.627,"demanda":4999,"centerLng":-70.68478940903853,"centerLat":-33.46200313148559,"kind":"proyecto","numPistas":2.21,"pendMedia":0.3,"pendMax":0.86,"pctLenPend5":0}},{"type":"Feature","geometry":{"type":"MultiLineString","coordinates":[[[-70.74472722512886,-33.481950275230695],[-70.7441173004205,-33.48271471156039],[-70.74313500422426,-33.48392064216958],[-70.74270131516062,-33.484029758712076],[-70.74246705435809,-33.484051784008315]]]},"properties":{"id":"C035","OBJECTID":78,"nombre":"PRODIVENCIA","escala":"Comunal","comunas":null,"macrozona":"PONIENTE","km":0.33,"n_priori":null,"anteproyec":"SIN INFORME ANTEPROYECTO","poblacion":884,"costo":126,"costoOD":-18,"oportunidades":2,"equidad":0.894,"continuidad":0.724,"demanda":372,"centerLng":-70.74359713974347,"centerLat":-33.4830010296195,"kind":"proyecto","numPistas":2.23,"pendMedia":0.3,"pendMax":0.93,"pctLenPend5":0}},{"type":"Feature","geometry":{"type":"MultiLineString","coordinates":[[[-70.77706548793765,-33.43032770230754],[-70.77534988544409,-33.4310824043754],[-70.77472550593242,-33.431357062724224],[-70.77428340910697,-33.43137583876992],[-70.77283779927956,-33.43143722649277],[-70.7725757782041,-33.43144835110649]]]},"properties":{"id":"C036","OBJECTID":79,"nombre":"RIO REFUGIO - SALAR SURIRE","escala":"Comunal","comunas":null,"macrozona":"PONIENTE","km":0.45,"n_priori":null,"anteproyec":"SIN INFORME ANTEPROYECTO","poblacion":1202,"costo":99,"costoOD":-12,"oportunidades":2,"equidad":0.844,"continuidad":0.623,"demanda":739,"centerLng":-70.77482063307087,"centerLat":-33.43088802670701,"kind":"proyecto","numPistas":2,"pendMedia":0.35,"pendMax":0.35,"pctLenPend5":0}},{"type":"Feature","geometry":{"type":"MultiLineString","coordinates":[[[-70.7103171941229,-33.44231237456269],[-70.71030758037026,-33.44351367995865],[-70.71000321471622,-33.443489066413576],[-70.70985170862905,-33.44785732270354],[-70.71034180407068,-33.447951652592934],[-70.70993426279563,-33.44977711177051]]]},"properties":{"id":"C038","OBJECTID":80,"nombre":"TALCAHUANO - SANTA INES - LOS EDILES","escala":"Comunal","comunas":null,"macrozona":"PONIENTE","km":0.9,"n_priori":null,"anteproyec":"SIN INFORME ANTEPROYECTO","poblacion":2426,"costo":228,"costoOD":-19,"oportunidades":6,"equidad":0.894,"continuidad":0.822,"demanda":1341,"centerLng":-70.71009675634986,"centerLat":-33.446044743166595,"kind":"proyecto","numPistas":2,"pendMedia":0.31,"pendMax":0.31,"pctLenPend5":0}},{"type":"Feature","geometry":{"type":"MultiLineString","coordinates":[[[-70.53581824362965,-33.441218018343946],[-70.54068996108596,-33.440655568846445],[-70.54922189678719,-33.43967006117144],[-70.55612547232757,-33.43913390605198]]]},"properties":{"id":"C042","OBJECTID":85,"nombre":"PRINCIPE DE GALES","escala":"Comunal","comunas":null,"macrozona":"ORIENTE","km":1.9,"n_priori":null,"anteproyec":"SIN INFORME ANTEPROYECTO","poblacion":6305,"costo":574,"costoOD":-22,"oportunidades":13,"equidad":0.374,"continuidad":0.699,"demanda":2850,"centerLng":-70.5459718579786,"centerLat":-33.44017596219796,"kind":"proyecto","numPistas":2.28,"pendMedia":2.58,"pendMax":2.7,"pctLenPend5":0}},{"type":"Feature","geometry":{"type":"MultiLineString","coordinates":[[[-70.70559403027904,-33.49557311745123],[-70.70604699990797,-33.49539300123185],[-70.70687500032005,-33.495052999941834],[-70.70754499974112,-33.49479999996583],[-70.70824399960019,-33.49452900005911],[-70.70894899973601,-33.49426700056747],[-70.70964999968737,-33.49399600156005],[-70.71035399977703,-33.49373400026967],[-70.7106459997529,-33.49362100135391],[-70.71109199963601,-33.49343500087042],[-70.71181899988699,-33.49316300091755],[-70.71230099963162,-33.492985000802925],[-70.71239100018472,-33.49293800043419],[-70.71299300006721,-33.49270500048114],[-70.71358100020346,-33.49247100138142],[-70.71378900080224,-33.492398000712946],[-70.71416900033968,-33.492251000229295],[-70.7147579996227,-33.492019000322436],[-70.71538399971266,-33.491788000461646],[-70.71595400081748,-33.49156300087756],[-70.71651899989303,-33.491346999909894],[-70.71702399979898,-33.49115199991067],[-70.71710099975253,-33.491124001317374],[-70.71740999961305,-33.490994000718366],[-70.71754300035053,-33.490963000188074],[-70.71791000018774,-33.49089000131827],[-70.71826500127024,-33.4908920014105],[-70.71852299967821,-33.49094200011902],[-70.71947899969781,-33.49121700021016],[-70.71953300038943,-33.491234000094806],[-70.71964800029673,-33.491268999910176],[-70.72007300011073,-33.49139900050922],[-70.72041699978668,-33.49147500041672],[-70.72111200036062,-33.49152800106212],[-70.7223570002178,-33.49162900032388],[-70.7223630346687,-33.49162945628012],[-70.7230060013684,-33.49167799988554],[-70.72372899963632,-33.49173000048488],[-70.7243339996572,-33.49177700085366],[-70.72513000039221,-33.49183300073811],[-70.72530693840753,-33.49182412892613]]]},"properties":{"id":"C044","OBJECTID":92,"nombre":"LOS CERRILLOS","escala":"Comunal","comunas":null,"macrozona":"PONIENTE","km":1.96,"n_priori":null,"anteproyec":"SIN INFORME ANTEPROYECTO","poblacion":5346,"costo":655,"costoOD":-9,"oportunidades":12,"equidad":0.894,"continuidad":0.897,"demanda":2085,"centerLng":-70.71545048434328,"centerLat":-33.49323155938475,"kind":"proyecto","numPistas":1.97,"pendMedia":0.64,"pendMax":6.52,"pctLenPend5":3.1}},{"type":"Feature","geometry":{"type":"MultiLineString","coordinates":[[[-70.63825917974371,-33.57633956486441],[-70.63835414905112,-33.57710550126328],[-70.63841589830147,-33.57775398620292],[-70.6384195513476,-33.577785846485],[-70.63855941481151,-33.57900560237205],[-70.6386024896396,-33.57941388109116],[-70.6386525270189,-33.57988814216945],[-70.63872871488469,-33.58058497376289],[-70.63873719908891,-33.58066257536291],[-70.63882052307511,-33.58141899153864],[-70.63889120619068,-33.582094412072806],[-70.638982648357,-33.582995009357546],[-70.63903526858924,-33.583445217168375],[-70.63906951297412,-33.58376039627061],[-70.63908121405326,-33.58385105872472],[-70.6390997760603,-33.58409491619274],[-70.63920142013596,-33.58493099881186],[-70.63920683225602,-33.58503914498586],[-70.63922819115463,-33.58523958498418],[-70.6392386673571,-33.58533722078142],[-70.63925154025293,-33.58545055514431],[-70.6392538299268,-33.585470654992065],[-70.63925813498145,-33.58550853623525],[-70.63927202501047,-33.58563075589998],[-70.63928457325096,-33.585741163868946],[-70.63928460832454,-33.58574146694042],[-70.63928461731774,-33.58574153618828],[-70.63928562096118,-33.58575039181245],[-70.63929267794128,-33.58582357234534],[-70.63929415822535,-33.58583892377262],[-70.6393113046995,-33.586016772801145],[-70.63932299498674,-33.58613801310413],[-70.63933391365572,-33.5862512611321],[-70.6393689827189,-33.586614983839766],[-70.6393772843607,-33.586701080435844],[-70.63937769984751,-33.58670483870266],[-70.63938042928994,-33.58672952329416],[-70.63941886091825,-33.587077178714146],[-70.63943273565879,-33.58720269619278],[-70.63946698723825,-33.58751252432881],[-70.63947370517393,-33.58757328792222],[-70.63947446869837,-33.58757495706389]]]},"properties":{"id":"C045","OBJECTID":93,"nombre":"PORTO ALEGRE","escala":"Comunal","comunas":null,"macrozona":"SUR","km":1.25,"n_priori":null,"anteproyec":"SIN INFORME ANTEPROYECTO","poblacion":3175,"costo":439,"costoOD":-23,"oportunidades":8,"equidad":0.874,"continuidad":0.796,"demanda":1854,"centerLng":-70.63886682422104,"centerLat":-33.58195726096415,"kind":"proyecto","numPistas":2,"pendMedia":0.08,"pendMax":0.08,"pctLenPend5":0}},{"type":"Feature","geometry":{"type":"MultiLineString","coordinates":[[[-70.61502581521195,-33.560558126701864],[-70.61516926067557,-33.56061728410602],[-70.61555298790287,-33.560838975084266],[-70.61561087096776,-33.56087429236033],[-70.61574598691061,-33.56097172670948],[-70.61594395737059,-33.561117948380236],[-70.61621687732993,-33.561330815210574],[-70.61650309736302,-33.56155253136986],[-70.6165731383626,-33.561588059986605],[-70.61660435473017,-33.561598813180396],[-70.61673606404108,-33.56164417678297],[-70.61677065736295,-33.56165156111632],[-70.61678478571228,-33.56165442455769],[-70.61683587709705,-33.56166478025102],[-70.61711139519778,-33.56172062005623],[-70.61715321187425,-33.56172890011431],[-70.61716142088589,-33.56173052518918],[-70.61745306473026,-33.56178827425508],[-70.6178056331466,-33.56185655797939],[-70.61812841331881,-33.56191907075412],[-70.61823349820057,-33.56194024349309],[-70.61827607210624,-33.561948704314865],[-70.61887663577143,-33.562058389228945],[-70.61890959502507,-33.562064636819166],[-70.61913410088141,-33.56210719723497],[-70.61971330025202,-33.56218727916524],[-70.62055829425343,-33.5623041118909],[-70.62060812119141,-33.56231100069774],[-70.62061211597995,-33.56231155288149],[-70.62216028269467,-33.56253814246695],[-70.62263202477199,-33.562619880948326],[-70.62263468406731,-33.56262034230058],[-70.62269253025995,-33.56263036524475],[-70.62275732371538,-33.56263947447776],[-70.62349621120516,-33.562743346174074],[-70.62383670262577,-33.56279121079134],[-70.62387271327916,-33.562790737747974],[-70.6239141081736,-33.56279019545674],[-70.62411452209159,-33.562814620144195],[-70.62494756320366,-33.56295248531456],[-70.62537540127805,-33.563023520064974],[-70.62614155531293,-33.563148728176834],[-70.6264318249932,-33.56319384446598],[-70.62648929526925,-33.56320277473386],[-70.62655064701919,-33.563212857932626],[-70.6269211739975,-33.56327375282699],[-70.62710464378885,-33.563288965758765],[-70.62731260032086,-33.563306208460325],[-70.62731318667879,-33.563306256124385],[-70.6276954003471,-33.563323383712756],[-70.62807323881364,-33.563340332336054],[-70.62833426074229,-33.563351585552816],[-70.62837138205838,-33.56339299573575],[-70.62837238210449,-33.56339411179442],[-70.62842503201438,-33.5633969833297],[-70.6284730576103,-33.56339960215552],[-70.62889309676385,-33.56342250519005],[-70.62929092715947,-33.5634441977371],[-70.62971264175002,-33.56346626799944],[-70.63010958991072,-33.563490714270635],[-70.6302863480616,-33.563495951922185]]]},"properties":{"id":"C048","OBJECTID":97,"nombre":"GENERAL ARRIAGADA","escala":"Comunal","comunas":null,"macrozona":"SUR","km":1.48,"n_priori":null,"anteproyec":"SIN INFORME ANTEPROYECTO","poblacion":3759,"costo":591,"costoOD":-24,"oportunidades":11,"equidad":0.873,"continuidad":0.893,"demanda":2691,"centerLng":-70.62265608163678,"centerLat":-33.56202703931203,"kind":"proyecto","numPistas":2,"pendMedia":0.63,"pendMax":0.63,"pctLenPend5":0}},{"type":"Feature","geometry":{"type":"MultiLineString","coordinates":[[[-70.66896478992481,-33.602596773867056],[-70.66923199469254,-33.60252438923418],[-70.68109090215738,-33.59911655672872],[-70.68410480462757,-33.59822482585997],[-70.68708085103556,-33.59731337915408],[-70.68990651640831,-33.59649140150197],[-70.69445734226912,-33.595136725724245],[-70.69445839807321,-33.59513640106899],[-70.69739823237968,-33.594233006892665]]]},"properties":{"id":"C053","OBJECTID":105,"nombre":"CONDELL","escala":"Comunal","comunas":null,"macrozona":"SUR","km":2.8,"n_priori":null,"anteproyec":"SIN INFORME ANTEPROYECTO","poblacion":7190,"costo":795,"costoOD":-20,"oportunidades":19,"equidad":0.923,"continuidad":0.669,"demanda":2581,"centerLng":-70.68318151115224,"centerLat":-33.59841489037986,"kind":"proyecto","numPistas":1.88,"pendMedia":1.09,"pendMax":1.39,"pctLenPend5":0}},{"type":"Feature","geometry":{"type":"MultiLineString","coordinates":[[[-70.69301383775456,-33.45177684157427],[-70.69264517327223,-33.45296275417408],[-70.69222520426577,-33.45409815635111],[-70.69220115909219,-33.45416512256861],[-70.69215019990776,-33.45430703918476],[-70.69196017675668,-33.454885010081405],[-70.6916589569312,-33.455844065097764],[-70.69125973618368,-33.45712377788626],[-70.691043414158,-33.45782862873448],[-70.69079469225696,-33.45853090842097],[-70.69068667648463,-33.4588626008746],[-70.6906140283504,-33.459036451517264],[-70.69061337184529,-33.45909942204692],[-70.69061277289681,-33.45915696606735],[-70.69057568575498,-33.459838284355556],[-70.69052927893873,-33.460595041374326],[-70.69051126102156,-33.460962803836544],[-70.69046909001216,-33.46175263971879],[-70.69051659310193,-33.46197792618654],[-70.6904449962752,-33.4621777231696],[-70.69043176724792,-33.46242191158815],[-70.6903816381377,-33.462431633259484],[-70.69020916615571,-33.46243398408726],[-70.69014930997828,-33.462498063481064],[-70.690124363684,-33.46269421191456],[-70.69008456418686,-33.4641618128636],[-70.6900190863473,-33.46560265358576],[-70.68998915061438,-33.46646763142225],[-70.68986566920083,-33.4669573320614],[-70.68977438531518,-33.46799485652356],[-70.68971635566076,-33.468053414979295]]]},"properties":{"id":"C056","OBJECTID":114,"nombre":"TEMUCO - TORO MAZOTTE","escala":"Comunal","comunas":null,"macrozona":"PONIENTE","km":1.86,"n_priori":null,"anteproyec":"SIN INFORME ANTEPROYECTO","poblacion":5162,"costo":621,"costoOD":-21,"oportunidades":16,"equidad":0.893,"continuidad":0.767,"demanda":2534,"centerLng":-70.69136509670767,"centerLat":-33.45991512827678,"kind":"proyecto","numPistas":2,"pendMedia":0.25,"pendMax":0.25,"pctLenPend5":0}},{"type":"Feature","geometry":{"type":"MultiLineString","coordinates":[[[-70.5835349997587,-33.48035400108284],[-70.5854530000744,-33.48001300154531],[-70.58858399967077,-33.4798780007157],[-70.6014330004533,-33.47938900154767]]]},"properties":{"id":"C069","OBJECTID":139,"nombre":"LOS OLMOS","escala":"Comunal","comunas":null,"macrozona":"SURORIENTE","km":1.67,"n_priori":null,"anteproyec":"SIN INFORME ANTEPROYECTO","poblacion":4024,"costo":581,"costoOD":-27,"oportunidades":17,"equidad":0.812,"continuidad":0.936,"demanda":3162,"centerLng":-70.592484000106,"centerLat":-33.47987150131526,"kind":"proyecto","numPistas":2,"pendMedia":1.08,"pendMax":1.08,"pctLenPend5":0}},{"type":"Feature","geometry":{"type":"MultiLineString","coordinates":[[[-70.70776582916909,-33.63770826886596],[-70.70469623708044,-33.638206371871064],[-70.70407769596754,-33.639388009093786],[-70.70304872495711,-33.639491398753506],[-70.70089968161295,-33.63970730439306],[-70.69730092033842,-33.64006877339965],[-70.69527103986341,-33.64027261193599],[-70.68325214300641,-33.639106856740646],[-70.68254502946385,-33.639167941391975],[-70.68021317283352,-33.63936934636284],[-70.67869183379466,-33.639500722924645],[-70.67631151899448,-33.63932892273624],[-70.6747497320473,-33.63921617473133],[-70.67292877667418,-33.6386816518814]]]},"properties":{"id":"C073","OBJECTID":148,"nombre":"LOS MORROS","escala":"Comunal","comunas":null,"macrozona":"SUR","km":3.35,"n_priori":null,"anteproyec":"SIN INFORME ANTEPROYECTO","poblacion":8845,"costo":1328,"costoOD":-9,"oportunidades":34,"equidad":0.821,"continuidad":0.813,"demanda":6058,"centerLng":-70.69034730292164,"centerLat":-33.638990440400974,"kind":"proyecto","numPistas":1.82,"pendMedia":0.98,"pendMax":3.37,"pctLenPend5":0}},{"type":"Feature","geometry":{"type":"MultiLineString","coordinates":[[[-70.73475035678865,-33.441707167697714],[-70.74054696401765,-33.44188552754113]]]},"properties":{"id":"C077","OBJECTID":155,"nombre":"RICARDO VIAL","escala":"Comunal","comunas":null,"macrozona":"PONIENTE","km":0.54,"n_priori":null,"anteproyec":"SIN INFORME ANTEPROYECTO","poblacion":1536,"costo":152,"costoOD":-24,"oportunidades":7,"equidad":0.891,"continuidad":0.809,"demanda":861,"centerLng":-70.73764866040315,"centerLat":-33.44179634761942,"kind":"proyecto","numPistas":2,"pendMedia":0.29,"pendMax":0.29,"pctLenPend5":0}},{"type":"Feature","geometry":{"type":"MultiLineString","coordinates":[[[-70.70412943306533,-33.49352345009296],[-70.70437261244459,-33.49336217377113],[-70.70558109083345,-33.492858549828064],[-70.70584229982107,-33.49249907551778],[-70.70624200890047,-33.49236245680782],[-70.70979315736795,-33.49105855675284],[-70.71702846942952,-33.488411151399326],[-70.71721287991173,-33.48812763922493]]]},"properties":{"id":"C079","OBJECTID":159,"nombre":"LAS AMERICAS","escala":"Comunal","comunas":null,"macrozona":"PONIENTE","km":1.37,"n_priori":null,"anteproyec":"SIN INFORME ANTEPROYECTO","poblacion":3908,"costo":431,"costoOD":-11,"oportunidades":18,"equidad":0.791,"continuidad":0.607,"demanda":1949,"centerLng":-70.71067115648853,"centerLat":-33.49082554465895,"kind":"proyecto","numPistas":2,"pendMedia":0.85,"pendMax":0.85,"pctLenPend5":0}},{"type":"Feature","geometry":{"type":"MultiLineString","coordinates":[[[-70.65430435489111,-33.55286551927386],[-70.65448440186275,-33.55283154198761],[-70.65449479982422,-33.552829612042544],[-70.65483361580787,-33.55276670176743],[-70.65513981967614,-33.55271113355753],[-70.65546130932117,-33.552655536569304],[-70.65579893909909,-33.552595951087845],[-70.65629487383872,-33.55251477288398],[-70.65679770278126,-33.552432467829654],[-70.65747184178166,-33.55231026255412],[-70.65775366233127,-33.55228933712877],[-70.65799064807962,-33.552246762323776],[-70.65862303965136,-33.552147764952906],[-70.659257933137,-33.55204431773661],[-70.66025774093205,-33.55188294248936],[-70.66109589109273,-33.55175909595107],[-70.66115549995659,-33.55174977987395],[-70.66166402160763,-33.55167030948277],[-70.66268941241697,-33.551503230735],[-70.6633465380429,-33.5514042207737],[-70.66529014115804,-33.55109852682107],[-70.66661513481185,-33.5508822974256],[-70.66690595038058,-33.550835410371384],[-70.66783556339199,-33.550685534755104],[-70.66783582059807,-33.550685494285666],[-70.66977042419748,-33.55029868688038],[-70.67151188669631,-33.54995053323598],[-70.67179063066521,-33.54989509003185]]]},"properties":{"id":"C084","OBJECTID":169,"nombre":"EL PINO - UNO SUR","escala":"Comunal","comunas":null,"macrozona":"SUR","km":1.66,"n_priori":null,"anteproyec":"SIN INFORME ANTEPROYECTO","poblacion":4436,"costo":628,"costoOD":-27,"oportunidades":20,"equidad":0.87,"continuidad":0.783,"demanda":2626,"centerLng":-70.66304749277816,"centerLat":-33.55138030465285,"kind":"proyecto","numPistas":1.98,"pendMedia":0.86,"pendMax":0.96,"pctLenPend5":0}},{"type":"Feature","geometry":{"type":"MultiLineString","coordinates":[[[-70.74160755519122,-33.41839593806836],[-70.73869104300321,-33.41837077054093],[-70.73303528849245,-33.41930910697603]]]},"properties":{"id":"C087","OBJECTID":174,"nombre":"SALVADOR GUTIERREZ","escala":"Comunal","comunas":null,"macrozona":"PONIENTE","km":0.81,"n_priori":null,"anteproyec":"SIN INFORME ANTEPROYECTO","poblacion":2331,"costo":200,"costoOD":-8,"oportunidades":2,"equidad":0.84,"continuidad":0.881,"demanda":1687,"centerLng":-70.73732142184184,"centerLat":-33.41883993875848,"kind":"proyecto","numPistas":2,"pendMedia":0.03,"pendMax":0.03,"pctLenPend5":0}},{"type":"Feature","geometry":{"type":"MultiLineString","coordinates":[[[-70.57930165130902,-33.48136144398893],[-70.58130995066834,-33.48086396399244],[-70.58171175211143,-33.480670835442744],[-70.58189309796731,-33.48054248446164],[-70.58203835000296,-33.480401349286815],[-70.5826273342611,-33.47974696624321],[-70.58337545000401,-33.478915649285284],[-70.58363114059692,-33.478664994837146],[-70.58455620000395,-33.47771384928571],[-70.58471496501194,-33.47755896827069],[-70.58614730000617,-33.476102549286416],[-70.58639442913562,-33.475818015527906],[-70.58670812694976,-33.47531041319156],[-70.58683265818215,-33.47509068774282],[-70.5872190000038,-33.47440764928618],[-70.58729517300817,-33.474302506797116],[-70.5871906000186,-33.47424379927805],[-70.58711940001861,-33.47419969927803],[-70.58708505000668,-33.474169549283225],[-70.58697150001858,-33.474055599278046],[-70.58692120001857,-33.47397769927805],[-70.58688770001856,-33.473875299278056],[-70.58686820001856,-33.47378579927805],[-70.58686603515073,-33.4736974333126],[-70.58688160001856,-33.473622799278054],[-70.58692320001856,-33.47352369927806],[-70.58696110001858,-33.47346659927806],[-70.58701470001857,-33.47339999927806],[-70.5870704000186,-33.47335189927806],[-70.5871475000186,-33.47329429927807],[-70.58725470001862,-33.47324749927806],[-70.58729760001862,-33.47323429927807],[-70.58737010001863,-33.473215899278074],[-70.58748680001862,-33.47319649927807],[-70.58758530001865,-33.47318629927807],[-70.5877683665352,-33.47318056423892],[-70.5878826000187,-33.47318139927806],[-70.58793916286194,-33.47318533898878],[-70.58798724213845,-33.47318887453338],[-70.58804026255652,-33.47319495793624],[-70.58807810001872,-33.47319929927806],[-70.58824610001875,-33.47323439927806],[-70.58835190001876,-33.47327339927806],[-70.58840940001878,-33.473301199278055],[-70.58848132169439,-33.4733393918529],[-70.58857300001878,-33.47339879927805],[-70.5886159000188,-33.473435699278056],[-70.5886525000188,-33.47347529927805],[-70.5886792000188,-33.47351449927805],[-70.5887065000188,-33.47356389927806],[-70.5887369000147,-33.47364649927866],[-70.58876020001883,-33.47374149927805],[-70.58875950001881,-33.47384689927803],[-70.5887226000188,-33.47398669927804],[-70.58870679892001,-33.47402094814308],[-70.58866735491637,-33.47408610271493],[-70.5886191000188,-33.474148399278036],[-70.58857040001878,-33.474196699278046],[-70.58853049588488,-33.474231456774014],[-70.58851380001879,-33.47424599927804],[-70.58847480003045,-33.474271799283876],[-70.58843580001877,-33.47429759927804],[-70.58839155003031,-33.47431989928563],[-70.58834730001875,-33.47434219927803],[-70.58830690001876,-33.47435469927801],[-70.58827539665333,-33.47436368820913],[-70.5882438932811,-33.4743726771324],[-70.58816630001873,-33.47438989927802],[-70.58808220001873,-33.47440789927804],[-70.58803275002276,-33.4744142992878],[-70.5879833000187,-33.474420699278035],[-70.5879540000198,-33.47442354928147],[-70.5879247000187,-33.47442639927803],[-70.58788619031294,-33.47442814312429],[-70.5878187000187,-33.47443119927802],[-70.58774000001867,-33.47442999927803],[-70.58763160001865,-33.47441959927801],[-70.58752210001866,-33.474396799278026],[-70.58740970001863,-33.47435919927805],[-70.58729517300817,-33.474302506797116]]]},"properties":{"id":"C002","OBJECTID":24,"nombre":"CAPITAN IGNACIO CARRERA PINTO","escala":"Comunal","comunas":"ÑUÑOA - MACUL","macrozona":"ORIENTE","km":1.62,"n_priori":null,"anteproyec":"APROBADO","poblacion":5072,"costo":417,"costoOD":-24,"oportunidades":20,"equidad":0.427,"continuidad":0.812,"demanda":3551,"centerLng":-70.58403092566392,"centerLat":-33.47727100411393,"kind":"proyecto","numPistas":2.62,"pendMedia":0.8,"pendMax":0.89,"pctLenPend5":0}},{"type":"Feature","geometry":{"type":"MultiLineString","coordinates":[[[-70.69367788659648,-33.415265562370536],[-70.6941218568847,-33.41559331729467],[-70.69405798011391,-33.41563092812674],[-70.69396360003601,-33.41568649927882],[-70.69392150003601,-33.41570599927882],[-70.69383640003599,-33.415750199278826],[-70.69370563391637,-33.41580337497767],[-70.69354920003596,-33.41585849927883],[-70.69349790003592,-33.41587799927884],[-70.69345010003592,-33.415902899278834],[-70.69341196001876,-33.4159289674576],[-70.6933720000359,-33.41596289927884],[-70.6933420000359,-33.41599629927883],[-70.6933167000359,-33.41603229927883],[-70.69307670003585,-33.4168317992788],[-70.69276942079338,-33.41773149595807],[-70.69253570003573,-33.41847929927878],[-70.69222206324815,-33.41941271495042],[-70.6917491872621,-33.42086623804146],[-70.69170566249738,-33.4209983246276],[-70.69168300003557,-33.42106709927873],[-70.69166520003557,-33.421129199278724],[-70.69166180003558,-33.421157999278726],[-70.69166280003557,-33.421192399278716],[-70.69166735353397,-33.42123507472354],[-70.69167630003557,-33.42129609927873],[-70.69170079740549,-33.421425222887095],[-70.6918026000356,-33.4220869992787],[-70.69183417497435,-33.422273140514065],[-70.69194134710754,-33.42290493707618],[-70.69196211481727,-33.42302736476795],[-70.69197460003564,-33.42313059927868],[-70.69202694018495,-33.423415935053995],[-70.69227000003569,-33.424751499278635],[-70.69242890003572,-33.425645299278614],[-70.69264307410074,-33.42677211261083],[-70.69310070003587,-33.42948639927854],[-70.69321250003588,-33.43009809927852],[-70.69333498342554,-33.4307676420794],[-70.69339910003592,-33.4311177992785],[-70.69343942616275,-33.43137194670182],[-70.69347040003595,-33.43171949927848],[-70.69350370003595,-33.432361999278456],[-70.69352730003595,-33.432818199278465],[-70.69358280003597,-33.43389759927844],[-70.69360714279648,-33.43435007244877],[-70.69360370003596,-33.4345818992784],[-70.69348191127764,-33.43527674965242],[-70.69307208013018,-33.438309463682245],[-70.6930441770378,-33.43854241283406],[-70.6931000714524,-33.439549922907396],[-70.69345299336723,-33.44471139577084]]]},"properties":{"id":"C070","OBJECTID":10,"nombre":"MENDOZA (EX-CORONEL ROBLES)","escala":"Comunal","comunas":"QUINTA NORMAL","macrozona":"PONIENTE","km":3.36,"n_priori":null,"anteproyec":"CON OBSERVACIONES FUERA DE PLAZO EN SEREMITT (ESPERANDO RECHAZO)","poblacion":9552,"costo":1169,"costoOD":-28,"oportunidades":32,"equidad":0.791,"continuidad":0.715,"demanda":5283,"centerLng":-70.69289182846015,"centerLat":-33.42998847907069,"kind":"proyecto","numPistas":1.99,"pendMedia":0.09,"pendMax":3.39,"pctLenPend5":0}},{"type":"Feature","geometry":{"type":"MultiLineString","coordinates":[[[-70.71610311903237,-33.46964837773023],[-70.71675068757511,-33.46802038567038],[-70.71755130121433,-33.466083438360826],[-70.71765889586416,-33.465837237396066],[-70.7177613061544,-33.465606210811615],[-70.7178851935274,-33.4653066987754],[-70.71795760245264,-33.46509061605069],[-70.7180309865276,-33.464934106871816],[-70.71808705716373,-33.46481124973403],[-70.71813973559878,-33.464721729019466],[-70.71821327376732,-33.46468951048794],[-70.71836484612132,-33.46469794395157],[-70.71844490749076,-33.464509045429324],[-70.71852447036692,-33.46427550424589],[-70.71880384136273,-33.46363165689091],[-70.7194925849673,-33.462028100099985]],[[-70.71757722205966,-33.466028374421896],[-70.71799567271013,-33.46619555596551],[-70.71822006623785,-33.465646016788725],[-70.71844325192743,-33.46507428869014],[-70.71850651267538,-33.46490460348569],[-70.71849431865309,-33.464781736817585],[-70.7183740581798,-33.46469667092564]]]},"properties":{"id":"C041","OBJECTID":33,"nombre":"VISTA HERMOSA","escala":"Comunal","comunas":"ESTACION CENTRAL","macrozona":"PONIENTE","km":1.14,"n_priori":null,"anteproyec":"APROBADO","poblacion":3100,"costo":325,"costoOD":-8,"oportunidades":6,"equidad":0.894,"continuidad":0.8,"demanda":2195,"centerLng":-70.71779785199983,"centerLat":-33.46583823891511,"kind":"proyecto","numPistas":2,"pendMedia":0.14,"pendMax":0.2,"pctLenPend5":0}},{"type":"Feature","geometry":{"type":"MultiLineString","coordinates":[[[-70.62727136519824,-33.46486867132459],[-70.62912897544194,-33.46519719351778],[-70.63155206432589,-33.46546615971313],[-70.63158206924469,-33.46546947301913]],[[-70.63158206924469,-33.46546947301913],[-70.6333540933102,-33.46566512519185],[-70.63339094073848,-33.46566941924789]],[[-70.63339094073848,-33.46566941924789],[-70.6356146605357,-33.465928552623076],[-70.63848874587408,-33.46625248128222],[-70.64134780099238,-33.46654993269043],[-70.64481237421576,-33.46694282666066],[-70.64692308489285,-33.467178866652276]]]},"properties":{"id":"C030","OBJECTID":39,"nombre":"MAULE","escala":"Comunal","comunas":"SANTIAGO","macrozona":"CENTRO","km":1.85,"n_priori":null,"anteproyec":"APROBADO","poblacion":7086,"costo":559,"costoOD":-10,"oportunidades":8,"equidad":0.415,"continuidad":0.829,"demanda":2488,"centerLng":-70.63709722504555,"centerLat":-33.466023768988435,"kind":"proyecto","numPistas":2,"pendMedia":0.77,"pendMax":1.11,"pctLenPend5":0}},{"type":"Feature","geometry":{"type":"MultiLineString","coordinates":[[[-70.62796488684445,-33.59298757540364],[-70.66459192511044,-33.589777090399835]]]},"properties":{"id":"C021","OBJECTID":31,"nombre":"LAUTARO","escala":"Comunal","comunas":"LA PINTANA","macrozona":"SUR","km":3.42,"n_priori":null,"anteproyec":"APROBADO","poblacion":8417,"costo":1208,"costoOD":-19,"oportunidades":41,"equidad":0.876,"continuidad":0.656,"demanda":3217,"centerLng":-70.64627840597745,"centerLat":-33.59138233290174,"kind":"proyecto","numPistas":2,"pendMedia":1.11,"pendMax":1.11,"pctLenPend5":0}},{"type":"Feature","geometry":{"type":"MultiLineString","coordinates":[[[-70.69903352874576,-33.590855721435084],[-70.69980577334552,-33.59300870496681],[-70.70105647210757,-33.59690168118805],[-70.70214537065695,-33.59990879750777],[-70.70312867632629,-33.60284234977056],[-70.70390152945502,-33.605077603120925],[-70.70456169889873,-33.60699554707907],[-70.70493490898065,-33.60804556896035]]]},"properties":{"id":"C089","OBJECTID":8,"nombre":"J J PEREZ","escala":"Comunal","comunas":"SAN BERNARDO","macrozona":"PONIENTE","km":1.98,"n_priori":null,"anteproyec":"INFORME ANTEPROYECTO INCOMPLETO SIN INGRESAR","poblacion":5731,"costo":557,"costoOD":-16,"oportunidades":7,"equidad":0.89,"continuidad":0.679,"demanda":3792,"centerLng":-70.7019842188632,"centerLat":-33.59945064519772,"kind":"proyecto","numPistas":2,"pendMedia":0.19,"pendMax":0.19,"pctLenPend5":0}},{"type":"Feature","geometry":{"type":"MultiLineString","coordinates":[[[-70.62024776104869,-33.39996960456075],[-70.62148203985534,-33.40034496134184],[-70.62752062020195,-33.4019830368408],[-70.62844191172849,-33.402232922283645],[-70.62899396701219,-33.401824323469874]]]},"properties":{"id":"C013","OBJECTID":38,"nombre":"HEROES DE LA CONCEPCION","escala":"Comunal","comunas":"RECOLETA","macrozona":"NORTE","km":0.87,"n_priori":null,"anteproyec":"APROBADO","poblacion":2442,"costo":209,"costoOD":-22,"oportunidades":11,"equidad":0.566,"continuidad":0.783,"demanda":1483,"centerLng":-70.62462086403045,"centerLat":-33.4011012634222,"kind":"proyecto","numPistas":2,"pendMedia":0.04,"pendMax":0.04,"pctLenPend5":0}},{"type":"Feature","geometry":{"type":"MultiLineString","coordinates":[[[-70.77216630185364,-33.42565137407779],[-70.77227562758564,-33.42745724337579],[-70.77242712589086,-33.42941739593803],[-70.77257577820157,-33.431448351088825]],[[-70.77257577820157,-33.431448351088825],[-70.7726555473986,-33.432656285678306],[-70.77276920943176,-33.434607718131396],[-70.77295276851756,-33.437758935852415],[-70.77317325895528,-33.44154374860916],[-70.77330471842403,-33.443800077680265]]]},"properties":{"id":"C015","OBJECTID":5,"nombre":"JOSE MANUEL GUZMAN","escala":"Comunal","comunas":"PUDAHUEL","macrozona":"PONIENTE","km":2.02,"n_priori":null,"anteproyec":"CON OBSERVACIONES FUERA DE PLAZO EN SEREMITT (ESPERANDO RECHAZO)","poblacion":5279,"costo":549,"costoOD":-9,"oportunidades":26,"equidad":0.846,"continuidad":0.581,"demanda":2877,"centerLng":-70.77273551013883,"centerLat":-33.43472572587903,"kind":"proyecto","numPistas":3.6,"pendMedia":1.02,"pendMax":5.4,"pctLenPend5":8.9}},{"type":"Feature","geometry":{"type":"MultiLineString","coordinates":[[[-70.7918960353749,-33.52479473666631],[-70.79174248101572,-33.523456451279436],[-70.7916094730415,-33.522146204075824],[-70.79144583201514,-33.520578359013115],[-70.79129866929023,-33.519150495888184],[-70.7910436114808,-33.515180861428526],[-70.79030870633234,-33.507587549774925],[-70.79070812532973,-33.50665711436103],[-70.79140404777974,-33.50552055701759]],[[-70.79343847124349,-33.53196153807208],[-70.79184752515557,-33.527726876571954],[-70.79182516671283,-33.527340460289],[-70.7918960353749,-33.52479473666631]],[[-70.76121961699053,-33.55157559168831],[-70.77410314534913,-33.54559677974787],[-70.77994351347232,-33.54291957639981],[-70.78189138811817,-33.54215692129345],[-70.78322721696435,-33.54129371509084],[-70.78484860640744,-33.54005281516858],[-70.7890463904279,-33.53637425385126],[-70.78989311917766,-33.535966757913975],[-70.79189711765089,-33.53496639230663],[-70.79343847124349,-33.53196153807208]]]},"properties":{"id":"C066","OBJECTID":3,"nombre":"CUATRO PONIENTE","escala":"Comunal","comunas":"MAIPU","macrozona":"PONIENTE","km":6.76,"n_priori":null,"anteproyec":"INFORME ANTEPROYECTO INCOMPLETO SIN INGRESAR","poblacion":19004,"costo":2025,"costoOD":-26,"oportunidades":70,"equidad":0.842,"continuidad":0.838,"demanda":12426,"centerLng":-70.77732904411701,"centerLat":-33.528548074352955,"kind":"proyecto","numPistas":2,"pendMedia":0.6,"pendMax":1.04,"pctLenPend5":0}},{"type":"Feature","geometry":{"type":"MultiLineString","coordinates":[[[-70.63593110702317,-33.50087280198906],[-70.63046787276303,-33.50052474450365],[-70.62880100336156,-33.50040211323583],[-70.62457223809126,-33.50025406589231],[-70.62366926278305,-33.50018292014707],[-70.62263897406844,-33.500549880766734],[-70.62197526096143,-33.50082691320741]],[[-70.6391337876919,-33.501076728204126],[-70.63593110702317,-33.50087280198906]]]},"properties":{"id":"C074","OBJECTID":11,"nombre":"URETA COX","escala":"Comunal","comunas":"SAN JOAQUIN","macrozona":"CENTRO","km":1.61,"n_priori":null,"anteproyec":"CON OBSERVACIONES FUERA DE PLAZO EN SEREMITT (ESPERANDO RECHAZO)","poblacion":6557,"costo":376,"costoOD":-23,"oportunidades":26,"equidad":0.461,"continuidad":0.712,"demanda":2812,"centerLng":-70.63055452432667,"centerLat":-33.5006298241756,"kind":"proyecto","numPistas":2,"pendMedia":0.67,"pendMax":1.58,"pctLenPend5":0}},{"type":"Feature","geometry":{"type":"MultiLineString","coordinates":[[[-70.61755573583162,-33.49158269333291],[-70.61745745791839,-33.49156493531983],[-70.61721765459409,-33.49153084741696]],[[-70.61755537790144,-33.49158426894516],[-70.61757518546948,-33.49159468129582],[-70.61776329576256,-33.491693603123586],[-70.6178106648534,-33.49172486625586]],[[-70.61781066508516,-33.49172486654502],[-70.61800656765568,-33.49185416126214],[-70.61805081649193,-33.4918744687138],[-70.61809527646334,-33.49188587508801],[-70.61814217783476,-33.49189261057248],[-70.61819576980535,-33.49189513099721],[-70.6186404828021,-33.491879445608326],[-70.6191547096468,-33.491861308016766],[-70.61959934235058,-33.49184196965307],[-70.62005532613784,-33.491817972139735],[-70.62046196572325,-33.49180368983214],[-70.62093197990751,-33.49178846790698],[-70.62132659307484,-33.49177428510285],[-70.62181166194632,-33.49175891873468],[-70.62226680099646,-33.49174394148795],[-70.62269232385177,-33.49172972023427],[-70.62271050775405,-33.491729112312626],[-70.62287788550881,-33.49172241074407],[-70.62339529894399,-33.491702180211014],[-70.62393824550955,-33.49168937663211],[-70.6244288488435,-33.491691477865565],[-70.62486350286267,-33.491697156223935],[-70.6252915368461,-33.49170429608581],[-70.62571372259865,-33.491707775857044],[-70.6261429694005,-33.49171116060388],[-70.62658869277253,-33.49171432753435],[-70.62701709937171,-33.49170870114745],[-70.62743894817334,-33.49171218035989],[-70.62760955427804,-33.49171352745984],[-70.62786752117883,-33.49171556707425],[-70.62793528346843,-33.49171322473915],[-70.62828835976624,-33.49170101840381],[-70.62840094683767,-33.49169719837055],[-70.62872231312863,-33.4916862958899],[-70.62885293830617,-33.491680238962644],[-70.62922416627242,-33.491663025174844],[-70.62946526812449,-33.491630710974235],[-70.62944030969415,-33.49206844306302],[-70.62943233342149,-33.49226913586304],[-70.63093964966188,-33.49220796033644],[-70.63113046642681,-33.492200215773416],[-70.63146149874423,-33.49218554454709],[-70.63164371011291,-33.49217710899417],[-70.63332651551421,-33.49210717480982],[-70.6333902710988,-33.49212084185231],[-70.63591546818424,-33.49202439614387],[-70.63592327726116,-33.49202407117792],[-70.63687735817341,-33.491984403498456],[-70.63755530429664,-33.4919718369284],[-70.63765634791854,-33.491974381821905],[-70.63949031428355,-33.49204885479082],[-70.64008059919861,-33.492069458995566],[-70.64015520201423,-33.492072062394875],[-70.6402172175496,-33.492074226376786]]]},"properties":{"id":"C061","OBJECTID":13,"nombre":"EL PINAR","escala":"Comunal","comunas":null,"macrozona":"CENTRO","km":2.22,"n_priori":null,"anteproyec":"RECHAZADO","poblacion":8908,"costo":885,"costoOD":-17,"oportunidades":26,"equidad":0.362,"continuidad":0.943,"demanda":5203,"centerLng":-70.62871743607184,"centerLat":-33.49189999164,"kind":"proyecto","numPistas":2.02,"pendMedia":0.77,"pendMax":5.4,"pctLenPend5":1.4}},{"type":"Feature","geometry":{"type":"MultiLineString","coordinates":[[[-70.63468771469196,-33.53550512970377],[-70.63709213671888,-33.53542079757749],[-70.63771858916776,-33.53543124230373],[-70.63896654689508,-33.53518996229273],[-70.64286690031427,-33.53446396748391],[-70.64414037900261,-33.53439087148728],[-70.64899679719257,-33.533371025897836],[-70.64414037900261,-33.53439087148728],[-70.64286690031427,-33.53446396748391],[-70.63896654689508,-33.53518996229273],[-70.63771858916776,-33.53543124230373],[-70.63709213671888,-33.53542079757749],[-70.63468771469196,-33.53550512970377],[-70.63452170793612,-33.53551095101539]]]},"properties":{"id":"C080","OBJECTID":160,"nombre":"PARAGUAY","escala":"Comunal","comunas":null,"macrozona":"SUR","km":2.73,"n_priori":null,"anteproyec":"CON OBSERVACIONES FUERA DE PLAZO EN SEREMITT (ESPERANDO RECHAZO)","poblacion":7285,"costo":855,"costoOD":-12,"oportunidades":28,"equidad":0.92,"continuidad":0.787,"demanda":5216,"centerLng":-70.64175925256434,"centerLat":-33.53444098845661,"kind":"proyecto","numPistas":2,"pendMedia":0.97,"pendMax":0.97,"pctLenPend5":0}},{"type":"Feature","geometry":{"type":"MultiLineString","coordinates":[[[-70.55652980001484,-33.600689299275345],[-70.55656090001483,-33.600695499275346],[-70.55820195829087,-33.600841558559445],[-70.56044284969084,-33.60098051912504],[-70.5633843782235,-33.601180159010994],[-70.56420401798528,-33.60122595351819],[-70.56463416420588,-33.601252924563894],[-70.56533961469407,-33.60134450983753],[-70.56685214353766,-33.601544816621846],[-70.56854971733766,-33.601769127081255],[-70.57010906840658,-33.601980642176734],[-70.57155228500469,-33.602169770216484],[-70.57572261263662,-33.602724062744564],[-70.57699566203742,-33.6029029022956],[-70.57731663201075,-33.60297709982841],[-70.57790676317654,-33.6030587730206],[-70.5798978000177,-33.603282299275214],[-70.58161210001792,-33.6034858992752],[-70.58317277204128,-33.60365628966788],[-70.58548325891843,-33.60393716384179],[-70.58770108812857,-33.604186955856925],[-70.59109791771127,-33.60461589684113],[-70.59626990001989,-33.605312099275096],[-70.59677755571946,-33.60538078600968],[-70.59738250002003,-33.60546489927509],[-70.60332184788216,-33.606330780845056]]]},"properties":{"id":"C006","OBJECTID":25,"nombre":"DOMINGO TOCORNAL","escala":"Comunal","comunas":"PUENTE ALTO","macrozona":"SURORIENTE","km":4.39,"n_priori":null,"anteproyec":"CON OBSERVACIONES FUERA DE PLAZO EN SEREMITT (ESPERANDO RECHAZO)","poblacion":9716,"costo":1416,"costoOD":-18,"oportunidades":44,"equidad":0.817,"continuidad":0.809,"demanda":5597,"centerLng":-70.5799258239485,"centerLat":-33.6035100400602,"kind":"proyecto","numPistas":2.01,"pendMedia":1.09,"pendMax":1.2,"pctLenPend5":0}},{"type":"Feature","geometry":{"type":"MultiLineString","coordinates":[[[-70.56089523042489,-33.5352942287866],[-70.5733836037371,-33.535700623883734],[-70.57695997913056,-33.53603280656201],[-70.57739503922643,-33.53607820138216],[-70.57820595762726,-33.53616281234495],[-70.58482930906519,-33.535906491554805],[-70.59068186996384,-33.53565966981175],[-70.59283868578721,-33.53565198919979],[-70.60333227715712,-33.535535445459544]]]},"properties":{"id":"C060","OBJECTID":26,"nombre":"ROJAS MAGALLANES","escala":"Comunal","comunas":"LA FLORIDA","macrozona":"SURORIENTE","km":3.95,"n_priori":null,"anteproyec":"SIN INFORME ANTEPROYECTO","poblacion":9479,"costo":1506,"costoOD":-23,"oportunidades":27,"equidad":0.812,"continuidad":0.644,"demanda":3697,"centerLng":-70.582113753791,"centerLat":-33.53572852056577,"kind":"proyecto","numPistas":2.48,"pendMedia":0.69,"pendMax":1.54,"pctLenPend5":0}},{"type":"Feature","geometry":{"type":"MultiLineString","coordinates":[[[-70.53911449097774,-33.463331358102536],[-70.53961224565205,-33.46437597602189],[-70.54044531745586,-33.467477486292566],[-70.54081953352004,-33.46877495587514],[-70.54166246327807,-33.471649233224305]],[[-70.54166246327807,-33.471649233224305],[-70.54166564362926,-33.47166007616947],[-70.54224352717245,-33.47363045831781],[-70.54288693314624,-33.47582413536922],[-70.54373166580964,-33.476992073038296],[-70.54483554390661,-33.47875994911252],[-70.5455597962347,-33.48106147271321],[-70.54669727072088,-33.483416311096526],[-70.54772853529272,-33.48475872728236],[-70.54856532593988,-33.48593693235742],[-70.5491381838704,-33.488228809280734],[-70.54947145525541,-33.488973454092104]],[[-70.54947145525541,-33.488973454092104],[-70.54997848638712,-33.49010630936396],[-70.5511266781998,-33.49487409746615],[-70.55227382879995,-33.50010537242467],[-70.5533634474289,-33.50480484150885],[-70.55387385266326,-33.50757115906479],[-70.55496894260398,-33.51198995899875]]]},"properties":{"id":"C004","OBJECTID":30,"nombre":"CONSISTORIAL","escala":"Comunal","comunas":"PEÑALOLEN","macrozona":"SURORIENTE","km":5.63,"n_priori":null,"anteproyec":"APROBADO","poblacion":12453,"costo":1633,"costoOD":-11,"oportunidades":52,"equidad":0.767,"continuidad":0.61,"demanda":7947,"centerLng":-70.54704171679086,"centerLat":-33.48766065855064,"kind":"proyecto","numPistas":2.03,"pendMedia":0.4,"pendMax":1.8,"pctLenPend5":0}},{"type":"Feature","geometry":{"type":"MultiLineString","coordinates":[[[-70.63036957238032,-33.56090737138301],[-70.6344824151735,-33.56113250730943],[-70.63508137484632,-33.56115640884534],[-70.63533306682574,-33.561153083362285],[-70.63653333468008,-33.56107358951229],[-70.6382267329758,-33.56094779122296],[-70.64025490413202,-33.56089817793972],[-70.64056257544875,-33.56088503579971],[-70.64162408539144,-33.56079419705626],[-70.64313374551297,-33.5607077646945],[-70.64440127849053,-33.560607132632995],[-70.64591814806832,-33.560503742802595],[-70.64639871670933,-33.56043775735968],[-70.64785481476368,-33.56035669201551],[-70.64824575872564,-33.56036221316499],[-70.64876064258496,-33.56031512524404],[-70.64981699976605,-33.560271544416835],[-70.65037692463805,-33.56023457729332],[-70.65146409492569,-33.56012687220918],[-70.65297396381405,-33.56001016258093],[-70.6534889954587,-33.55997109721345],[-70.65560450686777,-33.55983629406165],[-70.65616205748584,-33.55978202327242]]]},"properties":{"id":"C047","OBJECTID":34,"nombre":"VIOLETA PARRA","escala":"Comunal","comunas":"LA PINTANA","macrozona":"SUR","km":2.4,"n_priori":null,"anteproyec":"APROBADO","poblacion":6101,"costo":921,"costoOD":-10,"oportunidades":17,"equidad":0.923,"continuidad":0.594,"demanda":3184,"centerLng":-70.64326581493307,"centerLat":-33.56046921605888,"kind":"proyecto","numPistas":2,"pendMedia":1.03,"pendMax":1.03,"pctLenPend5":0}},{"type":"Feature","geometry":{"type":"MultiLineString","coordinates":[[[-70.74769700146366,-33.46645418206065],[-70.747766136846,-33.46671557990593]],[[-70.73906380815046,-33.45437351592714],[-70.74422790736563,-33.45713907187753],[-70.74518236246355,-33.45696482846094],[-70.74560137760669,-33.45845582755089],[-70.7463608883941,-33.46120280733266],[-70.74636388599704,-33.461213648081724],[-70.74767765545553,-33.46638103698198],[-70.74769700135609,-33.466454181860215]]]},"properties":{"id":"C050","OBJECTID":100,"nombre":"MAR DE DRAKE","escala":"Comunal","comunas":"PUDAHUEL","macrozona":"PONIENTE","km":1.77,"n_priori":null,"anteproyec":"APROBADO","poblacion":4888,"costo":416,"costoOD":-19,"oportunidades":11,"equidad":0.893,"continuidad":0.572,"demanda":3310,"centerLng":-70.74341497249823,"centerLat":-33.460544547916534,"kind":"proyecto","numPistas":1.93,"pendMedia":0.53,"pendMax":3.86,"pctLenPend5":0}},{"type":"Feature","geometry":{"type":"MultiLineString","coordinates":[[[-70.6801052518009,-33.43845560502141],[-70.69126298952456,-33.43918697935083],[-70.69613185639152,-33.43991166443506]]]},"properties":{"id":"C090","OBJECTID":44,"nombre":"SANTO DOMINGO","escala":"Comunal","comunas":"SANTIAGO-QUINTA NORMAL","macrozona":"CENTRO","km":1.5,"n_priori":11,"anteproyec":"APROBADO","poblacion":6250,"costo":420,"costoOD":-17,"oportunidades":28,"equidad":0.409,"continuidad":0.859,"demanda":2681,"centerLng":-70.6881185540962,"centerLat":-33.43918363472824,"kind":"proyecto","numPistas":2,"pendMedia":1.02,"pendMax":1.02,"pctLenPend5":0}},{"type":"Feature","geometry":{"type":"MultiLineString","coordinates":[[[-70.798064293513,-33.530779841350636],[-70.79710247206499,-33.531018570781455],[-70.79453381656857,-33.53160662076597],[-70.79337116494852,-33.53186890122444],[-70.79032794146394,-33.53209717852583],[-70.78466609489317,-33.53260833420571],[-70.78176247235983,-33.53277416593016],[-70.77887826016429,-33.532993291050744],[-70.77771394159353,-33.53308734679497],[-70.77744373072626,-33.53309227698471],[-70.77722205006962,-33.53299513433106],[-70.774550966526,-33.531408114742405],[-70.76945499040934,-33.52822293328682],[-70.764136990682,-33.528199851287184],[-70.76294227012178,-33.5275570851365],[-70.7629834114075,-33.52547407631267],[-70.76322894701052,-33.5210698912077],[-70.76342620970402,-33.517438878446676],[-70.76321496794857,-33.51188335248],[-70.7631280178959,-33.510317691253725],[-70.76365442526387,-33.510181161576675]]]},"properties":{"id":"C064","OBJECTID":129,"nombre":"SILVA CARVALLO - SANTA ELENA","escala":"Comunal","comunas":null,"macrozona":"PONIENTE","km":5.45,"n_priori":13,"anteproyec":"APROBADO","poblacion":15289,"costo":1453,"costoOD":-18,"oportunidades":52,"equidad":0.792,"continuidad":0.64,"demanda":10946,"centerLng":-70.78050328181739,"centerLat":-33.52163671928069,"kind":"proyecto","numPistas":2,"pendMedia":0.45,"pendMax":0.45,"pctLenPend5":0}},{"type":"Feature","geometry":{"type":"MultiLineString","coordinates":[[[-70.75540822532136,-33.47880212356585],[-70.75518038528301,-33.47880597345304],[-70.74953566171787,-33.47890200162163],[-70.74929182101654,-33.478919722598846],[-70.7488855782238,-33.4789560788027],[-70.74881074381494,-33.478962139136335],[-70.74873207251935,-33.47900437437483],[-70.74866557628498,-33.47900809399869],[-70.74862495631074,-33.47899004503028],[-70.74843133638609,-33.47896240642328],[-70.74826585683068,-33.478966438567966],[-70.74764922466439,-33.47896886178886],[-70.7472434361496,-33.478977356738014],[-70.74718672872845,-33.47897112411452],[-70.74706560520025,-33.478934362891955],[-70.74664652103883,-33.47892076971758],[-70.74634286170719,-33.47891995648402],[-70.74624534725179,-33.478919944744],[-70.74616921381163,-33.4789161948434],[-70.74552037219033,-33.47894374371719],[-70.74477132730522,-33.4789545352093],[-70.74341686373089,-33.4789745707863],[-70.74319175466212,-33.47903139526725]],[[-70.75524032425263,-33.479038535810496],[-70.75516945687748,-33.479040004117095],[-70.74959535755218,-33.47910207577331],[-70.74953572571539,-33.478908021150794]]]},"properties":{"id":"C009","OBJECTID":20,"nombre":"EL ROSAL - SANTA ELENA","escala":"Comunal","comunas":null,"macrozona":"PONIENTE","km":1.69,"n_priori":null,"anteproyec":"APROBADO","poblacion":4362,"costo":627,"costoOD":-19,"oportunidades":22,"equidad":0.847,"continuidad":0.906,"demanda":3088,"centerLng":-70.74929998999174,"centerLat":-33.478952099669584,"kind":"proyecto","numPistas":2.72,"pendMedia":0.94,"pendMax":4.62,"pctLenPend5":0}},{"type":"Feature","geometry":{"type":"MultiLineString","coordinates":[[[-70.64854910002775,-33.469787899277875],[-70.64729060002756,-33.469653099277856],[-70.64679170002746,-33.46959679927788],[-70.64110190002651,-33.46899709927792],[-70.63657600002581,-33.468506399277956],[-70.63405250002539,-33.46822739927798],[-70.62787840002443,-33.467515799278026],[-70.62645790002422,-33.46739839927801]]]},"properties":{"id":"C088","OBJECTID":222,"nombre":"ÑUBLE","escala":"Comunal","comunas":null,"macrozona":"PONIENTE","km":2.07,"n_priori":null,"anteproyec":"APROBADO","poblacion":5979,"costo":547,"costoOD":-22,"oportunidades":7,"equidad":0.79,"continuidad":0.78,"demanda":2797,"centerLng":-70.63750350002599,"centerLat":-33.46859314927794,"kind":"proyecto","numPistas":2,"pendMedia":0.61,"pendMax":0.61,"pctLenPend5":0}},{"type":"Feature","geometry":{"type":"MultiLineString","coordinates":[[[-70.61844022463528,-33.546528211618515],[-70.61871107481872,-33.54655378805638],[-70.61875883132967,-33.54646676497072],[-70.62194843564508,-33.546679697223375],[-70.62508726821424,-33.546829630049665],[-70.62742966039583,-33.54688236881994],[-70.62981131215616,-33.547232416741736],[-70.63306444113333,-33.5475507382898]],[[-70.61508941706559,-33.546362137548414],[-70.6161667832933,-33.54650499485546],[-70.61844022463521,-33.54652821161853]]]},"properties":{"id":"C40","OBJECTID":90,"nombre":"VICUÑA MACKENNA - SAN MARTIN","escala":"Comunal","comunas":null,"macrozona":"SUR","km":1.68,"n_priori":null,"anteproyec":"APROBADO","poblacion":6838,"costo":671,"costoOD":-23,"oportunidades":13,"equidad":0.877,"continuidad":0.823,"demanda":2537,"centerLng":-70.62407692909946,"centerLat":-33.54695643791911,"kind":"proyecto","numPistas":3.33,"pendMedia":0.73,"pendMax":2.72,"pctLenPend5":0}},{"type":"Feature","geometry":{"type":"MultiLineString","coordinates":[[[-70.55835758815057,-33.48624326398746],[-70.54965961130098,-33.48891568567589],[-70.54947145525541,-33.488973454092104],[-70.54539117703298,-33.490226122422825],[-70.54110172064225,-33.491542827584055]],[[-70.54947145505776,-33.48897345430803],[-70.54539117703298,-33.490226122422825],[-70.54110172108075,-33.49154282728624]]]},"properties":{"id":"C027","OBJECTID":59,"nombre":"LOS PRESIDENTES","escala":"Comunal","comunas":null,"macrozona":"SURORIENTE","km":2.54,"n_priori":null,"anteproyec":"APROBADO","poblacion":5781,"costo":688,"costoOD":-21,"oportunidades":9,"equidad":0.815,"continuidad":0.851,"demanda":3734,"centerLng":-70.5497296543964,"centerLat":-33.48889304578576,"kind":"proyecto","numPistas":2,"pendMedia":5.12,"pendMax":5.85,"pctLenPend5":32.7}},{"type":"Feature","geometry":{"type":"MultiLineString","coordinates":[[[-70.6987903000372,-33.59416909927484],[-70.69897370320551,-33.59412627961404],[-70.70003800003745,-33.59387719927485],[-70.70134670003773,-33.593570799274836],[-70.70266580003799,-33.59326249927485],[-70.70304341995242,-33.59317542632487],[-70.70346370003816,-33.593082199274825],[-70.70400340003827,-33.59296019927485],[-70.70525080003853,-33.59267489927485],[-70.70530990003856,-33.59266139927484],[-70.70538170003857,-33.59264509927483],[-70.70565550003863,-33.59258299927484],[-70.70671860003884,-33.59234129927484],[-70.7080096000391,-33.59203329927483],[-70.70929550003936,-33.591725799274826]]]},"properties":{"id":"C055","OBJECTID":110,"nombre":"ARTURO PRAT","escala":"Comunal","comunas":null,"macrozona":"SUR","km":1.01,"n_priori":null,"anteproyec":"SIN INFORME ANTEPROYECTO","poblacion":2603,"costo":321,"costoOD":-27,"oportunidades":8,"equidad":0.823,"continuidad":0.868,"demanda":1944,"centerLng":-70.70404290003827,"centerLat":-33.59294744927483,"kind":"proyecto","numPistas":2,"pendMedia":0.81,"pendMax":0.81,"pctLenPend5":0}},{"type":"Feature","geometry":{"type":"MultiLineString","coordinates":[[[-70.69734365971932,-33.5975815920617],[-70.69739905076275,-33.59795497348811],[-70.69735537788559,-33.59850672824779],[-70.69722371444003,-33.59996554102177],[-70.69713546936353,-33.60020545316405],[-70.69702342193052,-33.600457424315564],[-70.696797737063,-33.60083935649599],[-70.69651182729599,-33.60117383594865],[-70.6962516399382,-33.60138995652618],[-70.6960076853433,-33.60149387588653],[-70.6954874868948,-33.60267204622277],[-70.69497469166538,-33.603983541052415],[-70.69453384219965,-33.60594209269828],[-70.69443550223326,-33.60714096273009],[-70.69447533230735,-33.60835738393092],[-70.69473432446615,-33.61012597897557],[-70.69512624811458,-33.611234314257],[-70.69528001239941,-33.61155673110304],[-70.69529356788065,-33.61157917638271],[-70.69621591167196,-33.613106172156876],[-70.6966595103652,-33.61382356135301],[-70.69687550144032,-33.61413104135922],[-70.69694970989833,-33.61431910398818],[-70.69711494413649,-33.615062436826754],[-70.69739789333532,-33.61592350441096],[-70.69769618586758,-33.61674949303938],[-70.69830190174878,-33.61813045869838],[-70.69849323701072,-33.61862276377424],[-70.69892008043487,-33.619726648310866]]]},"properties":{"id":"C052","OBJECTID":103,"nombre":"BAQUEDANO - POSTALES ORIENTE","escala":"Comunal","comunas":null,"macrozona":"SUR","km":2.59,"n_priori":null,"anteproyec":"SIN INFORME ANTEPROYECTO","poblacion":6661,"costo":695,"costoOD":-26,"oportunidades":17,"equidad":0.823,"continuidad":0.77,"demanda":4097,"centerLng":-70.69667779133407,"centerLat":-33.60865412018629,"kind":"proyecto","numPistas":2,"pendMedia":0.06,"pendMax":0.06,"pctLenPend5":0}},{"type":"Feature","geometry":{"type":"MultiLineString","coordinates":[[[-70.61844022463521,-33.54652821161853],[-70.61898007309516,-33.54556726636205],[-70.6193319292484,-33.54491276136063],[-70.62021445375748,-33.541777946840526],[-70.62054361102233,-33.53786717207822],[-70.62148699984886,-33.53561900006263],[-70.62294999986646,-33.53205300019174],[-70.62369259526109,-33.52973080587792],[-70.62434400029943,-33.52744300073985],[-70.62531833929417,-33.52437212531921],[-70.62533900031883,-33.52430700091325],[-70.62655205625677,-33.521147697853976],[-70.62694994690703,-33.52020981647583],[-70.62788778601715,-33.517843557180434],[-70.62789406418439,-33.5178277165219],[-70.6279048839279,-33.517805693923606]]]},"properties":{"id":"C067","OBJECTID":136,"nombre":"CARDENAL RAUL SILVA HENRIQUEZ","escala":"Comunal","comunas":null,"macrozona":"SUR","km":3.32,"n_priori":null,"anteproyec":"SIN INFORME ANTEPROYECTO","poblacion":8661,"costo":1048,"costoOD":-19,"oportunidades":33,"equidad":0.822,"continuidad":0.737,"demanda":3446,"centerLng":-70.62317255428155,"centerLat":-33.532166952771064,"kind":"proyecto","numPistas":1.86,"pendMedia":1.1,"pendMax":2.22,"pctLenPend5":0}},{"type":"Feature","geometry":{"type":"MultiLineString","coordinates":[[[-70.57566303851951,-33.626710539259534],[-70.57569833719289,-33.626636884729464],[-70.57582007194242,-33.626382870905864],[-70.5758863000172,-33.62623839927471],[-70.57590630001721,-33.62617449927472],[-70.5759182000172,-33.62612269927472],[-70.57592414882996,-33.62606091316484],[-70.57592710001721,-33.62599249927473],[-70.5759234000172,-33.62591239927473],[-70.5759175000172,-33.625870299274744],[-70.5759122000172,-33.62583289927473],[-70.57589370001719,-33.62575419927474],[-70.57584480001721,-33.625624299274726],[-70.57569910001718,-33.62525659927475],[-70.57555913578115,-33.62488986879867],[-70.57551651289457,-33.6247781278492],[-70.57544930500461,-33.62460403973449],[-70.57540540001712,-33.624493299274754],[-70.57536910001714,-33.62441589927476],[-70.57534797718453,-33.6243786382224],[-70.5753286715436,-33.62434458269582],[-70.57531248204174,-33.624317515222614],[-70.57529802846324,-33.62429357852813],[-70.57527360803633,-33.624254481984856],[-70.57523118220335,-33.624190946491396],[-70.57518508264954,-33.62412410920607],[-70.57512639895621,-33.62404493908902],[-70.57507118576811,-33.623971931001385],[-70.57501935595866,-33.623905325379084],[-70.57497845949517,-33.62385588413625],[-70.57493278680903,-33.62380056717904],[-70.57489470001707,-33.62375429927478],[-70.57489090967984,-33.62375049683144],[-70.57486545919373,-33.62372496504605],[-70.57483210001708,-33.623691499274784],[-70.57480595668918,-33.62366920811546],[-70.57478120001707,-33.623648099274774],[-70.57472680001706,-33.623607799274794],[-70.57471574192981,-33.62360077688142],[-70.57458870001705,-33.62352009927477],[-70.57453493582453,-33.623488150406075],[-70.57451230001702,-33.62347469927479],[-70.57449953715674,-33.623467892422624],[-70.57447069983166,-33.623452512522],[-70.57445638787092,-33.62344487947466],[-70.57441881575332,-33.62342523412569],[-70.57427002604646,-33.62335120460539],[-70.57388078548964,-33.62315753858098],[-70.57368570001692,-33.62306069927479],[-70.57363980001692,-33.6230299992748],[-70.57359960001689,-33.62299409927479],[-70.57356930001691,-33.6229583992748],[-70.57354470001691,-33.622919799274804],[-70.57352650001691,-33.6228789992748],[-70.57351500001691,-33.62283649927479],[-70.57351050001691,-33.62279309927481],[-70.5735107000169,-33.6227373992748],[-70.57351780001692,-33.6226819992748],[-70.57355002480904,-33.62249492970007],[-70.57356246464336,-33.62242271447072],[-70.5735923000169,-33.6222496992748],[-70.57371680001692,-33.62152669927483],[-70.57384340001695,-33.62078889927485],[-70.57399170001695,-33.61997029927487],[-70.57410790001697,-33.61932919927488],[-70.57419520001699,-33.61884789927488],[-70.57424360001701,-33.6185692992749],[-70.57428139577584,-33.61833006970408],[-70.574371300017,-33.61782459927491],[-70.57449840001702,-33.617105099274916],[-70.57462990001704,-33.61636679927496],[-70.57465130001705,-33.61624759927495],[-70.57475860001705,-33.615635399274964],[-70.57487250001708,-33.614978499274976],[-70.57509800001709,-33.613806799275],[-70.57511320001711,-33.613731299274995],[-70.57531424523758,-33.61262913705943],[-70.57536990001714,-33.612324099275035],[-70.57575550001717,-33.61049509927507],[-70.57586770001718,-33.60987029927508],[-70.57597810001721,-33.609252299275084],[-70.57609480001723,-33.60867189927509],[-70.57619830001724,-33.6081573992751],[-70.57625910001724,-33.60785039927512],[-70.57626960001724,-33.60779589927511],[-70.57628020001727,-33.60774589927512],[-70.57640080001728,-33.60717409927515],[-70.57651480001728,-33.60666499927513],[-70.57661520001729,-33.60613809927515],[-70.57666350001729,-33.60589999927515]],[[-70.57555662127523,-33.62693258965362],[-70.57562600812858,-33.626787807067274],[-70.57566271706352,-33.62671121001189]]]},"properties":{"id":"C003","OBJECTID":8,"nombre":"CONCHA Y TORO","escala":"Comunal","comunas":null,"macrozona":"SURORIENTE","km":2.45,"n_priori":null,"anteproyec":"SIN INFORME ANTEPROYECTO","poblacion":5409,"costo":670,"costoOD":-17,"oportunidades":22,"equidad":0.817,"continuidad":0.711,"demanda":2402,"centerLng":-70.5750870000171,"centerLat":-33.616416294464386,"kind":"proyecto","numPistas":2.58,"pendMedia":1.56,"pendMax":7.96,"pctLenPend5":1.1}},{"type":"Feature","geometry":{"type":"MultiLineString","coordinates":[[[-70.76802053217513,-33.44629727054847],[-70.7680105928679,-33.446297515164076],[-70.76664622869349,-33.44633117139234],[-70.76626899996722,-33.44635500072856],[-70.76618300049795,-33.44636500029041],[-70.76597900008356,-33.44637700084378],[-70.76592999962256,-33.4463860003595],[-70.76544599978571,-33.446484001281476],[-70.76493999983364,-33.44659000077377],[-70.76479100015703,-33.446616000174146],[-70.76453199990432,-33.44666800077353],[-70.76413100029772,-33.446755001188265],[-70.76347000039235,-33.446890001118526],[-70.76327999972429,-33.44692900021904],[-70.76265300048753,-33.44705500153301],[-70.7625120002805,-33.44708800125617],[-70.7623380003503,-33.44712000093324],[-70.76201900002859,-33.447177000863775],[-70.76195100049003,-33.44719000056394],[-70.76188300005215,-33.4472040012096],[-70.76178399998332,-33.447199000979],[-70.76163600035281,-33.447170000540964],[-70.76156000044534,-33.44715399980312],[-70.76136899973119,-33.44711499980327],[-70.76121900090774,-33.447084001071715],[-70.76104099989378,-33.44704700116407],[-70.76093600044756,-33.447026000195685],[-70.76071099996415,-33.44698100081847],[-70.76045900003419,-33.44692700102621],[-70.76037299966559,-33.4469090001961],[-70.76016700005833,-33.44686700005789],[-70.76004499982815,-33.44684199980435],[-70.75975199980616,-33.44677700040415],[-70.75969499987552,-33.44674800086545],[-70.75960900040623,-33.44676000141883],[-70.75948099989937,-33.44674600077325],[-70.7593989997152,-33.44674200058875],[-70.75925200013079,-33.44674300153424],[-70.75901399994714,-33.44678399982762],[-70.75888300020131,-33.44681500035788],[-70.75839099999551,-33.44690800104933],[-70.75800700027362,-33.44698200086459],[-70.75791000029702,-33.447000999942134],[-70.75764199962926,-33.447051000449235],[-70.75727299969974,-33.44712200012613],[-70.75693999963177,-33.44718600037954],[-70.75687200009321,-33.44720000102519],[-70.75662700048609,-33.44724400125556],[-70.75623500039525,-33.44732100030985],[-70.75589299991222,-33.44738700155484],[-70.75551100028258,-33.44746300146227],[-70.75497599989248,-33.44755000007839],[-70.75419454119493,-33.4473824788643],[-70.7541410000569,-33.447371000817014],[-70.75334200008282,-33.44748799991724],[-70.75286100038434,-33.44758099970937],[-70.75236700008635,-33.44767000021627],[-70.75213099999498,-33.44771500049283],[-70.75204200038729,-33.44772500095395],[-70.75197399994941,-33.44772900113849],[-70.75187900006502,-33.44772700014692],[-70.75181899999609,-33.447717999731864],[-70.75174200004248,-33.44769799970889],[-70.75164299997364,-33.447660999801236],[-70.75075300029967,-33.4471850003335],[-70.75066699993107,-33.44714000005694],[-70.75059100002355,-33.44711200056435],[-70.75052100039275,-33.44709399973428],[-70.75046799974729,-33.447083001025625],[-70.75042699965519,-33.447078999941866],[-70.75038200027795,-33.44707800079507],[-70.75034300027811,-33.44707900084119],[-70.750302000186,-33.447083001025646],[-70.75026700037058,-33.44709000044913],[-70.75022300014018,-33.44709800081806],[-70.75015899988675,-33.447104001094765],[-70.75010299910295,-33.44711399975727],[-70.74868600030712,-33.44738200042497],[-70.74820200047027,-33.44747100093196],[-70.74772400001082,-33.447566000816295],[-70.74723499994337,-33.447660001553814],[-70.745786999718,-33.4479430011146],[-70.74529400036545,-33.44803900104508],[-70.74482899960617,-33.44813000074493],[-70.7443020004843,-33.448233000098895],[-70.74359600030242,-33.44836500079018],[-70.74332100021114,-33.448427000052035],[-70.74317100048842,-33.44847400132012],[-70.74291000014345,-33.4485820000053],[-70.74285600035118,-33.44861799986679],[-70.74242700035273,-33.44888600053449],[-70.74157999996375,-33.449485001177855],[-70.73945577431074,-33.45018930613756],[-70.73924541838753,-33.450259049461565]]]},"properties":{"id":"C062","OBJECTID":124,"nombre":"CORONA SUECA","escala":"Comunal","comunas":null,"macrozona":"PONIENTE","km":2.8,"n_priori":null,"anteproyec":"SIN INFORME ANTEPROYECTO","poblacion":7858,"costo":656,"costoOD":-11,"oportunidades":24,"equidad":0.892,"continuidad":0.842,"demanda":6114,"centerLng":-70.75363297528133,"centerLat":-33.44827816000502,"kind":"proyecto","numPistas":2,"pendMedia":0.08,"pendMax":0.08,"pctLenPend5":0}},{"type":"Feature","geometry":{"type":"MultiLineString","coordinates":[[[-70.71319733592884,-33.592921297125024],[-70.71112524577353,-33.59333994143001],[-70.70979375991385,-33.59360893404996],[-70.7059378141178,-33.59438457683164],[-70.70593224191838,-33.59438569828625],[-70.70320665400229,-33.59493873278115],[-70.69935047528182,-33.595718016917836],[-70.69819280319264,-33.59595194227325]]]},"properties":{"id":"C072","OBJECTID":144,"nombre":"COVADONGA","escala":"Comunal","comunas":null,"macrozona":"SUR","km":1.43,"n_priori":null,"anteproyec":"SIN INFORME ANTEPROYECTO","poblacion":3781,"costo":545,"costoOD":-15,"oportunidades":14,"equidad":0.871,"continuidad":0.914,"demanda":1856,"centerLng":-70.70569506956073,"centerLat":-33.59443661969914,"kind":"proyecto","numPistas":2,"pendMedia":1.27,"pendMax":1.27,"pctLenPend5":0}},{"type":"Feature","geometry":{"type":"MultiLineString","coordinates":[[[-70.57381430001688,-33.46240689927835],[-70.57408410001689,-33.46233419927833],[-70.57424540001693,-33.46229429927837],[-70.57432850001693,-33.46227369927835],[-70.57453730001698,-33.462221999278334],[-70.57461150001699,-33.462203599278354],[-70.57618970001718,-33.46181279927835],[-70.57693940001728,-33.46162699927836],[-70.57706440001728,-33.46159559927835],[-70.57758290001736,-33.46146409927836],[-70.57787330001739,-33.461396299278356],[-70.57810840001741,-33.46134279927835],[-70.57838550001746,-33.46128169927835],[-70.57865000001749,-33.46122439927835],[-70.57892800001753,-33.46116399927836],[-70.57895730001754,-33.461157499278364],[-70.57929944106365,-33.46108307761978],[-70.57962340001761,-33.46101259927836],[-70.57970620001763,-33.46099519927835],[-70.58059670001774,-33.460802099278354],[-70.58069170001775,-33.46078149927837],[-70.58078280001776,-33.46076129927837],[-70.58122230001781,-33.460666899278365],[-70.58148200001784,-33.46061109927837],[-70.58181860001791,-33.46053879927836],[-70.58243953163898,-33.46040653807003],[-70.58278321231987,-33.460332101694995],[-70.58333530001809,-33.460210299278366],[-70.58396610001819,-33.460071199278374],[-70.58438730001824,-33.459978699278366],[-70.58448300001825,-33.459958499278365],[-70.58459230001826,-33.45993519927838],[-70.58557680001837,-33.459766799278356],[-70.5856398000184,-33.459756399278376],[-70.58644857921001,-33.45962135146554],[-70.58670880001853,-33.45957789927837],[-70.58683970001854,-33.45955699927837],[-70.58697330001856,-33.45953579927835],[-70.5871433368247,-33.459517004982956],[-70.58733256510337,-33.459505134079144],[-70.58760310001865,-33.459503099278365],[-70.58820900001874,-33.45950019927837],[-70.58886380001881,-33.45947869927834],[-70.58895240001881,-33.45947609927837],[-70.58904570001884,-33.45947169927837],[-70.58968570001895,-33.45944179927837],[-70.590145300019,-33.45942029927836],[-70.5909629000191,-33.459383799278356],[-70.59128340001914,-33.45936929927833],[-70.59158612604983,-33.45935457291405],[-70.59188060001922,-33.45934239927834],[-70.59383260001948,-33.459265099278355],[-70.5939207000195,-33.45926169927835],[-70.59402030001951,-33.45925939927835],[-70.59591130001976,-33.459183199278336],[-70.59601070001978,-33.45917929927834],[-70.59621705072477,-33.459171202617476],[-70.59673290169724,-33.4591509604698],[-70.59703122296396,-33.45913925327063],[-70.59784560002004,-33.459107399278345],[-70.59793120002006,-33.45910469927833],[-70.59805610002006,-33.45910059927834],[-70.59814690002007,-33.459097699278324],[-70.59824350002009,-33.45909449927833],[-70.59849890002012,-33.459086299278326],[-70.59901260033281,-33.45907095974552],[-70.59959525723396,-33.45905375407658],[-70.59989210002033,-33.45904499927835],[-70.59998320002033,-33.45903879927833],[-70.60008620002034,-33.45902709927832],[-70.60020450002035,-33.459003199278314],[-70.60050991759576,-33.45891980998292],[-70.6012311000205,-33.45872289927832],[-70.60129880002052,-33.45870709927833],[-70.60136720002052,-33.45869379927833],[-70.60143162349348,-33.45868373605083],[-70.60177428056765,-33.45864830834343],[-70.60181892228515,-33.458643921467356],[-70.60187713876641,-33.45863820059444],[-70.60189913473717,-33.45863603906605],[-70.60250825177404,-33.45857617998073],[-70.60310840002076,-33.45851719927831],[-70.6036891308721,-33.4584564622976],[-70.60523389244534,-33.4582948515729],[-70.60548523603293,-33.45826883022181],[-70.60562590002112,-33.458253099278316],[-70.60569083603339,-33.45824683022125],[-70.60589700961482,-33.45822593934446],[-70.60637334843447,-33.45817828341729],[-70.60681233024746,-33.458134363258836],[-70.60817360002149,-33.45800139927832],[-70.60865760002156,-33.457953199278315],[-70.60934640002166,-33.45788469927831],[-70.60946360002167,-33.457873099278316],[-70.6096462000217,-33.457853399278314],[-70.6096462000217,-33.457853399278314],[-70.6097486000217,-33.45784459927831],[-70.6103201000218,-33.45779289927831],[-70.611714800022,-33.4576559992783],[-70.61177990002201,-33.4576499992783],[-70.61420280002235,-33.457421399278296],[-70.6172187000228,-33.45714449927828]]]},"properties":{"id":"C007","OBJECTID":15,"nombre":"EDUARDO CASTILLO VELASCO","escala":"Comunal","comunas":null,"macrozona":"ORIENTE","km":4.09,"n_priori":null,"anteproyec":"SIN INFORME ANTEPROYECTO","poblacion":12842,"costo":1388,"costoOD":-12,"oportunidades":60,"equidad":0.327,"continuidad":0.708,"demanda":9889,"centerLng":-70.59551650001984,"centerLat":-33.45977569927831,"kind":"proyecto","numPistas":2.25,"pendMedia":0.98,"pendMax":1.04,"pctLenPend5":0}},{"type":"Feature","geometry":{"type":"MultiLineString","coordinates":[[[-70.71810445879504,-33.40161088078413],[-70.71790912874457,-33.39977238683283],[-70.71741756830728,-33.3999556641692],[-70.71676607963188,-33.400086918423156],[-70.71640067788992,-33.400004794132556],[-70.71589465365618,-33.39961178680115],[-70.71562667187416,-33.399535193341194],[-70.71480789400968,-33.399301167261754],[-70.71371073010648,-33.39913884053174],[-70.71317931801134,-33.39906021190592],[-70.71197072720729,-33.3989762440051],[-70.71091077635104,-33.39870999791477],[-70.71028854981634,-33.39850403248178],[-70.70990774448637,-33.3983798442011],[-70.70939525772438,-33.39916043325409],[-70.70901120494253,-33.398988911855454],[-70.70839789968257,-33.398715000843296],[-70.70811168684402,-33.39868355424937],[-70.70767734217466,-33.39863582902698],[-70.70680801611594,-33.39846960823255],[-70.70644767036255,-33.398008541108005],[-70.70599874588414,-33.39781169569996],[-70.70546535438123,-33.39744903509158],[-70.70516297982621,-33.39724175215182],[-70.70501998492288,-33.39714372604884],[-70.70404183729927,-33.39677845650727],[-70.70308613495529,-33.3964215560567],[-70.70264621358992,-33.396414808443375],[-70.70210751608694,-33.39650182414662],[-70.70096368276542,-33.39668657727046],[-70.700044510883,-33.39643948943767]]]},"properties":{"id":"C008","OBJECTID":17,"nombre":"EL CERRO","escala":"Comunal","comunas":null,"macrozona":"NORTE","km":2.06,"n_priori":null,"anteproyec":"SIN INFORME ANTEPROYECTO","poblacion":5705,"costo":732,"costoOD":-26,"oportunidades":28,"equidad":0.667,"continuidad":0.607,"demanda":2932,"centerLng":-70.70907448483902,"centerLat":-33.39901284461375,"kind":"proyecto","numPistas":1.46,"pendMedia":0.61,"pendMax":2.33,"pctLenPend5":0}},{"type":"Feature","geometry":{"type":"MultiLineString","coordinates":[[[-70.69528001239941,-33.61155673110304],[-70.69645081908705,-33.61121219273331],[-70.69694781772472,-33.611054580249444],[-70.70387557603559,-33.60842723427421],[-70.71509885526889,-33.604169664743],[-70.71513170390593,-33.60415967687232],[-70.71517701804594,-33.604146300356206],[-70.7152688622092,-33.604136833193024],[-70.7153234384669,-33.604131206135],[-70.7154659522329,-33.60411651570933],[-70.71554739933407,-33.60410811873942],[-70.7155813379494,-33.60410462127598],[-70.71560386147009,-33.604100378274566]]]},"properties":{"id":"C046","OBJECTID":94,"nombre":"EUCALIPTOS","escala":"Comunal","comunas":null,"macrozona":"SUR","km":2.06,"n_priori":null,"anteproyec":"SIN INFORME ANTEPROYECTO","poblacion":5233,"costo":757,"costoOD":-16,"oportunidades":14,"equidad":0.824,"continuidad":0.695,"demanda":4071,"centerLng":-70.70544193693475,"centerLat":-33.60782855468881,"kind":"proyecto","numPistas":2,"pendMedia":0.85,"pendMax":0.85,"pctLenPend5":0}},{"type":"Feature","geometry":{"type":"MultiLineString","coordinates":[[[-70.69670727425836,-33.58275127329766],[-70.69889228418903,-33.58203845085885],[-70.70139132748578,-33.581550767399015],[-70.70471201388705,-33.59091785581929],[-70.70494712275028,-33.59158279925168],[-70.70533060086538,-33.592667338471806],[-70.7059378141178,-33.59438457683164],[-70.70628398745508,-33.59536354193877],[-70.70661259433484,-33.59623739248649],[-70.71007588173637,-33.59562063383003],[-70.71385125187443,-33.594994075261155]]]},"properties":{"id":"C011","OBJECTID":22,"nombre":"EYZAGUIRRE","escala":"Comunal","comunas":null,"macrozona":"SUR","km":2.84,"n_priori":null,"anteproyec":"SIN INFORME ANTEPROYECTO","poblacion":6897,"costo":1100,"costoOD":-14,"oportunidades":30,"equidad":0.926,"continuidad":0.585,"demanda":4615,"centerLng":-70.70527926306639,"centerLat":-33.588894079942754,"kind":"proyecto","numPistas":2,"pendMedia":0.13,"pendMax":0.13,"pctLenPend5":0}},{"type":"Feature","geometry":{"type":"MultiLineString","coordinates":[[[-70.76895691182442,-33.44297459299614],[-70.76861975036397,-33.444245417362616],[-70.76836729016425,-33.445133677085096],[-70.76803645562086,-33.44618865582139],[-70.767817785391,-33.4470007305903],[-70.76686214357196,-33.44721171649175],[-70.76701022699442,-33.44780360369447],[-70.76680437839865,-33.44791998190089],[-70.76682003086123,-33.447948639056584],[-70.76705345380743,-33.44794191750548],[-70.76717979627065,-33.44838980417716],[-70.76714013675145,-33.44839533668249],[-70.76709081391348,-33.448239767242036],[-70.76705489897678,-33.44824958671781],[-70.76723471172336,-33.44868937130456],[-70.76733680107652,-33.448744083736614],[-70.76731310104499,-33.44886625431042],[-70.76729953120497,-33.4489815214404],[-70.76707667633711,-33.44986338008277],[-70.76654720842548,-33.451503530775724],[-70.7662327563277,-33.45244661348818],[-70.7657773646285,-33.45384901547785],[-70.7656004990394,-33.45441206205291],[-70.76552144563315,-33.45476300091258],[-70.7655190962303,-33.4549886130625],[-70.76562719033458,-33.45519893740149],[-70.76582137043333,-33.45543264994335],[-70.76610080499596,-33.45567342686622],[-70.76673147575613,-33.45616086759168]],[[-70.76113164352807,-33.427680567204504],[-70.76117582794619,-33.427908466551465],[-70.76126973689205,-33.42837307197395],[-70.76145704855061,-33.42879427397482],[-70.76175766583268,-33.42944617752702],[-70.76198174106936,-33.430033260270235],[-70.76211459045591,-33.4304165663921],[-70.76229647810857,-33.431127909012986],[-70.76242284148306,-33.43174445623298],[-70.76250900573386,-33.432162010389575],[-70.76256466212337,-33.43269772980417],[-70.76258810568433,-33.4331860924155],[-70.76264214925894,-33.43366602816902],[-70.76267081060081,-33.4340955809918],[-70.76275235717829,-33.43441140097855],[-70.76294808209944,-33.43497761606446],[-70.7630912740805,-33.435358519068096],[-70.76319828835507,-33.435720167874145],[-70.76329371454139,-33.43605903852549],[-70.76336253978707,-33.4363100962533],[-70.76341064768842,-33.43650967323958],[-70.76345046879274,-33.43686008678294],[-70.76349653730304,-33.43718891058762],[-70.76351891843406,-33.43745089671775],[-70.7635506125325,-33.43781913902017],[-70.76359128049707,-33.43816158015003],[-70.76361010124053,-33.438329241159096],[-70.76365214359168,-33.43868471540976],[-70.76369941136136,-33.439095706150134],[-70.76373041405584,-33.43946924450893],[-70.763788132123,-33.43994408306414],[-70.76385787004993,-33.440518439640314],[-70.76393660995878,-33.44097311669055],[-70.76400267428122,-33.44133402309984],[-70.76404748126538,-33.441631038767895],[-70.76407709924078,-33.44180889235774],[-70.764081879412,-33.441933055124046],[-70.76406263172198,-33.442057938548984]]]},"properties":{"id":"C049","OBJECTID":1,"nombre":"FEDERICO ERRÁZURIZ (EX SERRANO)","escala":"Comunal","comunas":null,"macrozona":"PONIENTE","km":3.32,"n_priori":null,"anteproyec":"SIN INFORME ANTEPROYECTO","poblacion":9084,"costo":784,"costoOD":-18,"oportunidades":28,"equidad":0.793,"continuidad":0.792,"demanda":4177,"centerLng":-70.76504427767625,"centerLat":-33.44192071739809,"kind":"proyecto","numPistas":2.01,"pendMedia":0.36,"pendMax":1.5,"pctLenPend5":0}},{"type":"Feature","geometry":{"type":"MultiLineString","coordinates":[[[-70.7119084383638,-33.45904541056338],[-70.7121010038983,-33.45870514217468],[-70.71265081612248,-33.457733591977814],[-70.71271018576667,-33.4565647745908],[-70.71259103728671,-33.4548484652306],[-70.71274489510108,-33.45398736077425],[-70.71376127560282,-33.450586576255695],[-70.71376233860147,-33.45058302033634]]]},"properties":{"id":"C076","OBJECTID":152,"nombre":"ISLA DECEPCION","escala":"Comunal","comunas":null,"macrozona":"PONIENTE","km":0.97,"n_priori":null,"anteproyec":"SIN INFORME ANTEPROYECTO","poblacion":2754,"costo":257,"costoOD":-10,"oportunidades":12,"equidad":0.791,"continuidad":0.91,"demanda":1010,"centerLng":-70.71283538848263,"centerLat":-33.45481421544986,"kind":"proyecto","numPistas":2.09,"pendMedia":0.18,"pendMax":2.4,"pctLenPend5":0}},{"type":"Feature","geometry":{"type":"MultiLineString","coordinates":[[[-70.7040445190776,-33.40543080333556],[-70.70404655784071,-33.405429688176234],[-70.70584985412614,-33.404444391841864],[-70.70698383627393,-33.404303342172156],[-70.70938517002901,-33.40472189204834],[-70.70958106571301,-33.40475231880407],[-70.71205568166438,-33.40513667916107],[-70.7142114024747,-33.40523235803348],[-70.71463994921487,-33.40572822982056],[-70.71577016410261,-33.406916912332186],[-70.71660311618184,-33.40667958034497],[-70.71745042773622,-33.406525361902496],[-70.71902260095376,-33.40649553408822],[-70.72005690314532,-33.4065835669246],[-70.72154493669156,-33.40663047016657],[-70.7227195412162,-33.406619874354234],[-70.72777700644717,-33.40652444099665]]]},"properties":{"id":"C051","OBJECTID":102,"nombre":"JOSE MIGUEL INFANTE - DOMINGO STA MARIA","escala":"Comunal","comunas":null,"macrozona":"NORTE","km":2.35,"n_priori":null,"anteproyec":"SIN INFORME ANTEPROYECTO","poblacion":6960,"costo":591,"costoOD":-13,"oportunidades":17,"equidad":0.613,"continuidad":0.871,"demanda":2931,"centerLng":-70.71591076276238,"centerLat":-33.405610127252174,"kind":"proyecto","numPistas":1.78,"pendMedia":0.6,"pendMax":3.08,"pctLenPend5":0}},{"type":"Feature","geometry":{"type":"MultiLineString","coordinates":[[[-70.61844652690898,-33.59549903469798],[-70.61844733899672,-33.5954904929372],[-70.61915142991792,-33.588076651961316],[-70.61949539631888,-33.5844891079314]]]},"properties":{"id":"C016","OBJECTID":31,"nombre":"JUANITA","escala":"Comunal","comunas":null,"macrozona":"SUR","km":1.23,"n_priori":null,"anteproyec":"SIN INFORME ANTEPROYECTO","poblacion":2980,"costo":354,"costoOD":-23,"oportunidades":15,"equidad":0.826,"continuidad":0.88,"demanda":2202,"centerLng":-70.61897096161394,"centerLat":-33.58999407131469,"kind":"proyecto","numPistas":2,"pendMedia":0.61,"pendMax":0.61,"pctLenPend5":0}},{"type":"Feature","geometry":{"type":"MultiLineString","coordinates":[[[-70.75065340937627,-33.42930560391663],[-70.75068774279399,-33.42891634945611],[-70.75078181547734,-33.427849811965416],[-70.75151934589019,-33.42532797804991],[-70.75150209239678,-33.4244690517515],[-70.75410610186486,-33.41286649693758]]]},"properties":{"id":"C086","OBJECTID":172,"nombre":"LA ESTRELLA","escala":"Comunal","comunas":null,"macrozona":"PONIENTE","km":1.85,"n_priori":null,"anteproyec":"SIN INFORME ANTEPROYECTO","poblacion":5350,"costo":430,"costoOD":-15,"oportunidades":25,"equidad":0.89,"continuidad":0.581,"demanda":2834,"centerLng":-70.75237975562057,"centerLat":-33.42108605042711,"kind":"proyecto","numPistas":1.9,"pendMedia":0.46,"pendMax":3.58,"pctLenPend5":0}},{"type":"Feature","geometry":{"type":"MultiLineString","coordinates":[[[-70.73837935147172,-33.370911941779454],[-70.7410538812781,-33.370824272269125],[-70.743395633149,-33.37129319317307],[-70.74400053424445,-33.37181823806792],[-70.74564765426341,-33.37147593091616],[-70.74774249726654,-33.37097094719818],[-70.75050429278765,-33.370139359390585],[-70.75190534480492,-33.37006074515391],[-70.75460894339783,-33.369745616413745],[-70.75512730273273,-33.371225056937476],[-70.75549920927112,-33.371632653071146],[-70.75652031031434,-33.372751720861885],[-70.75754477212402,-33.3738718741343],[-70.76506543727255,-33.37206411181588],[-70.77281788199411,-33.36998847473487],[-70.77914381309266,-33.36815772394631],[-70.78042656199271,-33.367274033016706],[-70.78170292930359,-33.366394708295694],[-70.78267913798892,-33.36572215030349]]]},"properties":{"id":"C017","OBJECTID":33,"nombre":"LA PARINACOTA","escala":"Comunal","comunas":null,"macrozona":"NORTE","km":4.65,"n_priori":null,"anteproyec":"SIN INFORME ANTEPROYECTO","poblacion":13051,"costo":1418,"costoOD":-17,"oportunidades":68,"equidad":0.666,"continuidad":0.779,"demanda":6304,"centerLng":-70.76052924473032,"centerLat":-33.369797012218896,"kind":"proyecto","numPistas":1.94,"pendMedia":0.4,"pendMax":7.68,"pctLenPend5":1.3}},{"type":"Feature","geometry":{"type":"MultiLineString","coordinates":[[[-70.60775411837953,-33.59433059232833],[-70.60853954668453,-33.59440389247102],[-70.61310652167109,-33.59489132501999],[-70.6176760138601,-33.59540927426392],[-70.61844733899672,-33.5954904929372],[-70.62346128513421,-33.59601833202573],[-70.62730985379135,-33.59644103497103]]]},"properties":{"id":"C018","OBJECTID":35,"nombre":"LA PRIMAVERA","escala":"Comunal","comunas":null,"macrozona":"SUR","km":1.83,"n_priori":null,"anteproyec":"SIN INFORME ANTEPROYECTO","poblacion":4457,"costo":588,"costoOD":-10,"oportunidades":5,"equidad":0.876,"continuidad":0.678,"demanda":3017,"centerLng":-70.61753198608544,"centerLat":-33.595385813649685,"kind":"proyecto","numPistas":2,"pendMedia":0.8,"pendMax":0.8,"pctLenPend5":0}},{"type":"Feature","geometry":{"type":"MultiLineString","coordinates":[[[-70.69827076632018,-33.59280358216455],[-70.6984677259422,-33.593095026359286],[-70.69893263497062,-33.5929867407904],[-70.70011044018241,-33.59271272545681],[-70.70230493706141,-33.59220214435841],[-70.70341076773117,-33.59194483932779],[-70.70494712275028,-33.59158279925168],[-70.70582186092908,-33.59137665845097],[-70.70984431710133,-33.59039474446675],[-70.71224254369872,-33.589841169479314]]]},"properties":{"id":"C019","OBJECTID":37,"nombre":"LAS HIJUELAS SUR - LIBERTADOR BERNARDO OHIGGINS","escala":"Comunal","comunas":null,"macrozona":"SUR","km":1.37,"n_priori":null,"anteproyec":"SIN INFORME ANTEPROYECTO","poblacion":3327,"costo":461,"costoOD":-24,"oportunidades":4,"equidad":0.826,"continuidad":0.577,"demanda":1400,"centerLng":-70.70525665500945,"centerLat":-33.591468097919304,"kind":"proyecto","numPistas":2.02,"pendMedia":1.08,"pendMax":1.1,"pctLenPend5":0}},{"type":"Feature","geometry":{"type":"MultiLineString","coordinates":[[[-70.74944124964877,-33.479188868748146],[-70.74944076376185,-33.479185469500834],[-70.74879835777845,-33.47469457455445],[-70.74877408767846,-33.47450757108696],[-70.74854219032603,-33.473112334301746],[-70.74808854109037,-33.470495023701524],[-70.74801801012774,-33.470072158195876],[-70.74799420585248,-33.469866386696054],[-70.74790276750933,-33.46931977644507],[-70.74788695736736,-33.469033404328094],[-70.74799316428859,-33.46881274718089],[-70.74815031312345,-33.46862508619085],[-70.7483592607986,-33.46851255849654],[-70.74876997902227,-33.46843090180186],[-70.74998269492173,-33.46821990664219],[-70.7513356603401,-33.46798163390549],[-70.75289908747995,-33.467706651364956],[-70.75327827250726,-33.467557990834415],[-70.75385471516536,-33.46684659726088],[-70.75354237263201,-33.465592307784476]],[[-70.74944125006235,-33.47918886911673],[-70.74944076442846,-33.47918546877999]]]},"properties":{"id":"C063","OBJECTID":128,"nombre":"LONGITUDINAL","escala":"Comunal","comunas":null,"macrozona":"PONIENTE","km":1.92,"n_priori":null,"anteproyec":"CON OBSERVACIONES FUERA DE PLAZO EN SEREMITT (ESPERANDO RECHAZO)","poblacion":5383,"costo":481,"costoOD":-24,"oportunidades":18,"equidad":0.842,"continuidad":0.741,"demanda":2810,"centerLng":-70.75087083626636,"centerLat":-33.47239058845061,"kind":"proyecto","numPistas":2,"pendMedia":0.03,"pendMax":0.03,"pctLenPend5":0}},{"type":"Feature","geometry":{"type":"MultiLineString","coordinates":[[[-70.7346042978951,-33.43941761517698],[-70.734573632812,-33.439393190489525],[-70.7339805569021,-33.43892078111533],[-70.73351462714315,-33.438549644396765],[-70.73276970070576,-33.43832133171026],[-70.73151399441967,-33.43812425247846],[-70.72920798430489,-33.438084854978285],[-70.72781432111752,-33.43812814474428],[-70.72687872131922,-33.4383082043064],[-70.72418304485436,-33.43870474957079],[-70.72441110932797,-33.44017855674123],[-70.72295364373814,-33.44043930527591],[-70.72293406279917,-33.44044315257567],[-70.71550865743939,-33.44190196714834],[-70.7140064182021,-33.441493254956],[-70.71306419040035,-33.44156713606078],[-70.71305400467884,-33.44156793375942],[-70.71031219479168,-33.441782878923014],[-70.7103171941229,-33.44231237456269]]]},"properties":{"id":"C024","OBJECTID":49,"nombre":"LOS ARRAYANES - LOS COPIHUES","escala":"Comunal","comunas":null,"macrozona":"PONIENTE","km":2.59,"n_priori":null,"anteproyec":"SIN INFORME ANTEPROYECTO","poblacion":6865,"costo":575,"costoOD":-20,"oportunidades":8,"equidad":0.845,"continuidad":0.754,"demanda":3529,"centerLng":-70.7224582463434,"centerLat":-33.44019861477049,"kind":"proyecto","numPistas":1.99,"pendMedia":0.56,"pendMax":1.94,"pctLenPend5":0}},{"type":"Feature","geometry":{"type":"MultiLineString","coordinates":[[[-70.68085741746954,-33.36758743236124],[-70.68089470605952,-33.36712824032319],[-70.68089698314292,-33.367100207555694],[-70.68104511227583,-33.36539100373901],[-70.6813986834363,-33.363327816872406],[-70.6824045274809,-33.35855610942414],[-70.68261645991569,-33.35826083771471],[-70.68317020847248,-33.35586748274538],[-70.68335739606113,-33.35565331099872],[-70.684014105301,-33.35193718819792]]]},"properties":{"id":"C085","OBJECTID":170,"nombre":"LOS LIBERTADORES","escala":"Comunal","comunas":null,"macrozona":"NORTE","km":1.77,"n_priori":null,"anteproyec":"SIN INFORME ANTEPROYECTO","poblacion":5461,"costo":699,"costoOD":-21,"oportunidades":25,"equidad":0.56,"continuidad":0.682,"demanda":4291,"centerLng":-70.68243576138528,"centerLat":-33.35976231027958,"kind":"proyecto","numPistas":1.97,"pendMedia":0.72,"pendMax":4.95,"pctLenPend5":0}},{"type":"Feature","geometry":{"type":"MultiLineString","coordinates":[[[-70.74094137788883,-33.43623823115558],[-70.74091932561296,-33.43623877704407],[-70.73524633469582,-33.43637910006162],[-70.73462735471372,-33.436394394831645],[-70.734573632812,-33.439393190489525],[-70.73448041988051,-33.44459661478806]]]},"properties":{"id":"C026","OBJECTID":54,"nombre":"LOS MAITENES","escala":"Comunal","comunas":null,"macrozona":"PONIENTE","km":1.5,"n_priori":null,"anteproyec":"SIN INFORME ANTEPROYECTO","poblacion":3979,"costo":382,"costoOD":-27,"oportunidades":6,"equidad":0.895,"continuidad":0.552,"demanda":1799,"centerLng":-70.73771089888467,"centerLat":-33.44041742297182,"kind":"proyecto","numPistas":2,"pendMedia":0,"pendMax":0,"pctLenPend5":0}},{"type":"Feature","geometry":{"type":"MultiLineString","coordinates":[[[-70.63584959111161,-33.4567470455862],[-70.63339094086471,-33.465669419254745],[-70.63272567637426,-33.46808334531662]]]},"properties":{"id":"C028","OBJECTID":60,"nombre":"MADRID","escala":"Comunal","comunas":null,"macrozona":"CENTRO","km":1.29,"n_priori":null,"anteproyec":"SIN INFORME ANTEPROYECTO","poblacion":4904,"costo":371,"costoOD":-15,"oportunidades":9,"equidad":0.365,"continuidad":0.75,"demanda":1912,"centerLng":-70.63428763374293,"centerLat":-33.46241519545141,"kind":"proyecto","numPistas":2,"pendMedia":0.9,"pendMax":0.9,"pctLenPend5":0}},{"type":"Feature","geometry":{"type":"MultiLineString","coordinates":[[[-70.58545757582505,-33.56081268520305],[-70.58949421880229,-33.561209584800274],[-70.5940727383859,-33.561659601055496],[-70.59857218777663,-33.562113514972474],[-70.60243965388781,-33.56244195907489],[-70.60477340089295,-33.56261789434602],[-70.60480697078627,-33.56305447652856],[-70.60692682123732,-33.5632430391806],[-70.60940113137896,-33.56346308439948],[-70.61019899910653,-33.56372700034646],[-70.6125600000663,-33.56386000108382],[-70.6137915226832,-33.56379740377283]]]},"properties":{"id":"C029","OBJECTID":62,"nombre":"MARIA ELENA","escala":"Comunal","comunas":null,"macrozona":"SURORIENTE","km":2.7,"n_priori":null,"anteproyec":"SIN INFORME ANTEPROYECTO","poblacion":6151,"costo":819,"costoOD":-9,"oportunidades":12,"equidad":0.865,"continuidad":0.649,"demanda":3592,"centerLng":-70.59962454925412,"centerLat":-33.56233634314343,"kind":"proyecto","numPistas":2.03,"pendMedia":0.73,"pendMax":1.42,"pctLenPend5":0}},{"type":"Feature","geometry":{"type":"MultiLineString","coordinates":[[[-70.71275934001173,-33.43783120389325],[-70.71306419040035,-33.44156713606078],[-70.71317202540895,-33.44288856390238]]]},"properties":{"id":"C031","OBJECTID":68,"nombre":"NECOCHEA","escala":"Comunal","comunas":null,"macrozona":"PONIENTE","km":0.56,"n_priori":null,"anteproyec":"SIN INFORME ANTEPROYECTO","poblacion":1512,"costo":180,"costoOD":-23,"oportunidades":2,"equidad":0.795,"continuidad":0.728,"demanda":824,"centerLng":-70.71296568271035,"centerLat":-33.44035988389781,"kind":"proyecto","numPistas":2,"pendMedia":0.01,"pendMax":0.01,"pctLenPend5":0}},{"type":"Feature","geometry":{"type":"MultiLineString","coordinates":[[[-70.72293406279917,-33.44044315257567],[-70.72316006962402,-33.4420002630479],[-70.72327374123267,-33.44316403703685],[-70.72331776664414,-33.44424787928235],[-70.72309852541908,-33.444581311024834],[-70.72279891897735,-33.4456096848852],[-70.72273342405066,-33.44649764759454],[-70.72261289421206,-33.44842678241623],[-70.7223681859853,-33.45175001120017],[-70.72236694761887,-33.45176681503264],[-70.72224781622602,-33.453421877863526],[-70.72174185674348,-33.45576190393481]]]},"properties":{"id":"C043","OBJECTID":86,"nombre":"NEPTUNO","escala":"Comunal","comunas":null,"macrozona":"PONIENTE","km":1.72,"n_priori":null,"anteproyec":"SIN INFORME ANTEPROYECTO","poblacion":4682,"costo":546,"costoOD":-15,"oportunidades":10,"equidad":0.794,"continuidad":0.598,"demanda":3025,"centerLng":-70.72252981169382,"centerLat":-33.448102528255234,"kind":"proyecto","numPistas":3.47,"pendMedia":0.76,"pendMax":2.92,"pctLenPend5":0}},{"type":"Feature","geometry":{"type":"MultiLineString","coordinates":[[[-70.77911103010638,-33.5245752183167],[-70.79189603513395,-33.52479473743213],[-70.79440974271581,-33.52486030013932],[-70.79691648426977,-33.52492563015863],[-70.79841379612165,-33.52498377132888]]]},"properties":{"id":"C065","OBJECTID":131,"nombre":"NUEVA SAN MARTIN","escala":"Comunal","comunas":null,"macrozona":"PONIENTE","km":1.79,"n_priori":null,"anteproyec":"SIN INFORME ANTEPROYECTO","poblacion":5037,"costo":508,"costoOD":-12,"oportunidades":18,"equidad":0.892,"continuidad":0.939,"demanda":2317,"centerLng":-70.78876241311401,"centerLat":-33.52477949482279,"kind":"proyecto","numPistas":1.99,"pendMedia":0.69,"pendMax":0.81,"pctLenPend5":0}},{"type":"Feature","geometry":{"type":"MultiLineString","coordinates":[[[-70.67865261096586,-33.55899324056781],[-70.65679656960003,-33.56239986598043]],[[-70.65679656963543,-33.56239986630621],[-70.65673833403636,-33.5624089377677]]]},"properties":{"id":"C033","OBJECTID":71,"nombre":"OBSERVATORIO","escala":"Comunal","comunas":null,"macrozona":"SUR","km":2.07,"n_priori":null,"anteproyec":"CON OBSERVACIONES FUERA DE PLAZO EN SEREMITT (ESPERANDO RECHAZO)","poblacion":5174,"costo":729,"costoOD":-11,"oportunidades":8,"equidad":0.875,"continuidad":0.926,"demanda":2499,"centerLng":-70.66769547250111,"centerLat":-33.56070108916775,"kind":"proyecto","numPistas":2,"pendMedia":0.93,"pendMax":0.93,"pctLenPend5":0}},{"type":"Feature","geometry":{"type":"MultiLineString","coordinates":[[[-70.53410011673941,-33.47315740843442],[-70.54166246276567,-33.47164923277267],[-70.55172475500781,-33.46964169685359],[-70.5517247927766,-33.46964167969731],[-70.55227197718445,-33.4693931215421],[-70.55682686977916,-33.468097359452344],[-70.56315583339071,-33.46631911198418],[-70.56327456818252,-33.466249930736446],[-70.56392798680297,-33.465617992423134],[-70.56486345080353,-33.46476339096447],[-70.5649838493411,-33.46469222401372],[-70.5650156628585,-33.464682246035544],[-70.56619579011968,-33.46432316113174],[-70.5738778799772,-33.46238826435368]]]},"properties":{"id":"C083","OBJECTID":167,"nombre":"ORIENTAL-LAS PARCELAS","escala":"Comunal","comunas":null,"macrozona":"SURORIENTE","km":3.92,"n_priori":null,"anteproyec":"SIN INFORME ANTEPROYECTO","poblacion":9690,"costo":1423,"costoOD":-13,"oportunidades":42,"equidad":0.86,"continuidad":0.884,"demanda":3856,"centerLng":-70.5539889983583,"centerLat":-33.46777283639405,"kind":"proyecto","numPistas":2.4,"pendMedia":2.61,"pendMax":7.42,"pctLenPend5":9.5}},{"type":"Feature","geometry":{"type":"MultiLineString","coordinates":[[[-70.63396762842889,-33.4563871117224],[-70.63158206878266,-33.46546947298429],[-70.63089470002491,-33.467863099278006]]]},"properties":{"id":"C034","OBJECTID":73,"nombre":"PEDRO LEON UGALDE","escala":"Comunal","comunas":null,"macrozona":"CENTRO","km":1.3,"n_priori":null,"anteproyec":"SIN INFORME ANTEPROYECTO","poblacion":5019,"costo":481,"costoOD":-25,"oportunidades":9,"equidad":0.365,"continuidad":0.825,"demanda":3398,"centerLng":-70.6324311642269,"centerLat":-33.462125105500206,"kind":"proyecto","numPistas":2,"pendMedia":0.94,"pendMax":0.94,"pctLenPend5":0}},{"type":"Feature","geometry":{"type":"MultiLineString","coordinates":[[[-70.67154767881436,-33.475834877224],[-70.67169890341373,-33.47579527108106],[-70.67255450491872,-33.47557118251028],[-70.67292517578855,-33.474858314206045],[-70.6729368669751,-33.47474282326889],[-70.67305171219905,-33.47360824217286],[-70.67293619518156,-33.47053585319329],[-70.67296634944975,-33.4683597240683],[-70.6729917238213,-33.46647041842134],[-70.67335250394727,-33.46499811851465],[-70.6737287200368,-33.4633926523953],[-70.67437785518644,-33.460581986815555],[-70.67464938299524,-33.459497631057175],[-70.67484974565185,-33.458537019314306]]]},"properties":{"id":"C037","OBJECTID":75,"nombre":"SAN ALFONSO","escala":"Comunal","comunas":null,"macrozona":"CENTRO","km":2.01,"n_priori":null,"anteproyec":"SIN INFORME ANTEPROYECTO","poblacion":7752,"costo":478,"costoOD":-26,"oportunidades":17,"equidad":0.364,"continuidad":0.922,"demanda":2782,"centerLng":-70.6731987122331,"centerLat":-33.467185948269154,"kind":"proyecto","numPistas":2.67,"pendMedia":0.5,"pendMax":4.5,"pctLenPend5":0}},{"type":"Feature","geometry":{"type":"MultiLineString","coordinates":[[[-70.59978916835595,-33.597124222050624],[-70.59987694398632,-33.59713616414807],[-70.60039302084189,-33.59720385701778],[-70.6009161348924,-33.59726547406777],[-70.6014627518253,-33.59733164078798],[-70.60257980243685,-33.597468748729156],[-70.60294024171979,-33.5975162221413],[-70.60296515024247,-33.59752391674074],[-70.60316482671642,-33.59758454003987],[-70.6031650065808,-33.5975845948985],[-70.60316802560494,-33.59758551310631],[-70.60328587366514,-33.59759407914881],[-70.6043017334594,-33.59771160974832],[-70.60461764011323,-33.5977481590956],[-70.60464956874385,-33.597751875094325],[-70.60552840783112,-33.59785411721904],[-70.6057522499877,-33.59788015888753],[-70.60617230712771,-33.59792902894688],[-70.6062332227065,-33.597936114705284],[-70.60638945203307,-33.59794584716849]],[[-70.540553286618,-33.591144875281444],[-70.5408769472265,-33.591229572532384],[-70.54135336038252,-33.5913616361762],[-70.54203154813072,-33.59124968586997],[-70.54284074371873,-33.59155009090961],[-70.54370437167289,-33.59259155440236],[-70.54578940577015,-33.59508398228553],[-70.54713322313363,-33.59530867789876],[-70.55522279041423,-33.59625710382782],[-70.55559784368039,-33.59631911478087],[-70.55789813410675,-33.596467134196445],[-70.5591660999508,-33.59655256709283],[-70.5609120113957,-33.59665780395999],[-70.56249631916548,-33.5967610821038],[-70.56397099687985,-33.59684584410592],[-70.56488462803915,-33.59691382296005],[-70.56617402113028,-33.59700090251514],[-70.56761120071265,-33.59711393020919],[-70.56897733385335,-33.59723977504106],[-70.57012442002257,-33.597340545874985],[-70.57122867687866,-33.59743787410408],[-70.57448430182622,-33.597722573383535],[-70.57658710562781,-33.59789807248354],[-70.59436559991225,-33.600315744221604]]]},"properties":{"id":"C068","OBJECTID":138,"nombre":"SAN CARLOS","escala":"Comunal","comunas":null,"macrozona":"SURORIENTE","km":5.87,"n_priori":null,"anteproyec":"SIN INFORME ANTEPROYECTO","poblacion":14150,"costo":1950,"costoOD":-13,"oportunidades":57,"equidad":0.862,"continuidad":0.636,"demanda":8374,"centerLng":-70.57347136932555,"centerLat":-33.595730309751524,"kind":"proyecto","numPistas":1.99,"pendMedia":0.98,"pendMax":2.75,"pctLenPend5":0}},{"type":"Feature","geometry":{"type":"MultiLineString","coordinates":[[[-70.63549333637421,-33.485771696952504],[-70.63410676703927,-33.486610276988976],[-70.63567716409571,-33.48952949613559],[-70.63573517936092,-33.489591856924854],[-70.63578226066868,-33.48962730819997],[-70.63592327706353,-33.49202407070048],[-70.63593066229612,-33.492149586380506],[-70.63609324623226,-33.49546700374539],[-70.63625381029107,-33.49788862440664],[-70.63593110746055,-33.50087280248398],[-70.63592752725948,-33.50090590472981],[-70.63551078771857,-33.50533452351554],[-70.6353411423057,-33.5070382711454]]]},"properties":{"id":"C081","OBJECTID":162,"nombre":"SAN GREGORIO - DIEGO MEZA","escala":"Comunal","comunas":null,"macrozona":"CENTRO","km":2.46,"n_priori":null,"anteproyec":"SIN INFORME ANTEPROYECTO","poblacion":10135,"costo":813,"costoOD":-26,"oportunidades":41,"equidad":0.41,"continuidad":0.686,"demanda":4662,"centerLng":-70.63518028866517,"centerLat":-33.49640498404895,"kind":"proyecto","numPistas":1.95,"pendMedia":0.85,"pendMax":1.86,"pctLenPend5":0}},{"type":"Feature","geometry":{"type":"MultiLineString","coordinates":[[[-70.73479271305838,-33.45015856281346],[-70.73479003128008,-33.45014876200181],[-70.73457730024731,-33.4493712792072],[-70.7337578460926,-33.446376205843315],[-70.73374321682091,-33.44613744393399],[-70.7336998344247,-33.44542939239865],[-70.73370862170042,-33.444588895007605]]]},"properties":{"id":"C039","OBJECTID":81,"nombre":"TUPUNGATO","escala":"Comunal","comunas":null,"macrozona":"PONIENTE","km":0.63,"n_priori":null,"anteproyec":"SIN INFORME ANTEPROYECTO","poblacion":1697,"costo":170,"costoOD":-13,"oportunidades":4,"equidad":0.844,"continuidad":0.721,"demanda":1267,"centerLng":-70.73424627374155,"centerLat":-33.447373728910534,"kind":"proyecto","numPistas":2,"pendMedia":2.15,"pendMax":2.15,"pctLenPend5":0}},{"type":"Feature","geometry":{"type":"MultiLineString","coordinates":[[[-70.70162820056755,-33.590233600537566],[-70.70167173386815,-33.59037194940961],[-70.70172864789687,-33.59055282279947],[-70.70202073865083,-33.591388752978034],[-70.70230465788687,-33.592201281043245],[-70.70230493668451,-33.59220214383281],[-70.70264237503639,-33.59324647345619],[-70.70265212079327,-33.593275702271455],[-70.70265786610591,-33.59329293386674],[-70.70313295316308,-33.594717710176226],[-70.703206653975,-33.59493873280052],[-70.70378118138666,-33.59657924867265],[-70.70425639030492,-33.59783765475825],[-70.704962424573,-33.599969210460515],[-70.70522202838444,-33.60065348725041],[-70.7057286988992,-33.60209216023923],[-70.7064919014521,-33.60429286651949],[-70.70717557080978,-33.60622652079755],[-70.70746373816505,-33.60706195720864]],[[-70.70162820081887,-33.590233600345364],[-70.70167173386815,-33.59037194940961],[-70.7017286483017,-33.59055282279048],[-70.70202073865083,-33.591388752978034],[-70.70230465827154,-33.59220128100925],[-70.70230493706141,-33.59220214435841],[-70.70264237528366,-33.59324647309114],[-70.70265212079327,-33.593275702271455],[-70.7026578665282,-33.593292934480885],[-70.70313295316308,-33.594717710176226],[-70.70320665400229,-33.59493873278115]]]},"properties":{"id":"C054","OBJECTID":107,"nombre":"VICTORIA","escala":"Comunal","comunas":null,"macrozona":"SUR","km":2.49,"n_priori":null,"anteproyec":"SIN INFORME ANTEPROYECTO","poblacion":6391,"costo":747,"costoOD":-14,"oportunidades":18,"equidad":0.873,"continuidad":0.568,"demanda":3534,"centerLng":-70.70454596936631,"centerLat":-33.59864777877701,"kind":"proyecto","numPistas":1.98,"pendMedia":0.18,"pendMax":0.22,"pctLenPend5":0}},{"type":"Feature","geometry":{"type":"MultiLineString","coordinates":[[[-70.72279891897735,-33.4456096848852],[-70.72397211336504,-33.44570073944374],[-70.72596424030057,-33.44578454007064],[-70.7277788608493,-33.44587879351762],[-70.73096279903817,-33.44610737510136],[-70.73369243390361,-33.44613711837942],[-70.73374321682091,-33.44613744393399],[-70.73579662985595,-33.446150620800594],[-70.73736730390367,-33.44612861798742],[-70.73824201420355,-33.446532613235576],[-70.73957180124393,-33.44662450506292]]]},"properties":{"id":"C078","OBJECTID":184,"nombre":"WALDO TAFF","escala":"Comunal","comunas":null,"macrozona":"PONIENTE","km":1.57,"n_priori":null,"anteproyec":"SIN INFORME ANTEPROYECTO","poblacion":4484,"costo":469,"costoOD":-17,"oportunidades":20,"equidad":0.841,"continuidad":0.708,"demanda":3384,"centerLng":-70.73118536011063,"centerLat":-33.446117094974056,"kind":"proyecto","numPistas":2.04,"pendMedia":0.5,"pendMax":0.51,"pctLenPend5":0}},{"type":"Feature","geometry":{"type":"MultiLineString","coordinates":[[[-70.65693120002915,-33.40685839927922],[-70.6585582653843,-33.40697002172332],[-70.66035320002973,-33.40709189927921],[-70.6605628894656,-33.40711095372513],[-70.66058430002977,-33.40711289927921],[-70.6607117000298,-33.407117399279194],[-70.66086530002981,-33.407124699279194],[-70.66092560002983,-33.40712429927919],[-70.66104430002986,-33.40712459927921],[-70.66111010002987,-33.40712129927918],[-70.66129727083373,-33.40711179087754],[-70.66133440002992,-33.407108499279204],[-70.66139640002991,-33.4071005992792],[-70.66147010002993,-33.40708669927921],[-70.66154260002996,-33.407068699279186],[-70.66231010003008,-33.40700159927919],[-70.66284107830427,-33.40695326548356],[-70.6641024000304,-33.406836999279186],[-70.66421069396385,-33.40682737990538],[-70.66578610003072,-33.406684999279186],[-70.6668551000309,-33.406583599279166],[-70.66723900003095,-33.40654499927919],[-70.66733860003097,-33.40653839927918],[-70.66742593737042,-33.406521439722056],[-70.66756016183159,-33.40647871308062],[-70.66763320003102,-33.40647199927919],[-70.66772570003104,-33.4064546992792],[-70.66791620003107,-33.40640599927917],[-70.66796710003109,-33.40639649927919],[-70.66800378238304,-33.40639573639109],[-70.6680689000311,-33.40639769927918],[-70.66811260003111,-33.40640319927917],[-70.6681825928058,-33.4062850276691],[-70.66827090003115,-33.40613959927918],[-70.66852985014344,-33.40614472773068],[-70.66995280003145,-33.40617289927917],[-70.6713493707156,-33.40620036254855],[-70.67173655767928,-33.406207973708646],[-70.67225400003187,-33.40621679927916],[-70.67229850003187,-33.406213199279165],[-70.67234780003187,-33.40620559927916],[-70.6724142000319,-33.40618939927916],[-70.67247790003192,-33.40616689927916],[-70.67257670003193,-33.40612319927917],[-70.67270391852995,-33.40606286322506],[-70.67278464353387,-33.406024577581086],[-70.6735570778156,-33.405597317406254],[-70.67370590003215,-33.40551349927916],[-70.67393740044581,-33.40534497747876],[-70.67393753174629,-33.405344856297646],[-70.67414320003222,-33.405176099279174],[-70.67417360003222,-33.40514299927917],[-70.67419673662214,-33.40510562747302],[-70.67451840003228,-33.405178999279165],[-70.67458810003228,-33.40492539927918],[-70.67460457665955,-33.404862854864724],[-70.6746223000323,-33.404807799279176],[-70.6746465000323,-33.40474619927918],[-70.67494820003236,-33.404140599279195],[-70.67540178474214,-33.40330255193638],[-70.67559507254792,-33.402947260826494],[-70.67812642919694,-33.39816284780845],[-70.678263020969,-33.39798820832119],[-70.67848565519908,-33.39783714979618],[-70.67979616951828,-33.39708513237056],[-70.68062980028205,-33.39662602753688],[-70.68089300762493,-33.396472511826566],[-70.68103160031752,-33.39634927760713],[-70.68164546109733,-33.3951859805789],[-70.68243189047655,-33.39376658920159],[-70.6826530000338,-33.39340269927939],[-70.68294460003386,-33.39290259927939],[-70.68305040003386,-33.392733499279416],[-70.68316260320638,-33.39249839604261],[-70.6831575000339,-33.39226139927942],[-70.68315480003389,-33.39216479927941],[-70.68316013121968,-33.39189758833893],[-70.6831638000339,-33.39171369927942],[-70.6831729000339,-33.39161169927941],[-70.68320150003389,-33.391526399279435],[-70.6832340000339,-33.391450699279424],[-70.68334450003393,-33.39123169927942],[-70.68360126902955,-33.390727500677734],[-70.68369560003399,-33.390536299279454],[-70.683744000034,-33.390440399279456],[-70.6842749000341,-33.38938869927947],[-70.6843160000341,-33.389307299279466],[-70.68436289604949,-33.38921442662772],[-70.68440947442066,-33.38912218283279],[-70.68443992792925,-33.389061872601694],[-70.68450990003414,-33.38892329927947],[-70.68492860531639,-33.38809377499918],[-70.68495710003424,-33.38803729927948],[-70.68544220003432,-33.38707509927952],[-70.68577540003439,-33.38641409927953],[-70.68589877508215,-33.38622581050563],[-70.68607540002192,-33.38605169929018],[-70.68646979933284,-33.385750189289354],[-70.68659733225363,-33.38553823439712],[-70.68804016770636,-33.382311272826286],[-70.68906493699207,-33.37997217169623],[-70.68961450003373,-33.37875359929266],[-70.68858110003491,-33.37872189927969],[-70.6880074000348,-33.37870479927969],[-70.68804950003482,-33.37863369927969],[-70.68810200003483,-33.378559799279685],[-70.68818000003485,-33.37846269927968],[-70.68841150003489,-33.378469299279686],[-70.6884553000349,-33.37841469927968],[-70.69001199633404,-33.376057011760395],[-70.69007255227439,-33.37594773163403],[-70.69075400003534,-33.37490829927976],[-70.691107576323,-33.37436889033307],[-70.69116433214317,-33.374282300367135],[-70.69119370003543,-33.37423409927976],[-70.69120180003543,-33.37421359927977],[-70.69120680003545,-33.37418839927976],[-70.69120750003543,-33.374155999279786],[-70.69119980003542,-33.37410829927977],[-70.6911920574006,-33.37405550110778],[-70.69118730003541,-33.37400829927979],[-70.69121867921349,-33.37323874350218],[-70.69122350003543,-33.37313209927979],[-70.69127731601938,-33.371865527645234],[-70.69131600003544,-33.37108139927983],[-70.69132748750208,-33.370709167239234],[-70.69137090003545,-33.36986569927986],[-70.69140395448997,-33.36919207158312],[-70.69145250003547,-33.3681169992799],[-70.69152960003548,-33.36648339927994]],[[-70.67393431647531,-33.40534530497464],[-70.67389390003216,-33.40537969927917],[-70.67404750003219,-33.40533669927917],[-70.67439536939553,-33.40528936151709],[-70.67442110003228,-33.405285999279165],[-70.6744584557561,-33.40526704674719],[-70.67447550003227,-33.40525839927917],[-70.67449230003228,-33.405232699279175],[-70.67451840003228,-33.405178999279165]],[[-70.66742515164658,-33.40652471850595],[-70.66756370003101,-33.40657589927918],[-70.66760460003103,-33.40659389927919],[-70.66764260003103,-33.406615899279174],[-70.66768380003104,-33.40664739927918],[-70.66771900003104,-33.40668359927918],[-70.66779130003106,-33.40677859927918],[-70.66786790003107,-33.40687909927917],[-70.66782570003105,-33.40696759927917],[-70.67236326682188,-33.40709445637045],[-70.67260520003194,-33.40672279927915],[-70.67267340009877,-33.406635949296366],[-70.67274160003196,-33.406549099279154],[-70.67321724786977,-33.40603951340653],[-70.67370590003215,-33.40551349927916]],[[-70.65726870135704,-33.405323914063175],[-70.66159231387091,-33.40621458068518]]]},"properties":{"id":"I01","OBJECTID":50,"nombre":"BARÓN DE JURAS REALES","escala":"Intercomunal","comunas":"CONCHALI - INDEPENDENCIA","macrozona":"NORTE","km":7.81,"n_priori":1,"anteproyec":"APROBADO","poblacion":15155,"costo":2886,"costoOD":-19,"oportunidades":58,"equidad":0.598,"continuidad":0.556,"demanda":7954,"centerLng":-70.67423040003231,"centerLat":-33.38680404927957,"kind":"proyecto","numPistas":2.47,"pendMedia":0.61,"pendMax":3.21,"pctLenPend5":0}},{"type":"Feature","geometry":{"type":"MultiLineString","coordinates":[[[-70.61856420002303,-33.48769929927761],[-70.61863900567867,-33.48762965621424],[-70.61871100002304,-33.48758129927763],[-70.61875130002305,-33.487562299277634],[-70.61878210002305,-33.487551199277604],[-70.61890620002308,-33.48751649927762],[-70.61896850002306,-33.487496299277616],[-70.6190188000231,-33.48747169927762],[-70.61907180002311,-33.48743259927761],[-70.61936040002314,-33.48735919927761],[-70.61970801351272,-33.48725664690759],[-70.62007730002324,-33.48714769927762],[-70.62113800002341,-33.48683399927762],[-70.62168810002349,-33.48667459927762],[-70.62321540002372,-33.48623219927763],[-70.62387830002383,-33.48604009927763],[-70.62476960002395,-33.485781999277634],[-70.625021600024,-33.485708999277634],[-70.6256235000241,-33.48552989927763],[-70.62691517372076,-33.485214655078586],[-70.62945500002466,-33.48447269927763],[-70.63069110002488,-33.48412349927764],[-70.63114490002494,-33.48400709927764],[-70.63120280002495,-33.483992199277644],[-70.63219590002512,-33.48374249927763],[-70.63427980002545,-33.48315409927765],[-70.63478000002553,-33.48301099927764],[-70.63479412517843,-33.4830060150661],[-70.63485340002553,-33.482985099277634],[-70.63490303478422,-33.48297161808734],[-70.63766323031305,-33.4822036838755],[-70.63818540002606,-33.48203779927766],[-70.63871150002616,-33.48186419927765],[-70.63919860002625,-33.481731499277664],[-70.64012420002639,-33.48145909927764],[-70.64085022098763,-33.48127696540589],[-70.64132370002659,-33.481146199277646],[-70.64187700002667,-33.48087969927766],[-70.64361440002696,-33.480533899277646],[-70.64457299872913,-33.48034184583692],[-70.64498600002717,-33.48025909927765],[-70.64648160002743,-33.47996359927766],[-70.64827158929033,-33.47964488115262],[-70.65148861473736,-33.47920141586955],[-70.65381117420291,-33.47889449860103],[-70.65448577943837,-33.47882411810231],[-70.65539566706818,-33.47873109980553],[-70.655878913186,-33.47873315106061],[-70.65727978792243,-33.47881235296147],[-70.65764347265036,-33.478826341170674],[-70.6579910249618,-33.47884289740436],[-70.65962376113347,-33.47890441575031],[-70.66272509671307,-33.47875504310132],[-70.66576603900249,-33.47869549834475],[-70.66796055836446,-33.478732826504896],[-70.67030208990133,-33.47864040317821],[-70.67146530003178,-33.47854099927755],[-70.67183520399041,-33.47852607486236],[-70.67319386983357,-33.47854217023115],[-70.67498165714522,-33.47849032423312],[-70.68108859719483,-33.478388235974414],[-70.68260520176632,-33.478376562433354],[-70.68432088661753,-33.47820917540779],[-70.68532095489792,-33.47811848402069],[-70.68543727216104,-33.47811744214488],[-70.68555633080346,-33.47811684095988],[-70.68566494417894,-33.478117266810436],[-70.68582630003449,-33.47811789927749],[-70.68604807242583,-33.478126707776894],[-70.68623845027213,-33.4781423924719],[-70.68661920003466,-33.478186599277485],[-70.68674490003467,-33.4782055992775],[-70.68691974913716,-33.47822196109329],[-70.68706800003473,-33.478231399277476],[-70.68722570826624,-33.47823612674825],[-70.68733747077665,-33.47823596938941],[-70.6874736000348,-33.47823539927747],[-70.68771210003486,-33.47822459927747],[-70.68816730003495,-33.47822009927748],[-70.69071550003544,-33.47817679927746]]]},"properties":{"id":"I02","OBJECTID":176,"nombre":"CARLOS VALDOVINOS","escala":"Intercomunal","comunas":"PAC - CERRILLOS - SAN MIGUEL - SAN JOAQUIN","macrozona":"PONIENTE","km":6.87,"n_priori":4,"anteproyec":"SIN INFORME ANTEPROYECTO","poblacion":12451,"costo":2650,"costoOD":-13,"oportunidades":51,"equidad":0.777,"continuidad":0.855,"demanda":8950,"centerLng":-70.65463985002924,"centerLat":-33.48290807011874,"kind":"proyecto","numPistas":2.53,"pendMedia":0.76,"pendMax":2.42,"pctLenPend5":0}},{"type":"Feature","geometry":{"type":"MultiLineString","coordinates":[[[-70.70011259301303,-33.48034448348645],[-70.70175276298201,-33.4810952808363],[-70.70296421817017,-33.48165529293341],[-70.70432267837376,-33.48218055856239],[-70.70585456632921,-33.482888608946695],[-70.7077441169185,-33.483761088492486],[-70.7092370217721,-33.48445633509538],[-70.71151268563544,-33.4854924661299],[-70.71367953966659,-33.486494242168696],[-70.71597169250225,-33.48755387947739],[-70.71832358431476,-33.488640070377045],[-70.72127004401625,-33.49003554602243],[-70.72251720004209,-33.49060959927699],[-70.72273050004215,-33.49066609927699],[-70.72278724799904,-33.49068156120985],[-70.72288130004219,-33.490708599276985],[-70.72721528643194,-33.492710711997915],[-70.72914441146052,-33.493769298663445],[-70.73083740004397,-33.49457829927685],[-70.73100200004403,-33.49467569927686],[-70.7311723670464,-33.49477194676415],[-70.7313589000441,-33.49489009927685],[-70.73152140004414,-33.49500159927684],[-70.73169986127381,-33.49513788416052],[-70.7318158000442,-33.49523149927684],[-70.73197931978163,-33.49537369123862],[-70.73219981776559,-33.49557601064094],[-70.73234010004433,-33.49570849927682],[-70.73249430004437,-33.49585739927682],[-70.73251690004436,-33.49587789927683],[-70.73275700004443,-33.49612959927682],[-70.73298010004447,-33.49638019927682],[-70.73319940004453,-33.49664739927681],[-70.73340320004456,-33.49691249927679],[-70.73362910004462,-33.49723949927679],[-70.73374130640941,-33.497409807521194],[-70.73387300004468,-33.49762649927677],[-70.73407220004472,-33.49798829927676],[-70.73418876969711,-33.498225016459564],[-70.73424760004477,-33.49834509927677],[-70.73434377488263,-33.49855510785112],[-70.7344050000448,-33.498688799276735],[-70.73589068628706,-33.501659712250266],[-70.73646649153771,-33.50321031538054],[-70.73661988796697,-33.50353488864952],[-70.73666221281636,-33.50362444379818],[-70.73699380004541,-33.50431189927661],[-70.73742040004551,-33.50525099927657],[-70.73797110004564,-33.506462999276536],[-70.73845620004576,-33.507511399276524],[-70.73892030004586,-33.5085145992765],[-70.73939650004597,-33.50953989927646],[-70.73964310004604,-33.510081699276455],[-70.73975110004606,-33.51033399927645],[-70.73978740004608,-33.51040789927643],[-70.7398260000461,-33.510490099276446],[-70.7399117000461,-33.51071699927643],[-70.74036400004621,-33.510666099276435],[-70.74062410004629,-33.51124089927641],[-70.7406920425203,-33.51139732209523],[-70.74084410004633,-33.5117473992764],[-70.74090311692575,-33.51187915940268],[-70.74102980004638,-33.512152699276406],[-70.7411245070933,-33.51234030852451],[-70.74125510004643,-33.51257879927638],[-70.74139392704993,-33.51281684805965],[-70.74159068722983,-33.513125357456154],[-70.74166948570672,-33.51324040814226],[-70.74185630004656,-33.51350929927637],[-70.7420737985739,-33.51379586528444],[-70.74214660004664,-33.513882299276354],[-70.74240123852339,-33.5141844543388],[-70.74246010004673,-33.514254299276345],[-70.7427759000468,-33.514576499276345],[-70.74317568402122,-33.514959489187326],[-70.74342810004694,-33.51520129927632],[-70.74387730004706,-33.515648599276304],[-70.74396125157074,-33.515744962175596],[-70.7440737263069,-33.515861378185726],[-70.74428870004715,-33.51607069927629],[-70.74414250004712,-33.516167999276284],[-70.74410500004713,-33.51620379927628],[-70.74409830004711,-33.51628429927629],[-70.74325810004692,-33.51635889927629],[-70.74247983168932,-33.51641748827784],[-70.74221400004667,-33.516437499276314],[-70.74209520004662,-33.51645489927629],[-70.74205420997316,-33.51646321611679],[-70.74197790004659,-33.5164786992763],[-70.74186270004657,-33.5165086992763],[-70.74175000004655,-33.5165447992763],[-70.74163022889225,-33.5165911557894],[-70.74154326373392,-33.51663086063773],[-70.7414651000465,-33.516668699276295],[-70.74141200004647,-33.516699099276295],[-70.74133060004644,-33.516754699276305],[-70.74125670004643,-33.516817099276295],[-70.74119110004642,-33.5168856992763],[-70.74113440004642,-33.5169595992763],[-70.74110300084506,-33.51700426513],[-70.74095273856958,-33.51723104373586],[-70.74069179654104,-33.51763225053525],[-70.74029026672237,-33.51822770292436],[-70.74020900004618,-33.518347599276275]]]},"properties":{"id":"I04","OBJECTID":15,"nombre":"DEL FERROCARRIL","escala":"Intercomunal","comunas":"MAIPÚ - CERRILLOS","macrozona":"PONIENTE","km":6.52,"n_priori":null,"anteproyec":"CON OBSERVACIONES FUERA DE PLAZO EN SEREMITT (ESPERANDO RECHAZO)","poblacion":11841,"costo":1556,"costoOD":-20,"oportunidades":53,"equidad":0.827,"continuidad":0.653,"demanda":7777,"centerLng":-70.7222006465301,"centerLat":-33.49934604138136,"kind":"proyecto","numPistas":2.01,"pendMedia":0.41,"pendMax":2.44,"pctLenPend5":0}},{"type":"Feature","geometry":{"type":"MultiLineString","coordinates":[[[-70.6430817000268,-33.40347819927936],[-70.64638555987325,-33.40094896626882],[-70.64693370002745,-33.40048229927941],[-70.649826058454,-33.39822198800137],[-70.65528170002885,-33.393940199279534],[-70.65533460002887,-33.393886999279516],[-70.65556267482195,-33.39363012893517],[-70.65600040002896,-33.39313839927955],[-70.65664950002908,-33.39247219927954],[-70.65695930002913,-33.39217399927954],[-70.65767630002925,-33.39145219927955],[-70.65837600002939,-33.39074539927957],[-70.65876831323187,-33.39036479587882],[-70.65883420002945,-33.39030669927958],[-70.6590097000295,-33.39017659927958],[-70.65926690002955,-33.390028699279604],[-70.65948330002956,-33.38993209927959],[-70.65962640002958,-33.38988309927959],[-70.65996800002966,-33.38977019927958],[-70.66033680002971,-33.38965279927957],[-70.66045630002975,-33.38960799927958],[-70.66055370002975,-33.389543299279566],[-70.66319780003022,-33.38743429927963],[-70.66349220003026,-33.387200999279614],[-70.66448655464148,-33.38641536982048],[-70.6647758000305,-33.385399799279675],[-70.66510460003057,-33.38416389927968],[-70.66516920003055,-33.3838068992797],[-70.6658384000307,-33.383766299279685],[-70.66679160003085,-33.38369829927967],[-70.66714000003093,-33.383642799279684],[-70.66727580003095,-33.3835857992797],[-70.667469600031,-33.38344569927969],[-70.667686800031,-33.38323659927968],[-70.66807970003109,-33.3828838992797],[-70.6685968000312,-33.382431199279715],[-70.66961460003137,-33.38154019927971],[-70.67126391303107,-33.38011902012374],[-70.6758857000325,-33.3760774992798],[-70.67636640003259,-33.37565869927981],[-70.67657710003265,-33.37547419927983],[-70.67674540815977,-33.37535646475558],[-70.67689933254672,-33.37528915754888],[-70.67839195395872,-33.374820423271004],[-70.68316772711316,-33.37325942295694],[-70.68424712860471,-33.372891709218],[-70.68436098472188,-33.37287819553906],[-70.68482301593879,-33.37304347182727],[-70.68534034811312,-33.37326419143634],[-70.68636856914745,-33.37367077117177],[-70.68698641137819,-33.3739017431218],[-70.68788108128192,-33.373958294486776],[-70.69033475198275,-33.374044570947234],[-70.69236576830151,-33.374107878722626],[-70.69493580099254,-33.37411178630176],[-70.69540610003627,-33.37413049927973],[-70.69550740003628,-33.374139999279734],[-70.6956522000363,-33.374161299279756],[-70.69582219704361,-33.37420384584392],[-70.69596470003638,-33.37424579927974],[-70.6964801487034,-33.3744063474622]]]},"properties":{"id":"I05","OBJECTID":179,"nombre":"DIAGONAL JOSE MARIA CARO","escala":"Intercomunal","comunas":"CONCHALI - RECOLETA","macrozona":"NORTE","km":6.44,"n_priori":null,"anteproyec":"SIN INFORME ANTEPROYECTO","poblacion":12542,"costo":1643,"costoOD":-14,"oportunidades":59,"equidad":0.547,"continuidad":0.552,"demanda":5026,"centerLng":-70.6697809243651,"centerLat":-33.38817819740921,"kind":"proyecto","numPistas":2.32,"pendMedia":0.45,"pendMax":3.96,"pctLenPend5":0}},{"type":"Feature","geometry":{"type":"MultiLineString","coordinates":[[[-70.531297200012,-33.46548949927843],[-70.53139523793574,-33.4654571823725],[-70.53236970001213,-33.465193199278424],[-70.53242240001214,-33.46517619927842],[-70.5330244000122,-33.46500939927844],[-70.5330994000122,-33.46498799927844],[-70.53368050001225,-33.46481719927845],[-70.53426300001232,-33.46464699927843],[-70.53437780001232,-33.46461349927844],[-70.53578050001248,-33.46420909927845],[-70.53673030001258,-33.463936399278445],[-70.53707970001264,-33.46383579927844],[-70.53715870001264,-33.46381319927844],[-70.53763760001267,-33.46367539927845],[-70.53809540001274,-33.46354359927845],[-70.53855060001277,-33.46341249927845],[-70.53890979757756,-33.46331042190835],[-70.53903550001283,-33.46327469927846],[-70.53929303646376,-33.46320454403239],[-70.53984200001291,-33.463054999278455],[-70.53992450001292,-33.463031499278465],[-70.54011510001295,-33.46299089927846],[-70.54037368426633,-33.462960606928235],[-70.54050250001299,-33.46293199927846],[-70.54088957256867,-33.462896668247446],[-70.54120033053462,-33.462886831916485],[-70.5414679000131,-33.46287909927844],[-70.5415513000131,-33.462876699278446],[-70.54163650001311,-33.462872899278445],[-70.54187142589439,-33.46286496595352],[-70.54195310001315,-33.46286219927845],[-70.54198571502177,-33.462861597542386],[-70.54203770001315,-33.46286199927843],[-70.54208109836681,-33.46286406587056],[-70.54212125835042,-33.4628662929598],[-70.54215227372677,-33.46286829868546],[-70.54216620001317,-33.462869199278444],[-70.54222080001317,-33.462876499278444],[-70.54227550001319,-33.46288729927845],[-70.54231790001319,-33.46289839927844],[-70.5423620000132,-33.46291239927845],[-70.54242638007773,-33.46293872219226],[-70.542440339299,-33.46294442965706],[-70.54245120356374,-33.462948871694664],[-70.54247140470035,-33.46295713126579],[-70.5425041000132,-33.46297049927844],[-70.54255860558793,-33.462994449303814],[-70.54260767525723,-33.46301601073251],[-70.54277791914491,-33.463090816408716],[-70.54304448086106,-33.46320794368783],[-70.54309240001326,-33.46322899927844],[-70.54314000001328,-33.46324979927844],[-70.54357990001331,-33.463439799278426],[-70.54366470001334,-33.46347119927843],[-70.54385160001335,-33.463546899278434],[-70.54398840001336,-33.46359149927843],[-70.54410630001338,-33.46361259927843],[-70.5441616769424,-33.4636167464522],[-70.54424760001339,-33.46362279927843],[-70.5443147000134,-33.46362279927843],[-70.54446008807172,-33.46363663454975],[-70.54500492053886,-33.46358291847463],[-70.54728050001374,-33.46325749927843],[-70.54749250001377,-33.46322669927844],[-70.54756410001376,-33.46321669927843],[-70.54768490001378,-33.463196299278415],[-70.55066348498165,-33.462700271797885],[-70.55090890001414,-33.46265939927844],[-70.55114980001419,-33.46264699927843],[-70.55143430001422,-33.46264029927843],[-70.55170690001424,-33.46263399927844],[-70.5522012000143,-33.462622199278414],[-70.55288490001438,-33.46260569927841],[-70.55295130001439,-33.46260409927843],[-70.55302170001438,-33.462603799278426],[-70.55350810001444,-33.462601699278416],[-70.55360620001446,-33.46260129927841],[-70.55488180001461,-33.4625956992784],[-70.5549322000146,-33.462595499278414],[-70.55498310001462,-33.4625952992784],[-70.55631350001478,-33.462590299278425],[-70.55638790001478,-33.46258939927839],[-70.55644620001479,-33.46258959927841],[-70.55979760001517,-33.46256649927841],[-70.55979760001517,-33.46256649927841],[-70.55989050001519,-33.46256579927841],[-70.56044810001525,-33.46256189927839],[-70.5605673022275,-33.462561133723256],[-70.56149520001537,-33.46255409927839],[-70.56189929600609,-33.462550353229],[-70.56206270001543,-33.46254409927839],[-70.56215945348511,-33.462534516096774],[-70.56224450001548,-33.46252229927838],[-70.56241020001549,-33.462488099278396],[-70.56258120001552,-33.462437499278394],[-70.56296920001554,-33.46230699927838],[-70.56309000001558,-33.4622652992784],[-70.5632159904813,-33.4622218929639],[-70.56401420001568,-33.461946799278394],[-70.56425030001571,-33.4618653992784],[-70.56448870001574,-33.4617831992784],[-70.56455540001575,-33.46175959927841],[-70.56484180001578,-33.4616582992784],[-70.56505610001581,-33.46158239927839],[-70.56518700001581,-33.46153609927839],[-70.56524538075172,-33.46151544112083],[-70.56540630001585,-33.4614584992784],[-70.5658113000159,-33.4613197992784],[-70.56686762068115,-33.460958131593195],[-70.56731090001608,-33.4608056992784],[-70.56784570001615,-33.46060929927841],[-70.56819550001619,-33.46048079927841],[-70.56920300001632,-33.460096299278426],[-70.56942306211043,-33.46001391626559],[-70.56965300001636,-33.459926899278415],[-70.56977310001638,-33.459881499278424],[-70.56990963578644,-33.45983185938817],[-70.5705436360076,-33.4596013551938],[-70.57074839014021,-33.459528342655865],[-70.57133879534634,-33.45931954698964],[-70.57144199278447,-33.459284134631126],[-70.57157380841308,-33.45923977795042],[-70.57193917220866,-33.45911683007396],[-70.5722640000167,-33.459006199278406],[-70.57258710001673,-33.45891139927842],[-70.57344640001682,-33.45862899927844],[-70.5740647000169,-33.45838259927845],[-70.57420780679823,-33.45831368013561],[-70.57429845738184,-33.45826708842454],[-70.57447260001697,-33.45817299927844],[-70.57451596089305,-33.458147672313245],[-70.57455233515239,-33.45812642618841],[-70.57460620903629,-33.45809485514769],[-70.57468541179638,-33.45804567779955],[-70.5747416371381,-33.45801036933734],[-70.57544100001708,-33.45754589927846],[-70.57615860001718,-33.45707479927846],[-70.57627713147568,-33.456997013605324],[-70.57684660001726,-33.45662329927846],[-70.57685087438684,-33.456620490409094],[-70.57690610001727,-33.45658419927847],[-70.57698200001728,-33.45653549927847],[-70.57714105494523,-33.456433413172654],[-70.57728001613474,-33.45634422345875],[-70.57761690001735,-33.45612799927848],[-70.57776696136955,-33.456031728486025],[-70.57779865795072,-33.4560113555013],[-70.57780571720025,-33.456006594024934],[-70.57790860001738,-33.45593719927849],[-70.5785872000175,-33.45547839927849],[-70.57877000001751,-33.4553563992785],[-70.57885540001752,-33.4553013992785],[-70.57902850001754,-33.455186799278486],[-70.57930950001756,-33.45500079927849],[-70.5795622000176,-33.454834199278494],[-70.5800454348709,-33.45453024121695],[-70.58052510001772,-33.454262399278505],[-70.58079028093162,-33.45410468040824],[-70.58108266410228,-33.4539324540459],[-70.58157970250761,-33.45363967377948],[-70.58161170643436,-33.45362082174597],[-70.58197300001791,-33.453407999278525],[-70.58201916722126,-33.45338060275491],[-70.58220100001795,-33.45327269927852],[-70.58222980001794,-33.45325589927852],[-70.58231520630537,-33.45320753748064],[-70.58235876586816,-33.453182871586804],[-70.582547500018,-33.45307599927853],[-70.58266020001801,-33.45301219927853],[-70.582742200018,-33.452963799278514],[-70.58298640001803,-33.45281969927853],[-70.58327300001808,-33.45265059927853],[-70.58362620001813,-33.452442099278535],[-70.58383380001816,-33.452319699278526],[-70.58391460001818,-33.452272999278534],[-70.58400680001817,-33.45221769927854],[-70.58450730001825,-33.45192949927855],[-70.58463990001826,-33.45185319927855],[-70.5852239258687,-33.45151091392836],[-70.58526200001833,-33.45148859927854],[-70.58534103725097,-33.45144325482345],[-70.58534340001835,-33.45144189927855],[-70.58535361006923,-33.4514372293444],[-70.58537618767808,-33.45142690265793],[-70.58539121385047,-33.45142002989061],[-70.58540330716713,-33.45141449856961],[-70.58541380001836,-33.45140969927856],[-70.58542137719165,-33.451406255109355],[-70.58543140001836,-33.45140169927854],[-70.58544765160384,-33.45139380322378],[-70.5854810996186,-33.45137755203788],[-70.58558350001839,-33.45132779927855],[-70.58579020001841,-33.45122739927855],[-70.58588600001843,-33.45118009927855],[-70.58605590001845,-33.451095399278564],[-70.5865125000185,-33.450880399278546],[-70.58747550001863,-33.45041849927856],[-70.58771710001866,-33.45030059927856],[-70.58815240001871,-33.45008789927857],[-70.58830820001873,-33.45001179927857],[-70.58834600001875,-33.44999469927857],[-70.58843543763403,-33.4499501486547],[-70.58860180001878,-33.449869899278575],[-70.58882340193814,-33.44976768329643],[-70.58944080001889,-33.44948289927858],[-70.590268600019,-33.449078999278576],[-70.59105889050304,-33.44869462631277],[-70.59125390001913,-33.44859939927859],[-70.59132405796137,-33.44855923788097],[-70.59139470001915,-33.44851879927859],[-70.59156370001917,-33.4484296992786],[-70.59272770001934,-33.447811299278584],[-70.59282470001934,-33.44776079927861],[-70.59290350001936,-33.44771869927861],[-70.5934793263755,-33.44740844241662],[-70.59379900001949,-33.44723619927861],[-70.5941138176708,-33.44706684238415],[-70.59428693856388,-33.446973710980906],[-70.59455520001958,-33.44683139927861],[-70.59563900001972,-33.44624139927861],[-70.59598470001978,-33.44603129927863],[-70.59607080001979,-33.44597779927863],[-70.5961880000198,-33.44590589927863],[-70.5968670911555,-33.4454814615257],[-70.59725150001994,-33.44524119927864],[-70.59736990001997,-33.44517609927864],[-70.59773830002003,-33.44495189927864],[-70.59783980002003,-33.44486079927864],[-70.59786773186327,-33.444839128033465],[-70.59790940002004,-33.44480679927866],[-70.59795231099989,-33.44477860066894],[-70.59804240002005,-33.44471939927865],[-70.59809580002006,-33.44467289927865],[-70.59812940002007,-33.44463249927865],[-70.59819770002008,-33.44453889927865],[-70.59824460002008,-33.44445259927865],[-70.59825342929042,-33.444441694210674],[-70.59826630566235,-33.444422194904874],[-70.59828990002008,-33.444395299278646],[-70.5983367000201,-33.44435449927865],[-70.59836920002009,-33.444334699278656],[-70.59840600002009,-33.44432109927865],[-70.59843960002011,-33.44431489927866],[-70.59847390002012,-33.44431379927866],[-70.59859528086703,-33.44432013608011],[-70.5986472049272,-33.444324126636815],[-70.5990995000202,-33.44436329927864],[-70.5991739000202,-33.44436899927866],[-70.59927010002022,-33.44437589927865],[-70.59923440002022,-33.44465059927866],[-70.60013630002035,-33.44473799927864],[-70.60030430002038,-33.44475389927863],[-70.60038590002038,-33.44476189927864],[-70.60109840002048,-33.44483139927864],[-70.60221380002064,-33.444947699278615],[-70.60291070002073,-33.445017699278615],[-70.60299750002075,-33.44502619927863],[-70.60428390002093,-33.44515169927861],[-70.60436060002094,-33.4451594992786],[-70.60445820002094,-33.445170199278614],[-70.60603240002118,-33.44538899927859],[-70.60604950002117,-33.445390699278605],[-70.60629580002121,-33.4454213992786],[-70.60653300002124,-33.445450099278624],[-70.60673653096968,-33.445473359434466],[-70.60717790002133,-33.44552379927859],[-70.60808880002146,-33.44563449927858],[-70.60824655346033,-33.445653103038126],[-70.60858950002152,-33.44569629927858],[-70.60877150002156,-33.44572849927857],[-70.60893720002159,-33.44576429927857],[-70.60908780033306,-33.445801646673644],[-70.60945580002168,-33.44591249927857],[-70.61034400002178,-33.446171999278555],[-70.6111875000219,-33.44641839927854],[-70.61133940861154,-33.44644170893743],[-70.61138400002193,-33.44644759927855],[-70.61378300002228,-33.44681589927853],[-70.6138871000223,-33.44682989927854],[-70.6139743000223,-33.44683979927853],[-70.61422050002237,-33.446859099278534],[-70.61432460002237,-33.44686109927855],[-70.6144388000224,-33.44685439927853],[-70.6145435000224,-33.44684509927852],[-70.61455650324658,-33.446842650551645],[-70.6146582000224,-33.446823499278544],[-70.61474860002244,-33.44680389927853],[-70.61485060002245,-33.44676579927854],[-70.61498360002247,-33.44670159927852],[-70.6153820000225,-33.446512099278536],[-70.61570180002258,-33.446343699278536],[-70.61597020002262,-33.446194199278544],[-70.61636500002267,-33.445992699278555],[-70.61672110002273,-33.44580949927854],[-70.61685620002275,-33.44573189927855],[-70.61698590002277,-33.44566129927854],[-70.61706830002278,-33.44561529927854],[-70.61757380002285,-33.445352599278564],[-70.61794032315821,-33.44514092689331],[-70.61815110002294,-33.44501919927855],[-70.61824740002295,-33.444976099278556],[-70.61834810002296,-33.444940599278574],[-70.61845220002297,-33.44491299927857],[-70.618559000023,-33.44489349927855],[-70.61866750002302,-33.444882399278555],[-70.61877680002304,-33.44487969927856],[-70.61888590002303,-33.44488539927854],[-70.61896365099209,-33.44489547811787],[-70.61909980002308,-33.444919599278556],[-70.61940610002313,-33.444983099278545],[-70.61954270002315,-33.44501339927855],[-70.61971343442958,-33.44505023408794],[-70.62282710002364,-33.44571209927852],[-70.62292070002366,-33.44573179927851],[-70.62301110002366,-33.445750899278515],[-70.62534040002402,-33.446241899278505],[-70.62545280002404,-33.44629039927849],[-70.6260072204242,-33.44641869479373],[-70.62743420002434,-33.44671039927849]],[[-70.61061020002184,-33.44848699927852],[-70.61071640002186,-33.44816769927853],[-70.61085070002186,-33.447763799278526],[-70.61090520002188,-33.44759979927852],[-70.61093670002187,-33.44750519927853],[-70.61099900002189,-33.447317799278544],[-70.61113490002191,-33.44690909927855],[-70.6111935000219,-33.446730299278556],[-70.61126750002192,-33.44651039927855],[-70.61129240002192,-33.446435499278564]],[[-70.61061020002184,-33.44848699927852],[-70.61050420002182,-33.44847719927851],[-70.61039020002178,-33.44848419927852],[-70.61038170002179,-33.448460399278524],[-70.61036800002178,-33.44843829927851],[-70.6103493000218,-33.44841849927853],[-70.61032650002178,-33.44840209927852],[-70.6097992000217,-33.44816159927852],[-70.6090360000216,-33.44782079927854],[-70.60840060002151,-33.44753369927855],[-70.60788548049322,-33.447307433697546],[-70.60781460002143,-33.44727629927855],[-70.60776080002141,-33.44725779927855],[-70.60769760002141,-33.44724149927853],[-70.6076401242938,-33.447232550964],[-70.60755506450809,-33.447221635747646],[-70.60734750002136,-33.447195699278545],[-70.60692040002131,-33.44715649927856],[-70.60633111831687,-33.44712189380019],[-70.60601320002117,-33.44709259927857],[-70.60587833065915,-33.447076443100784],[-70.60578460002114,-33.44706659927858],[-70.6042281000209,-33.446841299278574],[-70.60413480002092,-33.446827799278566],[-70.60276140002073,-33.446685499278594],[-70.60267010002069,-33.44667219927858],[-70.60257070002069,-33.446664799278594],[-70.60097390002045,-33.44650839927859],[-70.60088920002045,-33.44650009927861],[-70.5990046000202,-33.44630629927862],[-70.59890650002018,-33.446295999278604],[-70.59795540002004,-33.44620279927863],[-70.59723110001994,-33.446120999278634],[-70.59714720001993,-33.44610979927864],[-70.59704360001992,-33.446101699278614],[-70.5962381000198,-33.44602489927862],[-70.5961796000198,-33.44601309927862],[-70.59607080001979,-33.44597779927863]]]},"properties":{"id":"I06","OBJECTID":57,"nombre":"DIAGONAL ORIENTE","escala":"Intercomunal","comunas":"PEÑALOLÉN - ÑUÑOA - PROVIDENCIA - LA REINA","macrozona":"ORIENTE","km":11.38,"n_priori":6,"anteproyec":"APROBADO","poblacion":25126,"costo":3088,"costoOD":-28,"oportunidades":125,"equidad":0.407,"continuidad":0.851,"demanda":14942,"centerLng":-70.57936570001817,"centerLat":-33.45490164927855,"kind":"proyecto","numPistas":2.75,"pendMedia":1.46,"pendMax":8.52,"pctLenPend5":0.9}},{"type":"Feature","geometry":{"type":"MultiLineString","coordinates":[[[-70.62445670002384,-33.405278599279406],[-70.6266821000242,-33.40532199927939],[-70.62773280002436,-33.405342499279385],[-70.62961990002465,-33.40537929927939],[-70.63003776105259,-33.405382857251595],[-70.63146990002494,-33.40540139927936],[-70.6330866000252,-33.40544269927938],[-70.63379296708581,-33.4054355990427],[-70.6362034998268,-33.40552999424804],[-70.64044165933481,-33.40560112262195],[-70.64257544317017,-33.40569491023142],[-70.64315710002681,-33.405711699279315],[-70.64359958074132,-33.40566369616658],[-70.64387190002692,-33.4056453992793],[-70.6463854889915,-33.405134036753296],[-70.64876450002774,-33.404640199279314],[-70.65184283748827,-33.40401579731366],[-70.65533743975557,-33.40329753694644],[-70.65618222378858,-33.403125215974505],[-70.65731870002921,-33.40288839927933],[-70.65739860002921,-33.402873699279304],[-70.65747590002923,-33.4028618992793],[-70.65754170002924,-33.40285499927931],[-70.65760140002925,-33.40285249927931],[-70.65770680002927,-33.40285649927931],[-70.65910548430169,-33.40294862249329],[-70.66039930002974,-33.40304949927928],[-70.66101620002985,-33.40309939927929],[-70.66116170002987,-33.40311449927928],[-70.6612888000299,-33.40313269927929],[-70.66143930002993,-33.40315929927928],[-70.66170618367062,-33.40323675378346],[-70.66204680003003,-33.40335859927929],[-70.66263490003011,-33.40356729927927],[-70.66326450003024,-33.403795699279264]]]},"properties":{"id":"I32","OBJECTID":55,"nombre":"EINSTEIN","escala":"Intercomunal","comunas":"INDEPENDENCIA - RECOLETA","macrozona":"NORTE","km":3.66,"n_priori":10,"anteproyec":"SIN INFORME ANTEPROYECTO","poblacion":7565,"costo":1042,"costoOD":-26,"oportunidades":48,"equidad":0.695,"continuidad":0.669,"demanda":5732,"centerLng":-70.64386060002704,"centerLat":-33.404282099279314,"kind":"proyecto","numPistas":2.87,"pendMedia":0.68,"pendMax":0.9,"pctLenPend5":0}},{"type":"Feature","geometry":{"type":"MultiLineString","coordinates":[[[-70.65441630002871,-33.414878999279054],[-70.65447486321904,-33.41139685939144],[-70.65452270002872,-33.40920009927916],[-70.6555439336571,-33.4091280942669],[-70.65648730002904,-33.409063099279166],[-70.65693120002915,-33.40685839927922],[-70.65793900002932,-33.40171839927934],[-70.65819050002935,-33.40054899927935],[-70.65826200002935,-33.40021829927935],[-70.65827035540703,-33.40006221466562],[-70.65826447654933,-33.39998749028212],[-70.65824130002936,-33.39981549927937],[-70.65788393149838,-33.398456063262415],[-70.65757365529223,-33.39628419845476],[-70.6573327000292,-33.394050899279506],[-70.65729530002919,-33.39385159927953],[-70.65725990002919,-33.39364689927952],[-70.65724820002919,-33.393560199279534],[-70.65724196170767,-33.393456139341005],[-70.65721680002918,-33.392926799279536],[-70.65721251865068,-33.39272720279415],[-70.65721436653277,-33.39262881208214],[-70.65721950002916,-33.39250579927953],[-70.6572390000292,-33.392098799279545],[-70.65725100002919,-33.39188439927955],[-70.65738140002921,-33.389834999279586],[-70.65741550002922,-33.38887819927964],[-70.6574007000292,-33.3887340992796],[-70.6573866000292,-33.38858979927962],[-70.65725190002918,-33.38757699927966],[-70.65718750002917,-33.387075099279656],[-70.65714258813489,-33.38648193579856],[-70.65719740002918,-33.38545749927971],[-70.65724300002917,-33.38509239927969],[-70.6573978000292,-33.38391039927973],[-70.65747250002921,-33.38320029927976],[-70.6574953000292,-33.38284749927973],[-70.65754036451001,-33.382054852909505],[-70.65770208913877,-33.379274429914794],[-70.65772470002925,-33.378747499279825],[-70.65772210002925,-33.37844109927983],[-70.65767604030682,-33.378177518018],[-70.65729080002917,-33.37736079927987],[-70.65694848274111,-33.37682960890974]]]},"properties":{"id":"I07","OBJECTID":18,"nombre":"EL GUANACO","escala":"Intercomunal","comunas":"CONCHALI-RECOLETA-INDEPENDENCIA","macrozona":"NORTE","km":4.43,"n_priori":null,"anteproyec":"RECHAZADO","poblacion":8632,"costo":1274,"costoOD":-21,"oportunidades":45,"equidad":0.597,"continuidad":0.75,"demanda":6808,"centerLng":-70.65634332771788,"centerLat":-33.3958543040944,"kind":"proyecto","numPistas":2.23,"pendMedia":0.9,"pendMax":3.03,"pctLenPend5":0}},{"type":"Feature","geometry":{"type":"MultiLineString","coordinates":[[[-70.70565704847272,-33.45599354501226],[-70.70693211176656,-33.45658724685012],[-70.70752490888653,-33.45689038582879],[-70.70844092864522,-33.45712976647173],[-70.71032456226845,-33.45752881544865],[-70.71101407877657,-33.45769723688412],[-70.7121636111019,-33.457773408562105],[-70.7140403810992,-33.45746080511818],[-70.71650271676799,-33.45698914308063],[-70.71958147474697,-33.45640291640756],[-70.72077001966264,-33.45600188622415],[-70.72193214159729,-33.45575000230683],[-70.72333585830577,-33.45569365078743],[-70.7278830122348,-33.45481805645422],[-70.73105990004397,-33.45406889927775],[-70.7320819000442,-33.45387609927776],[-70.73305930004442,-33.45368409927775],[-70.7346251000448,-33.45338249927772],[-70.73792172605268,-33.45280892154047],[-70.76777310889516,-33.44703996306968]]]},"properties":{"id":"I08","OBJECTID":182,"nombre":"GENERAL OSCAR BONILLA","escala":"Intercomunal","comunas":"PUDAHUEL - LO PRADO","macrozona":"PONIENTE","km":5.95,"n_priori":12,"anteproyec":"SIN INFORME ANTEPROYECTO","poblacion":10839,"costo":1810,"costoOD":-15,"oportunidades":59,"equidad":0.777,"continuidad":0.649,"demanda":5773,"centerLng":-70.73671507868394,"centerLat":-33.45240668581589,"kind":"proyecto","numPistas":1.97,"pendMedia":0.59,"pendMax":3.78,"pctLenPend5":0}},{"type":"Feature","geometry":{"type":"MultiLineString","coordinates":[[[-70.70518859521623,-33.53174479533152],[-70.70552875029037,-33.53079894056413],[-70.70552100622824,-33.530592275458616],[-70.70550048639713,-33.53004460721834],[-70.70546048275386,-33.528936102864364],[-70.70543791336776,-33.52830144679982],[-70.7054041294358,-33.52725149730427],[-70.7053856069989,-33.52662705753816],[-70.70536721046714,-33.52600678612981],[-70.70527861915171,-33.525267971485206],[-70.70519991228481,-33.52482880015455],[-70.7048708674352,-33.52358357636651],[-70.70434866080058,-33.522415023380226],[-70.70408203699486,-33.52179850484271],[-70.70359076164273,-33.52142577812276],[-70.70255473724949,-33.521103663448926],[-70.70219932967343,-33.52109561181864],[-70.70176386624746,-33.520673308172235],[-70.70150656481405,-33.52042378137799],[-70.70204405003095,-33.520002408529955],[-70.70218284510032,-33.51942870671504],[-70.70236935280148,-33.51865777548155],[-70.70237781002605,-33.5181176345668],[-70.69946390677137,-33.51215985893605],[-70.69699239981641,-33.507133829508426],[-70.69448326612633,-33.50229696527856],[-70.69332620377754,-33.49994035121207],[-70.69193951033611,-33.49711585136132],[-70.69123149477353,-33.49567364097165],[-70.69074070003548,-33.49442759927712],[-70.69004910003532,-33.49299859927715],[-70.68998670003533,-33.49259759927714],[-70.68984590003528,-33.49220669927715],[-70.68921158717863,-33.49057014341703],[-70.68876456876454,-33.48943327058907],[-70.68810520003495,-33.48770319927727],[-70.68732410003479,-33.485652599277316],[-70.68727100003478,-33.48553279927733],[-70.68706310003475,-33.484991499277335],[-70.68692260003473,-33.48462749927734],[-70.68632920003459,-33.48310239927739],[-70.68610530003454,-33.482567399277386],[-70.68570290003449,-33.481534499277416],[-70.68468050003428,-33.478905799277484],[-70.68453450003425,-33.4785305992775],[-70.68445270003423,-33.47843719927749],[-70.68437690003421,-33.47840139927747],[-70.68435610003421,-33.4783583992775]]]},"properties":{"id":"I09","OBJECTID":183,"nombre":"GENERAL VELASQUEZ","escala":"Intercomunal","comunas":"PAC - LO ESPEJO","macrozona":"SUR","km":6.43,"n_priori":null,"anteproyec":"SIN INFORME ANTEPROYECTO","poblacion":10871,"costo":2058,"costoOD":-9,"oportunidades":61,"equidad":0.907,"continuidad":0.948,"demanda":7899,"centerLng":-70.69494242516228,"centerLat":-33.50505159730451,"kind":"proyecto","numPistas":2.03,"pendMedia":0.44,"pendMax":2.07,"pctLenPend5":0}},{"type":"Feature","geometry":{"type":"MultiLineString","coordinates":[[[-70.65799361044637,-33.51471067890062],[-70.66509342294488,-33.54017307598476],[-70.66541909944286,-33.54134106518362],[-70.6737948858578,-33.552389159177814]]]},"properties":{"id":"I10","OBJECTID":184,"nombre":"GRAN AVENIDA","escala":"Intercomunal","comunas":"LA CISTERNA - EL BOSQUE","macrozona":"SUR","km":4.48,"n_priori":null,"anteproyec":"SIN INFORME ANTEPROYECTO","poblacion":7698,"costo":1433,"costoOD":-10,"oportunidades":34,"equidad":0.857,"continuidad":0.728,"demanda":3802,"centerLng":-70.66589424815209,"centerLat":-33.53354991903922,"kind":"proyecto","numPistas":2.92,"pendMedia":0.46,"pendMax":2.29,"pctLenPend5":0}},{"type":"Feature","geometry":{"type":"MultiLineString","coordinates":[[[-70.63551530281981,-33.52818942588453],[-70.63639907821857,-33.528219394259494],[-70.63908565529042,-33.52779977824875],[-70.6414693735288,-33.52742055922423],[-70.6442580722043,-33.52699781401251],[-70.64580077194172,-33.526722805880055],[-70.646760165964,-33.526242412484514],[-70.64843236708867,-33.525912422649824],[-70.65154247231375,-33.525291904486664],[-70.65621787197703,-33.524353192645655],[-70.65918314150966,-33.523765762887344],[-70.66044895600729,-33.523516402103304]]]},"properties":{"id":"I31","OBJECTID":54,"nombre":"FERNANDEZ ALBANO","escala":"Intercomunal","comunas":"LA CISTERNA - SAN RAMÓN","macrozona":"SUR","km":2.38,"n_priori":null,"anteproyec":"SIN INFORME ANTEPROYECTO","poblacion":4259,"costo":639,"costoOD":-13,"oportunidades":26,"equidad":0.855,"continuidad":0.77,"demanda":2401,"centerLng":-70.64798212941355,"centerLat":-33.5258678981814,"kind":"proyecto","numPistas":2,"pendMedia":0.85,"pendMax":0.85,"pctLenPend5":0}},{"type":"Feature","geometry":{"type":"MultiLineString","coordinates":[[[-70.74079191299255,-33.4299067024335],[-70.74132776193656,-33.42991674870196],[-70.74374683081989,-33.4299652580882],[-70.74531521904565,-33.42998685594886],[-70.74663183170917,-33.429989341720734],[-70.74671123177426,-33.42997451915676],[-70.74841236953664,-33.42965693400794],[-70.74969799576144,-33.42932782055137],[-70.75170367520548,-33.42868385688881],[-70.75241815063137,-33.4282647472243],[-70.7543996376498,-33.4280221635319],[-70.75530907499554,-33.427596256887426],[-70.75598605937627,-33.427443355645],[-70.7572870508243,-33.427347481697744],[-70.75879425661832,-33.427403537715236],[-70.76066366499363,-33.42758981320162],[-70.76192998696645,-33.427741729478875],[-70.76266193866758,-33.427715235078765],[-70.76377265089985,-33.42735881996958],[-70.76477982067085,-33.42693131929027]],[[-70.69218390671928,-33.431632146068814],[-70.69292899491347,-33.431761309300704],[-70.69538955025048,-33.43170261907512],[-70.69748515239343,-33.43174450376259],[-70.69934007015986,-33.4318992280522],[-70.70158190418046,-33.43212334810374],[-70.70292896869074,-33.432205131621174],[-70.70595414935872,-33.43238850885011],[-70.70832802750947,-33.43257374477235],[-70.71117552980093,-33.432661061023175],[-70.71305478958114,-33.432596465504886],[-70.71505537669542,-33.43207857771525],[-70.71749425241819,-33.431418666381845],[-70.7202095983059,-33.43065393147062],[-70.72363468975024,-33.42975273960001],[-70.72538910083252,-33.4293792984529],[-70.72688212364882,-33.42914845527972],[-70.72965641356309,-33.429059214132266],[-70.73100173619704,-33.42907352755756],[-70.73238253715175,-33.42930151561113],[-70.73315444952486,-33.429481610845954],[-70.73423398984896,-33.42963555360395],[-70.73574752632584,-33.42945464532945],[-70.73689348443561,-33.42956767672706],[-70.7382410454342,-33.42979891797304],[-70.73982666057962,-33.42988860557054],[-70.74079191299255,-33.42990670243346]]]},"properties":{"id":"I11","OBJECTID":42,"nombre":"JOSE JOAQUIN PEREZ","escala":"Intercomunal","comunas":"CERRO NAVIA - PUDAHUEL - QUINTA NORMAL","macrozona":"PONIENTE","km":6.9,"n_priori":5,"anteproyec":"APROBADO","poblacion":12768,"costo":2318,"costoOD":-24,"oportunidades":59,"equidad":0.777,"continuidad":0.627,"demanda":8782,"centerLng":-70.72848186369507,"centerLat":-33.42979619015672,"kind":"proyecto","numPistas":2.72,"pendMedia":0.66,"pendMax":5.66,"pctLenPend5":0.9}},{"type":"Feature","geometry":{"type":"MultiLineString","coordinates":[[[-70.66615321378033,-33.50038059739735],[-70.66938213021284,-33.499292097398374],[-70.67393697784178,-33.49598385311834],[-70.67975353832874,-33.49157993601124],[-70.68632355712131,-33.4865656975949],[-70.68798484150071,-33.48498368332257],[-70.68844959221018,-33.484541108731165],[-70.69049482411252,-33.48432412390521],[-70.69206154294184,-33.48466928820309],[-70.6943696592688,-33.48371792418885],[-70.6976285523529,-33.48225619221546],[-70.70011259315923,-33.480344483557076],[-70.70197308812553,-33.479049787163966],[-70.70280198606095,-33.477041556069004],[-70.7030853147737,-33.47595980025061],[-70.70308606803036,-33.47595721377156],[-70.70418247507958,-33.472192449368094],[-70.70461284114822,-33.4687608073115],[-70.70511931594233,-33.46325275475693],[-70.70575830673918,-33.45759352796516],[-70.7058295995951,-33.454668101697735],[-70.70617506876324,-33.452366053996386],[-70.70674111015303,-33.4508628731693],[-70.7070521676624,-33.44946876032126]],[[-70.63852567134897,-33.507173643395014],[-70.64006127633343,-33.506865358495546],[-70.64596869532662,-33.50559592405869],[-70.65273695437567,-33.50406855686446],[-70.66587087926871,-33.500475775182856],[-70.66615321378035,-33.50038059739736]],[[-70.54193953399555,-33.51222393922979],[-70.54468927500359,-33.512174674368126],[-70.54981736669228,-33.51208263325333],[-70.55282516186621,-33.512028549824066],[-70.5549689432769,-33.51198995811638],[-70.56036640080413,-33.511472196830766]]]},"properties":{"id":"I12","OBJECTID":186,"nombre":"LAS REJAS - SUIZA - DEPARTAMENTAL","escala":"Intercomunal","comunas":"LO PRADO - ESTACIÓN CENTRAL - CERRILLOS - PAC - SAN MIGUEL - PEÑALOLÉN","macrozona":"CENTRO","km":11.92,"n_priori":3,"anteproyec":"SIN INFORME ANTEPROYECTO","poblacion":31525,"costo":4198,"costoOD":-17,"oportunidades":154,"equidad":0.447,"continuidad":0.926,"demanda":13612,"centerLng":-70.62449585082896,"centerLat":-33.480846349775526,"kind":"proyecto","numPistas":1.92,"pendMedia":1.33,"pendMax":4.87,"pctLenPend5":0}},{"type":"Feature","geometry":{"type":"MultiLineString","coordinates":[[[-70.61385539523283,-33.51310568132823],[-70.6176379167795,-33.51371813133277],[-70.61998323985804,-33.51425677757429],[-70.6227385773473,-33.515619923166994],[-70.6258202230492,-33.516975107960874],[-70.6279048839279,-33.51780569302431],[-70.63455339914576,-33.51851535974201],[-70.6379039718171,-33.518728057499835],[-70.65815263936248,-33.514672318318745],[-70.67181122693873,-33.510461956899626],[-70.67442180415553,-33.50932695402157],[-70.67724153130474,-33.50831670239977],[-70.67857986819978,-33.50814622421471],[-70.68150384026396,-33.506871079982176],[-70.6847702939485,-33.50563261280065],[-70.69135688724641,-33.50338219247999],[-70.69448326612633,-33.50229696527856],[-70.69699239981641,-33.507133829508426],[-70.6982026040042,-33.50690498442329],[-70.70326454426161,-33.50441100700809],[-70.70933060546264,-33.50130579007586],[-70.7126924187604,-33.50037686954263],[-70.71692339893688,-33.498268007008626],[-70.72141253670141,-33.49586112713504],[-70.72236402302364,-33.494606819295],[-70.72236027375003,-33.491832307360795],[-70.72320556272909,-33.48998894627862],[-70.72444350380748,-33.48645100975208],[-70.72471728891468,-33.48454412056053],[-70.7244774523154,-33.48187139209689],[-70.72396180893308,-33.480896095324354],[-70.72320457347483,-33.479163070265365],[-70.72243766760667,-33.47477718276665],[-70.72173967678685,-33.47316196170112]]]},"properties":{"id":"I14","OBJECTID":189,"nombre":"LO OVALLE","escala":"Intercomunal","comunas":"MAIPU - CERRILLOS - PAC - LO ESPEJO - SAN MIGUEL - LA CISTERNA - SAN RAMÓN - LA GRANJA - SAN JOAQUIN","macrozona":"PONIENTE","km":13.74,"n_priori":null,"anteproyec":"SIN INFORME ANTEPROYECTO","poblacion":25474,"costo":5288,"costoOD":-25,"oportunidades":135,"equidad":0.776,"continuidad":0.724,"demanda":9418,"centerLng":-70.66928634207375,"centerLat":-33.495945009600476,"kind":"proyecto","numPistas":2.02,"pendMedia":0.79,"pendMax":4.66,"pctLenPend5":0}},{"type":"Feature","geometry":{"type":"MultiLineString","coordinates":[[[-70.71275934001173,-33.43783120389325],[-70.71191187647193,-33.43796960416023],[-70.71053836799105,-33.43819389957515],[-70.70956223035219,-33.43815930625329],[-70.70777254440655,-33.438095863579555],[-70.70701685398359,-33.4380690664806],[-70.70587982133542,-33.43758119955907],[-70.70532868980581,-33.437222888971476],[-70.70471766792456,-33.43706757875212],[-70.70389397526506,-33.436939491910394],[-70.70302076233648,-33.4368316892774],[-70.70152443704097,-33.43648884253242],[-70.69990028031117,-33.436096945863774],[-70.69840087124041,-33.435915268421304],[-70.69530161591341,-33.4354926455156],[-70.69236127613553,-33.43528445333432]],[[-70.69236127613553,-33.43528445333433],[-70.68857557913495,-33.43501630070817],[-70.68454315577648,-33.43480824435148],[-70.68042542719206,-33.43455658733102],[-70.68037366944296,-33.43455342324841],[-70.68020547013997,-33.43741407944272],[-70.66722498037976,-33.43648973196218],[-70.65433726737993,-33.43540469991364],[-70.65017189274687,-33.43490574704928],[-70.6502002690554,-33.43461282257041],[-70.64947508903224,-33.43463413920087],[-70.64896619416254,-33.43378824407889]]]},"properties":{"id":"I15","OBJECTID":190,"nombre":"MARTINEZ DE ROZAS","escala":"Intercomunal","comunas":"LO PRADO - QUINTA NORMAL - SANTIAGO","macrozona":"PONIENTE","km":6.4,"n_priori":null,"anteproyec":"SIN INFORME ANTEPROYECTO","poblacion":11866,"costo":1415,"costoOD":-18,"oportunidades":66,"equidad":0.876,"continuidad":0.623,"demanda":6689,"centerLng":-70.68086276708713,"centerLat":-33.43599107182702,"kind":"proyecto","numPistas":1.78,"pendMedia":1.12,"pendMax":2.05,"pctLenPend5":0}},{"type":"Feature","geometry":{"type":"MultiLineString","coordinates":[[[-70.75743306144057,-33.366183889709596],[-70.75615696294547,-33.36521362076733],[-70.75508552006383,-33.36440097209029],[-70.75428326848015,-33.36381356166602],[-70.74928620361143,-33.36275483342097],[-70.74397929078548,-33.36176968452117],[-70.7434968348851,-33.36186112419636],[-70.7395708062625,-33.362582444191546],[-70.7378581000454,-33.36288379927972],[-70.73751880004532,-33.362950999279725],[-70.73736990004528,-33.36299129927972],[-70.73717466990227,-33.363055968930354],[-70.73693528672129,-33.363150559962435],[-70.73671890004512,-33.36323789927972],[-70.73625609439694,-33.36346926279779],[-70.73551380004487,-33.363855599279724],[-70.73479090004467,-33.36385659927973],[-70.73473510004466,-33.36386169927972],[-70.73439300004459,-33.36396619927974],[-70.73404388694951,-33.36411456416522],[-70.7335667000444,-33.364307499279725],[-70.73308062259963,-33.36456397728602],[-70.73290040004427,-33.364630299279746],[-70.73154336763947,-33.365267517474415],[-70.73104670004382,-33.36550039927972],[-70.73082544710395,-33.36556726507732],[-70.73016515279306,-33.36571610214163],[-70.72988265836206,-33.3657359975926],[-70.72926716936881,-33.365746569283445],[-70.72890507204501,-33.36569943134193],[-70.72795813632385,-33.36554418425378],[-70.7277767335917,-33.36551000631791],[-70.72756751800388,-33.36550892910508],[-70.72696654466372,-33.36562075935876],[-70.72567668565726,-33.36592841833593],[-70.72360745073084,-33.36636343953889],[-70.72224034403014,-33.36640750782647],[-70.72178170004176,-33.366466099279755],[-70.72135460004168,-33.366539599279776],[-70.71968791458083,-33.36685059976471],[-70.71808061263148,-33.367229663753875],[-70.71698033956844,-33.367400731638355],[-70.71673903605297,-33.36741528996369],[-70.71659980794144,-33.36740724204006],[-70.71621142021787,-33.36736174754026],[-70.71371642755858,-33.36675292136016],[-70.71180849503865,-33.36631846707023],[-70.7095531717241,-33.365943113967546],[-70.70864539693142,-33.36590804291346],[-70.70744436784065,-33.365903145510906],[-70.70610053586776,-33.36557722383058],[-70.70574340003834,-33.365499099279866],[-70.70513020003823,-33.36540329927987],[-70.70483210003817,-33.365371499279874],[-70.70450758815198,-33.36536342953179],[-70.70417960003803,-33.36536109927988],[-70.7033236856318,-33.365426601408195],[-70.70163157500741,-33.36576474647139],[-70.70028286429033,-33.36610582948298],[-70.69841329278731,-33.36599457376334],[-70.69665887815131,-33.3659087533261],[-70.69522036264812,-33.36593105798138],[-70.69452951258751,-33.36595114071449],[-70.69308871183226,-33.36603267024108],[-70.69029506381392,-33.36625825309935],[-70.68945900003509,-33.36653629927995],[-70.68918340003503,-33.366606899279944],[-70.68889710003496,-33.36669539927994],[-70.68870800003495,-33.36680569927996],[-70.68824300012565,-33.367093998883064],[-70.68797370003479,-33.367268299279914],[-70.68723610003464,-33.367622199279914],[-70.68599858658769,-33.36804618778649],[-70.6854716000343,-33.36822689927994],[-70.68519220003425,-33.36828009927993],[-70.68496290003421,-33.36830259927993],[-70.6844220000341,-33.36833699927994],[-70.68334500030706,-33.36840199902525],[-70.68172929063084,-33.36853737336874],[-70.68087019195535,-33.36902150871903],[-70.67993300039699,-33.36958999915308],[-70.67861998502339,-33.370382105943364],[-70.6771419997245,-33.37088099895538],[-70.67507900048479,-33.37155899888245],[-70.67393140003215,-33.371921299279904],[-70.67285230516987,-33.37210692350988],[-70.6711500913471,-33.372267851808864],[-70.66815620003109,-33.37256979927994],[-70.66757029251094,-33.3727035016318],[-70.66723790003093,-33.372793499279936],[-70.66710260003092,-33.37285519927992],[-70.66693500003086,-33.372980399279946],[-70.66681590003085,-33.373090199279915],[-70.66668970003083,-33.373173999279906],[-70.66659570003081,-33.373222699279914],[-70.66649650003077,-33.37326359927992],[-70.66638510003077,-33.37329919927991],[-70.66620261168035,-33.37335470587402],[-70.66595060003071,-33.373434699279926],[-70.66544230003059,-33.37361599927993],[-70.66530760003059,-33.373690599279904],[-70.66522499961502,-33.3737519990095],[-70.66505514168958,-33.37389771791392],[-70.66486780522742,-33.374047842769706],[-70.6648430000305,-33.37406999927991],[-70.66476070003048,-33.37412209927991],[-70.66467400003047,-33.3741690992799],[-70.66446750003043,-33.3742581992799],[-70.66432265607199,-33.374303359343045],[-70.66314688537506,-33.37475411969478],[-70.66213390003001,-33.3751256992799],[-70.66082107474695,-33.375575403429295],[-70.65959980554355,-33.37602914394855],[-70.65694848274106,-33.37682960890975]]]},"properties":{"id":"I16","OBJECTID":16,"nombre":"MATTA-VESPUCIO NORTE","escala":"Intercomunal","comunas":"QUILICURA - CONCHALI","macrozona":"NORTE","km":9.9,"n_priori":14,"anteproyec":"CON OBSERVACIONES FUERA DE PLAZO EN SEREMITT (ESPERANDO RECHAZO)","poblacion":19697,"costo":2352,"costoOD":-12,"oportunidades":113,"equidad":0.596,"continuidad":0.923,"demanda":14924,"centerLng":-70.70719077209081,"centerLat":-33.36929964671546,"kind":"proyecto","numPistas":2.11,"pendMedia":0.46,"pendMax":4.97,"pctLenPend5":0}},{"type":"Feature","geometry":{"type":"MultiLineString","coordinates":[[[-70.6770938744908,-33.42645386098309],[-70.6792969100075,-33.42744604878759],[-70.68058274772869,-33.428990674748185],[-70.68066738138192,-33.43036877746563],[-70.68056205099518,-33.43301543057904],[-70.68037366873004,-33.43455342275551],[-70.68034241449762,-33.435859941149104],[-70.68020547049811,-33.43741407876908],[-70.68011517459361,-33.43846819367793],[-70.67965340078463,-33.44385894378063],[-70.6789599977943,-33.45083645734292]]]},"properties":{"id":"I17","OBJECTID":17,"nombre":"MATUCANA","escala":"Intercomunal","comunas":"ESTACIÓN CENTRAL - SANTIAGO - QUINTA NORMAL","macrozona":"PONIENTE","km":2.87,"n_priori":2,"anteproyec":"INFORME ANTEPROYECTO INCOMPLETO SIN INGRESAR","poblacion":5332,"costo":728,"costoOD":-26,"oportunidades":32,"equidad":0.776,"continuidad":0.822,"demanda":2675,"centerLng":-70.67888062793637,"centerLat":-33.438645159163,"kind":"proyecto","numPistas":2.07,"pendMedia":0.88,"pendMax":3.14,"pctLenPend5":0}},{"type":"Feature","geometry":{"type":"MultiLineString","coordinates":[[[-70.6922497314759,-33.444492631576054],[-70.69347559375987,-33.44472598316392],[-70.69463340434461,-33.444948343237826],[-70.69636103796833,-33.44528974926887],[-70.69823923608904,-33.44564379347265],[-70.69918031815455,-33.445610380061346],[-70.69996830233286,-33.44596750804037],[-70.70265429669652,-33.44596881745323],[-70.70727036477457,-33.44604597119086],[-70.70824014330724,-33.446047848075956],[-70.7101309310373,-33.4458684702],[-70.71282445002856,-33.4456156249074],[-70.71914202102901,-33.44497421403498],[-70.72115098776993,-33.44478709479477],[-70.72309852541908,-33.444581311024834]]]},"properties":{"id":"I18","OBJECTID":193,"nombre":"NUEVA IMPERIAL","escala":"Intercomunal","comunas":"LO PRADO - QUINTA NORMAL","macrozona":"PONIENTE","km":2.9,"n_priori":null,"anteproyec":"SIN INFORME ANTEPROYECTO","poblacion":5394,"costo":784,"costoOD":-19,"oportunidades":33,"equidad":0.876,"continuidad":0.721,"demanda":3752,"centerLng":-70.70767412844748,"centerLat":-33.445270239826,"kind":"proyecto","numPistas":2.06,"pendMedia":0.42,"pendMax":1.95,"pctLenPend5":0}},{"type":"Feature","geometry":{"type":"MultiLineString","coordinates":[[[-70.69662514007511,-33.56114671859143],[-70.6955293143631,-33.556104399743546],[-70.69303098332949,-33.555994959445144],[-70.68963266295259,-33.548943864513134],[-70.68631826640976,-33.54206563636555],[-70.68172000041169,-33.53251000058165],[-70.67267999991437,-33.51449999922143],[-70.67007000006224,-33.50885999903566],[-70.66500000008081,-33.497869999446934],[-70.6591712438876,-33.485792447010006],[-70.65468231476605,-33.47648434782063]]]},"properties":{"id":"I20","OBJECTID":194,"nombre":"PAC - LO ESPEJO - EL BOSQUE","escala":"Intercomunal","comunas":"PAC - SAN MIGUEL - LO ESPEJO - LA CISTERNA - EL BOSQUE - SAN BERNARDO","macrozona":"SUR","km":10.31,"n_priori":null,"anteproyec":"SIN INFORME ANTEPROYECTO","poblacion":18065,"costo":2945,"costoOD":-14,"oportunidades":94,"equidad":0.806,"continuidad":0.8,"demanda":11866,"centerLng":-70.67565372742058,"centerLat":-33.51881553320603,"kind":"proyecto","numPistas":2.66,"pendMedia":0.54,"pendMax":7.57,"pctLenPend5":0.1}},{"type":"Feature","geometry":{"type":"MultiLineString","coordinates":[[[-70.71385125187443,-33.59499407436184],[-70.71240108338365,-33.59035262471875],[-70.71174327787016,-33.588238635149814],[-70.71390908187927,-33.58694598921096],[-70.7138055267443,-33.58607270793404],[-70.71229002340614,-33.57401573558276],[-70.7109094867234,-33.563841440874924],[-70.71007459390717,-33.55911891195342],[-70.70958385185293,-33.55663231077776],[-70.70721531007766,-33.554728400140796],[-70.7053046482297,-33.55319244981698],[-70.70241492864417,-33.55171254074645],[-70.70096872706299,-33.55086550438484],[-70.70117491103123,-33.55050152087383],[-70.70138646844873,-33.55012805131386],[-70.70007668772661,-33.54933407315427],[-70.69945333883804,-33.548631422947146],[-70.69811115824064,-33.54604613106945],[-70.69292622220362,-33.5364265462936],[-70.69219228098505,-33.536692793283265],[-70.69182760769397,-33.535835267229345],[-70.6912689659259,-33.53592243311929],[-70.6910620732919,-33.5351424583033],[-70.69083056081752,-33.53455441589908],[-70.69025445241677,-33.53177852890153],[-70.68991130003535,-33.53013779927631],[-70.68990740003534,-33.53011429927632],[-70.68990990003535,-33.53009069927629],[-70.68991870003536,-33.530068199276336],[-70.68993550003536,-33.530045499276326],[-70.68995870003536,-33.53002709927633],[-70.68998670003538,-33.530014199276316],[-70.69002080003537,-33.53000149927632],[-70.69083390003553,-33.529697399276316],[-70.69064653794314,-33.52933230638643],[-70.69029670003542,-33.52866619927635],[-70.69006320003537,-33.528194199276356],[-70.68999294344898,-33.528087850707905],[-70.68914995174293,-33.52846139093084],[-70.68902520003518,-33.52799689927636],[-70.6880673416697,-33.52350781747743],[-70.68650900272323,-33.51617561695687],[-70.6860815135858,-33.51625472672],[-70.68574130635096,-33.514719892454806],[-70.68430205383125,-33.5094805195561],[-70.68359052731532,-33.50769639411908],[-70.68280988160494,-33.506288830111295],[-70.6847702939485,-33.50563261280065],[-70.68450145061597,-33.505041161066565],[-70.68310080239438,-33.49822227828142],[-70.68297635690756,-33.4971113727376],[-70.68239769892877,-33.495762350098296],[-70.68219727691688,-33.49332750940299],[-70.68195875512644,-33.49003162810314],[-70.68152986664394,-33.48464912810086],[-70.68108859719483,-33.478388235974414]]]},"properties":{"id":"I19","OBJECTID":195,"nombre":"PAC-LO ESPEJO-SN BDO","escala":"Intercomunal","comunas":"PAC - LO ESPEJO - SAN BERNARDO","macrozona":"SUR","km":14.35,"n_priori":null,"anteproyec":"SIN INFORME ANTEPROYECTO","poblacion":24781,"costo":4110,"costoOD":-13,"oportunidades":159,"equidad":0.856,"continuidad":0.62,"demanda":10893,"centerLng":-70.69749883953705,"centerLat":-33.53669115516813,"kind":"proyecto","numPistas":2.17,"pendMedia":0.39,"pendMax":3.31,"pctLenPend5":0}},{"type":"Feature","geometry":{"type":"MultiLineString","coordinates":[[[-70.68942122784284,-33.47710540523639],[-70.69051531336667,-33.47675415792409],[-70.6914770087928,-33.47567689421934],[-70.69244494641319,-33.4761443834026],[-70.69266249601345,-33.47556174232663],[-70.69271503081015,-33.47509899257058],[-70.6927710657682,-33.474079037263834],[-70.6930038993466,-33.47034398373401],[-70.69303293216026,-33.47013440032843],[-70.69309855928722,-33.468518837520485],[-70.69313543328978,-33.467457954067456],[-70.693111219943,-33.466952196033155],[-70.69315647382841,-33.465767689073786],[-70.6931780944297,-33.465216117775775],[-70.69319989129814,-33.46467358016776],[-70.69321524182612,-33.46435405104481],[-70.69323485064405,-33.46388384321099],[-70.69327668260901,-33.46326270845341],[-70.69332095803198,-33.46239753456478],[-70.6933395110458,-33.461873114698676],[-70.69337665664361,-33.46101104886701],[-70.6934003654707,-33.460751654711316],[-70.6934365523912,-33.46002516347667],[-70.69345649126028,-33.45975678419444],[-70.69349356581165,-33.45960671882127],[-70.6934998044087,-33.45958146945551]]]},"properties":{"id":"C057","OBJECTID":115,"nombre":"PADRE VICENTE IRARRAZABAL - MANUEL CHACON","escala":"Comunal","comunas":null,"macrozona":"PONIENTE","km":2.2,"n_priori":null,"anteproyec":"SIN INFORME ANTEPROYECTO","poblacion":6112,"costo":771,"costoOD":-15,"oportunidades":20,"equidad":0.843,"continuidad":0.666,"demanda":4186,"centerLng":-70.69146051612577,"centerLat":-33.46834343734595,"kind":"proyecto","numPistas":2,"pendMedia":0.1,"pendMax":0.1,"pctLenPend5":0}},{"type":"Feature","geometry":{"type":"MultiLineString","coordinates":[[[-70.60481381912365,-33.45292342232483],[-70.60490092835637,-33.45405004172277],[-70.60557338382588,-33.45825047732431],[-70.6059713563144,-33.460599600937456],[-70.60657280491247,-33.46451383089522],[-70.60678459615364,-33.4658454264718],[-70.60658896662893,-33.46951458847408],[-70.60647244237072,-33.47129970226595],[-70.60658999994999,-33.47404000039225],[-70.6065034518942,-33.491929939561395],[-70.60667481411286,-33.49556568905165]]]},"properties":{"id":"I21","OBJECTID":196,"nombre":"PEDRO DE VALDIVIA","escala":"Intercomunal","comunas":"ÑUÑOA - MACUL","macrozona":"SURORIENTE","km":4.74,"n_priori":15,"anteproyec":"RECHAZADO","poblacion":7674,"costo":1432,"costoOD":-8,"oportunidades":42,"equidad":0.846,"continuidad":0.699,"demanda":3076,"centerLng":-70.60579920763865,"centerLat":-33.474244555688244,"kind":"proyecto","numPistas":2.38,"pendMedia":0.71,"pendMax":5,"pctLenPend5":0}},{"type":"Feature","geometry":{"type":"MultiLineString","coordinates":[[[-70.67285543624529,-33.3800148491289],[-70.67197272234402,-33.37935381999167],[-70.67174227321445,-33.37916751066948],[-70.67170850101503,-33.379096223243714],[-70.67178163842696,-33.378999386947136],[-70.67192343608889,-33.3788654279065],[-70.67201305224177,-33.378769525603964]],[[-70.66773486169278,-33.339169086211605],[-70.66991459186394,-33.34498981427398],[-70.67030575507225,-33.346034279222735],[-70.67049118933615,-33.34621451140304],[-70.6707232604966,-33.346440069595985],[-70.67075732427736,-33.34730237830478],[-70.67073374621404,-33.349786871397136],[-70.6707105250533,-33.35208974027281],[-70.67057395237426,-33.35217860966301],[-70.67054215858441,-33.356634050474455],[-70.67062839270054,-33.35997440427132],[-70.67068265117572,-33.36238883244605],[-70.67063441332863,-33.364462300186524],[-70.67061095106415,-33.36677656566977],[-70.67070813333906,-33.367459558574915],[-70.67092931107155,-33.368057052263815],[-70.67103920698854,-33.370187838003105],[-70.67131370874245,-33.37098192789382],[-70.67125650321493,-33.37160642186136],[-70.67115009134716,-33.372267851808886],[-70.67115824383669,-33.372949122307595],[-70.67130883048931,-33.37394764612857],[-70.67202265009611,-33.378767724291315],[-70.6724503856933,-33.3790562346553],[-70.6729828508428,-33.379604532174426],[-70.67292400848548,-33.37985872430412],[-70.67285499071919,-33.380156873484246],[-70.67255170509976,-33.38146700680834],[-70.67151309539406,-33.38591958556281],[-70.66954312307584,-33.39382610803619],[-70.67055725593238,-33.39712775836824],[-70.66968283862222,-33.39778735720388]]]},"properties":{"id":"I22","OBJECTID":53,"nombre":"PEDRO FONTOVA","escala":"Intercomunal","comunas":"HUECHURABA - CONCHALI","macrozona":"NORTE","km":6.88,"n_priori":8,"anteproyec":"APROBADO","poblacion":13933,"costo":2191,"costoOD":-22,"oportunidades":79,"equidad":0.596,"continuidad":0.598,"demanda":8287,"centerLng":-70.6703588562678,"centerLat":-33.36847822170775,"kind":"proyecto","numPistas":2.05,"pendMedia":1.21,"pendMax":6.98,"pctLenPend5":1.7}},{"type":"Feature","geometry":{"type":"MultiLineString","coordinates":[[[-70.7519160992778,-33.42181144009298],[-70.74758519683479,-33.42183591148388],[-70.74758865793756,-33.42231001770696],[-70.74758323842501,-33.42181341902935],[-70.74754308442809,-33.419489890345154],[-70.7474479519782,-33.41742438877084],[-70.74737082253733,-33.41555262227761],[-70.74729997712429,-33.41494195161014],[-70.74705700700545,-33.413541415498386],[-70.74701079108395,-33.41324850429697],[-70.74693835628499,-33.41289402232944],[-70.74668015179262,-33.41192298348473],[-70.74649236972641,-33.411142045303414],[-70.74631046897235,-33.41040666458882],[-70.74620754855884,-33.40977650965623],[-70.74613634636782,-33.408862963530915],[-70.74603409061501,-33.40782831889275],[-70.74593585088489,-33.40735638996515],[-70.74572763676296,-33.406516425172214],[-70.7455293988135,-33.40578159709486],[-70.74538520081262,-33.405437604206284],[-70.74520950194086,-33.40510247634788],[-70.74511044820986,-33.40484921869372],[-70.74497612322888,-33.40462637567405],[-70.74489599931354,-33.40436351413948],[-70.74484862885322,-33.404179095057216],[-70.74483641077863,-33.40403340495361],[-70.74494837283267,-33.403767093741465],[-70.74505763388332,-33.403459195435545],[-70.74524801238786,-33.403039775652466],[-70.74565816255354,-33.40224622098807],[-70.74617374407718,-33.401266145100166],[-70.746431530419,-33.40079438935329],[-70.74656659327223,-33.400541925294654],[-70.74667266304098,-33.40021540930707],[-70.74680041037857,-33.39981394849867],[-70.74689214461382,-33.39938924453599]],[[-70.74699529106846,-33.41318013985616],[-70.74509689259577,-33.41307543619614],[-70.7452900553182,-33.41253228395204],[-70.74554521190842,-33.41197640372407],[-70.74586139004099,-33.4112443995969],[-70.74610770548595,-33.41071637521316],[-70.74620757846196,-33.41016012658911],[-70.74621060703106,-33.40986457815365]]]},"properties":{"id":"I23","OBJECTID":45,"nombre":"PETERSEN - VICUÑA MACKENNA","escala":"Intercomunal","comunas":"CERRO NAVIA - RENCA","macrozona":"NORTE","km":3.61,"n_priori":9,"anteproyec":"APROBADO","poblacion":7313,"costo":1208,"costoOD":-16,"oportunidades":43,"equidad":0.546,"continuidad":0.897,"demanda":5768,"centerLng":-70.74837625502822,"centerLat":-33.41084963112148,"kind":"proyecto","numPistas":2.32,"pendMedia":0.46,"pendMax":5.01,"pctLenPend5":3.3}},{"type":"Feature","geometry":{"type":"MultiLineString","coordinates":[[[-70.70162373208744,-33.454324957277166],[-70.70195205028482,-33.453254458272866],[-70.70223624234671,-33.45238256105257],[-70.70271925742593,-33.45073984681268],[-70.70282073422766,-33.4502128872612],[-70.70278581085459,-33.449163604163296],[-70.70274667595645,-33.447895511514915],[-70.70267839582938,-33.4463001717618],[-70.70265429669652,-33.44596881745323],[-70.70254893032693,-33.44236259450447],[-70.70249703404895,-33.4405588584509],[-70.70249102837634,-33.44034934519247],[-70.70256249480137,-33.44007983995898],[-70.70289526014625,-33.43932640953252],[-70.70345585074517,-33.4380354201449],[-70.70404709113872,-33.4366635853026],[-70.70443081297007,-33.43554598070881],[-70.70452744782192,-33.43492576236042],[-70.70449075818043,-33.43431040304904],[-70.70432843594699,-33.432601396183905],[-70.70400307831777,-33.42835503040675],[-70.70356493940871,-33.426726406744734],[-70.70201823499147,-33.42146463802917],[-70.70180492659395,-33.42076250852947],[-70.70108353991117,-33.420847670729984],[-70.70099128925432,-33.420348234030314],[-70.700937320039,-33.41987692722493],[-70.70096208826747,-33.41937446700463],[-70.70113914679196,-33.41710624100679],[-70.70135463694476,-33.414216683299905],[-70.70162743999218,-33.41022634371743],[-70.7012405273662,-33.40990202930183]]]},"properties":{"id":"I24","OBJECTID":199,"nombre":"RADAL","escala":"Intercomunal","comunas":"QUINTA NORMAL - ESTACIÓN CENTRAL","macrozona":"PONIENTE","km":5.09,"n_priori":null,"anteproyec":"SIN INFORME ANTEPROYECTO","poblacion":9633,"costo":1787,"costoOD":-9,"oportunidades":59,"equidad":0.876,"continuidad":0.796,"demanda":5131,"centerLng":-70.70273238393045,"centerLat":-33.4321134932895,"kind":"proyecto","numPistas":1.98,"pendMedia":0.17,"pendMax":1.91,"pctLenPend5":0}},{"type":"Feature","geometry":{"type":"MultiLineString","coordinates":[[[-70.65933539086272,-33.57137358301843],[-70.65994858740352,-33.573606806803355],[-70.66018993199494,-33.57391950051371],[-70.66051491831271,-33.5751835398909],[-70.66321051851527,-33.58511924395427],[-70.66466284862831,-33.58974463516367]],[[-70.65668414319182,-33.562338289519275],[-70.6593335266573,-33.57137474068587]],[[-70.65488902232427,-33.55496383252815],[-70.65446617629654,-33.5528639757602],[-70.65393012181379,-33.550410875979416],[-70.65333617092686,-33.54821402969306],[-70.65234617751848,-33.54480347526773],[-70.65210837647003,-33.54485919763813],[-70.65211017821247,-33.54486528526716],[-70.65193247443183,-33.545460269585064],[-70.65443063005075,-33.55484494539274],[-70.65487336791638,-33.55496610066471],[-70.65578915184494,-33.55817548736547],[-70.6566861893889,-33.56233939299578]],[[-70.65055919523154,-33.53765479494599],[-70.65064331653966,-33.537938532604365],[-70.65080165939277,-33.53848349517617],[-70.65090706624211,-33.53861608003183],[-70.65124131179016,-33.5397789897493],[-70.65105952875108,-33.53980740987571],[-70.65097603349462,-33.5397824934689],[-70.6509302870114,-33.53975914688049],[-70.6508165856659,-33.54034548031223],[-70.65044711711377,-33.540415729275],[-70.65045962812586,-33.5404351805089],[-70.6508151032733,-33.540392173378024],[-70.65087994624908,-33.54070842289035],[-70.65210837647003,-33.54485919763813],[-70.65210745371218,-33.54485941386095]],[[-70.65078836009188,-33.53848334515248],[-70.65075450437696,-33.53863030776406],[-70.65101152756483,-33.539550836900645],[-70.6510109489751,-33.53963536608473],[-70.65100765914148,-33.5397301101818],[-70.65099214964499,-33.53978708791125]],[[-70.64197890202988,-33.51795395263973],[-70.64360990336843,-33.52434347332422],[-70.64443877148568,-33.52796152269715],[-70.64598441292753,-33.527722013489125],[-70.64650442974002,-33.52996049111413],[-70.64877018001097,-33.53803824562101],[-70.65054597937869,-33.5376569884947]]]},"properties":{"id":"I25","OBJECTID":51,"nombre":"SAN FRANCISCO","escala":"Intercomunal","comunas":"LA CISTERNA - SAN RAMÓN - EL BOSQUE - LA PINTANA - SAN BERNADO","macrozona":"SUR","km":10.01,"n_priori":5,"anteproyec":"APROBADO","poblacion":17597,"costo":3677,"costoOD":-23,"oportunidades":111,"equidad":0.856,"continuidad":0.695,"demanda":12787,"centerLng":-70.65332087532909,"centerLat":-33.5538492939017,"kind":"proyecto","numPistas":1.95,"pendMedia":0.31,"pendMax":2.63,"pctLenPend5":0}},{"type":"Feature","geometry":{"type":"MultiLineString","coordinates":[[[-70.77330471842403,-33.443800077680265],[-70.77186791018802,-33.443523361579075],[-70.76537647838477,-33.44230673225975],[-70.76261520696818,-33.4418007223587],[-70.76080533418369,-33.44236651247402],[-70.75591460262058,-33.443842526467535],[-70.75372917463409,-33.44407162777276],[-70.74967622883202,-33.4444965034397],[-70.7447512269411,-33.44467452597204],[-70.74134270942385,-33.44467065713926],[-70.73811954042168,-33.44463343534328],[-70.73448042004334,-33.44459661392904],[-70.73103165660606,-33.44454929103616],[-70.72587632091069,-33.44443642049172],[-70.72331776711336,-33.444247877920276],[-70.72219046357337,-33.44411610702012],[-70.7151215322662,-33.44318940123564],[-70.71317202529906,-33.44288856336832],[-70.7122412047553,-33.442725521120735],[-70.71033377785365,-33.442316726645316],[-70.70724750982387,-33.44150645685512],[-70.7024881294675,-33.44024821141773],[-70.69852062197295,-33.439135624328294],[-70.69788644212274,-33.43900551031611],[-70.6961603212824,-33.43882247310386],[-70.69457276777158,-33.43865412951976],[-70.69126072274554,-33.438035916367845],[-70.68671154234612,-33.43705492831039],[-70.68251804055448,-33.436155547002706],[-70.68034241449762,-33.435859941149104]]]},"properties":{"id":"I26","OBJECTID":43,"nombre":"SAN PABLO","escala":"Intercomunal","comunas":"PUDAHUEL - LO PRADO - ESTACIÓN CENTRAL","macrozona":"PONIENTE","km":8.83,"n_priori":11,"anteproyec":"APROBADO","poblacion":16723,"costo":3387,"costoOD":-17,"oportunidades":109,"equidad":0.776,"continuidad":0.594,"demanda":7870,"centerLng":-70.72682356646082,"centerLat":-33.440267233560576,"kind":"proyecto","numPistas":3.9,"pendMedia":0.76,"pendMax":3.22,"pctLenPend5":0}},{"type":"Feature","geometry":{"type":"MultiLineString","coordinates":[[[-70.56529345804269,-33.60136140754839],[-70.56543879388127,-33.60068903751457],[-70.56592423263332,-33.59831398195024],[-70.56617402113028,-33.597000899817175],[-70.56674682002594,-33.59494890141622],[-70.56664684778997,-33.59408183535398],[-70.56651158525762,-33.592805106516],[-70.56695693133354,-33.59109708350917],[-70.5674458837368,-33.58935507782017],[-70.56797014262435,-33.5866503137066],[-70.5683955723142,-33.583953219011505],[-70.56885073269159,-33.58113557199471],[-70.56954972805404,-33.57855210484147],[-70.5703692991205,-33.57614896524827],[-70.57081269546622,-33.57477120297433],[-70.57157835757191,-33.57256998636151],[-70.57197706210857,-33.56987706182271],[-70.57254628080311,-33.56727463516207],[-70.57311915704042,-33.56622878477638],[-70.57424456145445,-33.56598033986655],[-70.57465597790822,-33.565225876119065],[-70.57489966270644,-33.5639497183506],[-70.57557282504311,-33.560887406274624],[-70.57591156908097,-33.5585469152538],[-70.57624532727736,-33.55658005746954],[-70.57700234779756,-33.55460376219976],[-70.57730323037727,-33.553003130835705],[-70.58679858460575,-33.553233846510665]]]},"properties":{"id":"I27","OBJECTID":202,"nombre":"SANTA CECILIA - NONATO COO","escala":"Intercomunal","comunas":"LA FLORIDA - PUENTE ALTO","macrozona":"SURORIENTE","km":6.44,"n_priori":null,"anteproyec":"SIN INFORME ANTEPROYECTO","poblacion":10468,"costo":2577,"costoOD":-10,"oportunidades":70,"equidad":0.845,"continuidad":0.893,"demanda":6957,"centerLng":-70.57604602132422,"centerLat":-33.57718226919205,"kind":"proyecto","numPistas":3.01,"pendMedia":1.11,"pendMax":3.29,"pctLenPend5":0}},{"type":"Feature","geometry":{"type":"MultiLineString","coordinates":[[[-70.61677195598398,-33.529080827164385],[-70.60992214641188,-33.52842244428637],[-70.60704341923993,-33.53018036078102],[-70.60329867641374,-33.53240300194295],[-70.60354734795281,-33.546886554716565]]]},"properties":{"id":"I28","OBJECTID":203,"nombre":"SANTA RAQUEL","escala":"Intercomunal","comunas":"LA GRANJA - LA FLORIDA","macrozona":"SURORIENTE","km":3,"n_priori":null,"anteproyec":"SIN INFORME ANTEPROYECTO","poblacion":4883,"costo":710,"costoOD":-24,"oportunidades":34,"equidad":0.795,"continuidad":0.792,"demanda":1995,"centerLng":-70.61003531619886,"centerLat":-33.53765449950147,"kind":"proyecto","numPistas":2,"pendMedia":0.86,"pendMax":1.02,"pctLenPend5":0}},{"type":"Feature","geometry":{"type":"MultiLineString","coordinates":[[[-70.64424765102073,-33.46684125374171],[-70.64401523311427,-33.4692736504725],[-70.64387324948903,-33.473079622904585],[-70.64372388457454,-33.47648454443122],[-70.64360954519157,-33.47647625285666],[-70.6434305834351,-33.47669602513701],[-70.64325161916788,-33.47682042499355],[-70.64285137952947,-33.47701654583867],[-70.64252007847517,-33.4772519900422],[-70.64233106231919,-33.477469538496834],[-70.64192398072596,-33.47780532934907],[-70.64180381560169,-33.47726013041463],[-70.64188335645589,-33.476409770792145],[-70.64218045560652,-33.46921457876531],[-70.64244011990579,-33.46674054792672]],[[-70.63657194131993,-33.51872960546084],[-70.63690991145701,-33.515498694655136],[-70.63707465146446,-33.51392375242374],[-70.6375865762209,-33.51125374155256],[-70.6380791946649,-33.50913952632795],[-70.63852567082164,-33.507173642667],[-70.63875334517533,-33.504961677025385],[-70.63994215493861,-33.49401229647238],[-70.6408411832564,-33.48739195495063],[-70.64171227833737,-33.48015459272276],[-70.64192398072602,-33.47780532934903]]]},"properties":{"id":"I29","OBJECTID":20,"nombre":"SANTA ROSA","escala":"Intercomunal","comunas":"SAN MIGUEL - SAN JOAQUIN","macrozona":"CENTRO","km":7.1,"n_priori":null,"anteproyec":"RECHAZADO","poblacion":19240,"costo":1792,"costoOD":-18,"oportunidades":138,"equidad":0.345,"continuidad":0.691,"demanda":11593,"centerLng":-70.64040979617033,"centerLat":-33.492735076693776,"kind":"proyecto","numPistas":3.08,"pendMedia":0.85,"pendMax":2.29,"pctLenPend5":0}},{"type":"Feature","geometry":{"type":"MultiLineString","coordinates":[[[-70.55477318674205,-33.53569491375121],[-70.55487646291765,-33.53492941179855],[-70.55496113727519,-33.53361073005252],[-70.55490510926808,-33.532518202084006],[-70.5553612320853,-33.53113251458192],[-70.55530244524242,-33.530197043271826],[-70.55542343204787,-33.52929631485458],[-70.55588027674811,-33.52691372543828],[-70.55592751945103,-33.525815263933296],[-70.55614107895572,-33.524930541179174],[-70.55635018443083,-33.524111573270986],[-70.55633020578078,-33.52301222547766],[-70.55639432191843,-33.522236182215885],[-70.58346166778763,-33.52254374925015],[-70.59395412754789,-33.52269205308656],[-70.59661580377328,-33.522725525300025],[-70.59698235119889,-33.52273049968626],[-70.5971908593187,-33.522630970863815],[-70.59734961621231,-33.52234257864136],[-70.59751423461468,-33.52227234483214],[-70.59770511392126,-33.522307391827475],[-70.59811900411135,-33.522765126022705],[-70.59846808446319,-33.52308177260948],[-70.59876277122139,-33.52279621514464],[-70.60579400018642,-33.522941998817025],[-70.61008216293504,-33.52279470367696],[-70.62528263032827,-33.5242386845374]]]},"properties":{"id":"I30","OBJECTID":29,"nombre":"WALKER - HUALLE - AGUIRRE","escala":"Intercomunal","comunas":"LA GRANJA - LA FLORIDA","macrozona":"SURORIENTE","km":8,"n_priori":7,"anteproyec":"CON OBSERVACIONES FUERA DE PLAZO EN SEREMITT (ESPERANDO RECHAZO)","poblacion":13193,"costo":2013,"costoOD":-19,"oportunidades":79,"equidad":0.845,"continuidad":0.871,"demanda":4879,"centerLng":-70.59002790853516,"centerLat":-33.528965547983546,"kind":"proyecto","numPistas":2.99,"pendMedia":0.96,"pendMax":4.74,"pctLenPend5":0}},{"type":"Feature","geometry":{"type":"MultiLineString","coordinates":[[[-70.70401294962194,-33.420212116123714],[-70.70552035511895,-33.4196018749731],[-70.70663354181202,-33.41907998198145],[-70.70703803657123,-33.41884302743391],[-70.70791318038812,-33.41825537223414],[-70.7089699860692,-33.41754678110712],[-70.70927687503452,-33.417367016534],[-70.7095302612578,-33.41724882767751],[-70.7098833908454,-33.417116921355365],[-70.71178070650573,-33.41641391496235],[-70.71211458952448,-33.41633749632418],[-70.7131267724229,-33.416208827322],[-70.7133442103772,-33.416149967089005],[-70.71443301341341,-33.41570116632226],[-70.7158934548599,-33.415130520403686],[-70.71710732738237,-33.41467046411712],[-70.71827109507637,-33.41394745325886],[-70.71956505312635,-33.413170480379826],[-70.72111495283481,-33.41255489623795],[-70.72184038736616,-33.41223501817802],[-70.7226563044872,-33.41150085122978],[-70.7235185843577,-33.41053531929605],[-70.72450694827978,-33.409078920302406],[-70.7262026181994,-33.40775433673975],[-70.72777700644717,-33.40652443919799],[-70.72822947785167,-33.40590864731275],[-70.72939692737016,-33.40431976379257],[-70.7303722466259,-33.40299231319123],[-70.73116681114365,-33.40191084515591]],[[-70.69300266021484,-33.42303958345858],[-70.69449985270396,-33.422827391885136],[-70.69466021700791,-33.42278630343461],[-70.69594514461788,-33.42234735241526],[-70.69716450307622,-33.42192593807811],[-70.69754373291605,-33.42178491042978],[-70.69819418277118,-33.421594485307956],[-70.69886166492421,-33.42142377072445],[-70.700381278211,-33.42110361508628],[-70.70180492659391,-33.4207625085295],[-70.70320139836397,-33.42043664188398],[-70.70401413865824,-33.420212099786056]]]},"properties":{"id":"I03","OBJECTID":177,"nombre":"CARRASCAL","escala":"Intercomunal","comunas":"RENCA - QUINTA NORMAL","macrozona":"PONIENTE","km":4.42,"n_priori":null,"anteproyec":"SIN INFORME ANTEPROYECTO","poblacion":8014,"costo":982,"costoOD":-26,"oportunidades":34,"equidad":0.877,"continuidad":0.754,"demanda":3709,"centerLng":-70.71208473567924,"centerLat":-33.41247521430725,"kind":"proyecto","numPistas":2.07,"pendMedia":0.69,"pendMax":3.03,"pctLenPend5":0}},{"type":"Feature","geometry":{"type":"MultiLineString","coordinates":[[[-70.73101870004396,-33.44904809927787],[-70.73110230004397,-33.449047999277866],[-70.731192800044,-33.44904759927787],[-70.73125930004402,-33.44905339927787],[-70.73132490004402,-33.44906379927786],[-70.73139050004404,-33.44907909927786],[-70.73145430004405,-33.44909899927785],[-70.73150130004406,-33.44911809927787],[-70.73154752265826,-33.44914425968887],[-70.73168090004411,-33.44922179927787],[-70.73176620004412,-33.44926689927786],[-70.73184850004414,-33.44930029927785],[-70.73193167488508,-33.44932910569502],[-70.73202620004419,-33.44935629927786],[-70.7321212000442,-33.449377899277856],[-70.73221770004425,-33.44939439927787],[-70.73235890004426,-33.44941069927787],[-70.73241714707022,-33.44941997502678],[-70.73243390083005,-33.449422643031674],[-70.7324600000443,-33.44942679927785],[-70.73251422900232,-33.44943853539881],[-70.7325342107147,-33.44944321410133],[-70.73261084841174,-33.44946437259347],[-70.73273170004435,-33.449501899277855],[-70.7329874001448,-33.44958307504865],[-70.73325680004447,-33.44966859927783],[-70.73421700004468,-33.449983599277815],[-70.73432460694008,-33.450017718189216],[-70.73446240004475,-33.45006159927782],[-70.73478110004483,-33.45015319927782],[-70.73486657617066,-33.4501764399687],[-70.73538980004496,-33.45031869927782],[-70.73544066739817,-33.450331951204646],[-70.73618570004513,-33.4505391992778],[-70.73634070004519,-33.45058219927779],[-70.7364589000452,-33.4506149992778],[-70.73657917764035,-33.45064353574545],[-70.73660702566268,-33.45065014281004],[-70.73670751444851,-33.45066983288693],[-70.73680840004529,-33.450682399277795],[-70.73690530004532,-33.45068459927779],[-70.73698490004533,-33.45067939927778],[-70.73706350004535,-33.450667799277795],[-70.73766587830681,-33.45055270915752],[-70.73777080004552,-33.45053219927779],[-70.73918910004585,-33.45026069927777]],[[-70.7070521676624,-33.44946876032126],[-70.70724187874873,-33.44949592884026],[-70.70801720003892,-33.44960909927801],[-70.70814490003896,-33.449627499277995],[-70.70859730003903,-33.44970079927799],[-70.70874510003908,-33.44972519927799],[-70.70909350003915,-33.44978079927801],[-70.70988340003932,-33.44990689927798],[-70.71007230003936,-33.449937099277975],[-70.71089630003954,-33.45006859927796],[-70.71137460003963,-33.45015869927797],[-70.712297616382,-33.450307249526105],[-70.7125770000399,-33.450350199277956],[-70.71297510003997,-33.45041229927797],[-70.71344370004007,-33.45049099927795],[-70.7135593000401,-33.45052359927795],[-70.71374699731416,-33.45058894513105],[-70.71377760004016,-33.450599599277936],[-70.71395190004019,-33.45064689927794],[-70.71481832434685,-33.45078829239199],[-70.71656990004074,-33.45106589927792],[-70.71698320004084,-33.45112269927791],[-70.71711100004086,-33.45114079927791],[-70.7172761000409,-33.451162799277895],[-70.71767340004098,-33.4512298992779],[-70.71862198959491,-33.45141991185134],[-70.71878443040113,-33.45145244158212],[-70.71887166348114,-33.45146760304851],[-70.71892330004125,-33.45147629927789],[-70.71903919918483,-33.45150119037087],[-70.71908390012791,-33.451509418244],[-70.71933560004135,-33.45155519927789],[-70.71949862460811,-33.45158311556119],[-70.71974380004143,-33.45161949927788],[-70.71985410004147,-33.45163109927789],[-70.7200315000415,-33.451643299277876],[-70.72019850004153,-33.45165309927787],[-70.72061580004163,-33.451671899277876],[-70.72073460004165,-33.45167729927789],[-70.72124510004177,-33.45170029927785],[-70.72172960004188,-33.451722199277874],[-70.72235840004201,-33.45175059927786],[-70.72247960004205,-33.451755999277864],[-70.72283165474529,-33.45177249018481],[-70.72294500004215,-33.451777799277856],[-70.72325973906955,-33.45178997259769],[-70.72340450004225,-33.451792999277856],[-70.72343350004226,-33.45178989927784],[-70.72353850004228,-33.451773399277855],[-70.72362164447422,-33.451756277382685],[-70.72390270004236,-33.451698399277866],[-70.72402914347686,-33.4516763583651],[-70.72450620004248,-33.451593199277845],[-70.72508051396042,-33.45146262266007],[-70.72512240004264,-33.451453099277856],[-70.72533740004268,-33.451395199277854],[-70.72580326188692,-33.4512515140377],[-70.72623290004287,-33.451118999277845],[-70.72637690004291,-33.451076899277844],[-70.72680856592746,-33.45095060821011],[-70.72746860004314,-33.45075749927787],[-70.72795170004326,-33.45061459927785],[-70.72800500004327,-33.45060059927784],[-70.7280888184878,-33.45056465618006],[-70.72815720004331,-33.450540399277855],[-70.7285443000434,-33.45048709927785],[-70.7294789000436,-33.45035789927784],[-70.72954150004361,-33.450350499277846],[-70.72958350004363,-33.45035229927784],[-70.72962240004364,-33.45036149927783],[-70.72984100004368,-33.450425299277846],[-70.7299087000437,-33.45043849927784],[-70.72997440004372,-33.450442699277836],[-70.73015820004376,-33.450442899277846],[-70.73103020004396,-33.45045469927783]]]},"properties":{"id":"C023","OBJECTID":44,"nombre":"AVENIDA DORSAL","escala":"Comunal","comunas":null,"macrozona":"PONIENTE","km":3.08,"n_priori":null,"anteproyec":"SIN INFORME ANTEPROYECTO","poblacion":8169,"costo":1188,"costoOD":-26,"oportunidades":42,"equidad":0.895,"continuidad":0.855,"demanda":6291,"centerLng":-70.72312063385412,"centerLat":-33.450420299277866,"kind":"proyecto","numPistas":2,"pendMedia":0.58,"pendMax":0.66,"pctLenPend5":0}},{"type":"Feature","geometry":{"type":"MultiLineString","coordinates":[[[-70.62745490002436,-33.455295799278296],[-70.62742440002434,-33.45540249927829],[-70.62741460002435,-33.45543879927829],[-70.62739140002432,-33.45552389927829],[-70.62733900002435,-33.455733799278285],[-70.62721810002431,-33.456199499278256],[-70.62708355458477,-33.456711849433596],[-70.62703060002428,-33.456913499278265],[-70.62701410002428,-33.45696789927827],[-70.62690690002427,-33.45733549927825],[-70.62689180002428,-33.457394799278255],[-70.62687570002427,-33.45747819927824],[-70.62666560002424,-33.45823959927822],[-70.6264333000242,-33.45906199927821],[-70.62624920002418,-33.4597159992782],[-70.62597800002415,-33.46067529927818],[-70.62590420002411,-33.46093749927818],[-70.62587130002412,-33.46104569927818],[-70.62584610002412,-33.46112519927818],[-70.62582490002411,-33.461176299278165],[-70.6258008000241,-33.46122179927817],[-70.6257761000241,-33.46126289927817],[-70.6257469000241,-33.46130069927817],[-70.62570960002408,-33.46133999927816],[-70.62566600002408,-33.46137869927817],[-70.62531530002404,-33.46159889927816],[-70.62529390002402,-33.46161229927816],[-70.62524160002401,-33.461652399278144],[-70.62521010002402,-33.461679199278144],[-70.625160400024,-33.46172419927815],[-70.62506720002399,-33.461636899278155],[-70.62501850002397,-33.461593299278164],[-70.62486540002396,-33.461457899278166],[-70.62440260002388,-33.46105909927817],[-70.62437160002388,-33.46103329927817],[-70.62432990002388,-33.461000599278165],[-70.62430360002386,-33.460979799278185],[-70.62425350002385,-33.46094409927818],[-70.62351570002376,-33.46100809927819],[-70.62343190002375,-33.46101539927818],[-70.62331370002373,-33.46102379927819],[-70.62280570002365,-33.46104439927818],[-70.62198110002353,-33.46110089927818],[-70.6218937000235,-33.461093699278194],[-70.6218160000235,-33.4610792992782],[-70.6217469000235,-33.46105859927819],[-70.62168640002346,-33.46103339927819],[-70.62159470002346,-33.46099199927819],[-70.62157130002346,-33.46097869927817],[-70.62151858447223,-33.460946634512]]]},"properties":{"id":"C001","OBJECTID":null,"nombre":"SAN EUGENIO","escala":"Comunal","comunas":"ÑUÑOA","macrozona":"ORIENTE","km":1.14,"n_priori":null,"anteproyec":"CON OBSERVACIONES FUERA DE PLAZO EN SEREMITT (ESPERANDO RECHAZO)","poblacion":3558,"costo":274,"costoOD":-10,"oportunidades":13,"equidad":0.327,"continuidad":0.913,"demanda":1801,"centerLng":-70.6244867422483,"centerLat":-33.45850999927822,"kind":"proyecto","numPistas":2.36,"pendMedia":0.43,"pendMax":1.07,"pctLenPend5":0}},{"type":"Feature","geometry":{"type":"MultiLineString","coordinates":[[[-70.70385580003826,-33.6083560992745],[-70.70381980003826,-33.608258799274516],[-70.70373690534132,-33.608034217247024],[-70.70371490003824,-33.607974599274506],[-70.70350570003818,-33.60740679927453],[-70.70348940003818,-33.60736249927454],[-70.70276860003801,-33.60541929927457],[-70.70274540003803,-33.60535609927457],[-70.70247950003797,-33.60463239927459],[-70.70240320003796,-33.604424599274616],[-70.70239320003796,-33.60439749927461],[-70.70237200003794,-33.604339699274604],[-70.70199820003789,-33.603311499274625],[-70.70197480003787,-33.60324709927461],[-70.70194740003785,-33.60316999927462],[-70.70183950003783,-33.60286689927464],[-70.70181590003784,-33.602800299274634],[-70.70175550003783,-33.602630099274634],[-70.70169180003782,-33.60245049927464],[-70.70148422706222,-33.60186550565374],[-70.70145410003778,-33.601780599274655],[-70.70139710003774,-33.60161989927467],[-70.70131120003772,-33.60137779927467],[-70.70112410003769,-33.600850399274684],[-70.70099460003766,-33.60048559927469],[-70.70092430003764,-33.60028729927469],[-70.70090590003764,-33.600235399274695],[-70.70054210003758,-33.59919479927473],[-70.70053700003757,-33.59918039927471],[-70.70042770003755,-33.598873099274726],[-70.70040230003752,-33.598800199274734],[-70.70031240003752,-33.598542299274754],[-70.70020060003749,-33.59822179927475],[-70.7001873000375,-33.59818449927475],[-70.69987770003743,-33.59730709927476],[-70.69985830003742,-33.59725249927478],[-70.69983480003742,-33.59718469927478],[-70.69980030003741,-33.59708299927476],[-70.6997419000374,-33.59691729927478],[-70.6996981000374,-33.59679299927477],[-70.69964670003738,-33.596647099274776],[-70.69956410003738,-33.59641239927479],[-70.69949790003734,-33.59622559927481],[-70.69931870003731,-33.59572069927481],[-70.69902950003726,-33.594889399274834],[-70.69888880003722,-33.59444879927485],[-70.69881110003719,-33.594227599274845],[-70.6987903000372,-33.59416909927484],[-70.69870300003717,-33.59391469927485],[-70.69865060003717,-33.59376319927486],[-70.69861240003716,-33.59365279927486],[-70.69843990003712,-33.59317649927486],[-70.69841120003713,-33.593096999274884]]]},"properties":{"id":"C071","OBJECTID":null,"nombre":"BARROS ARANA","escala":"Comunal","comunas":"SAN BERNARDO","macrozona":"SUR","km":1.77,"n_priori":null,"anteproyec":"RECHAZADO","poblacion":4660,"costo":643,"costoOD":-22,"oportunidades":16,"equidad":0.921,"continuidad":0.614,"demanda":3481,"centerLng":-70.70113350003768,"centerLat":-33.6007265492747,"kind":"proyecto","numPistas":2,"pendMedia":0.32,"pendMax":0.32,"pctLenPend5":0}},{"type":"Feature","geometry":{"type":"MultiLineString","coordinates":[[[-70.70517480003826,-33.39723429927918],[-70.70512860003825,-33.39731069927919],[-70.70490250003822,-33.39768429927917],[-70.70485919477031,-33.39775584477434],[-70.70468490003817,-33.398043799279165],[-70.70465487584869,-33.39809341593531],[-70.70446764174662,-33.39840260303514],[-70.70394693095005,-33.39926648670625],[-70.70380521467848,-33.39949388853794],[-70.70358552247792,-33.39985763517758],[-70.7033718000379,-33.40021339927911],[-70.70321171224506,-33.40048502396063],[-70.70316020003787,-33.400562899279116],[-70.70308190003784,-33.40069219927911],[-70.7029230000378,-33.40069329927912],[-70.7029045679089,-33.400723714192075],[-70.70268130003777,-33.40109789927911],[-70.70262301345943,-33.40119544904079],[-70.7026149119031,-33.401209007973584],[-70.70246726559994,-33.40145611108886],[-70.70246070003772,-33.40146709927909],[-70.70237718458442,-33.40160693323448],[-70.70224360003768,-33.401830599279094],[-70.70203111389365,-33.40219587452594],[-70.70199635305895,-33.40225740655178],[-70.70196410003761,-33.40231449927908],[-70.70195075240534,-33.402337045966384],[-70.70192710003762,-33.402376999279085],[-70.70192465230156,-33.40238112627718],[-70.70192040624443,-33.402388285328215],[-70.7019099000376,-33.40240599927908],[-70.70189760003761,-33.402427999279084],[-70.70188698374092,-33.402446934663864],[-70.70188423455888,-33.40245183814446],[-70.70188229205705,-33.40245530281826],[-70.7018781241835,-33.40246273669567],[-70.70185000003758,-33.402512899279074],[-70.70182967259738,-33.40254842509452],[-70.70175196328977,-33.40268423563801],[-70.7016558608868,-33.40285219068983],[-70.70157622021513,-33.40299137558193],[-70.70146220003751,-33.40319069927908],[-70.70146203774938,-33.40319098235213]],[[-70.70146220003751,-33.40319069927908],[-70.70112120003745,-33.40378339927905],[-70.70110580003742,-33.40381139927906],[-70.70090032869818,-33.40414731673885],[-70.70071275946628,-33.404466613839894],[-70.70050173066215,-33.4048292964726],[-70.70046543553504,-33.40489167441749],[-70.70041297643493,-33.40498367872689],[-70.70033697463916,-33.40511801757467],[-70.70030028121896,-33.40518287577553],[-70.70027430003728,-33.40522879927902],[-70.7002584131106,-33.40526153140392],[-70.70024280003726,-33.40529369927903],[-70.70019337511641,-33.40543597110164],[-70.70016240003726,-33.40553329927903],[-70.70010743166496,-33.405726109135806],[-70.70006040525965,-33.40589106070151],[-70.70003220728823,-33.405989968668415],[-70.70000146837566,-33.406097789065946],[-70.69997900003722,-33.40617659927901],[-70.69992654639884,-33.406360550458814],[-70.69986340003719,-33.40658199927902],[-70.69982440003719,-33.406715699279],[-70.69980420003718,-33.406788199279006]]]},"properties":{"id":"C082","OBJECTID":null,"nombre":"CAUPOLICAN","escala":"Comunal","comunas":"RENCA","macrozona":"NORTE","km":1.18,"n_priori":null,"anteproyec":"APROBADO","poblacion":3652,"costo":410,"costoOD":-20,"oportunidades":15,"equidad":0.56,"continuidad":0.585,"demanda":2388,"centerLng":-70.70248950003773,"centerLat":-33.40201124927909,"kind":"proyecto","numPistas":2,"pendMedia":0.4,"pendMax":0.45,"pctLenPend5":0}},{"type":"Feature","geometry":{"type":"MultiLineString","coordinates":[[[-70.58286303531908,-33.57405590919851],[-70.58126877025553,-33.573840669057326],[-70.58123680001786,-33.57383479927587],[-70.58115400001786,-33.57383429927585],[-70.58107160001785,-33.573840999275866],[-70.58099050001783,-33.573854899275865],[-70.58091160001783,-33.573875799275854],[-70.58082510001782,-33.57390789927586],[-70.58074688079671,-33.57394662451844],[-70.58066705567363,-33.57399736313085],[-70.5806113000178,-33.57404069927585],[-70.58055460001779,-33.57409509927586],[-70.58051397641454,-33.57414592878178],[-70.58048359650593,-33.57419128102607],[-70.58047724074515,-33.57420161976629],[-70.58045639805003,-33.57423940151109],[-70.58044072128016,-33.574284716512174],[-70.58026877540152,-33.57527712918185],[-70.579413727879,-33.57580502672625],[-70.57776889303751,-33.576271409743434],[-70.57655599358166,-33.576664728240274],[-70.57634807931778,-33.57677866245103],[-70.57524211943726,-33.577193733589795],[-70.57522382333802,-33.577200600073304],[-70.57459906970846,-33.577687795201285],[-70.57155329526516,-33.58006283277917]]]},"properties":{"id":"C012","OBJECTID":26,"nombre":"GABRIELA ORIENTE","escala":"Comunal","comunas":null,"macrozona":"SURORIENTE","km":1.34,"n_priori":null,"anteproyec":"SIN INFORME ANTEPROYECTO","poblacion":3013,"costo":300,"costoOD":-8,"oportunidades":13,"equidad":0.816,"continuidad":0.884,"demanda":1245,"centerLng":-70.57720816529212,"centerLat":-33.57694856602751,"kind":"proyecto","numPistas":2.6,"pendMedia":0.9,"pendMax":1.12,"pctLenPend5":0}},{"type":"Feature","geometry":{"type":"MultiLineString","coordinates":[[[-70.69745954151301,-33.42977383531364],[-70.6974776404533,-33.430323695998645],[-70.69749063274323,-33.43038664724219],[-70.6974990641276,-33.431026821161254],[-70.69751046637276,-33.43168885771071],[-70.69749876303617,-33.43172215705027],[-70.69749873639569,-33.43172222505134],[-70.69748540000859,-33.43175478921864],[-70.69735700976864,-33.43252578523252],[-70.69732907993071,-33.432688493953236],[-70.69715457633468,-33.433773065377935],[-70.69713631525522,-33.433836442599976],[-70.69694490478423,-33.4350024077684],[-70.69679830594099,-33.43570783122468],[-70.69665357465263,-33.43644028616337],[-70.69664269120604,-33.43648552418549],[-70.69664558505148,-33.436530577284586],[-70.69650203555585,-33.437272032207325],[-70.69646034721069,-33.43750218289763],[-70.69643273438368,-33.437653031721],[-70.69641207225332,-33.43776856944982],[-70.69639873357548,-33.4378679988049],[-70.69638188781825,-33.43798348521127],[-70.69637587583141,-33.43808078702943],[-70.6963731765026,-33.43812447013731],[-70.69636722468667,-33.43821099350643],[-70.69635991504359,-33.43831722664228],[-70.69635531776964,-33.43838403848255],[-70.6963417286897,-33.43847066544004],[-70.69632810030245,-33.43855936350663],[-70.69631461490998,-33.43864711992057],[-70.69629001028207,-33.43875630775261],[-70.69621498970204,-33.43882708612857],[-70.69621466780774,-33.43882795627742],[-70.6961546338602,-33.43899023812772],[-70.69614477630097,-33.43926091827913],[-70.69613994463866,-33.43951349331075],[-70.69615374458589,-33.43994617694899],[-70.69623609998594,-33.441189559197525],[-70.69625381041766,-33.44127047954597],[-70.69626059143968,-33.4413425330571],[-70.69636210685366,-33.44258565005666],[-70.69641657826901,-33.44322519574827],[-70.69646955979574,-33.44389181533616],[-70.69649693556015,-33.444210807459314],[-70.69652521646277,-33.4445403618757],[-70.69656471866027,-33.44500747914428],[-70.69650836312418,-33.445213256769144],[-70.69633550646925,-33.44531091352438],[-70.69616200742158,-33.445436706499265],[-70.69602593633824,-33.44551040778088],[-70.69661009814551,-33.45239015431817],[-70.69661726287342,-33.452656024272635],[-70.69670712622143,-33.45276994802049],[-70.69652470061786,-33.4532926726425],[-70.69598386495656,-33.45488540427917],[-70.6958366230761,-33.455167040277345],[-70.69523777554993,-33.45675421896222],[-70.69402017155686,-33.459771028441494]]]},"properties":{"id":"C058","OBJECTID":9,"nombre":"ANTONIO EBNER-BARROS ARANA","escala":"Comunal","comunas":"ESTACION CENTRAL - QUINTA NORMAL","macrozona":"PONIENTE","km":3.41,"n_priori":null,"anteproyec":"RECHAZADO","poblacion":9454,"costo":1247,"costoOD":-8,"oportunidades":33,"equidad":0.793,"continuidad":0.565,"demanda":4054,"centerLng":-70.69576531896482,"centerLat":-33.44477243187757,"kind":"proyecto","numPistas":1.87,"pendMedia":0.18,"pendMax":0.27,"pctLenPend5":0}},{"type":"Feature","geometry":{"type":"MultiLineString","coordinates":[[[-70.6324640608931,-33.55148939016888],[-70.6440824833472,-33.54969379118114],[-70.64406472623344,-33.549083915935626],[-70.6458486664104,-33.54882859480944],[-70.64607370646402,-33.54940577789995],[-70.65204885969575,-33.54851784037166],[-70.65676874910795,-33.548233295775546],[-70.65913694704568,-33.54777231141993],[-70.66306814480959,-33.54700696944166],[-70.66670106323468,-33.546367227710924],[-70.66842164887153,-33.54530198614329],[-70.67003187240482,-33.54475092206292],[-70.6756848471109,-33.54266309197362],[-70.70253030446814,-33.53288722391171]]]},"properties":{"id":"I13","OBJECTID":188,"nombre":"LO ESPEJO-RIQUELME","escala":"Intercomunal","comunas":"LO ESPEJO - SAN BERNARDO - LA CISTERNA - EL BOSQUE - SAN RAMON","macrozona":"SUR","km":7,"n_priori":null,"anteproyec":null,"poblacion":12044,"costo":2580,"costoOD":-11,"oportunidades":61,"equidad":0.857,"continuidad":0.825,"demanda":7537,"centerLng":-70.66749718268062,"centerLat":-33.54218830704029,"kind":"proyecto","numPistas":2.03,"pendMedia":1.01,"pendMax":3.55,"pctLenPend5":0}},{"type":"Feature","geometry":{"type":"MultiLineString","coordinates":[[[-70.699072,-33.585872],[-70.698762,-33.586399],[-70.698678,-33.586638],[-70.698575,-33.588333],[-70.698406,-33.59063],[-70.698607,-33.590789],[-70.698792,-33.590863],[-70.699685,-33.5907],[-70.701585,-33.590279],[-70.704227,-33.589628],[-70.705561,-33.589314],[-70.707918,-33.588734],[-70.709741,-33.588296],[-70.710206,-33.588166],[-70.711372,-33.587942],[-70.71164,-33.587884],[-70.712237,-33.58986],[-70.712607,-33.590981],[-70.713174,-33.592954],[-70.713831,-33.594982],[-70.714498,-33.597267],[-70.715459,-33.59707]],[[-70.666582,-33.543506],[-70.668187,-33.545586],[-70.671091,-33.549202],[-70.674476,-33.55349],[-70.679132,-33.559472],[-70.681706,-33.562679],[-70.684567,-33.566133],[-70.687088,-33.569347],[-70.692216,-33.576372],[-70.694987,-33.580174],[-70.698157,-33.584526],[-70.69846,-33.584859],[-70.698843,-33.585112],[-70.69901,-33.585339],[-70.699111,-33.585719],[-70.699081,-33.585866]],[[-70.664631,-33.538856],[-70.66498,-33.540217],[-70.665537,-33.542091],[-70.665929,-33.542634],[-70.666568,-33.543503]]]},"properties":{"id":"EP-I10","OBJECTID":10000,"nombre":"GRAN AVENIDA","escala":"Intercomunal","comunas":null,"macrozona":null,"km":9.132,"n_priori":null,"anteproyec":"EJE PRIORIZADO GORE","centerLng":-70.694302,"centerLat":-33.576936,"kind":"proyecto","origen":"Ejes priorizados GORE","geo_original":"I10","numPistas":2.66,"pendMedia":0.41,"pendMax":2.8,"pctLenPend5":0}},{"type":"Feature","geometry":{"type":"MultiLineString","coordinates":[[[-70.677861,-33.450457],[-70.679568,-33.450963],[-70.679911,-33.45106],[-70.680465,-33.451358],[-70.680635,-33.451443],[-70.680789,-33.451499],[-70.680944,-33.451556],[-70.681569,-33.451699],[-70.681866,-33.451768],[-70.682573,-33.451929],[-70.683638,-33.452173],[-70.684939,-33.452471],[-70.685852,-33.45268],[-70.686032,-33.452721],[-70.687677,-33.453098],[-70.688695,-33.453331],[-70.689678,-33.453556],[-70.691145,-33.453892],[-70.691678,-33.454014],[-70.69305,-33.454328],[-70.695661,-33.454925],[-70.697785,-33.455411],[-70.700202,-33.455964],[-70.701932,-33.45636],[-70.705224,-33.457174],[-70.708027,-33.457816],[-70.709935,-33.458274],[-70.711809,-33.458697],[-70.712941,-33.459225]]]},"properties":{"id":"EP-ALAMEDA-T3","OBJECTID":10001,"nombre":"ALAMEDA TRAMO 3","escala":"Intercomunal","comunas":null,"macrozona":null,"km":3.41,"n_priori":null,"anteproyec":"EJE PRIORIZADO GORE","centerLng":-70.690761,"centerLat":-33.453788,"kind":"proyecto","origen":"Ejes priorizados GORE","geo_original":"N/A","numPistas":2.94,"pendMedia":0.97,"pendMax":3.54,"pctLenPend5":0}},{"type":"Feature","geometry":{"type":"MultiLineString","coordinates":[[[-70.640488,-33.440248],[-70.640267,-33.440332],[-70.638893,-33.441813],[-70.637818,-33.443033],[-70.637758,-33.443105],[-70.63643,-33.44529],[-70.63594,-33.446113],[-70.635524,-33.446021],[-70.635025,-33.445905],[-70.632949,-33.445422],[-70.632636,-33.445356],[-70.631949,-33.44524],[-70.631164,-33.445101],[-70.631094,-33.445089],[-70.631014,-33.445072]],[[-70.633224,-33.436995],[-70.632454,-33.43851],[-70.632124,-33.439196],[-70.631979,-33.439477],[-70.631872,-33.43967],[-70.63174,-33.43996],[-70.63169,-33.440106],[-70.631645,-33.440241],[-70.631554,-33.440647],[-70.631503,-33.440905],[-70.63149,-33.440973],[-70.631472,-33.441064],[-70.631492,-33.441084],[-70.631472,-33.441166],[-70.631446,-33.441246],[-70.631394,-33.441435],[-70.631172,-33.442313],[-70.631268,-33.442424],[-70.631335,-33.442482],[-70.631419,-33.442534],[-70.631497,-33.442572],[-70.631598,-33.442585],[-70.63177,-33.442605],[-70.632006,-33.442672],[-70.631964,-33.442854],[-70.631879,-33.443171],[-70.631794,-33.443507],[-70.631758,-33.443613],[-70.631691,-33.443869],[-70.631622,-33.443972],[-70.631501,-33.444108],[-70.631404,-33.444149],[-70.631295,-33.444183],[-70.631217,-33.444267],[-70.631195,-33.444338],[-70.631166,-33.444429],[-70.631187,-33.444448],[-70.631173,-33.444492],[-70.631145,-33.444584],[-70.631112,-33.444701],[-70.631098,-33.444743],[-70.631087,-33.444793],[-70.631085,-33.444802],[-70.63105,-33.444855],[-70.631028,-33.445026],[-70.631007,-33.44509],[-70.630717,-33.446052],[-70.630489,-33.44688],[-70.630481,-33.447003],[-70.630464,-33.447145],[-70.630385,-33.447233],[-70.629765,-33.449492],[-70.629563,-33.450193],[-70.62926,-33.451339],[-70.628996,-33.452282],[-70.62898,-33.452367],[-70.628938,-33.452401],[-70.628782,-33.452525],[-70.628743,-33.452604],[-70.628723,-33.452643],[-70.628663,-33.452729],[-70.628605,-33.45279],[-70.62859,-33.452804],[-70.62853,-33.452849],[-70.628471,-33.452886],[-70.628386,-33.452937],[-70.628327,-33.452972],[-70.628274,-33.453006],[-70.628252,-33.453023],[-70.62813,-33.453131],[-70.628119,-33.453143],[-70.62805,-33.453243],[-70.628035,-33.453275],[-70.627968,-33.45347],[-70.627636,-33.454647],[-70.626907,-33.457335],[-70.626736,-33.457983],[-70.626318,-33.459473],[-70.626014,-33.460549],[-70.625904,-33.460937],[-70.625776,-33.461263],[-70.625581,-33.461432],[-70.625294,-33.461612],[-70.62521,-33.461679],[-70.625064,-33.461865],[-70.624761,-33.462899],[-70.624039,-33.465398],[-70.623652,-33.466696],[-70.623624,-33.466795],[-70.623524,-33.467126],[-70.623365,-33.467455],[-70.623277,-33.467758],[-70.623151,-33.46821],[-70.623069,-33.46867],[-70.623059,-33.468771],[-70.623044,-33.469101],[-70.623034,-33.469416],[-70.623014,-33.470016],[-70.623061,-33.470256],[-70.623062,-33.470332],[-70.623053,-33.470643],[-70.623049,-33.470806],[-70.623079,-33.470938],[-70.623141,-33.471132],[-70.623175,-33.471205],[-70.623245,-33.471334],[-70.62328,-33.471359],[-70.623894,-33.471786]]]},"properties":{"id":"EP-I34","OBJECTID":10002,"nombre":"VICUÑA MACKENNA","escala":"Intercomunal","comunas":null,"macrozona":null,"km":5.393,"n_priori":null,"anteproyec":"EJE PRIORIZADO GORE","centerLng":-70.629372,"centerLat":-33.451295,"kind":"proyecto","origen":"Ejes priorizados GORE","geo_original":"I34","numPistas":2.61,"pendMedia":1.4,"pendMax":12.33,"pctLenPend5":1.7}},{"type":"Feature","geometry":{"type":"MultiLineString","coordinates":[[[-70.69311,-33.409068],[-70.693851,-33.408819],[-70.699605,-33.406898],[-70.699761,-33.406852],[-70.702541,-33.406049],[-70.703771,-33.405569],[-70.70396,-33.405486]],[[-70.687946,-33.410844],[-70.688922,-33.410509],[-70.689758,-33.410226],[-70.693112,-33.409071]],[[-70.686186,-33.411437],[-70.687408,-33.411013],[-70.687669,-33.410932],[-70.68795,-33.410843]],[[-70.685607,-33.411631],[-70.686191,-33.41144]],[[-70.681361,-33.413125],[-70.685606,-33.411631]],[[-70.679511,-33.413739],[-70.681141,-33.413202],[-70.681362,-33.413121]],[[-70.679007,-33.41387],[-70.679506,-33.413741]],[[-70.672882,-33.414936],[-70.679014,-33.413873]],[[-70.669142,-33.415445],[-70.670448,-33.415327],[-70.670846,-33.415279],[-70.672878,-33.414942]],[[-70.668368,-33.415484],[-70.669141,-33.415444]],[[-70.657414,-33.415592],[-70.659167,-33.415647],[-70.661943,-33.415683],[-70.662997,-33.415694],[-70.664264,-33.415595],[-70.664357,-33.415598]],[[-70.663596,-33.418155],[-70.663568,-33.418257],[-70.668264,-33.41832],[-70.668227,-33.418221],[-70.668185,-33.418015],[-70.668183,-33.417739],[-70.668368,-33.415484],[-70.664357,-33.415595]],[[-70.652758,-33.417584],[-70.656145,-33.41764],[-70.656415,-33.417647],[-70.663688,-33.417822],[-70.663561,-33.41826]],[[-70.650775,-33.421289],[-70.650773,-33.421278],[-70.650307,-33.418448],[-70.650409,-33.418418],[-70.650545,-33.418352],[-70.650679,-33.418221],[-70.650761,-33.418084],[-70.650785,-33.417955],[-70.650733,-33.417747],[-70.651689,-33.417585],[-70.652757,-33.417585],[-70.652761,-33.415228],[-70.652781,-33.415188],[-70.652842,-33.415159],[-70.652962,-33.415134],[-70.654386,-33.414844],[-70.654648,-33.414886],[-70.656994,-33.415578],[-70.657202,-33.41564],[-70.657228,-33.415586],[-70.657414,-33.415598]],[[-70.640171,-33.42733],[-70.639752,-33.425816],[-70.640258,-33.422847],[-70.644826,-33.42201],[-70.649191,-33.42147],[-70.650787,-33.421288]],[[-70.637838,-33.429433],[-70.638074,-33.429255],[-70.639331,-33.42831],[-70.639378,-33.428272],[-70.63965,-33.427948],[-70.640082,-33.427416],[-70.640171,-33.42733]],[[-70.636237,-33.430624],[-70.637089,-33.429999],[-70.637838,-33.429433]]]},"properties":{"id":"EP-I33","OBJECTID":10003,"nombre":"LA CHIMBA","escala":"Intercomunal","comunas":null,"macrozona":null,"km":9.707,"n_priori":null,"anteproyec":"EJE PRIORIZADO GORE","centerLng":-70.664467,"centerLat":-33.416807,"kind":"proyecto","origen":"Ejes priorizados GORE","geo_original":"I33","numPistas":2.09,"pendMedia":1.09,"pendMax":6.38,"pctLenPend5":0.5}},{"type":"Feature","geometry":{"type":"MultiLineString","coordinates":[[[-70.797181,-33.5072],[-70.791541,-33.505613],[-70.78919,-33.50532],[-70.776461,-33.509422],[-70.770101,-33.508969],[-70.764948,-33.509883],[-70.763985,-33.506981],[-70.764115,-33.498751],[-70.757539,-33.498575],[-70.757339,-33.494092],[-70.753455,-33.491591],[-70.751596,-33.48842],[-70.749234,-33.486429],[-70.746842,-33.484287],[-70.73652,-33.471274],[-70.731285,-33.467969],[-70.72045,-33.46244],[-70.713436,-33.459418],[-70.712301,-33.458925],[-70.712456,-33.458746],[-70.713094,-33.458668],[-70.713069,-33.458427],[-70.713106,-33.458217],[-70.713202,-33.458033],[-70.713373,-33.45785],[-70.713218,-33.457777],[-70.712957,-33.457694],[-70.71259,-33.457725],[-70.711763,-33.457766],[-70.710915,-33.457652],[-70.709107,-33.457275],[-70.708441,-33.45713],[-70.707615,-33.456885],[-70.707515,-33.456749],[-70.705959,-33.456057],[-70.70552,-33.455899],[-70.703606,-33.455098],[-70.701693,-33.454331],[-70.699204,-33.453499],[-70.697895,-33.453017],[-70.695172,-33.45228],[-70.693896,-33.451936],[-70.692758,-33.451719],[-70.687978,-33.4508],[-70.685627,-33.450876],[-70.679804,-33.45105],[-70.67896,-33.450836]],[[-70.692758,-33.451719],[-70.692419,-33.446745],[-70.69225,-33.444493],[-70.691895,-33.444538],[-70.687956,-33.444325],[-70.685355,-33.444161],[-70.684745,-33.444126],[-70.684035,-33.444083],[-70.683464,-33.444026],[-70.681015,-33.443931],[-70.68002,-33.443877],[-70.679554,-33.443983],[-70.678432,-33.44384],[-70.677353,-33.443724],[-70.675395,-33.443511],[-70.674033,-33.443399],[-70.671321,-33.443051],[-70.667987,-33.442581],[-70.665129,-33.442186],[-70.663472,-33.442002],[-70.660632,-33.441695],[-70.659084,-33.441557],[-70.657955,-33.441525],[-70.656481,-33.441311],[-70.655023,-33.441226],[-70.655281,-33.440109],[-70.655428,-33.438878],[-70.655576,-33.437815],[-70.652663,-33.437493],[-70.649932,-33.437201],[-70.645818,-33.436801],[-70.64338,-33.436495],[-70.640519,-33.436901],[-70.639377,-33.436953],[-70.635365,-33.436939],[-70.635384,-33.435699],[-70.634329,-33.435832],[-70.63283,-33.435357],[-70.630529,-33.434303],[-70.62913,-33.433674],[-70.628115,-33.433042],[-70.626951,-33.431953],[-70.626469,-33.431485],[-70.625936,-33.431904],[-70.62381,-33.429125],[-70.623305,-33.428837],[-70.622623,-33.42728],[-70.621962,-33.425648],[-70.621557,-33.424896],[-70.620966,-33.424372],[-70.620002,-33.423713],[-70.619352,-33.42338],[-70.617373,-33.422663],[-70.614726,-33.421847],[-70.61289,-33.421024],[-70.610897,-33.419592],[-70.608842,-33.417869],[-70.60701,-33.415961],[-70.60584,-33.414414],[-70.60561,-33.41088],[-70.597638,-33.412542],[-70.596167,-33.412521],[-70.594751,-33.412463],[-70.592829,-33.4122],[-70.588806,-33.411233],[-70.586052,-33.410338],[-70.579302,-33.405669],[-70.57719,-33.405307],[-70.569801,-33.402434],[-70.568824,-33.401908],[-70.567274,-33.401166],[-70.567216,-33.401087],[-70.566417,-33.400305],[-70.565647,-33.399255],[-70.564901,-33.398219],[-70.56056,-33.397296],[-70.561678,-33.394416],[-70.553948,-33.391733],[-70.545228,-33.388428],[-70.539232,-33.385872],[-70.535236,-33.3844],[-70.533583,-33.383036],[-70.531149,-33.381059],[-70.529227,-33.379179],[-70.527631,-33.377409],[-70.525848,-33.37617],[-70.520887,-33.373955],[-70.517648,-33.372556],[-70.515701,-33.371852],[-70.514493,-33.371468],[-70.512574,-33.371028],[-70.51159,-33.370718],[-70.510713,-33.370628],[-70.510021,-33.370553],[-70.508741,-33.370284],[-70.50644,-33.370087],[-70.504465,-33.369702],[-70.503481,-33.369238],[-70.499066,-33.367125],[-70.495882,-33.366992],[-70.495167,-33.366639],[-70.494197,-33.365584],[-70.49309,-33.364655],[-70.491299,-33.364594],[-70.488843,-33.364581],[-70.487968,-33.363135],[-70.48713,-33.362926],[-70.482526,-33.361799],[-70.481113,-33.361011],[-70.479771,-33.360829],[-70.482163,-33.360337],[-70.482708,-33.359688],[-70.482207,-33.359193],[-70.479906,-33.356877],[-70.478694,-33.355965],[-70.476421,-33.352697],[-70.475284,-33.351063],[-70.475199,-33.349844],[-70.474438,-33.348349],[-70.472866,-33.346716],[-70.472128,-33.345764],[-70.470517,-33.34404],[-70.470011,-33.342636],[-70.469712,-33.341299],[-70.469309,-33.340744],[-70.468041,-33.339835],[-70.467495,-33.339209],[-70.466678,-33.338234],[-70.465894,-33.337975],[-70.465427,-33.337725],[-70.465346,-33.337654],[-70.464641,-33.33658],[-70.46271,-33.335112],[-70.462669,-33.335082],[-70.462716,-33.335144],[-70.46271,-33.335112],[-70.462577,-33.334403],[-70.462599,-33.33385],[-70.462177,-33.333153],[-70.461679,-33.332888],[-70.460233,-33.332347],[-70.460286,-33.331884],[-70.459945,-33.331597],[-70.459854,-33.33103],[-70.45988,-33.330723],[-70.459999,-33.330422],[-70.45948,-33.330137],[-70.459272,-33.329565],[-70.459354,-33.329315],[-70.459288,-33.329203]]]},"properties":{"id":"MET-L01","OBJECTID":10004,"nombre":"Rinconada - Santuario","escala":"Metropolitana","comunas":"MAIPÚ, LO PRADO, ESTACIÓN CENTRAL, SANTIAGO, PROVIDENCIA, LAS CONDES, VITACURA, LO BARNECHEA","macrozona":"CENTRO","km":44.15,"n_priori":null,"anteproyec":null,"poblacion":0,"costo":0,"costoOD":0,"oportunidades":0,"equidad":0,"continuidad":0,"demanda":0,"centerLng":-70.60162,"centerLat":-33.41091,"kind":"proyecto","numPistas":2.34,"pendMedia":1.93,"pendMax":22.3,"pctLenPend5":5.4,"cod_corredor":"L01","tramos_fuente":2,"estado_fuente":"vigente"}},{"type":"Feature","geometry":{"type":"MultiLineString","coordinates":[[[-70.521017,-33.453913],[-70.525773,-33.45295],[-70.548027,-33.450859],[-70.558773,-33.452068],[-70.562202,-33.448536],[-70.564375,-33.447189],[-70.566853,-33.444885],[-70.569298,-33.442624],[-70.572688,-33.438586],[-70.573755,-33.437951],[-70.575712,-33.436924],[-70.578288,-33.436071],[-70.580705,-33.434876],[-70.583416,-33.43323],[-70.585698,-33.430511],[-70.590784,-33.42607],[-70.592195,-33.427203],[-70.594156,-33.428137],[-70.61585,-33.432693],[-70.617292,-33.433365],[-70.621002,-33.433931],[-70.623439,-33.433487],[-70.625352,-33.432348],[-70.626469,-33.431485],[-70.628903,-33.433572],[-70.634329,-33.435832],[-70.635384,-33.435699],[-70.635391,-33.436562],[-70.661151,-33.430678],[-70.674267,-33.426119],[-70.676839,-33.426815],[-70.67812,-33.426967],[-70.679242,-33.42744],[-70.681942,-33.426626],[-70.683357,-33.425937],[-70.689409,-33.423671],[-70.692012,-33.423184],[-70.694518,-33.422851],[-70.69598,-33.422366],[-70.698088,-33.429638],[-70.699618,-33.429318],[-70.703979,-33.428508],[-70.714543,-33.426499],[-70.718794,-33.42563],[-70.721473,-33.425053],[-70.721678,-33.424097],[-70.730124,-33.423596],[-70.736101,-33.423225],[-70.73826,-33.423018],[-70.740259,-33.422855],[-70.743399,-33.422378],[-70.746323,-33.422334],[-70.747532,-33.42231],[-70.752539,-33.422272],[-70.757977,-33.423243],[-70.758565,-33.423336],[-70.760014,-33.423605],[-70.760108,-33.425515],[-70.761135,-33.425655],[-70.76124,-33.425892],[-70.761816,-33.426242],[-70.763112,-33.426307],[-70.764527,-33.426609],[-70.764532,-33.42686],[-70.76478,-33.426931],[-70.766794,-33.425872],[-70.767534,-33.425774],[-70.768752,-33.425891],[-70.770444,-33.425849],[-70.771966,-33.425674],[-70.772561,-33.425576],[-70.77365,-33.425151],[-70.777386,-33.430832],[-70.779399,-33.431894],[-70.780482,-33.432195],[-70.782457,-33.432369],[-70.809784,-33.431392],[-70.816274,-33.43223]]]},"properties":{"id":"MET-L02","OBJECTID":10005,"nombre":"Mapocho","escala":"Metropolitana","comunas":"LA REINA, ÑUÑOA, LAS CONDES, PROVIDENCIA, SANTIAGO, RENCA, QUINTA NORMAL, CERRO NAVIA, PUDAHUEL","macrozona":"CENTRO","km":31.05,"n_priori":null,"anteproyec":null,"poblacion":0,"costo":0,"costoOD":0,"oportunidades":0,"equidad":0,"continuidad":0,"demanda":0,"centerLng":-70.68111,"centerLat":-33.43095,"kind":"proyecto","numPistas":2.37,"pendMedia":1.39,"pendMax":11.82,"pctLenPend5":4.1,"cod_corredor":"L02","tramos_fuente":1,"estado_fuente":"vigente"}},{"type":"Feature","geometry":{"type":"MultiLineString","coordinates":[[[-70.697124,-33.597657],[-70.683008,-33.604677],[-70.682109,-33.60492],[-70.675605,-33.606359],[-70.675217,-33.606293],[-70.674335,-33.606481],[-70.6742,-33.606647],[-70.670648,-33.607462],[-70.643039,-33.609865],[-70.6428,-33.610077],[-70.627748,-33.611331],[-70.626799,-33.611593],[-70.627401,-33.598755],[-70.627928,-33.592992],[-70.628753,-33.586092],[-70.628555,-33.585597],[-70.629145,-33.576816],[-70.629999,-33.565805],[-70.630437,-33.559625],[-70.633523,-33.545295],[-70.633891,-33.544018],[-70.634101,-33.542754],[-70.634544,-33.534329],[-70.635066,-33.530568],[-70.635473,-33.528595],[-70.636467,-33.518826],[-70.637538,-33.518773],[-70.658049,-33.51476],[-70.65449,-33.501475],[-70.648263,-33.479811],[-70.648292,-33.474446],[-70.648352,-33.473262],[-70.648678,-33.467404],[-70.649194,-33.459634],[-70.649922,-33.455515],[-70.65041,-33.451858],[-70.650774,-33.44935],[-70.651351,-33.446012],[-70.653732,-33.44631],[-70.654274,-33.444755],[-70.65533,-33.439502],[-70.655808,-33.435571],[-70.655932,-33.43443],[-70.65599,-33.434171],[-70.656011,-33.433172],[-70.655864,-33.433169],[-70.654885,-33.433193],[-70.653276,-33.433112],[-70.652121,-33.433068],[-70.651703,-33.433051],[-70.651258,-33.433115],[-70.650833,-33.433231],[-70.65032,-33.433445],[-70.649943,-33.433603],[-70.648966,-33.433788],[-70.648761,-33.433169],[-70.648711,-33.433034],[-70.648406,-33.43215],[-70.647622,-33.431131],[-70.647048,-33.429561],[-70.64399,-33.418759],[-70.643203,-33.403232],[-70.642151,-33.387236],[-70.640654,-33.383816],[-70.634629,-33.368613],[-70.633027,-33.365054],[-70.63374,-33.364794],[-70.637002,-33.361816]]]},"properties":{"id":"MET-L03","OBJECTID":10006,"nombre":"Norte - Sur","escala":"Metropolitana","comunas":"SAN BERNARDO, LA PINTANA, LA GRANJA, SAN RAMÓN, SAN MIGUEL, SANTIAGO, INDEPENDENCIA, RECOLETA, HUECHURABA","macrozona":"CENTRO","km":37.75,"n_priori":null,"anteproyec":null,"poblacion":0,"costo":0,"costoOD":0,"oportunidades":0,"equidad":0,"continuidad":0,"demanda":0,"centerLng":-70.64818,"centerLat":-33.49281,"kind":"proyecto","numPistas":2.44,"pendMedia":0.95,"pendMax":6.1,"pctLenPend5":0.4,"cod_corredor":"L03","tramos_fuente":1,"estado_fuente":"vigente"}},{"type":"Feature","geometry":{"type":"MultiLineString","coordinates":[[[-70.742919,-33.413024],[-70.740203,-33.422758],[-70.740198,-33.422778]],[[-70.620248,-33.39997],[-70.619928,-33.399847],[-70.618922,-33.400152],[-70.617538,-33.401164],[-70.617418,-33.402019],[-70.617418,-33.402048],[-70.617776,-33.402975],[-70.617809,-33.403618],[-70.618689,-33.403828],[-70.6188,-33.40419],[-70.618814,-33.404843],[-70.618325,-33.405169],[-70.617934,-33.405029],[-70.617348,-33.405122],[-70.617166,-33.405425],[-70.617431,-33.406101],[-70.617431,-33.406183],[-70.618031,-33.407139],[-70.618059,-33.407162],[-70.618576,-33.407593],[-70.619115,-33.407701],[-70.619917,-33.407615],[-70.620732,-33.40768],[-70.621306,-33.407714],[-70.621661,-33.407895],[-70.622842,-33.409819],[-70.622996,-33.411772],[-70.62264,-33.411621],[-70.62237,-33.410912],[-70.622226,-33.410072],[-70.622116,-33.409772],[-70.621086,-33.409157],[-70.621061,-33.409353],[-70.621291,-33.409513],[-70.621683,-33.410104],[-70.621763,-33.410571],[-70.621519,-33.411619],[-70.621516,-33.41324],[-70.62174,-33.413732],[-70.621755,-33.413832],[-70.621141,-33.413779],[-70.621092,-33.413779],[-70.621039,-33.413779],[-70.620886,-33.413865],[-70.619187,-33.413447],[-70.618007,-33.413402],[-70.617291,-33.412799],[-70.615772,-33.413043],[-70.615701,-33.413058],[-70.615223,-33.41353],[-70.614603,-33.413616],[-70.61465,-33.41379],[-70.615329,-33.413707],[-70.615771,-33.413239],[-70.616934,-33.413212],[-70.617971,-33.413999],[-70.619365,-33.416226],[-70.619237,-33.416335],[-70.617706,-33.415164],[-70.616661,-33.417184],[-70.614859,-33.420775],[-70.611779,-33.419107],[-70.611365,-33.420143],[-70.609965,-33.42171],[-70.609131,-33.423624],[-70.608371,-33.425726],[-70.603158,-33.43963],[-70.601939,-33.439454],[-70.601062,-33.444779],[-70.600447,-33.449602],[-70.599945,-33.454497],[-70.599634,-33.454859],[-70.600135,-33.464639],[-70.600531,-33.470932],[-70.601003,-33.471024],[-70.60117,-33.471211],[-70.601706,-33.490238],[-70.601843,-33.4931],[-70.601879,-33.495345],[-70.602208,-33.497683],[-70.604227,-33.509028],[-70.603834,-33.510031],[-70.602807,-33.510866],[-70.602673,-33.511813],[-70.603064,-33.512249],[-70.60353,-33.512387],[-70.60893,-33.513455],[-70.610341,-33.51432],[-70.611091,-33.51437],[-70.611019,-33.515124],[-70.615262,-33.515114],[-70.615341,-33.515578],[-70.618032,-33.52011],[-70.617765,-33.520819],[-70.616807,-33.529092],[-70.620559,-33.529455],[-70.622606,-33.529596],[-70.623713,-33.529726],[-70.631461,-33.530498],[-70.632148,-33.530619],[-70.634707,-33.530688],[-70.636027,-33.530399],[-70.661327,-33.526553],[-70.676708,-33.521014],[-70.679451,-33.518351],[-70.686067,-33.516386],[-70.692868,-33.513856],[-70.70012,-33.511446],[-70.70447,-33.509954],[-70.708647,-33.508414],[-70.712883,-33.506367],[-70.713683,-33.505546],[-70.72505,-33.503748],[-70.728333,-33.502496],[-70.730968,-33.50227],[-70.735943,-33.5016],[-70.736188,-33.502199],[-70.738014,-33.501714],[-70.736376,-33.495367],[-70.734889,-33.489893],[-70.733735,-33.485424],[-70.737768,-33.485273],[-70.737696,-33.483492],[-70.738249,-33.482511],[-70.741905,-33.477836],[-70.740187,-33.475363],[-70.738148,-33.47287],[-70.736794,-33.471476],[-70.737167,-33.470891],[-70.737265,-33.468766],[-70.738398,-33.458155],[-70.739042,-33.452467],[-70.739625,-33.446522],[-70.74066,-33.445755],[-70.740488,-33.441858],[-70.740941,-33.436238],[-70.740687,-33.428185],[-70.739491,-33.42533],[-70.740275,-33.422751],[-70.740203,-33.422758],[-70.735938,-33.423202],[-70.738408,-33.415001],[-70.738227,-33.413407],[-70.737878,-33.412404],[-70.736433,-33.412537],[-70.733592,-33.412706],[-70.732342,-33.413006],[-70.731489,-33.412949],[-70.730121,-33.413061],[-70.729022,-33.413562],[-70.72731,-33.413894],[-70.725847,-33.413618],[-70.724716,-33.413137],[-70.72304,-33.412316],[-70.722185,-33.41196],[-70.721257,-33.411393],[-70.720711,-33.411108],[-70.719732,-33.410746],[-70.717958,-33.410517],[-70.716583,-33.410786],[-70.71511,-33.410469],[-70.713856,-33.409858],[-70.712885,-33.408541],[-70.711732,-33.408306],[-70.710247,-33.408366],[-70.705907,-33.408513],[-70.705534,-33.407368],[-70.704879,-33.40662],[-70.704342,-33.405673],[-70.702812,-33.403346],[-70.701941,-33.40239],[-70.701,-33.401899],[-70.700036,-33.401391],[-70.698538,-33.400607],[-70.697554,-33.400303],[-70.697647,-33.400073],[-70.700156,-33.396152],[-70.701023,-33.3948],[-70.701175,-33.394172],[-70.700995,-33.393346],[-70.699665,-33.393484],[-70.692136,-33.394113],[-70.690276,-33.393071],[-70.689332,-33.39174],[-70.689037,-33.391565],[-70.689837,-33.389901],[-70.687179,-33.389101],[-70.686767,-33.38896],[-70.684983,-33.388073],[-70.682359,-33.387121],[-70.67918,-33.38593],[-70.680132,-33.384709],[-70.679351,-33.384405],[-70.677857,-33.38419],[-70.67686,-33.384222],[-70.67394,-33.384454],[-70.671984,-33.384168],[-70.667517,-33.383422],[-70.667109,-33.383614],[-70.665123,-33.38381],[-70.664517,-33.386317],[-70.660796,-33.386509],[-70.657092,-33.386754],[-70.650561,-33.387384],[-70.649705,-33.387545],[-70.643741,-33.390305],[-70.642458,-33.390845],[-70.639156,-33.391354],[-70.63748,-33.391865],[-70.635532,-33.392448],[-70.634049,-33.392926],[-70.620249,-33.399971]]]},"properties":{"id":"MET-L04","OBJECTID":10007,"nombre":"Radial","escala":"Metropolitana","comunas":"CERRO NAVIA, RECOLETA, PROVIDENCIA, ÑUÑOA, MACUL, LA FLORIDA, SAN RAMÓN, CERRILLOS, MAIPÚ, PUDAHUEL, QUINTA NORMAL, RENCA, CONCHALÍ","macrozona":"CENTRO","km":57.65,"n_priori":null,"anteproyec":null,"poblacion":0,"costo":0,"costoOD":0,"oportunidades":0,"equidad":0,"continuidad":0,"demanda":0,"centerLng":-70.66487,"centerLat":-33.43473,"kind":"proyecto","numPistas":2.12,"pendMedia":0.93,"pendMax":18.87,"pctLenPend5":2.2,"cod_corredor":"L04","tramos_fuente":2,"estado_fuente":"vigente"}},{"type":"Feature","geometry":{"type":"MultiLineString","coordinates":[[[-70.51927,-33.326786],[-70.516628,-33.326261],[-70.515243,-33.326448],[-70.514094,-33.326712],[-70.513237,-33.326695],[-70.512429,-33.326597],[-70.511663,-33.3269],[-70.511336,-33.327541],[-70.511213,-33.328572],[-70.511342,-33.32995],[-70.511236,-33.331424],[-70.511089,-33.331967],[-70.510592,-33.332444],[-70.510032,-33.332899],[-70.509004,-33.333141],[-70.507332,-33.332912],[-70.506531,-33.332942],[-70.507648,-33.335255],[-70.50798,-33.335701],[-70.508971,-33.33627],[-70.51016,-33.336978],[-70.510924,-33.338635],[-70.510567,-33.338934],[-70.510364,-33.339306],[-70.510207,-33.340072],[-70.509579,-33.34083],[-70.509656,-33.341194],[-70.510732,-33.342309],[-70.510875,-33.342653],[-70.510755,-33.343083],[-70.510077,-33.343442],[-70.50939,-33.344813],[-70.509525,-33.345616],[-70.510292,-33.346683],[-70.510449,-33.348604],[-70.509999,-33.349773],[-70.510336,-33.351404],[-70.511347,-33.355005],[-70.510472,-33.35675],[-70.508586,-33.36249],[-70.514044,-33.36429],[-70.511902,-33.36828],[-70.51331,-33.36865],[-70.512572,-33.371015],[-70.512942,-33.371111],[-70.510182,-33.376134],[-70.514582,-33.377606],[-70.515152,-33.376771],[-70.51973,-33.378906],[-70.519417,-33.379458],[-70.528703,-33.385323],[-70.529423,-33.385519],[-70.530596,-33.38538],[-70.533511,-33.388685],[-70.535675,-33.390179],[-70.537078,-33.39065],[-70.538292,-33.392343],[-70.539196,-33.39353],[-70.539842,-33.394902],[-70.540003,-33.396694],[-70.543532,-33.396527],[-70.544894,-33.39644],[-70.54656,-33.398921],[-70.548494,-33.401917],[-70.550087,-33.404958],[-70.55091,-33.406693],[-70.551806,-33.408368],[-70.552252,-33.410434],[-70.552446,-33.41337],[-70.553169,-33.416864],[-70.55311,-33.417625],[-70.552995,-33.417616],[-70.552737,-33.417741],[-70.552622,-33.417886],[-70.552597,-33.418058],[-70.552676,-33.418227],[-70.552782,-33.418329],[-70.552736,-33.418749],[-70.552844,-33.419501],[-70.553033,-33.419955],[-70.553429,-33.422257],[-70.55353,-33.422239],[-70.554095,-33.42542],[-70.554145,-33.427449],[-70.554304,-33.427442],[-70.554369,-33.430104],[-70.554513,-33.430555],[-70.554722,-33.435324],[-70.555155,-33.435803],[-70.55577,-33.436359],[-70.556062,-33.439099],[-70.556484,-33.439291],[-70.559882,-33.441625],[-70.56764,-33.441737],[-70.568825,-33.442596],[-70.567937,-33.443614],[-70.572035,-33.44384],[-70.572355,-33.444083],[-70.574734,-33.44427],[-70.577319,-33.444418],[-70.581169,-33.444597],[-70.579836,-33.454817],[-70.580204,-33.456833],[-70.580982,-33.46313],[-70.581778,-33.467079],[-70.581807,-33.46813],[-70.582578,-33.471496],[-70.581431,-33.473072],[-70.582106,-33.475865],[-70.582376,-33.476849],[-70.583179,-33.479241],[-70.585354,-33.48555],[-70.585996,-33.487192],[-70.586386,-33.487655],[-70.587722,-33.490714],[-70.590098,-33.49145],[-70.590612,-33.491444],[-70.591218,-33.49312],[-70.592258,-33.496368],[-70.592167,-33.49813],[-70.592632,-33.499502],[-70.593097,-33.500974],[-70.594514,-33.502182],[-70.595891,-33.501994],[-70.596525,-33.505015],[-70.601067,-33.504383],[-70.602071,-33.50953],[-70.600338,-33.514379],[-70.591384,-33.519599],[-70.59009,-33.522596],[-70.589286,-33.52447],[-70.588919,-33.526397],[-70.588411,-33.527251],[-70.588035,-33.528528],[-70.587681,-33.529136],[-70.587301,-33.53033],[-70.58678,-33.531872],[-70.584883,-33.535827],[-70.58315,-33.539698],[-70.579061,-33.545624],[-70.579027,-33.547349],[-70.587923,-33.547137],[-70.603566,-33.546883],[-70.614905,-33.546592],[-70.612693,-33.554069],[-70.620124,-33.5557],[-70.62395,-33.556305],[-70.628662,-33.557237],[-70.629549,-33.557685],[-70.630549,-33.558023],[-70.632392,-33.558207],[-70.635231,-33.557764],[-70.654871,-33.555013],[-70.655068,-33.555987],[-70.668443,-33.553428],[-70.673704,-33.552352],[-70.691912,-33.576617],[-70.697166,-33.58346],[-70.698935,-33.585401],[-70.69906,-33.586011],[-70.698678,-33.586557],[-70.698202,-33.59272],[-70.697488,-33.592842],[-70.697246,-33.597491],[-70.706437,-33.596292],[-70.715084,-33.604192],[-70.716132,-33.607651],[-70.716225,-33.607975]]]},"properties":{"id":"MET-L05","OBJECTID":10008,"nombre":"Diagonal San Bdo - La Dehesa","escala":"Metropolitana","comunas":"LO BARNECHEA, LAS CONDES, LA REINA, ÑUÑOA, MACUL, LA FLORIDA, LA GRANJA, LA PINTANA, EL BOSQUE, SAN BERNARDO","macrozona":"ORIENTE","km":51.16,"n_priori":null,"anteproyec":null,"poblacion":0,"costo":0,"costoOD":0,"oportunidades":0,"equidad":0,"continuidad":0,"demanda":0,"centerLng":-70.56368,"centerLat":-33.43672,"kind":"proyecto","numPistas":2.27,"pendMedia":1.29,"pendMax":15.11,"pctLenPend5":2.5,"cod_corredor":"L05","tramos_fuente":1,"estado_fuente":"vigente"}},{"type":"Feature","geometry":{"type":"MultiLineString","coordinates":[[[-70.678201,-33.414067],[-70.678206,-33.414061],[-70.678918,-33.413931],[-70.679282,-33.413804],[-70.680885,-33.413247],[-70.686759,-33.411242],[-70.693752,-33.408889],[-70.699669,-33.406954],[-70.702409,-33.406058],[-70.703268,-33.405779],[-70.704185,-33.405468]],[[-70.704185,-33.405468],[-70.704203,-33.405462],[-70.704349,-33.40449],[-70.704604,-33.403544],[-70.705378,-33.403694],[-70.705982,-33.403797],[-70.706437,-33.403522],[-70.707433,-33.403576],[-70.708576,-33.403662],[-70.711062,-33.40284],[-70.712419,-33.402418],[-70.714254,-33.40216],[-70.718689,-33.401528],[-70.720538,-33.401398],[-70.72097,-33.401498],[-70.721404,-33.401576],[-70.724174,-33.401937],[-70.727158,-33.401834],[-70.729362,-33.401867],[-70.731325,-33.401907],[-70.732436,-33.401746],[-70.73313,-33.401134],[-70.733685,-33.400462],[-70.733929,-33.400326],[-70.735321,-33.400107],[-70.735702,-33.400618],[-70.735895,-33.400672],[-70.736685,-33.40052],[-70.736691,-33.40052],[-70.737893,-33.400183],[-70.739671,-33.399518],[-70.739986,-33.399476],[-70.740396,-33.399552],[-70.740735,-33.399729],[-70.743492,-33.400794],[-70.744103,-33.400782],[-70.74684,-33.399461],[-70.748597,-33.396579],[-70.751075,-33.393972],[-70.753416,-33.391549],[-70.756821,-33.3904],[-70.755647,-33.389121],[-70.753664,-33.386995],[-70.751663,-33.385263],[-70.750335,-33.38464],[-70.749117,-33.384702],[-70.746543,-33.382689],[-70.743631,-33.380169],[-70.744313,-33.378306],[-70.743618,-33.377407],[-70.739908,-33.378265],[-70.739754,-33.377743],[-70.73941,-33.377113],[-70.738879,-33.376629],[-70.737962,-33.376016],[-70.737578,-33.375509],[-70.737615,-33.375238],[-70.738103,-33.374617],[-70.738229,-33.374393],[-70.738446,-33.374014],[-70.73836,-33.373616],[-70.738106,-33.373212],[-70.738106,-33.373192],[-70.737453,-33.372659],[-70.737796,-33.372279],[-70.738019,-33.371654],[-70.738362,-33.370832],[-70.738362,-33.369234],[-70.737867,-33.366171],[-70.73722,-33.36357],[-70.736218,-33.361872],[-70.737185,-33.358259],[-70.74404,-33.335184],[-70.746734,-33.324338]],[[-70.640543,-33.440198],[-70.643217,-33.437777],[-70.643274,-33.436299],[-70.642488,-33.433458],[-70.642375,-33.43267],[-70.642027,-33.430239],[-70.641546,-33.428912],[-70.640039,-33.427599],[-70.640312,-33.427145],[-70.650517,-33.423332],[-70.651004,-33.423294],[-70.650853,-33.421352],[-70.651922,-33.421164],[-70.655168,-33.420842],[-70.656174,-33.420546],[-70.660295,-33.421234],[-70.665265,-33.42204],[-70.672793,-33.418657],[-70.676081,-33.416514],[-70.678201,-33.414067]],[[-70.63585,-33.446095],[-70.635861,-33.446048],[-70.636748,-33.444532],[-70.637851,-33.443069],[-70.638816,-33.441761],[-70.640543,-33.440198]],[[-70.530645,-33.598763],[-70.534467,-33.606278],[-70.536409,-33.607148],[-70.542999,-33.611477],[-70.547277,-33.610632],[-70.550636,-33.609819],[-70.558234,-33.610086],[-70.571781,-33.6125],[-70.575285,-33.61233],[-70.584751,-33.613342],[-70.586925,-33.613925],[-70.588221,-33.614443],[-70.590886,-33.614341],[-70.592916,-33.60491],[-70.593364,-33.603299],[-70.593957,-33.601869],[-70.597549,-33.582611],[-70.597373,-33.582145],[-70.597657,-33.580678],[-70.597835,-33.580463],[-70.599466,-33.57237],[-70.599361,-33.571749],[-70.59891,-33.571239],[-70.598568,-33.571049],[-70.59807,-33.570665],[-70.597838,-33.570357],[-70.597748,-33.56983],[-70.59796,-33.567862],[-70.598079,-33.567462],[-70.598055,-33.567116],[-70.59811,-33.566784],[-70.598132,-33.566038],[-70.598289,-33.565676],[-70.59846,-33.565223],[-70.598256,-33.564615],[-70.598224,-33.56422],[-70.598339,-33.563871],[-70.598554,-33.5637],[-70.599011,-33.563542],[-70.599269,-33.563328],[-70.600449,-33.561543],[-70.601158,-33.558635],[-70.600935,-33.557741],[-70.603582,-33.54687],[-70.607372,-33.546751],[-70.610545,-33.546636],[-70.613934,-33.546539],[-70.614902,-33.546516],[-70.615142,-33.546321],[-70.615395,-33.54347],[-70.616201,-33.540901],[-70.61644,-33.537538],[-70.616635,-33.535216],[-70.616465,-33.531607],[-70.617372,-33.523382],[-70.622741,-33.524086],[-70.624011,-33.516435],[-70.624911,-33.514835],[-70.624905,-33.513534],[-70.625844,-33.509365],[-70.626286,-33.507303],[-70.628518,-33.495714],[-70.629101,-33.493698],[-70.629458,-33.490417],[-70.629717,-33.485452],[-70.629304,-33.484426],[-70.629347,-33.482715],[-70.630214,-33.481583],[-70.630829,-33.480651],[-70.631547,-33.477497],[-70.634227,-33.47792],[-70.64149,-33.449919],[-70.640318,-33.449548],[-70.638098,-33.448969],[-70.636686,-33.448597],[-70.635142,-33.448214],[-70.635595,-33.447203],[-70.63585,-33.446095]]]},"properties":{"id":"MET-L06","OBJECTID":10009,"nombre":"Diagonal Norte - Sur","escala":"Metropolitana","comunas":"INDEPENDENCIA, RENCA, QUILICURA, LAMPA, RECOLETA, SANTIAGO, PUENTE ALTO, LA FLORIDA, LA GRANJA, SAN JOAQUÍN","macrozona":"CENTRO","km":51.63,"n_priori":null,"anteproyec":null,"poblacion":0,"costo":0,"costoOD":0,"oportunidades":0,"equidad":0,"continuidad":0,"demanda":0,"centerLng":-70.66696,"centerLat":-33.45963,"kind":"proyecto","numPistas":2.17,"pendMedia":1.01,"pendMax":10.77,"pctLenPend5":0.9,"cod_corredor":"L06","tramos_fuente":5,"estado_fuente":"vigente / Se modifica/elimina"}},{"type":"Feature","geometry":{"type":"MultiLineString","coordinates":[[[-70.557097,-33.376899],[-70.556952,-33.378086],[-70.557002,-33.378465],[-70.55677,-33.378634],[-70.554376,-33.379441],[-70.553764,-33.379806],[-70.553252,-33.380379],[-70.552525,-33.381804],[-70.551698,-33.382743],[-70.551209,-33.383634],[-70.548712,-33.388791],[-70.547873,-33.390756],[-70.547004,-33.392388],[-70.546055,-33.393534],[-70.545403,-33.394297],[-70.544663,-33.395306],[-70.544394,-33.396046],[-70.544388,-33.396484],[-70.54445,-33.398798],[-70.544451,-33.400576],[-70.544417,-33.401323],[-70.544308,-33.403107],[-70.543657,-33.405716],[-70.543454,-33.406347],[-70.544109,-33.406639],[-70.544629,-33.407114],[-70.544958,-33.407761],[-70.544933,-33.408307],[-70.544534,-33.408937],[-70.543804,-33.409241],[-70.542524,-33.409207],[-70.542067,-33.409757],[-70.540602,-33.413236],[-70.539687,-33.414561],[-70.538892,-33.416563],[-70.538698,-33.416992],[-70.538011,-33.418958],[-70.537768,-33.42071],[-70.537694,-33.421181],[-70.537621,-33.422085],[-70.53809,-33.423839],[-70.538552,-33.426232],[-70.538727,-33.427124],[-70.539161,-33.42887],[-70.538967,-33.429027],[-70.539029,-33.429866],[-70.538874,-33.430918],[-70.538481,-33.432144],[-70.537818,-33.433373],[-70.537426,-33.433853],[-70.537195,-33.434138],[-70.537075,-33.434886],[-70.537112,-33.435348],[-70.537063,-33.435689],[-70.537055,-33.436371],[-70.536819,-33.437045],[-70.536461,-33.437671],[-70.53635,-33.438021],[-70.535616,-33.439343],[-70.535577,-33.439735],[-70.535639,-33.440434],[-70.535819,-33.440684],[-70.535812,-33.440926],[-70.535831,-33.441227],[-70.535435,-33.441445],[-70.535089,-33.441612],[-70.534535,-33.441957],[-70.540045,-33.450003],[-70.540045,-33.451565],[-70.541567,-33.462852],[-70.542207,-33.462883],[-70.543454,-33.463449],[-70.544324,-33.463685],[-70.547539,-33.463248],[-70.547607,-33.463294],[-70.547813,-33.464037],[-70.548582,-33.464962],[-70.548952,-33.465524],[-70.549839,-33.466509],[-70.549926,-33.466956],[-70.551982,-33.469494],[-70.553732,-33.471604],[-70.554957,-33.473431],[-70.555746,-33.475588],[-70.557155,-33.477737],[-70.557669,-33.47859],[-70.558175,-33.484428],[-70.558349,-33.486377],[-70.557825,-33.486552],[-70.558793,-33.493401],[-70.558926,-33.496633],[-70.559897,-33.499124],[-70.56049,-33.499119],[-70.560887,-33.50177],[-70.560967,-33.505317],[-70.596945,-33.498378],[-70.599515,-33.494797],[-70.599991,-33.495477],[-70.601856,-33.495545],[-70.603407,-33.495313],[-70.606047,-33.495597],[-70.607235,-33.495593],[-70.614066,-33.496169],[-70.616114,-33.496219],[-70.618904,-33.496544],[-70.628442,-33.496123],[-70.633533,-33.495649],[-70.639721,-33.495355],[-70.661032,-33.489994],[-70.669337,-33.487357],[-70.670255,-33.486963],[-70.671052,-33.486263],[-70.672219,-33.485683],[-70.676505,-33.494196],[-70.682863,-33.506335],[-70.683946,-33.508526],[-70.684683,-33.510754],[-70.686032,-33.516284],[-70.692956,-33.51402],[-70.695925,-33.51988],[-70.698987,-33.524328],[-70.698942,-33.52506],[-70.702089,-33.531003],[-70.702495,-33.532852],[-70.740234,-33.51883],[-70.756506,-33.5275],[-70.759026,-33.528972],[-70.80178,-33.55814],[-70.815694,-33.570047],[-70.820087,-33.572566],[-70.821974,-33.57561],[-70.824697,-33.578306]]]},"properties":{"id":"MET-L07","OBJECTID":10010,"nombre":"Diagonal Padre Hurtado - Vitacura","escala":"Metropolitana","comunas":"VITACURA, LAS CONDES, LA REINA, PEÑALOLÉN, MACUL, SAN JOAQUÍN, PEDRO AGUIRRE CERDA, LO ESPEJO, MAIPÚ, PADRE HURTADO","macrozona":"CENTRO","km":47.87,"n_priori":null,"anteproyec":null,"poblacion":0,"costo":0,"costoOD":0,"oportunidades":0,"equidad":0,"continuidad":0,"demanda":0,"centerLng":-70.58585,"centerLat":-33.45433,"kind":"proyecto","numPistas":2.27,"pendMedia":1.01,"pendMax":6.78,"pctLenPend5":0.9,"cod_corredor":"L07","tramos_fuente":1,"estado_fuente":"vigente"}},{"type":"Feature","geometry":{"type":"MultiLineString","coordinates":[[[-70.814475,-33.442753],[-70.800188,-33.443865],[-70.790403,-33.443869],[-70.784307,-33.444977],[-70.783963,-33.445466],[-70.783967,-33.445837],[-70.784611,-33.448675],[-70.783667,-33.452057],[-70.781739,-33.452687],[-70.780128,-33.453367],[-70.778865,-33.453081],[-70.776803,-33.453243],[-70.775737,-33.45275],[-70.774238,-33.452283],[-70.774297,-33.454322],[-70.770796,-33.454571],[-70.765824,-33.453781],[-70.763122,-33.453497],[-70.750908,-33.455957],[-70.753542,-33.465592],[-70.738112,-33.468426],[-70.737228,-33.468769],[-70.733735,-33.469351],[-70.721911,-33.473049],[-70.720463,-33.474365],[-70.719709,-33.47448],[-70.715352,-33.478658],[-70.702985,-33.47604],[-70.700963,-33.47555],[-70.700251,-33.47585],[-70.699818,-33.475768],[-70.688137,-33.4669],[-70.671657,-33.46641],[-70.667554,-33.470717],[-70.656339,-33.469912],[-70.654969,-33.470545],[-70.648653,-33.469733],[-70.640967,-33.46908],[-70.634047,-33.468367],[-70.623468,-33.466863],[-70.615194,-33.465513],[-70.6139,-33.467551],[-70.613793,-33.470663],[-70.613449,-33.474524],[-70.598728,-33.473699],[-70.596373,-33.473562],[-70.592163,-33.473764],[-70.589574,-33.474102],[-70.588787,-33.474102],[-70.586638,-33.473646],[-70.584554,-33.473496],[-70.583953,-33.47337],[-70.577375,-33.469923],[-70.57715,-33.470217],[-70.576646,-33.470355],[-70.575967,-33.470197],[-70.575675,-33.469853],[-70.575723,-33.46917],[-70.554685,-33.473423],[-70.524299,-33.479587],[-70.518031,-33.492875]]]},"properties":{"id":"MET-L08","OBJECTID":10011,"nombre":"Central","escala":"Metropolitana","comunas":"PUDAHUEL, MAIPÚ, CERRILLOS, ESTACIÓN CENTRAL, SANTIAGO, ÑUÑOA, MACUL, PEÑALOLÉN","macrozona":"CENTRO","km":33.35,"n_priori":null,"anteproyec":null,"poblacion":0,"costo":0,"costoOD":0,"oportunidades":0,"equidad":0,"continuidad":0,"demanda":0,"centerLng":-70.68115,"centerLat":-33.4654,"kind":"proyecto","numPistas":2.14,"pendMedia":1.62,"pendMax":15.08,"pctLenPend5":7.4,"cod_corredor":"L08","tramos_fuente":1,"estado_fuente":"vigente"}},{"type":"Feature","geometry":{"type":"MultiLineString","coordinates":[[[-70.532161,-33.597688],[-70.535152,-33.59605],[-70.538188,-33.594272],[-70.544827,-33.585297],[-70.551889,-33.579459],[-70.569921,-33.580141],[-70.581704,-33.580456],[-70.581969,-33.5792],[-70.630793,-33.585947],[-70.635229,-33.588009],[-70.663245,-33.585216],[-70.676744,-33.582478],[-70.700866,-33.572899],[-70.696732,-33.563914],[-70.697172,-33.563673],[-70.69664,-33.561094],[-70.712584,-33.55872],[-70.717583,-33.557927],[-70.722412,-33.556085],[-70.728663,-33.552867],[-70.728259,-33.552312],[-70.730024,-33.551341],[-70.7305,-33.551737],[-70.742722,-33.543391],[-70.741442,-33.541779],[-70.747685,-33.537382],[-70.758633,-33.528786],[-70.769895,-33.536138],[-70.777115,-33.528804],[-70.779265,-33.52456],[-70.779243,-33.521721],[-70.796896,-33.522318]]]},"properties":{"id":"MET-L09","OBJECTID":10012,"nombre":"Rinconada Maipú - Cajon del Maipo","escala":"Metropolitana","comunas":"PUENTE ALTO, LA PINTANA, SAN BERNARDO, MAIPÚ","macrozona":"SUR","km":30.67,"n_priori":null,"anteproyec":null,"poblacion":0,"costo":0,"costoOD":0,"oportunidades":0,"equidad":0,"continuidad":0,"demanda":0,"centerLng":-70.68113,"centerLat":-33.5613,"kind":"proyecto","numPistas":2.11,"pendMedia":1.1,"pendMax":9.92,"pctLenPend5":0.5,"cod_corredor":"L09","tramos_fuente":1,"estado_fuente":"vigente"}}]}